symbol,date,close,high,low
HYG,2007-04-11,104.35,104.39,104.35
HYG,2007-04-12,104.42,104.42,104.35
HYG,2007-04-13,104.23,104.49,104.23
HYG,2007-04-16,104.19,104.27,104.1458
HYG,2007-04-17,104.14,104.4,104.14
HYG,2007-04-18,104.17,104.27,104.15
HYG,2007-04-19,104.53,104.57,104.06
HYG,2007-04-20,104.466,104.54,104.45
HYG,2007-04-23,104.53,104.66,104.45
HYG,2007-04-24,105.25,105.31,104.42
HYG,2007-04-25,105.41,105.41,105.28
HYG,2007-04-26,105.6,105.6,105.29
HYG,2007-04-27,105.6,105.6,105.51
HYG,2007-04-30,105.61,105.63,105.33
HYG,2007-05-01,105.33,105.43,105.27
HYG,2007-05-02,105.29,105.39,105.2
HYG,2007-05-03,105.3,105.48,105.2
HYG,2007-05-04,105.43,105.44,105.21
HYG,2007-05-07,105.42,105.42,105.3
HYG,2007-05-08,105.5,105.55,105.446
HYG,2007-05-09,105.22,105.6,105.16
HYG,2007-05-10,105.6,105.81,105.51
HYG,2007-05-11,105.66,105.78,105.56
HYG,2007-05-14,105.65,105.7,105.55
HYG,2007-05-15,105.57,105.93,105.57
HYG,2007-05-16,105.85,105.86,105.82
HYG,2007-05-17,105.82,105.93,105.69
HYG,2007-05-18,105.8501,105.95,105.85
HYG,2007-05-21,105.95,105.96,105.85
HYG,2007-05-22,105.96,106.09,105.7301
HYG,2007-05-23,105.88,106.11,105.7
HYG,2007-05-24,105.91,106.04,105.85
HYG,2007-05-25,106.06,106.47,105.8
HYG,2007-05-29,105.64,105.72,105.58
HYG,2007-05-30,105.88,105.94,105.75
HYG,2007-05-31,105.71,105.89,105.65
HYG,2007-06-01,105.11,105.13,104.95
HYG,2007-06-04,105.2,105.22,105.02
HYG,2007-06-05,105.05,105.21,105.05
HYG,2007-06-06,104.92,105.06,104.8801
HYG,2007-06-07,104.43,104.74,104.2
HYG,2007-06-08,104.15,104.27,103.9201
HYG,2007-06-11,103.93,104.07,103.6001
HYG,2007-06-12,103.4,103.78,103.07
HYG,2007-06-13,103.58,103.81,102.87
HYG,2007-06-14,103.66,103.66,103.16
HYG,2007-06-15,103.64,103.68,103.5
HYG,2007-06-18,103.7,103.91,103.4
HYG,2007-06-19,103.83,103.84,103.36
HYG,2007-06-20,102.9101,103.84,102.9101
HYG,2007-06-21,103.1,103.43,103.0
HYG,2007-06-22,103.3,103.3599,102.84
HYG,2007-06-25,102.7,103.34,102.65
HYG,2007-06-26,103.0,103.19,102.7
HYG,2007-06-27,102.64,102.8,102.48
HYG,2007-06-28,102.1,102.64,101.93
HYG,2007-06-29,101.81,102.5,101.81
HYG,2007-07-02,102.0,102.27,101.4
HYG,2007-07-03,101.81,101.9,101.6
HYG,2007-07-05,101.44,101.86,100.98
HYG,2007-07-06,101.55,101.79,101.1101
HYG,2007-07-09,101.86,101.98,101.39
HYG,2007-07-10,101.59,101.75,101.0
HYG,2007-07-11,100.83,101.63,100.56
HYG,2007-07-12,101.13,101.13,100.71
HYG,2007-07-13,101.55,101.56,101.0
HYG,2007-07-16,101.59,101.81,101.26
HYG,2007-07-17,101.71,101.71,101.22
HYG,2007-07-18,100.95,101.67,100.8
HYG,2007-07-19,101.057,101.06,101.03
HYG,2007-07-20,100.8,101.32,100.5901
HYG,2007-07-23,100.577,100.71,100.5
HYG,2007-07-24,100.0,100.51,99.86
HYG,2007-07-25,99.05,99.9,98.68
HYG,2007-07-26,97.65,99.5,96.39
HYG,2007-07-27,96.02,97.0,95.49
HYG,2007-07-30,96.95,97.02,96.35
HYG,2007-07-31,97.2799,98.2,97.0
HYG,2007-08-01,96.45,96.84,95.26
HYG,2007-08-02,97.0,97.334,96.99
HYG,2007-08-03,97.0,97.35,96.38
HYG,2007-08-06,96.79,98.75,96.05
HYG,2007-08-07,97.48,99.25,96.8
HYG,2007-08-08,98.63,100.5,98.0
HYG,2007-08-09,98.53,98.92,98.01
HYG,2007-08-10,98.33,98.37,97.75
HYG,2007-08-13,99.05,99.05,98.4001
HYG,2007-08-14,98.28,99.32,98.17
HYG,2007-08-15,98.83,99.0399,98.28
HYG,2007-08-16,98.7,100.0,97.98
HYG,2007-08-17,99.7,100.0,98.6
HYG,2007-08-20,98.75,100.0,98.75
HYG,2007-08-21,98.24,99.85,98.06
HYG,2007-08-22,99.0,99.2,98.1
HYG,2007-08-23,99.6,99.8,99.0
HYG,2007-08-24,99.85,99.85,99.16
HYG,2007-08-27,100.5,100.5,99.9
HYG,2007-08-28,100.1501,100.9,100.0
HYG,2007-08-29,100.55,100.9,99.67
HYG,2007-08-30,100.76,101.04,100.22
HYG,2007-08-31,101.67,101.68,101.01
HYG,2007-09-04,101.75,101.97,101.0
HYG,2007-09-05,101.7899,101.88,101.23
HYG,2007-09-06,101.73,101.74,101.49
HYG,2007-09-07,100.57,101.9,100.45
HYG,2007-09-10,101.0,101.5,100.61
HYG,2007-09-11,101.83,102.0,101.0001
HYG,2007-09-12,102.29,102.5,101.38
HYG,2007-09-13,101.93,102.25,101.22
HYG,2007-09-14,102.89,102.94,101.22
HYG,2007-09-17,103.36,103.5,102.36
HYG,2007-09-18,104.1,104.36,102.98
HYG,2007-09-19,106.09,106.1,104.2
HYG,2007-09-20,103.49,106.04,103.0
HYG,2007-09-21,103.75,105.4,102.1
HYG,2007-09-24,104.45,104.45,102.65
HYG,2007-09-25,104.7,104.7,103.0
HYG,2007-09-26,104.32,104.7,104.132
HYG,2007-09-27,104.0,104.55,101.16
HYG,2007-09-28,104.0,104.48,103.6
HYG,2007-10-01,103.75,104.5,103.33
HYG,2007-10-02,103.95,103.99,102.53
HYG,2007-10-03,103.4,104.47,103.3201
HYG,2007-10-04,103.84,103.95,103.29
HYG,2007-10-05,103.9,104.0,103.52
HYG,2007-10-08,104.25,104.39,103.8601
HYG,2007-10-09,104.33,104.34,104.0
HYG,2007-10-10,104.24,104.48,104.15
HYG,2007-10-11,104.39,104.5,104.0
HYG,2007-10-12,104.5,104.6,104.42
HYG,2007-10-15,105.0,105.2,104.5
HYG,2007-10-16,104.6,104.68,104.1
HYG,2007-10-17,103.31,104.65,103.31
HYG,2007-10-18,103.26,104.2499,103.25
HYG,2007-10-19,102.8,103.94,102.0
HYG,2007-10-22,101.85,102.8,101.85
HYG,2007-10-23,102.7,102.7,101.95
HYG,2007-10-24,102.7,102.75,102.3
HYG,2007-10-25,102.85,102.99,102.64
HYG,2007-10-26,103.09,103.09,102.6
HYG,2007-10-29,103.4,103.5,103.0575
HYG,2007-10-30,103.2,103.3,102.7
HYG,2007-10-31,103.85,104.0,103.04
HYG,2007-11-01,102.5,102.9,102.0
HYG,2007-11-02,102.25,102.5,101.9201
HYG,2007-11-05,102.2,106.0,101.5
HYG,2007-11-06,102.73,103.15,102.2
HYG,2007-11-07,102.6,103.1,101.82
HYG,2007-11-08,101.3,102.85,100.41
HYG,2007-11-09,101.75,101.75,100.51
HYG,2007-11-12,102.15,103.02,101.898
HYG,2007-11-13,101.75,102.95,101.56
HYG,2007-11-14,102.0,102.75,101.7
HYG,2007-11-15,101.97,102.34,101.68
HYG,2007-11-16,102.0,103.0,101.53
HYG,2007-11-19,102.0,102.7,101.78
HYG,2007-11-20,101.0,102.39,100.41
HYG,2007-11-21,99.1,100.7,97.0
HYG,2007-11-23,98.91,100.5,98.91
HYG,2007-11-26,100.0,101.0,98.0
HYG,2007-11-27,100.15,101.48,99.5
HYG,2007-11-28,101.1,101.2,99.58
HYG,2007-11-29,101.6,101.75,100.1
HYG,2007-11-30,102.01,102.5,101.51
HYG,2007-12-03,102.39,103.0,101.1001
HYG,2007-12-04,102.0,103.0,102.0
HYG,2007-12-05,100.8,102.5,100.26
HYG,2007-12-06,101.7,101.75,100.0
HYG,2007-12-07,101.65,102.49,100.6
HYG,2007-12-10,101.5,101.64,100.73
HYG,2007-12-11,101.4,102.48,100.85
HYG,2007-12-12,101.95,103.75,101.5001
HYG,2007-12-13,101.9,102.28,101.23
HYG,2007-12-14,102.05,102.5,101.19
HYG,2007-12-17,101.5,102.5,101.12
HYG,2007-12-18,101.6,102.0,101.41
HYG,2007-12-19,102.1,102.1,101.11
HYG,2007-12-20,101.88,101.95,101.4
HYG,2007-12-21,102.2,102.48,101.39
HYG,2007-12-24,101.8399,102.26,101.2
HYG,2007-12-26,101.39,101.6999,101.2
HYG,2007-12-27,101.49,101.6,101.18
HYG,2007-12-28,100.5,101.6188,100.25
HYG,2007-12-31,100.72,100.74,99.87
HYG,2008-01-02,99.5,100.898,99.3001
HYG,2008-01-03,99.31,99.95,99.26
HYG,2008-01-04,99.2,100.05,98.84
HYG,2008-01-07,98.61,99.49,98.3
HYG,2008-01-08,98.04,99.49,98.0
HYG,2008-01-09,96.97,98.49,96.93
HYG,2008-01-10,97.69,98.17,96.95
HYG,2008-01-11,97.9,98.5,97.31
HYG,2008-01-14,97.5552,98.072,97.3756
HYG,2008-01-15,97.81,97.95,97.6
HYG,2008-01-16,97.7,97.9,97.41
HYG,2008-01-17,97.01,97.5,97.01
HYG,2008-01-18,97.77,98.95,97.03
HYG,2008-01-22,97.09,97.86,93.3
HYG,2008-01-23,97.28,97.59,95.02
HYG,2008-01-24,98.5,98.5,96.88
HYG,2008-01-25,98.65,99.5,97.0601
HYG,2008-01-28,98.2,98.5,97.5
HYG,2008-01-29,98.3,98.35,97.78
HYG,2008-01-30,98.68,98.74,97.93
HYG,2008-01-31,98.88,98.88,97.75
HYG,2008-02-01,98.27,98.5,97.0
HYG,2008-02-04,98.295,98.38,97.25
HYG,2008-02-05,97.5,97.79,97.0
HYG,2008-02-06,97.3,97.71,97.18
HYG,2008-02-07,96.89,97.3,96.0
HYG,2008-02-08,96.16,96.5,96.0
HYG,2008-02-11,95.4,96.21,95.26
HYG,2008-02-12,95.76,96.29,95.25
HYG,2008-02-13,95.51,96.06,95.51
HYG,2008-02-14,95.98,96.57,95.45
HYG,2008-02-15,95.74,95.75,95.35
HYG,2008-02-19,95.25,96.0,95.0
HYG,2008-02-20,95.5,95.84,95.03
HYG,2008-02-21,95.83,96.0,95.5
HYG,2008-02-22,96.0,96.08,95.65
HYG,2008-02-25,96.29,96.43,95.71
HYG,2008-02-26,96.91,96.95,96.2
HYG,2008-02-27,96.89,96.98,96.49
HYG,2008-02-28,96.75,96.93,95.69
HYG,2008-02-29,96.38,96.46,95.69
HYG,2008-03-03,95.79,96.19,95.5
HYG,2008-03-04,95.68,95.95,95.51
HYG,2008-03-05,95.945,96.0,95.5
HYG,2008-03-06,95.7,95.94,95.5
HYG,2008-03-07,95.5,95.5,95.23
HYG,2008-03-10,95.28,95.55,95.25
HYG,2008-03-11,95.52,95.7,95.05
HYG,2008-03-12,95.5,95.51,95.25
HYG,2008-03-13,94.83,95.22,93.8
HYG,2008-03-14,94.26,94.9999,94.05
HYG,2008-03-17,93.82,94.03,93.3
HYG,2008-03-18,95.2,96.99,94.286
HYG,2008-03-19,95.3,95.58,95.1
HYG,2008-03-20,95.75,95.75,95.201
HYG,2008-03-24,96.482,96.6,95.79
HYG,2008-03-25,96.73,96.75,96.22
HYG,2008-03-26,96.505,96.77,96.4001
HYG,2008-03-27,96.19,96.6,96.1081
HYG,2008-03-28,96.24,96.24,96.0101
HYG,2008-03-31,96.6647,96.7,95.633
HYG,2008-04-01,96.45,96.46,95.88
HYG,2008-04-02,96.5,96.65,96.2452
HYG,2008-04-03,96.33,96.66,95.6
HYG,2008-04-04,96.7,98.23,96.21
HYG,2008-04-07,97.47,97.5299,96.7
HYG,2008-04-08,97.8,97.8,96.9
HYG,2008-04-09,96.95,97.2,96.78
HYG,2008-04-10,97.3,98.51,96.84
HYG,2008-04-11,96.52,97.13,96.5
HYG,2008-04-14,96.86,96.9,96.52
HYG,2008-04-15,96.85,97.2,96.64
HYG,2008-04-16,97.2725,97.42,96.844
HYG,2008-04-17,97.37,97.37,97.1001
HYG,2008-04-18,98.03,98.05,97.33
HYG,2008-04-21,97.87,97.98,97.76
HYG,2008-04-22,98.0,98.32,97.53
HYG,2008-04-23,98.4,98.69,97.78
HYG,2008-04-24,98.43,98.55,97.9
HYG,2008-04-25,98.9,98.9,98.6
HYG,2008-04-28,99.48,99.5,98.49
HYG,2008-04-29,99.19,99.47,98.91
HYG,2008-04-30,99.29,99.96,98.5
HYG,2008-05-01,100.82,100.82,99.195
HYG,2008-05-02,99.8,100.39,99.61
HYG,2008-05-05,99.64,99.7,99.51
HYG,2008-05-06,98.93,99.28,98.68
HYG,2008-05-07,99.0,99.23,98.62
HYG,2008-05-08,98.79,99.19,98.75
HYG,2008-05-09,99.0,99.0,98.487
HYG,2008-05-12,98.87,98.93,98.5
HYG,2008-05-13,98.84,99.04,98.714
HYG,2008-05-14,98.7,99.14,98.1
HYG,2008-05-15,98.96,99.25,98.25
HYG,2008-05-16,99.1,99.14,98.6
HYG,2008-05-19,99.49,99.58,99.1989
HYG,2008-05-20,99.3,99.5,99.0728
HYG,2008-05-21,99.12,99.35,99.02
HYG,2008-05-22,98.97,99.24,98.73
HYG,2008-05-23,98.38,98.81,97.7
HYG,2008-05-27,97.83,98.36,97.54
HYG,2008-05-28,98.31,98.34,97.6
HYG,2008-05-29,98.215,98.4,98.0
HYG,2008-05-30,98.22,98.23,98.07
HYG,2008-06-02,96.78,97.67,95.82
HYG,2008-06-03,96.85,97.3,96.3
HYG,2008-06-04,96.75,96.93,96.45
HYG,2008-06-05,97.17,97.2,96.882
HYG,2008-06-06,96.905,97.38,96.78
HYG,2008-06-09,97.21,97.37,96.61
HYG,2008-06-10,97.25,97.26,96.86
HYG,2008-06-11,97.23,97.98,97.0
HYG,2008-06-12,97.07,97.349,96.713
HYG,2008-06-13,97.5,97.5,96.35
HYG,2008-06-16,96.15,97.07,96.11
HYG,2008-06-17,96.32,96.8,95.97
HYG,2008-06-18,96.53,96.85,96.05
HYG,2008-06-19,95.9199,96.22,95.65
HYG,2008-06-20,95.54,95.882,95.251
HYG,2008-06-23,95.19,95.64,95.094
HYG,2008-06-24,94.79,95.63,94.49
HYG,2008-06-25,95.105,95.14,94.5
HYG,2008-06-26,94.36,94.6,93.8
HYG,2008-06-27,94.1,94.2,93.59
HYG,2008-06-30,94.0,94.1,93.54
HYG,2008-07-01,93.25,94.0,92.35
HYG,2008-07-02,93.18,93.5,92.57
HYG,2008-07-03,93.1375,93.58,92.99
HYG,2008-07-07,93.22,93.57,92.71
HYG,2008-07-08,92.97,93.21,92.658
HYG,2008-07-09,92.65,93.2,92.55
HYG,2008-07-10,92.77,93.09,92.335
HYG,2008-07-11,92.65,92.81,92.23
HYG,2008-07-14,92.425,93.16,91.9
HYG,2008-07-15,91.0,91.8,90.73
HYG,2008-07-16,91.3,91.57,91.0
HYG,2008-07-17,91.57,92.55,91.46
HYG,2008-07-18,93.04,93.04,91.77
HYG,2008-07-21,93.5,93.69,93.0
HYG,2008-07-22,93.815,93.89,93.12
HYG,2008-07-23,93.57,93.93,93.55
HYG,2008-07-24,93.79,94.24,93.26
HYG,2008-07-25,93.99,94.53,93.7
HYG,2008-07-28,93.67,93.7299,93.3
HYG,2008-07-29,93.69,93.83,93.2001
HYG,2008-07-30,93.705,93.7388,93.0
HYG,2008-07-31,93.9,93.9,93.0
HYG,2008-08-01,92.82,93.07,92.4
HYG,2008-08-04,92.18,92.48,92.03
HYG,2008-08-05,92.83,93.7,92.02
HYG,2008-08-06,92.21,92.35,92.0
HYG,2008-08-07,92.095,92.26,92.0
HYG,2008-08-08,92.26,92.28,91.97
HYG,2008-08-11,92.0,92.15,91.36
HYG,2008-08-12,92.36,92.47,91.9
HYG,2008-08-13,92.5,92.5,92.0
HYG,2008-08-14,92.5,92.5,92.16
HYG,2008-08-15,92.715,92.74,92.421
HYG,2008-08-18,92.5,92.99,92.02
HYG,2008-08-19,92.68,92.75,92.25
HYG,2008-08-20,92.66,92.82,92.327
HYG,2008-08-21,92.525,92.6,92.25
HYG,2008-08-22,92.0,92.75,92.0
HYG,2008-08-25,92.5,92.52,92.11
HYG,2008-08-26,92.0,92.56,91.9
HYG,2008-08-27,92.1,92.38,91.83
HYG,2008-08-28,92.23,92.42,92.02
HYG,2008-08-29,92.4,92.59,92.0
HYG,2008-09-02,91.8,92.53,91.62
HYG,2008-09-03,92.1,92.1,91.83
HYG,2008-09-04,92.5,92.5,92.306
HYG,2008-09-05,92.42,92.43,91.52
HYG,2008-09-08,92.31,93.14,92.15
HYG,2008-09-09,92.51,92.91,92.203
HYG,2008-09-10,92.0,92.48,92.0
HYG,2008-09-11,92.0,92.34,91.66
HYG,2008-09-12,92.0,92.03,91.48
HYG,2008-09-15,88.62,91.88,88.0
HYG,2008-09-16,86.58,87.41,82.235
HYG,2008-09-17,81.38,86.4,79.25
HYG,2008-09-18,87.8,88.2,81.41
HYG,2008-09-19,88.92,92.05,88.1
HYG,2008-09-22,88.84,90.2,88.6
HYG,2008-09-23,87.972,89.752,87.0
HYG,2008-09-24,88.7601,89.69,88.05
HYG,2008-09-25,86.5,88.85,86.5
HYG,2008-09-26,86.2,86.938,84.93
HYG,2008-09-29,79.22,86.23,76.0
HYG,2008-09-30,82.0,82.64,80.6
HYG,2008-10-01,84.848,85.2,82.001
HYG,2008-10-02,82.64,84.87,81.01
HYG,2008-10-03,82.335,83.76,81.75
HYG,2008-10-06,79.35,81.75,77.55
HYG,2008-10-07,78.01,82.668,77.89
HYG,2008-10-08,74.75,78.2,74.22
HYG,2008-10-09,73.01,78.26,73.01
HYG,2008-10-10,68.135,71.37,63.96
HYG,2008-10-13,76.5,76.5,70.46
HYG,2008-10-14,77.0,79.33,75.5
HYG,2008-10-15,73.641,75.99,71.88
HYG,2008-10-16,70.85,74.33,70.0
HYG,2008-10-17,70.0,70.84,69.5
HYG,2008-10-20,71.4,71.8,70.0
HYG,2008-10-21,70.99,72.89,70.46
HYG,2008-10-22,70.4,71.68,70.27
HYG,2008-10-23,71.59,71.89,70.1
HYG,2008-10-24,69.8,70.8,69.0601
HYG,2008-10-27,66.25,70.38,66.25
HYG,2008-10-28,67.0,68.7,67.0
HYG,2008-10-29,70.05,71.0,67.41
HYG,2008-10-30,71.97,71.97,70.5
HYG,2008-10-31,72.0,72.26,71.59
HYG,2008-11-03,71.89,72.26,71.7
HYG,2008-11-04,72.6999,72.78,71.75
HYG,2008-11-05,72.1,73.22,72.0
HYG,2008-11-06,72.1,72.5,71.0
HYG,2008-11-07,72.85,72.94,72.0
HYG,2008-11-10,72.86,73.42,72.0
HYG,2008-11-11,72.73,73.59,72.05
HYG,2008-11-12,71.7,72.69,71.54
HYG,2008-11-13,71.315,71.86,70.67
HYG,2008-11-14,70.45,71.38,70.0
HYG,2008-11-17,69.36,70.94,69.11
HYG,2008-11-18,67.9,69.44,67.6
HYG,2008-11-19,65.58,67.77,65.06
HYG,2008-11-20,63.4,65.34,62.5
HYG,2008-11-21,64.03,65.27,63.21
HYG,2008-11-24,64.32,65.69,64.03
HYG,2008-11-25,64.99,65.84,63.77
HYG,2008-11-26,66.5,66.54,65.1
HYG,2008-11-28,66.25,66.53,65.38
HYG,2008-12-01,64.2,65.66,63.67
HYG,2008-12-02,64.89,65.27,64.25
HYG,2008-12-03,64.9,64.93,64.41
HYG,2008-12-04,64.52,65.0,64.17
HYG,2008-12-05,64.55,64.55,63.5
HYG,2008-12-08,65.3,65.38,63.8
HYG,2008-12-09,64.81,65.34,64.5
HYG,2008-12-10,64.76,65.13,64.0
HYG,2008-12-11,64.26,65.0,64.26
HYG,2008-12-12,65.15,65.3,64.05
HYG,2008-12-15,64.805,65.64,64.42
HYG,2008-12-16,66.0139,66.03,64.6
HYG,2008-12-17,67.7,68.1,65.6
HYG,2008-12-18,71.63,72.46,68.08
HYG,2008-12-19,71.15,71.25,70.1301
HYG,2008-12-22,72.64,74.36,70.8
HYG,2008-12-23,75.08,75.29,73.81
HYG,2008-12-24,73.9,75.5,73.48
HYG,2008-12-26,75.31,75.34,73.03
HYG,2008-12-29,75.29,75.79,74.5
HYG,2008-12-30,75.52,76.16,74.81
HYG,2008-12-31,76.01,76.147,75.07
HYG,2009-01-02,75.77,76.45,75.58
HYG,2009-01-05,79.43,85.5,75.37
HYG,2009-01-06,80.1,80.61,79.52
HYG,2009-01-07,78.654,80.36,77.75
HYG,2009-01-08,77.51,78.31,76.86
HYG,2009-01-09,77.55,78.86,77.55
HYG,2009-01-12,76.94,79.1,76.21
HYG,2009-01-13,76.6581,77.81,75.82
HYG,2009-01-14,75.68,76.2,73.68
HYG,2009-01-15,75.38,75.53,74.52
HYG,2009-01-16,75.99,76.12,73.79
HYG,2009-01-20,74.69,75.526,74.02
HYG,2009-01-21,74.7,75.04,73.68
HYG,2009-01-22,74.5,74.87,73.76
HYG,2009-01-23,73.31,74.33,72.4
HYG,2009-01-26,73.5,74.24,73.07
HYG,2009-01-27,74.18,74.44,73.57
HYG,2009-01-28,76.81,76.87,74.77
HYG,2009-01-29,74.9,76.36,74.52
HYG,2009-01-30,75.24,75.59,74.61
HYG,2009-02-02,72.9,74.21,72.4
HYG,2009-02-03,73.03,73.51,72.51
HYG,2009-02-04,72.97,73.572,72.84
HYG,2009-02-05,72.37,73.76,72.03
HYG,2009-02-06,73.83,73.84,72.6
HYG,2009-02-09,74.4,74.59,73.56
HYG,2009-02-10,73.91,74.57,73.52
HYG,2009-02-11,73.74,74.34,73.6
HYG,2009-02-12,73.51,73.51,72.84
HYG,2009-02-13,73.8,73.8,73.1
HYG,2009-02-17,71.92,73.84,71.6
HYG,2009-02-18,71.49,72.47,69.5
HYG,2009-02-19,71.85,72.34,71.52
HYG,2009-02-20,70.8,71.17,69.53
HYG,2009-02-23,69.02,71.69,68.26
HYG,2009-02-24,70.0,70.5,69.0
HYG,2009-02-25,69.66,70.16,69.2
HYG,2009-02-26,68.28,69.87,67.63
HYG,2009-02-27,67.25,68.448,67.0
HYG,2009-03-02,65.15,66.81,64.8
HYG,2009-03-03,65.41,66.3,64.9
HYG,2009-03-04,65.4,66.45,64.81
HYG,2009-03-05,62.3,65.4,62.24
HYG,2009-03-06,62.0,63.74,61.87
HYG,2009-03-09,61.64,62.8281,61.5
HYG,2009-03-10,64.69,64.91,62.35
HYG,2009-03-11,65.72,65.95,64.94
HYG,2009-03-12,66.81,66.8375,65.52
HYG,2009-03-13,66.96,67.11,66.5
HYG,2009-03-16,67.342,67.83,67.06
HYG,2009-03-17,66.96,67.4,66.42
HYG,2009-03-18,68.5,68.62,66.58
HYG,2009-03-19,67.9,68.62,67.25
HYG,2009-03-20,67.77,68.38,67.53
HYG,2009-03-23,69.17,69.2,67.626
HYG,2009-03-24,69.3,69.46,68.63
HYG,2009-03-25,69.67,70.05,69.39
HYG,2009-03-26,70.75,70.77,69.73
HYG,2009-03-27,70.03,70.6,68.91
HYG,2009-03-30,66.75,69.65,66.75
HYG,2009-03-31,67.8,68.77,67.5
HYG,2009-04-01,67.1,67.93,66.91
HYG,2009-04-02,69.54,69.64,67.41
HYG,2009-04-03,70.52,70.8,69.5
HYG,2009-04-06,70.29,70.89,69.45
HYG,2009-04-07,69.48,70.09,69.12
HYG,2009-04-08,70.3,70.6,68.8
HYG,2009-04-09,72.3,72.55,71.0
HYG,2009-04-13,72.25,72.48,71.0
HYG,2009-04-14,71.88,72.24,71.51
HYG,2009-04-15,72.49,72.5,71.67
HYG,2009-04-16,73.64,74.33,72.67
HYG,2009-04-17,75.25,75.75,73.5
HYG,2009-04-20,72.5,74.95,72.38
HYG,2009-04-21,73.32,73.8,71.53
HYG,2009-04-22,73.67,74.16,72.12
HYG,2009-04-23,73.59,74.0,73.27
HYG,2009-04-24,74.73,74.84,73.7
HYG,2009-04-27,74.14,74.52,73.81
HYG,2009-04-28,74.3,74.86,73.35
HYG,2009-04-29,75.68,75.8,74.86
HYG,2009-04-30,76.27,76.4855,75.55
HYG,2009-05-01,75.56,76.09,74.61
HYG,2009-05-04,75.3748,75.95,75.0
HYG,2009-05-05,76.03,76.04,75.35
HYG,2009-05-06,76.66,76.79,75.55
HYG,2009-05-07,75.4,77.66,74.79
HYG,2009-05-08,76.75,77.1,76.21
HYG,2009-05-11,76.35,76.77,75.42
HYG,2009-05-12,76.65,76.65,75.7
HYG,2009-05-13,75.65,76.52,75.5
HYG,2009-05-14,74.85,75.63,74.39
HYG,2009-05-15,73.8,74.8899,73.08
HYG,2009-05-18,75.37,75.44,74.17
HYG,2009-05-19,75.87,76.13,74.86
HYG,2009-05-20,76.99,77.19,75.87
HYG,2009-05-21,76.0,76.93,76.0
HYG,2009-05-22,77.05,77.39,76.03
HYG,2009-05-26,76.85,77.29,76.38
HYG,2009-05-27,76.99,77.51,76.99
HYG,2009-05-28,77.26,77.7,76.99
HYG,2009-05-29,77.835,78.17,77.45
HYG,2009-06-01,78.95,78.98,77.79
HYG,2009-06-02,78.72,78.73,77.93
HYG,2009-06-03,78.27,78.94,78.01
HYG,2009-06-04,78.51,78.7,78.02
HYG,2009-06-05,78.76,78.99,78.31
HYG,2009-06-08,78.9,79.25,78.32
HYG,2009-06-09,79.05,79.23,78.61
HYG,2009-06-10,79.15,79.5,78.72
HYG,2009-06-11,79.33,79.96,79.13
HYG,2009-06-12,79.74,79.87,79.33
HYG,2009-06-15,78.56,79.71,78.48
HYG,2009-06-16,77.81,79.23,77.28
HYG,2009-06-17,77.36,78.27,77.02
HYG,2009-06-18,78.1,78.21,77.05
HYG,2009-06-19,78.18,78.29,77.71
HYG,2009-06-22,77.12,78.08,76.5
HYG,2009-06-23,77.25,77.74,76.86
HYG,2009-06-24,77.64,78.3,77.25
HYG,2009-06-25,78.38,78.44,77.611
HYG,2009-06-26,78.36,78.39,77.79
HYG,2009-06-29,79.34,79.34,78.41
HYG,2009-06-30,79.71,79.85,79.2239
HYG,2009-07-01,79.18,79.5072,78.79
HYG,2009-07-02,77.8,78.95,77.71
HYG,2009-07-06,76.64,78.04,76.61
HYG,2009-07-07,75.57,77.32,75.57
HYG,2009-07-08,76.03,76.89,75.55
HYG,2009-07-09,77.12,77.38,76.19
HYG,2009-07-10,76.53,77.9041,76.13
HYG,2009-07-13,76.7,77.21,76.28
HYG,2009-07-14,77.0,77.4,76.49
HYG,2009-07-15,78.7,78.7,77.28
HYG,2009-07-16,78.94,79.0,78.0
HYG,2009-07-17,79.01,79.02,78.65
HYG,2009-07-20,80.11,80.21,79.23
HYG,2009-07-21,80.5,80.85,79.81
HYG,2009-07-22,80.6,80.76,80.0
HYG,2009-07-23,81.42,81.79,80.42
HYG,2009-07-24,81.9,82.01,80.73
HYG,2009-07-27,82.05,82.29,81.62
HYG,2009-07-28,82.14,82.42,81.8
HYG,2009-07-29,82.42,82.76,82.06
HYG,2009-07-30,83.1,83.91,82.65
HYG,2009-07-31,84.45,84.65,83.3753
HYG,2009-08-03,83.9,84.1937,83.69
HYG,2009-08-04,83.72,84.342,83.02
HYG,2009-08-05,83.45,83.98,82.81
HYG,2009-08-06,82.79,83.7961,82.6
HYG,2009-08-07,83.37,84.11,82.79
HYG,2009-08-10,83.75,83.77,83.06
HYG,2009-08-11,83.55,84.05,83.24
HYG,2009-08-12,83.34,83.64,83.0
HYG,2009-08-13,82.28,83.354,82.08
HYG,2009-08-14,81.87,82.62,81.75
HYG,2009-08-17,79.87,81.65,79.63
HYG,2009-08-18,81.25,81.39,80.0
HYG,2009-08-19,81.58,81.58,80.5
HYG,2009-08-20,81.33,81.8434,81.26
HYG,2009-08-21,82.44,82.44,81.52
HYG,2009-08-24,82.01,82.5,81.72
HYG,2009-08-25,82.0,82.38,81.8
HYG,2009-08-26,82.32,82.45,81.97
HYG,2009-08-27,81.9,82.6351,81.88
HYG,2009-08-28,82.31,82.5,82.1201
HYG,2009-08-31,82.32,82.5,82.016
HYG,2009-09-01,80.85,81.68,80.6
HYG,2009-09-02,80.42,80.89,80.1
HYG,2009-09-03,80.94,81.0802,80.45
HYG,2009-09-04,81.56,81.91,80.99
HYG,2009-09-08,82.72,82.72,81.83
HYG,2009-09-09,81.94,82.8,81.75
HYG,2009-09-10,83.21,83.25,82.02
HYG,2009-09-11,84.0,84.14,83.2716
HYG,2009-09-14,84.1,84.148,83.51
HYG,2009-09-15,84.7,84.72,84.12
HYG,2009-09-16,85.79,85.82,85.05
HYG,2009-09-17,85.94,85.94,85.161
HYG,2009-09-18,85.7,86.06,84.861
HYG,2009-09-21,85.75,85.75,84.93
HYG,2009-09-22,85.65,86.13,85.5
HYG,2009-09-23,85.91,86.36,85.8
HYG,2009-09-24,86.07,86.49,85.71
HYG,2009-09-25,85.79,86.38,85.454
HYG,2009-09-28,86.47,86.54,85.36
HYG,2009-09-29,86.37,86.49,86.19
HYG,2009-09-30,86.35,86.69,85.94
HYG,2009-10-01,83.39,85.41,83.39
HYG,2009-10-02,84.2,84.2,82.0
HYG,2009-10-05,84.54,84.54,83.55
HYG,2009-10-06,84.25,85.17,84.2
HYG,2009-10-07,84.87,85.08,84.12
HYG,2009-10-08,85.41,85.42,84.87
HYG,2009-10-09,85.74,85.74,84.95
HYG,2009-10-12,85.72,85.88,85.55
HYG,2009-10-13,85.7,85.87,85.19
HYG,2009-10-14,86.04,86.12,85.72
HYG,2009-10-15,86.02,86.1,85.75
HYG,2009-10-16,86.01,86.09,85.6
HYG,2009-10-19,86.03,86.27,85.9516
HYG,2009-10-20,86.19,86.43,86.0101
HYG,2009-10-21,85.08,86.93,85.08
HYG,2009-10-22,87.0,87.0,86.47
HYG,2009-10-23,86.85,87.2,86.605
HYG,2009-10-26,86.9,87.04,86.62
HYG,2009-10-27,86.22,86.9,86.05
HYG,2009-10-28,84.8,86.48,84.79
HYG,2009-10-29,85.99,86.45,85.05
HYG,2009-10-30,85.18,86.21,84.869
HYG,2009-11-02,85.14,85.57,84.6519
HYG,2009-11-03,85.33,85.58,84.59
HYG,2009-11-04,85.46,86.0,85.2965
HYG,2009-11-05,84.1,85.66,84.1
HYG,2009-11-06,85.61,85.65,85.37
HYG,2009-11-09,85.95,85.98,85.7
HYG,2009-11-10,85.92,85.98,85.66
HYG,2009-11-11,85.97,86.2,85.88
HYG,2009-11-12,86.07,86.11,85.75
HYG,2009-11-13,85.9,86.248,85.751
HYG,2009-11-16,86.3,86.65,86.05
HYG,2009-11-17,85.01,86.48,85.01
HYG,2009-11-18,86.06,86.44,86.06
HYG,2009-11-19,86.24,86.3,85.87
HYG,2009-11-20,86.22,86.34,86.0
HYG,2009-11-23,86.13,86.37,86.1
HYG,2009-11-24,86.18,86.2999,86.05
HYG,2009-11-25,86.22,86.65,86.21
HYG,2009-11-27,85.62,85.85,85.05
HYG,2009-11-30,85.9,86.096,85.6
HYG,2009-12-01,85.7,85.83,85.35
HYG,2009-12-02,85.79,85.96,85.6
HYG,2009-12-03,85.9,86.26,85.86
HYG,2009-12-04,86.25,86.56,86.21
HYG,2009-12-07,86.36,86.44,86.163
HYG,2009-12-08,86.46,86.5,86.19
HYG,2009-12-09,86.46,86.63,86.43
HYG,2009-12-10,86.89,86.89,86.6101
HYG,2009-12-11,86.94,87.06,86.8425
HYG,2009-12-14,87.64,87.76,87.0
HYG,2009-12-15,87.55,87.7,87.26
HYG,2009-12-16,87.75,87.79,87.31
HYG,2009-12-17,87.7,87.78,87.49
HYG,2009-12-18,87.65,87.83,87.61
HYG,2009-12-21,87.91,87.94,87.65
HYG,2009-12-22,88.1,88.12,87.87
HYG,2009-12-23,88.31,88.45,88.12
HYG,2009-12-24,88.64,88.77,88.3
HYG,2009-12-28,88.38,88.8,88.25
HYG,2009-12-29,87.33,87.9,87.3
HYG,2009-12-30,87.7,87.78,87.43
HYG,2010-01-04,88.53,88.53,87.9984
HYG,2010-01-05,88.95,89.08,88.42
HYG,2010-01-06,89.18,89.2634,89.0
HYG,2010-01-07,89.54,89.63,89.11
HYG,2010-01-08,89.68,89.81,89.51
HYG,2010-01-11,89.6,89.71,89.48
HYG,2010-01-12,89.14,90.29,89.05
HYG,2010-01-13,89.34,89.42,89.1
HYG,2010-01-14,89.44,89.48,89.21
HYG,2010-01-15,89.08,89.52,88.99
HYG,2010-01-19,89.118,89.2,88.97
HYG,2010-01-20,88.99,89.21,88.86
HYG,2010-01-21,87.6,89.16,87.6
HYG,2010-01-22,86.77,88.04,86.61
HYG,2010-01-25,86.93,87.44,86.75
HYG,2010-01-26,87.05,87.43,86.9
HYG,2010-01-27,87.04,87.42,86.92
HYG,2010-01-28,86.67,87.24,86.55
HYG,2010-01-29,86.25,87.27,86.22
HYG,2010-02-01,85.98,86.28,85.65
HYG,2010-02-02,86.24,86.61,86.0
HYG,2010-02-03,86.68,86.71,86.22
HYG,2010-02-04,85.45,86.35,85.3801
HYG,2010-02-05,84.95,85.33,83.445
HYG,2010-02-08,84.6,85.13,84.39
HYG,2010-02-09,84.86,85.05,84.4601
HYG,2010-02-10,83.61,84.92,83.6
HYG,2010-02-11,83.948,84.42,83.39
HYG,2010-02-12,83.9,84.17,83.38
HYG,2010-02-16,84.73,85.02,83.67
HYG,2010-02-17,85.38,85.47,85.13
HYG,2010-02-18,86.19,86.39,85.49
HYG,2010-02-19,86.77,86.78,86.3002
HYG,2010-02-22,86.88,87.06,86.71
HYG,2010-02-23,86.25,87.1,85.95
HYG,2010-02-24,86.58,86.98,86.35
HYG,2010-02-25,86.59,86.65,86.0
HYG,2010-02-26,87.17,87.22,86.658
HYG,2010-03-01,86.59,86.78,86.5
HYG,2010-03-02,87.15,87.2,86.69
HYG,2010-03-03,87.24,87.38,87.09
HYG,2010-03-04,87.31,87.43,87.08
HYG,2010-03-05,87.83,87.84,87.29
HYG,2010-03-08,87.85,88.1,87.79
HYG,2010-03-09,88.23,88.23,87.8
HYG,2010-03-10,88.26,88.3,88.0
HYG,2010-03-11,88.18,88.25,88.02
HYG,2010-03-12,88.2,88.37,88.15
HYG,2010-03-15,88.1,88.25,87.93
HYG,2010-03-16,88.396,88.48,87.99
HYG,2010-03-17,88.4,88.64,88.34
HYG,2010-03-18,88.53,88.635,88.41
HYG,2010-03-19,88.09,88.6,87.97
HYG,2010-03-22,88.51,88.52,87.81
HYG,2010-03-23,88.5,88.6,88.33
HYG,2010-03-24,88.45,88.59,88.345
HYG,2010-03-25,88.66,88.81,88.51
HYG,2010-03-26,88.63,88.7,88.5
HYG,2010-03-29,88.74,88.7625,88.7
HYG,2010-03-30,88.65,88.87,88.56
HYG,2010-03-31,88.36,88.599,87.81
HYG,2010-04-01,87.5,88.0,87.5
HYG,2010-04-05,87.46,87.98,87.41
HYG,2010-04-06,88.03,88.08,87.4534
HYG,2010-04-07,88.16,88.24,87.9
HYG,2010-04-08,88.31,88.35,88.01
HYG,2010-04-09,88.44,88.57,88.26
HYG,2010-04-12,88.46,88.66,88.44
HYG,2010-04-13,88.7,88.82,88.64
HYG,2010-04-14,88.94,89.02,88.8
HYG,2010-04-15,89.18,89.47,88.92
HYG,2010-04-16,88.49,89.35,88.1
HYG,2010-04-19,88.29,88.49,88.05
HYG,2010-04-20,89.24,90.33,88.51
HYG,2010-04-21,89.25,89.41,89.09
HYG,2010-04-22,88.99,89.22,88.78
HYG,2010-04-23,89.57,89.6,88.87
HYG,2010-04-26,89.57,89.7,89.4
HYG,2010-04-27,88.44,89.726,88.37
HYG,2010-04-28,88.5,88.92,88.5
HYG,2010-04-29,89.11,89.23,88.89
HYG,2010-04-30,89.4,89.52,88.96
HYG,2010-05-03,88.75,89.09,88.75
HYG,2010-05-04,87.84,88.63,87.81
HYG,2010-05-05,86.64,88.1663,86.1
HYG,2010-05-06,84.486,86.51,78.96
HYG,2010-05-07,84.49,85.12,82.51
HYG,2010-05-10,86.06,87.4,85.61
HYG,2010-05-11,85.96,86.88,85.58
HYG,2010-05-12,87.01,87.03,85.9424
HYG,2010-05-13,86.47,87.25,86.47
HYG,2010-05-14,85.97,86.459,85.36
HYG,2010-05-17,85.86,86.19,85.12
HYG,2010-05-18,85.68,86.46,85.41
HYG,2010-05-19,85.18,85.654,84.26
HYG,2010-05-20,82.02,83.89,81.33
HYG,2010-05-21,84.3,84.766,81.43
HYG,2010-05-24,84.43,85.2036,83.99
HYG,2010-05-25,84.33,84.33,82.01
HYG,2010-05-26,83.37,85.05,83.19
HYG,2010-05-27,84.54,84.8811,84.14
HYG,2010-05-28,84.61,84.84,84.3199
HYG,2010-06-01,83.55,84.35,83.37
HYG,2010-06-02,83.93,84.14,83.7
HYG,2010-06-03,84.03,84.4,83.71
HYG,2010-06-04,83.56,84.15,83.333
HYG,2010-06-07,83.0,84.274,82.98
HYG,2010-06-08,83.11,83.52,82.55
HYG,2010-06-09,83.294,83.452,83.01
HYG,2010-06-10,84.05,84.14,83.37
HYG,2010-06-11,84.2577,84.28,83.59
HYG,2010-06-14,84.37,84.7,84.25
HYG,2010-06-15,85.19,85.4299,84.56
HYG,2010-06-16,85.26,85.32,84.8
HYG,2010-06-17,85.9,85.94,85.36
HYG,2010-06-18,86.27,86.33,85.928
HYG,2010-06-21,86.58,86.82,86.47
HYG,2010-06-22,85.96,86.6,85.62
HYG,2010-06-23,85.9,86.09,85.285
HYG,2010-06-24,85.31,85.77,85.2
HYG,2010-06-25,85.7,85.7401,85.25
HYG,2010-06-28,85.8,86.2,85.67
HYG,2010-06-29,85.03,85.581,84.531
HYG,2010-06-30,84.9,85.12,84.51
HYG,2010-07-01,84.68,85.3252,83.46
HYG,2010-07-02,84.75,85.15,84.5
HYG,2010-07-06,85.37,85.41,84.86
HYG,2010-07-07,86.37,86.4777,85.2
HYG,2010-07-08,86.84,86.84,86.12
HYG,2010-07-09,86.6,86.8,86.4675
HYG,2010-07-12,86.46,86.72,85.86
HYG,2010-07-13,87.2,87.35,86.52
HYG,2010-07-14,87.12,87.26,86.88
HYG,2010-07-15,87.25,87.3,86.92
HYG,2010-07-16,86.72,87.21,86.48
HYG,2010-07-19,87.09,87.22,86.73
HYG,2010-07-20,87.71,88.16,86.86
HYG,2010-07-21,87.66,88.44,87.37
HYG,2010-07-22,88.36,88.46,87.95
HYG,2010-07-23,88.85,88.85,88.04
HYG,2010-07-26,88.94,88.96,88.47
HYG,2010-07-27,88.87,89.1,87.3243
HYG,2010-07-28,88.58,88.95,88.52
HYG,2010-07-29,88.85,88.93,88.58
HYG,2010-07-30,88.62,88.87,88.35
HYG,2010-08-02,88.48,88.55,88.2
HYG,2010-08-03,88.49,88.63,88.09
HYG,2010-08-04,88.48,88.59,88.29
HYG,2010-08-05,88.39,88.41,88.15
HYG,2010-08-06,88.37,88.39,87.87
HYG,2010-08-09,88.21,88.59,88.09
HYG,2010-08-10,87.7547,88.3,87.7547
HYG,2010-08-11,87.03,87.7,86.9
HYG,2010-08-12,86.77,87.14,86.2
HYG,2010-08-13,86.8901,87.33,86.6465
HYG,2010-08-16,86.5623,87.468,86.5623
HYG,2010-08-17,87.55,87.78,87.4701
HYG,2010-08-18,87.7,87.76,87.5
HYG,2010-08-19,87.0975,87.81,87.0975
HYG,2010-08-20,87.0305,87.77,87.0305
HYG,2010-08-23,86.8966,87.81,86.8966
HYG,2010-08-24,87.29,87.57,87.25
HYG,2010-08-25,87.154,87.32,86.79
HYG,2010-08-26,87.01,87.44,86.8
HYG,2010-08-27,87.06,87.43,86.91
HYG,2010-08-30,87.176,87.43,87.03
HYG,2010-08-31,87.15,87.38,87.1
HYG,2010-09-01,87.46,87.46,86.89
HYG,2010-09-02,87.6,87.61,87.34
HYG,2010-09-03,87.86,87.86,87.4796
HYG,2010-09-07,87.73,87.74,86.7343
HYG,2010-09-08,87.72,87.855,86.8006
HYG,2010-09-09,88.1,88.13,87.83
HYG,2010-09-10,88.33,88.37,88.02
HYG,2010-09-13,88.76,88.82,88.45
HYG,2010-09-14,88.76,88.78,88.52
HYG,2010-09-15,88.69,88.74,87.7888
HYG,2010-09-16,88.85,88.9,87.9696
HYG,2010-09-17,89.0,89.05,88.1407
HYG,2010-09-20,89.14,89.22,88.1952
HYG,2010-09-21,88.99,89.23,88.87
HYG,2010-09-22,88.64,89.1,88.3862
HYG,2010-09-23,88.4,88.52,88.25
HYG,2010-09-24,88.75,88.89,88.1126
HYG,2010-09-27,88.928,89.08,88.2473
HYG,2010-09-28,89.05,89.16,88.1622
HYG,2010-09-29,89.23,89.41,88.5286
HYG,2010-09-30,89.69,89.74,88.6554
HYG,2010-10-01,89.24,89.33,88.8038
HYG,2010-10-04,88.93,89.28,88.4167
HYG,2010-10-05,89.23,89.32,88.4717
HYG,2010-10-06,89.15,89.33,88.7445
HYG,2010-10-07,89.33,89.5,89.0391
HYG,2010-10-08,89.6,89.68,89.2207
HYG,2010-10-11,89.85,89.89,89.3468
HYG,2010-10-12,89.74,89.95,89.4048
HYG,2010-10-13,90.04,90.25,89.4942
HYG,2010-10-14,89.56,90.13,89.55
HYG,2010-10-15,89.84,90.0,89.74
HYG,2010-10-18,89.72,90.1,89.72
HYG,2010-10-19,89.73,89.95,89.68
HYG,2010-10-20,89.97,90.016,89.6261
HYG,2010-10-21,89.85,90.12,89.7551
HYG,2010-10-22,90.26,90.28,89.7288
HYG,2010-10-25,90.61,90.77,89.8406
HYG,2010-10-26,90.75,90.77,90.55
HYG,2010-10-27,90.67,90.8,90.53
HYG,2010-10-28,90.7,90.9,90.2394
HYG,2010-10-29,90.74,90.9,90.3298
HYG,2010-11-01,89.97,90.4,89.95
HYG,2010-11-02,90.41,90.42,89.9004
HYG,2010-11-03,90.71,90.8,90.34
HYG,2010-11-04,91.91,91.97,90.0413
HYG,2010-11-05,91.8,91.89,91.52
HYG,2010-11-08,91.52,91.79,91.45
HYG,2010-11-09,91.25,91.69,91.1
HYG,2010-11-10,90.51,91.25,90.48
HYG,2010-11-11,90.15,90.53,89.81
HYG,2010-11-12,89.82,90.25,89.82
HYG,2010-11-15,89.72,90.2,89.59
HYG,2010-11-16,88.66,89.7,88.49
HYG,2010-11-17,89.13,89.37,89.002
HYG,2010-11-18,90.24,90.24,89.58
HYG,2010-11-19,90.21,90.21,89.835
HYG,2010-11-22,89.61,89.95,89.54
HYG,2010-11-23,88.35,89.38,88.32
HYG,2010-11-24,88.88,89.02,88.57
HYG,2010-11-26,88.54,88.87,88.54
HYG,2010-11-29,88.79,89.0182,88.48
HYG,2010-11-30,88.97,89.12,88.42
HYG,2010-12-01,89.22,89.25,88.79
HYG,2010-12-02,89.25,89.32,89.0
HYG,2010-12-03,89.42,89.45,89.16
HYG,2010-12-06,89.41,89.42,89.23
HYG,2010-12-07,89.83,89.91,89.6682
HYG,2010-12-08,89.56,90.0,89.41
HYG,2010-12-09,89.35,89.67,89.34
HYG,2010-12-10,89.39,89.61,89.313
HYG,2010-12-13,88.91,89.57,88.82
HYG,2010-12-14,89.38,89.4,88.88
HYG,2010-12-15,89.03,89.4,88.91
HYG,2010-12-16,89.36,89.36,88.78
HYG,2010-12-17,89.49,89.53,89.23
HYG,2010-12-20,89.62,89.65,89.5
HYG,2010-12-21,89.84,89.89,89.66
HYG,2010-12-22,90.09,90.14,89.77
HYG,2010-12-23,90.18,90.25,90.12
HYG,2010-12-27,90.25,90.36,90.12
HYG,2010-12-28,89.73,89.9,89.54
HYG,2010-12-29,90.03,90.06,89.72
HYG,2010-12-30,90.13,90.14,89.96
HYG,2010-12-31,90.3,90.31,90.05
HYG,2011-01-04,90.77,90.78,90.48
HYG,2011-01-05,91.0,91.01,90.63
HYG,2011-01-06,91.11,91.12,90.69
HYG,2011-01-07,90.76,91.12,90.7
HYG,2011-01-10,90.69,90.73,90.5736
HYG,2011-01-11,91.07,91.09,90.85
HYG,2011-01-12,91.23,91.3343,91.05
HYG,2011-01-13,91.22,91.45,91.17
HYG,2011-01-14,91.36,91.4,91.24
HYG,2011-01-18,91.35,91.5,91.25
HYG,2011-01-19,91.07,91.39,91.06
HYG,2011-01-20,90.89,91.13,90.76
HYG,2011-01-21,91.29,91.34,90.98
HYG,2011-01-24,91.39,91.45,91.29
HYG,2011-01-25,91.5,91.53,91.33
HYG,2011-01-26,91.72,91.72,91.53
HYG,2011-01-27,91.84,91.85,91.69
HYG,2011-01-28,91.29,91.89,91.27
HYG,2011-01-31,91.78,91.78,91.36
HYG,2011-02-01,91.38,91.45,91.21
HYG,2011-02-02,91.44,91.51,91.37
HYG,2011-02-03,91.47,91.56,91.27
HYG,2011-02-04,91.87,91.89,91.52
HYG,2011-02-07,92.04,92.05,91.79
HYG,2011-02-08,92.13,92.16,92.0
HYG,2011-02-09,91.62,92.14,91.62
HYG,2011-02-10,91.69,91.91,91.5
HYG,2011-02-11,91.95,91.95,91.6306
HYG,2011-02-14,92.02,92.02,91.86
HYG,2011-02-15,91.84,92.06,91.77
HYG,2011-02-16,91.87,92.09,91.87
HYG,2011-02-17,92.08,92.1,91.96
HYG,2011-02-18,92.36,92.37,92.112
HYG,2011-02-22,91.6,92.24,91.59
HYG,2011-02-23,91.7,91.83,91.59
HYG,2011-02-24,91.76,91.91,91.71
HYG,2011-02-25,92.02,92.08,91.78
HYG,2011-02-28,92.5,92.53,91.98
HYG,2011-03-01,91.78,91.98,91.68
HYG,2011-03-02,91.86,91.88,91.7
HYG,2011-03-03,92.19,92.22,91.91
HYG,2011-03-04,92.0,92.21,91.93
HYG,2011-03-07,92.02,92.14,91.92
HYG,2011-03-08,91.94,92.06,91.91
HYG,2011-03-09,91.68,92.01,91.65
HYG,2011-03-10,91.19,91.8,91.17
HYG,2011-03-11,91.18,91.35,91.06
HYG,2011-03-14,90.81,91.26,90.76
HYG,2011-03-15,90.34,90.49,89.5
HYG,2011-03-16,89.72,90.6199,89.72
HYG,2011-03-17,90.71,90.76,90.22
HYG,2011-03-18,91.21,91.47,91.02
HYG,2011-03-21,91.74,91.78,91.41
HYG,2011-03-22,91.79,91.83,91.53
HYG,2011-03-23,91.68,91.82,91.53
HYG,2011-03-24,91.76,91.85,91.65
HYG,2011-03-25,91.79,91.86,91.76
HYG,2011-03-28,91.82,91.9,91.69
HYG,2011-03-29,91.87,91.91,91.68
HYG,2011-03-30,92.01,92.06,91.75
HYG,2011-03-31,91.96,92.03,91.87
HYG,2011-04-01,91.28,91.53,91.28
HYG,2011-04-04,91.84,91.865,91.35
HYG,2011-04-05,91.74,91.91,91.64
HYG,2011-04-06,91.94,91.98,91.84
HYG,2011-04-07,92.03,92.07,91.92
HYG,2011-04-08,92.03,92.12,91.91
HYG,2011-04-11,91.94,92.17,91.93
HYG,2011-04-12,91.65,91.98,91.62
HYG,2011-04-13,92.09,92.09,91.83
HYG,2011-04-14,91.72,92.02,91.64
HYG,2011-04-15,91.84,91.9,91.76
HYG,2011-04-18,91.52,91.7,91.42
HYG,2011-04-19,91.84,91.86,91.6095
HYG,2011-04-20,92.19,92.23,91.91
HYG,2011-04-21,92.41,92.43,92.11
HYG,2011-04-25,92.31,92.45,92.3
HYG,2011-04-26,92.52,92.52,92.33
HYG,2011-04-27,92.58,92.58,92.48
HYG,2011-04-28,92.62,92.66,92.55
HYG,2011-04-29,92.85,92.85,92.68
HYG,2011-05-02,92.24,92.42,92.21
HYG,2011-05-03,92.25,92.43,92.1
HYG,2011-05-04,92.22,92.38,92.12
HYG,2011-05-05,91.84,92.22,91.79
HYG,2011-05-06,92.44,92.45,92.11
HYG,2011-05-09,92.38,92.51,92.29
HYG,2011-05-10,92.602,92.63,92.33
HYG,2011-05-11,92.49,92.73,92.37
HYG,2011-05-12,92.52,92.58,92.26
HYG,2011-05-13,92.21,92.6,92.2
HYG,2011-05-16,92.37,92.47,92.26
HYG,2011-05-17,92.54,92.59,92.11
HYG,2011-05-18,92.64,92.66,92.43
HYG,2011-05-19,92.61,92.67,92.51
HYG,2011-05-20,92.54,92.61,92.41
HYG,2011-05-23,92.1,92.35,92.08
HYG,2011-05-24,91.95,92.3701,91.93
HYG,2011-05-25,91.95,92.05,91.9
HYG,2011-05-26,91.87,92.0,91.87
HYG,2011-05-27,92.15,92.26,91.9
HYG,2011-05-31,92.4,92.46,92.26
HYG,2011-06-01,91.3,91.89,91.15
HYG,2011-06-02,91.24,91.405,91.2
HYG,2011-06-03,90.88,91.08,90.82
HYG,2011-06-06,90.66,91.01,90.57
HYG,2011-06-07,90.59,90.93,90.54
HYG,2011-06-08,90.16,90.58,90.14
HYG,2011-06-09,90.22,90.44,90.12
HYG,2011-06-10,89.63,90.35,89.44
HYG,2011-06-13,89.29,89.99,89.29
HYG,2011-06-14,89.85,90.02,89.8
HYG,2011-06-15,89.47,89.85,89.37
HYG,2011-06-16,87.88,89.7,87.6264
HYG,2011-06-17,88.85,89.18,88.3
HYG,2011-06-20,89.47,89.57,88.94
HYG,2011-06-21,90.07,90.0835,89.56
HYG,2011-06-22,89.42,90.04,89.41
HYG,2011-06-23,89.9,90.0,88.83
HYG,2011-06-24,89.47,90.05,89.33
HYG,2011-06-27,89.45,89.6,89.36
HYG,2011-06-28,89.81,89.81,89.62
HYG,2011-06-29,90.7,90.75,89.95
HYG,2011-06-30,91.31,91.6,90.7
HYG,2011-07-01,91.21,91.45,90.84
HYG,2011-07-05,91.33,91.34,90.91
HYG,2011-07-06,91.37,91.38,90.92
HYG,2011-07-07,91.73,91.73,91.31
HYG,2011-07-08,91.48,91.52,91.14
HYG,2011-07-11,90.58,91.13,90.55
HYG,2011-07-12,90.33,90.66,90.32
HYG,2011-07-13,91.03,91.07,90.54
HYG,2011-07-14,90.98,91.5,90.81
HYG,2011-07-15,90.95,91.17,90.89
HYG,2011-07-18,90.79,91.0,90.51
HYG,2011-07-19,91.2,91.23,90.71
HYG,2011-07-20,91.28,91.41,91.2
HYG,2011-07-21,91.72,91.77,91.35
HYG,2011-07-22,91.84,91.86,91.54
HYG,2011-07-25,91.35,91.74,91.34
HYG,2011-07-26,91.54,91.64,91.33
HYG,2011-07-27,90.82,91.58,90.82
HYG,2011-07-28,90.96,91.18,90.83
HYG,2011-07-29,91.05,91.08,90.41
HYG,2011-08-01,90.7,91.01,90.25
HYG,2011-08-02,89.58,90.5,89.57
HYG,2011-08-03,89.53,89.96,88.81
HYG,2011-08-04,86.95,89.35,86.91
HYG,2011-08-05,86.86,88.13,84.61
HYG,2011-08-08,83.16,85.86,82.33
HYG,2011-08-09,85.7,85.7,83.051
HYG,2011-08-10,84.25,85.29,83.89
HYG,2011-08-11,85.78,85.91,83.66
HYG,2011-08-12,85.38,86.21,85.03
HYG,2011-08-15,86.77,86.89,85.68
HYG,2011-08-16,86.22,86.78,86.12
HYG,2011-08-17,87.03,87.18,86.6
HYG,2011-08-18,86.11,86.23,85.11
HYG,2011-08-19,85.36,86.58,85.09
HYG,2011-08-22,85.46,86.36,85.3465
HYG,2011-08-23,86.1,86.24,84.7
HYG,2011-08-24,85.71,86.06,85.19
HYG,2011-08-25,85.02,86.46,85.0
HYG,2011-08-26,85.88,86.05,84.3
HYG,2011-08-29,86.75,86.85,86.18
HYG,2011-08-30,86.91,86.96,86.49
HYG,2011-08-31,88.08,88.38,87.57
HYG,2011-09-01,87.39,87.61,87.234
HYG,2011-09-02,87.0,87.56,86.57
HYG,2011-09-06,85.97,86.3,85.52
HYG,2011-09-07,86.39,86.76,86.11
HYG,2011-09-08,86.66,86.85,86.39
HYG,2011-09-09,85.88,86.8,85.63
HYG,2011-09-12,85.14,85.465,84.81
HYG,2011-09-13,85.79,86.0,85.14
HYG,2011-09-14,86.36,86.56,85.66
HYG,2011-09-15,86.94,86.96,86.37
HYG,2011-09-16,86.89,87.15,86.6
HYG,2011-09-19,86.76,86.9298,86.38
HYG,2011-09-20,86.9,87.08,86.57
HYG,2011-09-21,86.15,87.08,86.14
HYG,2011-09-22,84.98,85.52,84.7815
HYG,2011-09-23,85.21,85.62,84.7
HYG,2011-09-26,85.53,86.38,85.01
HYG,2011-09-27,85.63,86.04,85.5
HYG,2011-09-28,84.67,85.6,84.51
HYG,2011-09-29,84.51,85.2799,84.36
HYG,2011-09-30,82.83,83.98,82.73
HYG,2011-10-03,81.3,82.455,81.3
HYG,2011-10-04,81.05,81.18,77.9
HYG,2011-10-05,82.04,82.11,80.73
HYG,2011-10-06,83.31,83.32,81.9
HYG,2011-10-07,83.38,83.8,82.67
HYG,2011-10-10,85.17,85.18,83.87
HYG,2011-10-11,84.23,85.03,84.18
HYG,2011-10-12,86.19,86.28,84.42
HYG,2011-10-13,85.83,86.02,85.11
HYG,2011-10-14,86.43,86.46,86.0
HYG,2011-10-17,85.93,86.07,85.73
HYG,2011-10-18,86.39,86.58,85.43
HYG,2011-10-19,86.11,87.22,86.06
HYG,2011-10-20,86.87,86.88,86.2
HYG,2011-10-21,87.92,87.94,87.25
HYG,2011-10-24,90.3,90.48,87.85
HYG,2011-10-25,88.7,89.83,88.6635
HYG,2011-10-26,89.08,89.5,88.45
HYG,2011-10-27,90.49,91.42,90.0
HYG,2011-10-28,90.12,90.2,89.84
HYG,2011-10-31,89.28,89.669,89.2
HYG,2011-11-01,87.17,88.12,86.75
HYG,2011-11-02,88.0,88.18,87.46
HYG,2011-11-03,88.87,88.99,88.12
HYG,2011-11-04,88.78,88.86,88.07
HYG,2011-11-07,88.48,88.79,88.02
HYG,2011-11-08,88.68,88.82,88.33
HYG,2011-11-09,86.8,87.97,86.8
HYG,2011-11-10,86.89,87.71,86.87
HYG,2011-11-11,88.04,88.11,87.33
HYG,2011-11-14,87.45,87.88,87.0
HYG,2011-11-15,87.22,87.4,86.9039
HYG,2011-11-16,86.373,87.12,86.35
HYG,2011-11-17,85.95,86.77,85.53
HYG,2011-11-18,85.89,86.31,85.79
HYG,2011-11-21,84.92,85.92,84.82
HYG,2011-11-22,84.27,85.14,84.19
HYG,2011-11-23,82.75,84.2,82.63
HYG,2011-11-25,82.75,83.692,82.53
HYG,2011-11-28,84.6,84.92,84.02
HYG,2011-11-29,85.15,85.15,84.62
HYG,2011-11-30,86.6,86.68,86.07
HYG,2011-12-01,86.43,86.52,85.84
HYG,2011-12-02,86.92,87.0,86.43
HYG,2011-12-05,87.41,87.64,87.12
HYG,2011-12-06,87.8,87.86,87.13
HYG,2011-12-07,87.52,87.68,87.19
HYG,2011-12-08,86.95,87.52,86.94
HYG,2011-12-09,87.7,87.75,87.0
HYG,2011-12-12,87.23,87.38,87.05
HYG,2011-12-13,86.9,87.71,86.87
HYG,2011-12-14,86.75,86.98,86.47
HYG,2011-12-15,87.06,87.35,86.93
HYG,2011-12-16,87.47,87.51,87.0
HYG,2011-12-19,87.36,87.95,87.35
HYG,2011-12-20,88.45,88.52,87.86
HYG,2011-12-21,88.7,88.7,88.1
HYG,2011-12-22,89.04,89.16,88.46
HYG,2011-12-23,89.45,89.507,88.87
HYG,2011-12-27,89.27,89.3,88.8
HYG,2011-12-28,88.85,89.49,88.76
HYG,2011-12-29,89.38,89.44,88.86
HYG,2011-12-30,89.43,89.65,89.26
HYG,2012-01-03,89.72,89.99,89.45
HYG,2012-01-04,89.57,89.71,89.11
HYG,2012-01-05,89.18,89.58,88.99
HYG,2012-01-06,88.9,89.39,88.75
HYG,2012-01-09,89.02,89.23,88.91
HYG,2012-01-10,89.33,89.48,89.2
HYG,2012-01-11,89.24,89.33,89.04
HYG,2012-01-12,89.12,89.44,89.04
HYG,2012-01-13,89.02,89.13,88.55
HYG,2012-01-17,89.2,89.38,89.06
HYG,2012-01-18,89.45,89.46,88.95
HYG,2012-01-19,89.58,89.85,89.46
HYG,2012-01-20,89.58,89.7371,89.5371
HYG,2012-01-23,89.89,90.02,89.66
HYG,2012-01-24,90.12,90.17,89.72
HYG,2012-01-25,90.91,91.0,89.92
HYG,2012-01-26,91.13,91.48,90.92
HYG,2012-01-27,90.8,91.18,90.8
HYG,2012-01-30,90.51,90.73,90.3455
HYG,2012-01-31,90.732,90.87,90.53
HYG,2012-02-01,90.4,90.72,90.28
HYG,2012-02-02,90.46,90.62,90.41
HYG,2012-02-03,90.72,91.24,90.58
HYG,2012-02-06,90.74,90.76,90.5
HYG,2012-02-07,90.92,90.99,90.67
HYG,2012-02-08,91.0,91.09,90.81
HYG,2012-02-09,91.04,91.09,90.67
HYG,2012-02-10,90.25,90.62,90.25
HYG,2012-02-13,90.51,90.72,90.33
HYG,2012-02-14,90.51,90.65,90.39
HYG,2012-02-15,90.22,90.77,90.2
HYG,2012-02-16,90.6,90.62,89.9926
HYG,2012-02-17,90.57,90.8599,90.45
HYG,2012-02-21,90.91,91.09,90.65
HYG,2012-02-22,91.2,91.25,90.97
HYG,2012-02-23,91.53,91.74,91.2
HYG,2012-02-24,91.81,91.85,91.48
HYG,2012-02-27,91.83,91.95,91.5915
HYG,2012-02-28,92.01,92.12,91.85
HYG,2012-02-29,92.126,92.26,91.77
HYG,2012-03-01,91.75,91.84,91.5
HYG,2012-03-02,91.37,91.73,91.34
HYG,2012-03-05,90.86,91.48,90.85
HYG,2012-03-06,89.65,90.74,89.65
HYG,2012-03-07,89.9,90.0075,89.64
HYG,2012-03-08,90.6,90.62,90.04
HYG,2012-03-09,90.7,90.94,90.6309
HYG,2012-03-12,90.7,90.72,90.5
HYG,2012-03-13,91.36,91.36,90.76
HYG,2012-03-14,91.13,91.35,90.67
HYG,2012-03-15,90.82,91.2,90.74
HYG,2012-03-16,90.49,91.0,90.3
HYG,2012-03-19,90.83,90.86,90.33
HYG,2012-03-20,90.76,90.915,90.61
HYG,2012-03-21,90.47,90.93,90.45
HYG,2012-03-22,90.69,90.78,90.43
HYG,2012-03-23,90.5,90.755,90.4
HYG,2012-03-26,91.05,91.06,90.5712
HYG,2012-03-27,91.21,91.31,90.94
HYG,2012-03-28,90.91,91.25,90.77
HYG,2012-03-29,90.9,90.95,90.6
HYG,2012-03-30,90.7185,91.07,90.59
HYG,2012-04-02,90.33,90.47,90.2
HYG,2012-04-03,90.25,90.52,90.24
HYG,2012-04-04,89.92,90.1,89.79
HYG,2012-04-05,89.7,89.9,89.59
HYG,2012-04-09,89.24,89.57,89.14
HYG,2012-04-10,88.8,89.43,88.72
HYG,2012-04-11,89.34,89.385,89.07
HYG,2012-04-12,90.14,90.21,89.34
HYG,2012-04-13,89.85,90.2,89.79
HYG,2012-04-16,89.99,90.17,89.715
HYG,2012-04-17,90.38,90.49,90.15
HYG,2012-04-18,90.35,90.46,90.19
HYG,2012-04-19,90.18,90.49,90.08
HYG,2012-04-20,90.32,90.46,90.115
HYG,2012-04-23,90.13,90.16,89.845
HYG,2012-04-24,90.34,90.34,90.1
HYG,2012-04-25,91.0,91.0,90.46
HYG,2012-04-26,91.06,91.14,90.96
HYG,2012-04-27,90.99,91.15,90.9
HYG,2012-04-30,91.2,91.22,90.8
HYG,2012-05-01,90.76,91.17,90.73
HYG,2012-05-02,91.11,91.185,90.6
HYG,2012-05-03,91.05,91.25,90.95
HYG,2012-05-04,90.87,91.08,90.8
HYG,2012-05-07,91.02,91.24,90.61
HYG,2012-05-08,91.0,91.07,90.72
HYG,2012-05-09,90.68,90.86,90.44
HYG,2012-05-10,90.58,91.03,90.52
HYG,2012-05-11,90.81,91.15,90.48
HYG,2012-05-14,90.14,90.57,90.0
HYG,2012-05-15,89.7,90.18,89.7
HYG,2012-05-16,88.82,90.05,88.79
HYG,2012-05-17,87.59,88.83,87.37
HYG,2012-05-18,87.585,88.29,87.48
HYG,2012-05-21,88.5,88.56,87.68
HYG,2012-05-22,88.49,89.1101,88.38
HYG,2012-05-23,88.4,88.68,87.95
HYG,2012-05-24,88.42,88.65,88.25
HYG,2012-05-25,88.14,88.64,88.09
HYG,2012-05-29,89.11,89.25,88.45
HYG,2012-05-30,88.71,88.81,88.53
HYG,2012-05-31,87.77,88.8,87.75
HYG,2012-06-01,86.47,87.16,86.36
HYG,2012-06-04,86.54,86.85,86.43
HYG,2012-06-05,87.09,87.38,86.45
HYG,2012-06-06,88.02,88.04,87.31
HYG,2012-06-07,88.35,88.74,88.04
HYG,2012-06-08,88.69,88.9,88.19
HYG,2012-06-11,88.11,88.99,88.1
HYG,2012-06-12,88.73,88.82,88.26
HYG,2012-06-13,88.47,88.92,88.26
HYG,2012-06-14,89.13,89.24,88.43
HYG,2012-06-15,89.29,89.38,89.0
HYG,2012-06-18,89.32,89.34,89.0
HYG,2012-06-19,89.95,90.11,89.34
HYG,2012-06-20,90.3,90.34,89.82
HYG,2012-06-21,89.56,90.7,89.42
HYG,2012-06-22,90.17,90.28,89.85
HYG,2012-06-25,90.03,90.05,89.67
HYG,2012-06-26,89.9,90.12,89.66
HYG,2012-06-27,90.44,90.46,90.06
HYG,2012-06-28,90.43,90.49,90.08
HYG,2012-06-29,91.29,91.29,90.78
HYG,2012-07-02,90.87,90.87,90.4
HYG,2012-07-03,91.2,91.26,90.83
HYG,2012-07-05,91.21,91.41,90.718
HYG,2012-07-06,91.09,91.13,90.7
HYG,2012-07-09,91.12,91.24,90.8905
HYG,2012-07-10,90.72,91.34,90.6
HYG,2012-07-11,91.01,91.08,90.64
HYG,2012-07-12,90.81,90.96,90.46
HYG,2012-07-13,91.09,91.134,90.76
HYG,2012-07-16,90.74,91.03,90.66
HYG,2012-07-17,91.17,91.19,90.69
HYG,2012-07-18,91.55,91.55,91.09
HYG,2012-07-19,91.78,91.89,91.48
HYG,2012-07-20,91.35,91.61,91.23
HYG,2012-07-23,91.2,91.29,90.58
HYG,2012-07-24,90.64,91.16,90.57
HYG,2012-07-25,90.45,90.93,90.44
HYG,2012-07-26,91.38,91.42,90.83
HYG,2012-07-27,91.92,91.94,91.37
HYG,2012-07-30,91.92,91.95,91.65
HYG,2012-07-31,91.7,91.99,91.54
HYG,2012-08-01,91.69,91.69,91.15
HYG,2012-08-02,91.32,91.59,91.15
HYG,2012-08-03,91.7,91.9,91.57
HYG,2012-08-06,91.64,91.99,91.64
HYG,2012-08-07,91.46,91.9,91.36
HYG,2012-08-08,91.52,91.705,91.48
HYG,2012-08-09,91.53,91.66,91.382
HYG,2012-08-10,91.45,91.58,91.31
HYG,2012-08-13,91.5,91.5,91.25
HYG,2012-08-14,91.64,91.79,91.47
HYG,2012-08-15,91.2,91.73,91.2
HYG,2012-08-16,91.54,91.58,91.08
HYG,2012-08-17,91.54,91.65,91.39
HYG,2012-08-20,91.65,91.7,91.41
HYG,2012-08-21,91.85,91.861,91.7
HYG,2012-08-22,91.76,91.868,91.68
HYG,2012-08-23,91.74,91.85,91.61
HYG,2012-08-24,92.15,92.16,91.69
HYG,2012-08-27,92.08,92.225,91.916
HYG,2012-08-28,92.0,92.15,91.95
HYG,2012-08-29,92.13,92.17,92.0
HYG,2012-08-30,92.09,92.1829,92.0
HYG,2012-08-31,92.33,92.4,92.09
HYG,2012-09-04,91.82,91.87,91.56
HYG,2012-09-05,91.83,91.92,91.76
HYG,2012-09-06,92.37,92.38,91.86
HYG,2012-09-07,92.53,92.6,92.3709
HYG,2012-09-10,92.38,92.71,92.32
HYG,2012-09-11,93.01,93.01,92.43
HYG,2012-09-12,93.29,93.31,93.08
HYG,2012-09-13,93.89,93.91,93.26
HYG,2012-09-14,93.88,94.04,93.71
HYG,2012-09-17,93.8,93.98,93.7
HYG,2012-09-18,93.84,93.92,93.624
HYG,2012-09-19,93.72,93.94,93.72
HYG,2012-09-20,93.28,93.64,93.27
HYG,2012-09-21,93.15,93.47,93.03
HYG,2012-09-24,93.03,93.12,92.94
HYG,2012-09-25,92.2,93.1,92.13
HYG,2012-09-26,91.74,92.2,91.48
HYG,2012-09-27,92.74,92.74,92.0
HYG,2012-09-28,92.3,92.67,92.29
HYG,2012-10-01,91.663,92.27,91.6
HYG,2012-10-02,91.89,91.97,91.64
HYG,2012-10-03,92.12,92.35,91.91
HYG,2012-10-04,92.51,92.57,92.18
HYG,2012-10-05,92.46,92.79,92.28
HYG,2012-10-08,92.33,92.4,92.19
HYG,2012-10-09,92.075,92.51,92.05
HYG,2012-10-10,91.85,92.21,91.8
HYG,2012-10-11,92.35,92.37,92.12
HYG,2012-10-12,92.51,92.76,92.31
HYG,2012-10-15,92.93,92.97,92.5802
HYG,2012-10-16,93.27,93.33,92.94
HYG,2012-10-17,93.48,93.56,93.3
HYG,2012-10-18,93.43,93.53,93.3
HYG,2012-10-19,92.96,93.42,92.8818
HYG,2012-10-22,92.98,93.19,92.92
HYG,2012-10-23,92.6307,92.81,92.5
HYG,2012-10-24,92.55,92.87,92.5
HYG,2012-10-25,92.7,92.9637,92.6
HYG,2012-10-26,92.48,92.79,92.28
HYG,2012-10-31,92.5923,92.67,92.44
HYG,2012-11-01,92.54,92.63,92.06
HYG,2012-11-02,92.41,92.75,92.39
HYG,2012-11-05,92.261,92.59,92.115
HYG,2012-11-06,92.4,92.52,92.27
HYG,2012-11-07,91.85,92.27,91.8
HYG,2012-11-08,91.55,92.16,91.5
HYG,2012-11-09,91.39,91.68,91.25
HYG,2012-11-12,91.42,91.57,91.32
HYG,2012-11-13,91.21,91.38,91.07
HYG,2012-11-14,90.71,91.5,90.64
HYG,2012-11-15,90.6697,90.92,90.09
HYG,2012-11-16,90.93,91.0,90.5245
HYG,2012-11-19,92.08,92.12,91.21
HYG,2012-11-20,92.09,92.18,91.84
HYG,2012-11-21,92.06,92.23,91.97
HYG,2012-11-23,92.37,92.44,92.1101
HYG,2012-11-26,92.39,92.39,92.01
HYG,2012-11-27,92.48,92.57,92.26
HYG,2012-11-28,92.5,92.735,92.24
HYG,2012-11-29,92.91,92.95,92.6
HYG,2012-11-30,93.05,93.15,92.87
HYG,2012-12-03,93.03,93.03,92.66
HYG,2012-12-04,93.03,93.1697,92.85
HYG,2012-12-05,93.18,93.295,92.85
HYG,2012-12-06,93.35,93.395,93.15
HYG,2012-12-07,93.21,93.5,93.162
HYG,2012-12-10,93.29,93.5,93.17
HYG,2012-12-11,93.38,93.71,93.35
HYG,2012-12-12,93.6593,93.8,93.439
HYG,2012-12-13,93.33,93.8,93.3
HYG,2012-12-14,93.26,93.5,93.26
HYG,2012-12-17,93.62,93.7,93.32
HYG,2012-12-18,93.67,93.81,93.58
HYG,2012-12-19,93.57,93.74,93.57
HYG,2012-12-20,93.9,93.91,93.59
HYG,2012-12-21,93.63,93.68,93.44
HYG,2012-12-24,93.29,93.55,93.19
HYG,2012-12-26,93.01,93.14,92.79
HYG,2012-12-27,93.2,93.2,92.89
HYG,2012-12-28,92.95,93.24,92.86
HYG,2012-12-31,93.35,93.4,92.93
HYG,2013-01-02,94.23,94.23,93.8
HYG,2013-01-03,93.939,94.29,93.88
HYG,2013-01-04,94.0,94.08,93.83
HYG,2013-01-07,94.08,94.09,93.83
HYG,2013-01-08,94.01,94.12,93.93
HYG,2013-01-09,94.19,94.24,94.01
HYG,2013-01-10,94.35,94.38,94.2
HYG,2013-01-11,94.52,94.52,94.21
HYG,2013-01-14,94.39,94.47,94.22
HYG,2013-01-15,94.41,94.42,94.17
HYG,2013-01-16,94.25,94.4,94.17
HYG,2013-01-17,94.59,94.61,94.31
HYG,2013-01-18,94.72,94.72,94.48
HYG,2013-01-22,94.78,94.87,94.54
HYG,2013-01-23,94.67,94.785,94.65
HYG,2013-01-24,94.88,94.93,94.69
HYG,2013-01-25,94.85,94.97,94.78
HYG,2013-01-28,94.8,94.84,94.69
HYG,2013-01-29,94.64,94.75,94.54
HYG,2013-01-30,93.96,94.51,93.89
HYG,2013-01-31,93.67,94.11,93.62
HYG,2013-02-01,93.48,93.76,93.46
HYG,2013-02-04,93.09,93.4,93.01
HYG,2013-02-05,93.3,93.4,93.2
HYG,2013-02-06,93.16,93.29,93.06
HYG,2013-02-07,92.98,93.13,92.81
HYG,2013-02-08,93.0,93.1,92.91
HYG,2013-02-11,92.99,93.08,92.86
HYG,2013-02-12,93.31,93.36,92.91
HYG,2013-02-13,93.45,93.479,93.17
HYG,2013-02-14,93.41,93.55,93.25
HYG,2013-02-15,93.42,93.66,93.26
HYG,2013-02-19,93.51,93.59,93.41
HYG,2013-02-20,93.42,93.72,93.4
HYG,2013-02-21,93.52,93.59,93.3
HYG,2013-02-22,93.75,93.75,93.509
HYG,2013-02-25,93.46,93.93,93.45
HYG,2013-02-26,93.92,93.92,93.47
HYG,2013-02-27,94.08,94.15,93.75
HYG,2013-02-28,94.04,94.13,93.94
HYG,2013-03-01,93.72,93.99,93.48
HYG,2013-03-04,93.73,93.8,93.61
HYG,2013-03-05,93.92,94.02,93.79
HYG,2013-03-06,93.86,94.06,93.84
HYG,2013-03-07,94.0,94.0,93.9
HYG,2013-03-08,94.11,94.19,93.92
HYG,2013-03-11,94.05,94.15,94.0
HYG,2013-03-12,94.01,94.1,93.96
HYG,2013-03-13,94.03,94.17,93.95
HYG,2013-03-14,94.39,94.39,94.07
HYG,2013-03-15,94.38,94.4,94.2
HYG,2013-03-18,94.4,94.46,94.0
HYG,2013-03-19,94.24,94.53,94.205
HYG,2013-03-20,94.55,94.595,94.32
HYG,2013-03-21,94.38,94.556,94.22
HYG,2013-03-22,94.31,94.4563,94.25
HYG,2013-03-25,94.17,94.44,94.15
HYG,2013-03-26,94.34,94.4,94.255
HYG,2013-03-27,94.18,94.295,94.17
HYG,2013-03-28,94.35,94.38,94.16
HYG,2013-04-01,94.03,94.09,93.65
HYG,2013-04-02,93.96,94.181,93.92
HYG,2013-04-03,93.96,94.05,93.78
HYG,2013-04-04,93.93,94.15,93.87
HYG,2013-04-05,94.02,94.02,93.68
HYG,2013-04-08,94.12,94.15,93.95
HYG,2013-04-09,94.42,94.42,94.12
HYG,2013-04-10,94.72,94.76,94.35
HYG,2013-04-11,94.721,94.79,94.64
HYG,2013-04-12,94.75,94.81,94.55
HYG,2013-04-15,94.15,94.75,94.13
HYG,2013-04-16,94.8,94.81,94.3201
HYG,2013-04-17,94.65,94.67,94.4
HYG,2013-04-18,94.5,94.67,94.46
HYG,2013-04-19,94.45,94.66,94.43
HYG,2013-04-22,94.67,94.89,94.53
HYG,2013-04-23,95.04,95.05,94.77
HYG,2013-04-24,95.21,95.26,95.01
HYG,2013-04-25,95.47,95.52,95.14
HYG,2013-04-26,95.37,95.48,95.33
HYG,2013-04-29,95.55,95.59,95.38
HYG,2013-04-30,95.85,95.85,95.55
HYG,2013-05-01,95.2,95.56,95.18
HYG,2013-05-02,95.8101,95.83,95.37
HYG,2013-05-03,95.96,96.1301,95.86
HYG,2013-05-06,96.02,96.06,95.88
HYG,2013-05-07,95.95,96.1502,95.92
HYG,2013-05-08,96.29,96.3,96.02
HYG,2013-05-09,96.01,96.29,96.0
HYG,2013-05-10,95.51,96.05,95.46
HYG,2013-05-13,95.12,95.5,95.11
HYG,2013-05-14,95.22,95.46,95.11
HYG,2013-05-15,95.23,95.34,95.09
HYG,2013-05-16,95.46,95.6392,95.18
HYG,2013-05-17,95.46,95.63,95.34
HYG,2013-05-20,95.56,95.64,95.36
HYG,2013-05-21,95.74,95.78,95.54
HYG,2013-05-22,95.15,95.88,95.1
HYG,2013-05-23,94.89,95.021,94.69
HYG,2013-05-24,94.71,94.79,94.67
HYG,2013-05-28,94.36,95.03,94.31
HYG,2013-05-29,93.98,94.26,93.55
HYG,2013-05-30,94.17,94.36,93.69
HYG,2013-05-31,92.92,94.11,92.9
HYG,2013-06-03,92.36,92.52,91.8
HYG,2013-06-04,92.36,93.05,92.19
HYG,2013-06-05,91.56,92.24,91.44
HYG,2013-06-06,92.28,92.59,91.32
HYG,2013-06-07,92.34,92.97,92.2
HYG,2013-06-10,92.15,92.59,92.08
HYG,2013-06-11,91.58,92.235,91.29
HYG,2013-06-12,91.65,92.12,91.63
HYG,2013-06-13,92.7,92.82,91.65
HYG,2013-06-14,92.81,92.94,92.55
HYG,2013-06-17,92.8,93.45,92.8
HYG,2013-06-18,93.03,93.11,92.76
HYG,2013-06-19,91.64,93.27,91.62
HYG,2013-06-20,90.74,91.58,90.28
HYG,2013-06-21,90.15,91.105,90.12
HYG,2013-06-24,89.04,90.0,88.27
HYG,2013-06-25,90.31,90.31,89.5
HYG,2013-06-26,91.06,91.18,90.57
HYG,2013-06-27,91.5,91.94,91.4
HYG,2013-06-28,90.88,91.32,90.47
HYG,2013-07-01,90.89,90.99,90.5
HYG,2013-07-02,90.61,91.05,90.35
HYG,2013-07-03,90.82,90.86,90.28
HYG,2013-07-05,89.85,90.44,89.63
HYG,2013-07-08,91.09,91.09,90.0
HYG,2013-07-09,91.14,91.19,90.87
HYG,2013-07-10,91.5,91.54,91.08
HYG,2013-07-11,92.65,92.67,92.0
HYG,2013-07-12,92.56,92.67,92.25
HYG,2013-07-15,92.95,93.09,92.56
HYG,2013-07-16,92.72,93.09,92.47
HYG,2013-07-17,93.4,93.52,93.0
HYG,2013-07-18,93.96,94.0,93.44
HYG,2013-07-19,93.9,93.97,93.77
HYG,2013-07-22,93.97,94.01,93.75
HYG,2013-07-23,93.74,93.98,93.67
HYG,2013-07-24,92.95,93.64,92.66
HYG,2013-07-25,92.74,92.88,92.44
HYG,2013-07-26,92.78,92.78,92.39
HYG,2013-07-29,92.58,92.73,92.42
HYG,2013-07-30,92.71,92.87,92.52
HYG,2013-07-31,92.98,93.01,92.28
HYG,2013-08-01,91.65,92.59,91.61
HYG,2013-08-02,92.21,92.26,91.81
HYG,2013-08-05,91.74,92.18,91.7
HYG,2013-08-06,91.65,91.93,91.36
HYG,2013-08-07,91.36,91.54,91.29
HYG,2013-08-08,91.56,91.59,91.375
HYG,2013-08-09,91.57,91.675,91.12
HYG,2013-08-12,91.49,91.72,91.42
HYG,2013-08-13,91.49,91.57,91.3
HYG,2013-08-14,91.31,91.49,91.26
HYG,2013-08-15,90.84,91.09,90.7499
HYG,2013-08-16,90.53,91.1,90.42
HYG,2013-08-19,89.93,90.63,89.8
HYG,2013-08-20,90.76,90.861,90.28
HYG,2013-08-21,90.43,90.78,90.37
HYG,2013-08-22,90.92,90.92,90.49
HYG,2013-08-23,91.3,91.36,90.85
HYG,2013-08-26,91.31,91.39,91.127
HYG,2013-08-27,90.72,91.13,90.71
HYG,2013-08-28,91.06,91.09,90.66
HYG,2013-08-29,91.43,91.5,90.82
HYG,2013-08-30,91.35,91.59,91.19
HYG,2013-09-03,90.39,91.18,90.31
HYG,2013-09-04,90.73,90.845,90.51
HYG,2013-09-05,90.27,90.65,90.27
HYG,2013-09-06,90.57,91.1,90.42
HYG,2013-09-09,90.8,91.0,90.71
HYG,2013-09-10,91.12,91.13,90.87
HYG,2013-09-11,91.24,91.26,90.9
HYG,2013-09-12,91.13,91.315,91.1
HYG,2013-09-13,91.06,91.318,90.98
HYG,2013-09-16,91.56,91.81,91.45
HYG,2013-09-17,91.86,91.9799,91.61
HYG,2013-09-18,92.74,92.88,91.71
HYG,2013-09-19,92.47,92.99,92.4
HYG,2013-09-20,92.36,92.49,92.28
HYG,2013-09-23,92.35,92.46,92.22
HYG,2013-09-24,92.15,92.41,92.06
HYG,2013-09-25,91.99,92.26,91.95
HYG,2013-09-26,91.94,92.13,91.77
HYG,2013-09-27,91.84,91.94,91.61
HYG,2013-09-30,91.58,91.95,91.5
HYG,2013-10-01,91.53,91.55,91.06
HYG,2013-10-02,91.57,91.57,91.25
HYG,2013-10-03,91.63,91.69,91.425
HYG,2013-10-04,91.79,91.87,91.54
HYG,2013-10-07,91.55,91.76,91.46
HYG,2013-10-08,91.51,91.86,91.49
HYG,2013-10-09,91.59,91.78,91.51
HYG,2013-10-10,92.01,92.1,91.82
HYG,2013-10-11,92.18,92.24,92.0101
HYG,2013-10-14,92.32,92.41,92.0
HYG,2013-10-15,92.29,92.4,92.05
HYG,2013-10-16,92.78,92.79,92.32
HYG,2013-10-17,93.23,93.25,92.73
HYG,2013-10-18,93.42,93.5,93.2503
HYG,2013-10-21,93.21,93.46,93.21
HYG,2013-10-22,93.49,93.605,93.36
HYG,2013-10-23,93.57,93.59,93.315
HYG,2013-10-24,93.6,93.69,93.4601
HYG,2013-10-25,93.63,93.7,93.55
HYG,2013-10-28,93.61,93.7,93.58
HYG,2013-10-29,93.76,93.79,93.57
HYG,2013-10-30,93.38,93.83,93.31
HYG,2013-10-31,93.43,93.54,93.22
HYG,2013-11-01,92.82,93.26,92.8
HYG,2013-11-04,92.98,93.08,92.93
HYG,2013-11-05,92.73,92.92,92.73
HYG,2013-11-06,93.0,93.01,92.82
HYG,2013-11-07,93.06,93.135,92.92
HYG,2013-11-08,92.9,92.96,92.66
HYG,2013-11-11,92.55,92.94,92.53
HYG,2013-11-12,92.42,92.59,92.37
HYG,2013-11-13,92.77,92.78,92.316
HYG,2013-11-14,93.04,93.05,92.65
HYG,2013-11-15,93.18,93.18,92.96
HYG,2013-11-18,92.91,93.25,92.83
HYG,2013-11-19,92.87,93.005,92.79
HYG,2013-11-20,92.78,93.07,92.6693
HYG,2013-11-21,93.1,93.1,92.76
HYG,2013-11-22,93.17,93.2,92.99
HYG,2013-11-25,93.31,93.34,93.06
HYG,2013-11-26,93.38,93.43,93.15
HYG,2013-11-27,93.32,93.64,93.3
HYG,2013-11-29,93.42,93.449,93.31
HYG,2013-12-02,93.0,93.03,92.85
HYG,2013-12-03,92.91,93.0,92.76
HYG,2013-12-04,92.67,92.868,92.54
HYG,2013-12-05,92.6,92.76,92.54
HYG,2013-12-06,92.86,92.98,92.65
HYG,2013-12-09,93.2,93.25,92.9
HYG,2013-12-10,93.2,93.24,93.09
HYG,2013-12-11,92.92,93.2,92.79
HYG,2013-12-12,92.75,93.01,92.75
HYG,2013-12-13,92.9,92.97,92.79
HYG,2013-12-16,92.98,93.04,92.87
HYG,2013-12-17,92.99,93.08,92.88
HYG,2013-12-18,93.15,93.28,92.75
HYG,2013-12-19,93.05,93.09,92.91
HYG,2013-12-20,93.11,93.11,92.93
HYG,2013-12-23,93.18,93.33,93.01
HYG,2013-12-24,93.13,93.21,93.1
HYG,2013-12-26,92.75,92.77,92.61
HYG,2013-12-27,92.74,92.78,92.65
HYG,2013-12-30,92.82,92.87,92.67
HYG,2013-12-31,92.88,92.96,92.77
HYG,2014-01-02,93.04,93.05,92.71
HYG,2014-01-03,93.01,93.11,92.94
HYG,2014-01-06,93.21,93.23,93.06
HYG,2014-01-07,93.21,93.31,93.16
HYG,2014-01-08,93.15,93.29,93.12
HYG,2014-01-09,93.29,93.3,93.19
HYG,2014-01-10,93.57,93.57,93.35
HYG,2014-01-13,93.47,93.61,93.41
HYG,2014-01-14,93.61,93.68,93.48
HYG,2014-01-15,93.8,93.8,93.61
HYG,2014-01-16,93.76,93.83,93.73
HYG,2014-01-17,93.78,93.89,93.72
HYG,2014-01-21,93.9,93.95,93.82
HYG,2014-01-22,93.76,93.94,93.73
HYG,2014-01-23,93.64,93.805,93.58
HYG,2014-01-24,93.02,93.47,92.99
HYG,2014-01-27,92.99,93.22,92.95
HYG,2014-01-28,93.4,93.48,93.0401
HYG,2014-01-29,93.12,93.26,93.1
HYG,2014-01-30,93.28,93.43,93.21
HYG,2014-01-31,93.25,93.37,93.12
HYG,2014-02-03,92.51,93.02,92.3
HYG,2014-02-04,92.62,92.8,92.58
HYG,2014-02-05,92.62,92.7,92.53
HYG,2014-02-06,92.95,92.97,92.66
HYG,2014-02-07,93.42,93.42,93.06
HYG,2014-02-10,93.48,93.54,93.31
HYG,2014-02-11,93.64,93.75,93.44
HYG,2014-02-12,93.49,93.72,93.46
HYG,2014-02-13,93.76,93.78,93.44
HYG,2014-02-14,93.91,93.95,93.69
HYG,2014-02-18,94.04,94.09,93.82
HYG,2014-02-19,93.8,94.191,93.78
HYG,2014-02-20,94.09,94.09,93.87
HYG,2014-02-21,94.17,94.23,94.1
HYG,2014-02-24,94.38,94.44,94.25
HYG,2014-02-25,94.49,94.52,94.38
HYG,2014-02-26,94.65,94.65,94.5025
HYG,2014-02-27,94.83,94.84,94.65
HYG,2014-02-28,94.93,95.02,94.72
HYG,2014-03-03,94.38,94.5,94.11
HYG,2014-03-04,94.72,94.75,94.48
HYG,2014-03-05,94.55,94.7,94.5
HYG,2014-03-06,94.41,94.67,94.37
HYG,2014-03-07,94.05,94.38,94.01
HYG,2014-03-10,94.06,94.09,93.92
HYG,2014-03-11,93.96,94.16,93.94
HYG,2014-03-12,94.12,94.14,93.965
HYG,2014-03-13,93.87,94.18,93.83
HYG,2014-03-14,93.8,94.01,93.74
HYG,2014-03-17,93.93,94.01,93.85
HYG,2014-03-18,94.21,94.23,93.932
HYG,2014-03-19,93.73,94.27,93.54
HYG,2014-03-20,94.05,94.07,93.67
HYG,2014-03-21,93.99,94.16,93.96
HYG,2014-03-24,94.02,94.2,93.96
HYG,2014-03-25,94.21,94.29,94.09
HYG,2014-03-26,94.23,94.35,94.158
HYG,2014-03-27,94.09,94.24,94.07
HYG,2014-03-28,94.25,94.3534,94.17
HYG,2014-03-31,94.39,94.49,94.34
HYG,2014-04-01,94.12,94.12,93.97
HYG,2014-04-02,94.02,94.14,93.98
HYG,2014-04-03,94.06,94.15,94.04
HYG,2014-04-04,94.28,94.36,94.15
HYG,2014-04-07,94.08,94.3,94.07
HYG,2014-04-08,94.3,94.3,94.08
HYG,2014-04-09,94.45,94.46,94.2
HYG,2014-04-10,94.18,94.5,94.18
HYG,2014-04-11,93.78,94.22,93.77
HYG,2014-04-14,94.08,94.14,93.84
HYG,2014-04-15,94.18,94.22,94.0
HYG,2014-04-16,94.23,94.25,94.1
HYG,2014-04-17,94.12,94.25,94.1
HYG,2014-04-21,94.12,94.28,94.1
HYG,2014-04-22,94.22,94.27,94.12
HYG,2014-04-23,94.25,94.44,94.2
HYG,2014-04-24,94.27,94.4,94.1501
HYG,2014-04-25,94.24,94.32,94.155
HYG,2014-04-28,94.22,94.2999,94.13
HYG,2014-04-29,94.36,94.38,94.192
HYG,2014-04-30,94.34,94.42,94.2
HYG,2014-05-01,93.82,94.05,93.82
HYG,2014-05-02,94.04,94.04,93.83
HYG,2014-05-05,94.0,94.08,93.75
HYG,2014-05-06,94.02,94.15,93.98
HYG,2014-05-07,94.16,94.26,94.05
HYG,2014-05-08,94.14,94.305,94.09
HYG,2014-05-09,94.23,94.3,94.14
HYG,2014-05-12,94.33,94.38,94.22
HYG,2014-05-13,94.48,94.6233,94.25
HYG,2014-05-14,94.53,94.59,94.3899
HYG,2014-05-15,94.44,94.6,94.34
HYG,2014-05-16,94.6299,94.65,94.38
HYG,2014-05-19,94.77,94.848,94.51
HYG,2014-05-20,94.65,94.78,94.64
HYG,2014-05-21,94.64,94.77,94.5
HYG,2014-05-22,94.71,94.7299,94.59
HYG,2014-05-23,94.74,94.84,94.66
HYG,2014-05-27,94.83,94.85,94.72
HYG,2014-05-28,94.86,94.9,94.81
HYG,2014-05-29,94.95,95.0,94.84
HYG,2014-05-30,95.05,95.065,94.926
HYG,2014-06-02,94.32,94.75,94.31
HYG,2014-06-03,94.33,94.43,94.31
HYG,2014-06-04,94.33,94.4,94.26
HYG,2014-06-05,94.56,94.59,94.333
HYG,2014-06-06,94.83,94.905,94.59
HYG,2014-06-09,94.94,94.98,94.78
HYG,2014-06-10,94.89,95.0,94.76
HYG,2014-06-11,94.9,94.92,94.78
HYG,2014-06-12,94.84,94.93,94.81
HYG,2014-06-13,94.95,94.98,94.83
HYG,2014-06-16,94.9,95.0,94.89
HYG,2014-06-17,94.83,95.0,94.78
HYG,2014-06-18,95.26,95.31,94.84
HYG,2014-06-19,95.24,95.3099,95.15
HYG,2014-06-20,95.33,95.4,95.2401
HYG,2014-06-23,95.32,95.43,95.29
HYG,2014-06-24,95.24,95.41,95.24
HYG,2014-06-25,95.38,95.4,95.25
HYG,2014-06-26,95.28,95.39,95.2
HYG,2014-06-27,95.28,95.33,95.19
HYG,2014-06-30,95.2,95.32,95.11
HYG,2014-07-01,94.81,95.03,94.78
HYG,2014-07-02,94.87,95.0,94.81
HYG,2014-07-03,94.73,94.91,94.7
HYG,2014-07-07,94.66,94.8,94.65
HYG,2014-07-08,94.68,94.78,94.66
HYG,2014-07-09,94.61,94.8,94.58
HYG,2014-07-10,94.32,94.54,94.29
HYG,2014-07-11,94.48,94.53,94.33
HYG,2014-07-14,94.45,94.8,94.44
HYG,2014-07-15,94.3,94.51,94.29
HYG,2014-07-16,94.15,94.41,94.13
HYG,2014-07-17,93.49,94.14,93.48
HYG,2014-07-18,93.88,93.98,93.65
HYG,2014-07-21,93.72,93.88,93.63
HYG,2014-07-22,93.85,94.0,93.755
HYG,2014-07-23,94.03,94.08,93.93
HYG,2014-07-24,94.2,94.29,93.99
HYG,2014-07-25,94.04,94.2299,94.01
HYG,2014-07-28,93.76,94.04,93.74
HYG,2014-07-29,93.63,94.0,93.61
HYG,2014-07-30,93.24,93.77,93.1
HYG,2014-07-31,92.48,92.97,92.44
HYG,2014-08-01,92.04,92.35,91.3243
HYG,2014-08-04,92.6,92.63,92.025
HYG,2014-08-05,92.42,92.63,92.28
HYG,2014-08-06,92.64,92.73,92.35
HYG,2014-08-07,92.7,92.95,92.6723
HYG,2014-08-08,92.99,93.06,92.5
HYG,2014-08-11,93.43,93.49,92.99
HYG,2014-08-12,93.41,93.56,93.32
HYG,2014-08-13,93.68,93.7,93.46
HYG,2014-08-14,93.86,93.96,93.71
HYG,2014-08-15,94.05,94.11,93.87
HYG,2014-08-18,94.32,94.34,94.0063
HYG,2014-08-19,94.29,94.38,94.24
HYG,2014-08-20,94.36,94.48,94.17
HYG,2014-08-21,94.36,94.46,94.34
HYG,2014-08-22,94.13,94.41,94.09
HYG,2014-08-25,94.33,94.38,94.08
HYG,2014-08-26,94.4,94.47,94.31
HYG,2014-08-27,94.31,94.48,94.3
HYG,2014-08-28,94.17,94.39,94.13
HYG,2014-08-29,94.24,94.28,94.115
HYG,2014-09-02,93.92,93.98,93.75
HYG,2014-09-03,93.68,93.92,93.67
HYG,2014-09-04,93.37,93.77,93.26
HYG,2014-09-05,93.26,93.45,93.25
HYG,2014-09-08,93.17,93.35,93.08
HYG,2014-09-09,92.74,93.14,92.71
HYG,2014-09-10,92.78,92.82,92.55
HYG,2014-09-11,92.78,92.8366,92.58
HYG,2014-09-12,92.67,92.795,92.52
HYG,2014-09-15,92.5,92.76,92.47
HYG,2014-09-16,92.69,92.86,92.43
HYG,2014-09-17,92.99,93.09,92.76
HYG,2014-09-18,93.02,93.08,92.91
HYG,2014-09-19,93.16,93.19,93.02
HYG,2014-09-22,92.99,93.24,92.91
HYG,2014-09-23,92.52,92.92,92.44
HYG,2014-09-24,92.24,92.5,92.06
HYG,2014-09-25,91.61,92.1,91.5
HYG,2014-09-26,91.55,91.7299,90.95
HYG,2014-09-29,91.36,91.37,90.89
HYG,2014-09-30,91.95,92.03,91.55
HYG,2014-10-01,91.66,91.9,91.52
HYG,2014-10-02,91.84,91.88,91.4
HYG,2014-10-03,92.15,92.43,91.97
HYG,2014-10-06,92.25,92.44,92.14
HYG,2014-10-07,91.9,92.21,91.81
HYG,2014-10-08,92.34,92.38,91.731
HYG,2014-10-09,91.36,92.23,91.27
HYG,2014-10-10,90.62,91.31,90.51
HYG,2014-10-13,90.17,90.96,90.15
HYG,2014-10-14,90.47,90.77,90.22
HYG,2014-10-15,90.49,90.49,89.21
HYG,2014-10-16,91.0,91.1,89.85
HYG,2014-10-17,91.77,92.235,91.4
HYG,2014-10-20,92.43,92.5,91.73
HYG,2014-10-21,93.18,93.2,92.62
HYG,2014-10-22,92.57,93.2,92.45
HYG,2014-10-23,92.53,94.92,92.51
HYG,2014-10-24,92.79,92.92,92.45
HYG,2014-10-27,92.41,92.75,92.34
HYG,2014-10-28,92.56,92.7099,92.38
HYG,2014-10-29,92.49,92.68,92.21
HYG,2014-10-30,92.45,94.95,92.385
HYG,2014-10-31,92.53,92.81,92.5
HYG,2014-11-03,92.32,92.51,92.18
HYG,2014-11-04,92.03,92.29,91.955
HYG,2014-11-05,92.01,92.18,91.91
HYG,2014-11-06,92.25,92.27,92.07
HYG,2014-11-07,92.34,92.38,92.14
HYG,2014-11-10,92.38,92.42,92.29
HYG,2014-11-11,92.59,92.62,92.245
HYG,2014-11-12,92.29,92.51,92.26
HYG,2014-11-13,91.91,92.38,91.795
HYG,2014-11-14,91.45,91.94,91.41
HYG,2014-11-17,91.44,91.67,91.35
HYG,2014-11-18,91.26,91.56,91.25
HYG,2014-11-19,91.24,91.26,90.86
HYG,2014-11-20,91.25,91.3,90.92
HYG,2014-11-21,91.75,92.005,91.525
HYG,2014-11-24,91.74,91.937,91.63
HYG,2014-11-25,91.89,91.95,91.66
HYG,2014-11-26,92.01,92.13,91.9
HYG,2014-11-28,91.13,91.65,91.04
HYG,2014-12-01,89.8,90.67,89.7427
HYG,2014-12-02,90.29,90.32,89.87
HYG,2014-12-03,90.44,90.51,90.2
HYG,2014-12-04,90.38,90.5,90.3
HYG,2014-12-05,90.31,90.39,90.04
HYG,2014-12-08,89.85,90.2,89.701
HYG,2014-12-09,89.8,89.88,89.225
HYG,2014-12-10,88.77,89.5,88.42
HYG,2014-12-11,88.45,88.91,87.92
HYG,2014-12-12,87.25,87.94,87.095
HYG,2014-12-15,87.2,87.6,86.46
HYG,2014-12-16,86.89,87.66,86.12
HYG,2014-12-17,88.659,88.98,86.89
HYG,2014-12-18,89.37,90.305,88.72
HYG,2014-12-19,90.23,90.31,89.52
HYG,2014-12-22,90.01,90.3,89.7
HYG,2014-12-23,90.33,90.41,89.95
HYG,2014-12-24,90.25,90.3,89.92
HYG,2014-12-26,89.97,90.5,89.9
HYG,2014-12-29,90.02,90.24,89.73
HYG,2014-12-30,89.84,89.96,89.66
HYG,2014-12-31,89.6,90.0,89.44
HYG,2015-01-02,89.6,89.93,89.49
HYG,2015-01-05,88.77,89.24,88.645
HYG,2015-01-06,88.43,88.96,88.34
HYG,2015-01-07,88.98,89.28,88.87
HYG,2015-01-08,89.65,89.825,88.98
HYG,2015-01-09,90.1,90.14,89.37
HYG,2015-01-12,89.99,90.17,89.64
HYG,2015-01-13,89.99,90.23,89.54
HYG,2015-01-14,89.78,89.84,89.35
HYG,2015-01-15,89.23,89.98,89.21
HYG,2015-01-16,89.57,89.7,89.33
HYG,2015-01-20,89.41,89.84,89.26
HYG,2015-01-21,89.89,89.91,89.3
HYG,2015-01-22,90.01,90.17,89.78
HYG,2015-01-23,90.01,90.14,89.93
HYG,2015-01-26,90.42,90.49,89.93
HYG,2015-01-27,90.35,90.43,90.01
HYG,2015-01-28,90.16,90.5,90.01
HYG,2015-01-29,90.48,90.52,90.15
HYG,2015-01-30,90.23,90.48,90.19
HYG,2015-02-02,90.21,90.21,89.88
HYG,2015-02-03,90.72,90.83,90.3
HYG,2015-02-04,90.34,90.64,90.3
HYG,2015-02-05,90.87,90.88,90.4001
HYG,2015-02-06,90.94,91.08,90.78
HYG,2015-02-09,90.72,90.99,90.7
HYG,2015-02-10,91.03,91.03,90.89
HYG,2015-02-11,91.0,91.03,90.83
HYG,2015-02-12,90.99,91.14,90.94
HYG,2015-02-13,91.12,91.19,90.94
HYG,2015-02-17,91.06,91.28,91.03
HYG,2015-02-18,91.37,91.39,91.04
HYG,2015-02-19,91.16,91.315,91.14
HYG,2015-02-20,91.41,91.42,91.08
HYG,2015-02-23,91.48,91.48,91.27
HYG,2015-02-24,91.57,91.601,91.39
HYG,2015-02-25,91.87,91.9,91.57
HYG,2015-02-26,91.85,91.97,91.74
HYG,2015-02-27,91.87,91.95,91.81
HYG,2015-03-02,91.46,91.6,91.3
HYG,2015-03-03,91.2,91.4,91.12
HYG,2015-03-04,91.03,91.16,90.98
HYG,2015-03-05,91.2,91.2,91.035
HYG,2015-03-06,90.62,90.97,90.53
HYG,2015-03-09,90.43,90.74,90.38
HYG,2015-03-10,90.08,90.34,89.9
HYG,2015-03-11,90.33,90.46,90.0721
HYG,2015-03-12,90.51,90.64,90.3601
HYG,2015-03-13,90.2,90.4,89.97
HYG,2015-03-16,90.11,90.34,90.05
HYG,2015-03-17,89.66,90.02,89.485
HYG,2015-03-18,90.455,90.465,89.49
HYG,2015-03-19,89.74,90.36,89.68
HYG,2015-03-20,90.44,90.48,89.97
HYG,2015-03-23,90.51,90.54,90.31
HYG,2015-03-24,90.65,90.72,90.45
HYG,2015-03-25,90.41,90.83,90.4
HYG,2015-03-26,90.4,90.53,90.2301
HYG,2015-03-27,90.47,90.56,90.35
HYG,2015-03-30,90.72,90.79,90.5
HYG,2015-03-31,90.61,90.84,90.56
HYG,2015-04-01,90.39,90.43,90.1
HYG,2015-04-02,90.46,90.59,90.35
HYG,2015-04-06,90.69,90.81,90.38
HYG,2015-04-07,91.17,91.2,90.69
HYG,2015-04-08,91.15,91.3,91.01
HYG,2015-04-09,91.06,91.26,91.0
HYG,2015-04-10,91.27,91.28,91.05
HYG,2015-04-13,91.1,91.315,91.0799
HYG,2015-04-14,91.14,91.2,90.93
HYG,2015-04-15,91.5,91.56,91.2101
HYG,2015-04-16,91.31,91.44,91.27
HYG,2015-04-17,91.03,91.24,91.0
HYG,2015-04-20,91.23,91.38,91.11
HYG,2015-04-21,91.29,91.48,91.24
HYG,2015-04-22,91.2,91.435,91.18
HYG,2015-04-23,91.17,91.355,91.08
HYG,2015-04-24,91.32,91.34,91.19
HYG,2015-04-27,91.35,91.49,91.27
HYG,2015-04-28,91.21,91.31,91.1701
HYG,2015-04-29,91.04,91.195,90.9201
HYG,2015-04-30,90.99,91.08,90.81
HYG,2015-05-01,90.79,90.81,90.61
HYG,2015-05-04,90.77,90.97,90.65
HYG,2015-05-05,90.65,90.78,90.49
HYG,2015-05-06,90.38,90.69,90.32
HYG,2015-05-07,90.37,90.58,90.27
HYG,2015-05-08,91.0799,91.08,90.8
HYG,2015-05-11,90.51,91.0615,90.48
HYG,2015-05-12,90.5,90.73,90.29
HYG,2015-05-13,90.37,90.77,90.33
HYG,2015-05-14,90.8085,90.87,90.59
HYG,2015-05-15,91.01,91.075,90.81
HYG,2015-05-18,90.86,91.0,90.75
HYG,2015-05-19,90.72,90.88,90.64
HYG,2015-05-20,90.61,90.86,90.61
HYG,2015-05-21,90.74,90.83,90.6
HYG,2015-05-22,90.81,90.845,90.69
HYG,2015-05-26,90.62,90.79,90.61
HYG,2015-05-27,90.82,90.9,90.68
HYG,2015-05-28,90.78,90.83,90.685
HYG,2015-05-29,90.91,90.97,90.76
HYG,2015-06-01,90.66,90.77,90.46
HYG,2015-06-02,90.49,90.75,90.34
HYG,2015-06-03,90.0,90.45,89.94
HYG,2015-06-04,89.71,90.01,89.71
HYG,2015-06-05,89.44,89.63,89.33
HYG,2015-06-08,89.44,89.61,89.34
HYG,2015-06-09,89.29,89.44,89.17
HYG,2015-06-10,89.41,89.475,89.26
HYG,2015-06-11,89.59,89.6,89.38
HYG,2015-06-12,89.26,89.52,89.24
HYG,2015-06-15,88.84,89.22,88.81
HYG,2015-06-16,89.34,89.34,88.81
HYG,2015-06-17,89.26,89.4,88.94
HYG,2015-06-18,89.59,89.69,89.29
HYG,2015-06-19,89.64,89.76,89.46
HYG,2015-06-22,89.82,89.989,89.64
HYG,2015-06-23,89.76,89.7999,89.6401
HYG,2015-06-24,89.52,89.79,89.52
HYG,2015-06-25,89.25,89.64,89.25
HYG,2015-06-26,88.99,89.32,88.95
HYG,2015-06-29,88.38,88.8,88.37
HYG,2015-06-30,88.8,88.86,88.581
HYG,2015-07-01,88.42,88.81,88.36
HYG,2015-07-02,88.75,88.85,88.52
HYG,2015-07-06,88.46,88.75,88.41
HYG,2015-07-07,88.53,88.63,88.13
HYG,2015-07-08,88.09,88.42,88.06
HYG,2015-07-09,88.29,88.73,88.29
HYG,2015-07-10,88.8,88.865,88.56
HYG,2015-07-13,88.88,88.94,88.7201
HYG,2015-07-14,88.79,88.83,88.64
HYG,2015-07-15,88.79,88.9,88.6501
HYG,2015-07-16,88.93,89.03,88.8801
HYG,2015-07-17,88.69,88.99,88.6
HYG,2015-07-20,88.28,88.66,88.27
HYG,2015-07-21,88.12,88.32,88.11
HYG,2015-07-22,87.55,87.93,87.52
HYG,2015-07-23,87.5,87.71,87.5
HYG,2015-07-24,87.25,87.55,87.2
HYG,2015-07-27,86.88,87.27,86.81
HYG,2015-07-28,87.35,87.45,86.93
HYG,2015-07-29,87.86,87.93,87.35
HYG,2015-07-30,88.12,88.17,87.81
HYG,2015-07-31,87.97,88.24,87.94
HYG,2015-08-03,87.41,87.6,87.37
HYG,2015-08-04,87.46,87.63,87.44
HYG,2015-08-05,87.34,87.73,87.33
HYG,2015-08-06,86.98,87.33,86.96
HYG,2015-08-07,86.71,86.89,86.68
HYG,2015-08-10,86.96,86.97,86.73
HYG,2015-08-11,86.56,86.7,86.46
HYG,2015-08-12,86.44,86.48,86.04
HYG,2015-08-13,86.33,86.44,86.275
HYG,2015-08-14,86.38,86.51,86.2801
HYG,2015-08-17,86.38,86.505,86.2
HYG,2015-08-18,86.27,86.4,86.18
HYG,2015-08-19,86.19,86.45,86.02
HYG,2015-08-20,85.77,85.97,85.65
HYG,2015-08-21,85.46,85.75,85.37
HYG,2015-08-24,84.76,85.38,83.43
HYG,2015-08-25,84.93,85.69,84.91
HYG,2015-08-26,85.64,85.8,85.19
HYG,2015-08-27,86.28,86.45,85.86
HYG,2015-08-28,86.36,86.5,86.055
HYG,2015-08-31,86.24,86.3,85.73
HYG,2015-09-01,85.58,85.77,85.44
HYG,2015-09-02,85.93,85.96,85.68
HYG,2015-09-03,86.05,86.23,85.86
HYG,2015-09-04,85.96,86.07,85.85
HYG,2015-09-08,86.43,86.44,86.24
HYG,2015-09-09,86.32,86.6195,86.24
HYG,2015-09-10,86.53,86.595,86.28
HYG,2015-09-11,86.5,86.55,86.11
HYG,2015-09-14,86.35,86.44,86.22
HYG,2015-09-15,86.33,86.41,86.2
HYG,2015-09-16,86.02,86.23,85.94
HYG,2015-09-17,86.09,86.41,85.85
HYG,2015-09-18,85.85,86.05,85.69
HYG,2015-09-21,85.69,85.9,85.61
HYG,2015-09-22,85.07,85.69,84.96
HYG,2015-09-23,84.92,85.11,84.86
HYG,2015-09-24,84.5,84.75,84.35
HYG,2015-09-25,84.07,84.76,84.04
HYG,2015-09-28,82.78,84.02,82.72
HYG,2015-09-29,82.77,83.0915,82.63
HYG,2015-09-30,83.29,83.34,82.83
HYG,2015-10-01,82.36,82.88,82.32
HYG,2015-10-02,82.44,82.4699,81.66
HYG,2015-10-05,83.43,83.47,82.81
HYG,2015-10-06,83.89,83.98,83.36
HYG,2015-10-07,84.75,84.83,84.2
HYG,2015-10-08,85.1,85.13,84.46
HYG,2015-10-09,85.11,85.6001,84.98
HYG,2015-10-12,84.95,85.25,84.83
HYG,2015-10-13,84.75,84.945,84.63
HYG,2015-10-14,84.69,84.95,84.635
HYG,2015-10-15,84.89,84.95,84.61
HYG,2015-10-16,85.28,85.29,84.89
HYG,2015-10-19,85.51,85.57,85.075
HYG,2015-10-20,85.59,85.69,85.29
HYG,2015-10-21,85.5,85.765,85.2601
HYG,2015-10-22,85.53,85.68,85.41
HYG,2015-10-23,85.83,86.09,85.58
HYG,2015-10-26,85.74,85.94,85.68
HYG,2015-10-27,85.46,85.68,85.34
HYG,2015-10-28,85.69,85.71,85.3
HYG,2015-10-29,85.47,85.68,85.43
HYG,2015-10-30,85.57,85.76,85.39
HYG,2015-11-02,85.44,85.48,85.11
HYG,2015-11-03,85.53,85.58,85.36
HYG,2015-11-04,85.28,85.57,85.24
HYG,2015-11-05,84.95,85.34,84.94
HYG,2015-11-06,84.54,84.69,84.34
HYG,2015-11-09,84.19,84.435,84.125
HYG,2015-11-10,84.0,84.19,83.87
HYG,2015-11-11,83.8,84.1,83.75
HYG,2015-11-12,83.24,83.68,83.22
HYG,2015-11-13,83.0,83.36,82.99
HYG,2015-11-16,83.39,83.44,82.81
HYG,2015-11-17,83.45,83.74,83.37
HYG,2015-11-18,83.61,83.66,83.4
HYG,2015-11-19,82.86,83.4899,82.85
HYG,2015-11-20,82.84,83.21,82.81
HYG,2015-11-23,82.77,82.89,82.69
HYG,2015-11-24,82.88,82.91,82.57
HYG,2015-11-25,82.97,82.99,82.84
HYG,2015-11-27,83.1,83.15,82.94
HYG,2015-11-30,83.05,83.15,82.99
HYG,2015-12-01,83.24,83.28,82.8
HYG,2015-12-02,83.07,83.435,83.03
HYG,2015-12-03,82.851,83.13,82.72
HYG,2015-12-04,82.66,82.93,82.495
HYG,2015-12-07,82.08,82.5,82.02
HYG,2015-12-08,81.06,81.62,80.96
HYG,2015-12-09,81.48,81.7,81.05
HYG,2015-12-10,81.14,81.57,80.995
HYG,2015-12-11,79.52,80.54,78.62
HYG,2015-12-14,78.83,79.51,78.21
HYG,2015-12-15,80.12,80.45,79.76
HYG,2015-12-16,80.73,80.89,80.06
HYG,2015-12-17,79.83,80.81,79.8
HYG,2015-12-18,79.53,79.79,79.34
HYG,2015-12-21,79.28,79.9,79.07
HYG,2015-12-22,80.24,80.26,79.36
HYG,2015-12-23,80.75,80.89,80.42
HYG,2015-12-24,80.49,80.7,80.27
HYG,2015-12-28,80.01,80.25,79.88
HYG,2015-12-29,80.47,80.53,80.15
HYG,2015-12-30,80.53,80.64,80.18
HYG,2015-12-31,80.58,80.88,80.39
HYG,2016-01-04,80.1,80.16,79.67
HYG,2016-01-05,80.25,80.53,80.07
HYG,2016-01-06,80.25,80.33,79.93
HYG,2016-01-07,79.73,80.0,79.62
HYG,2016-01-08,79.52,80.22,79.5
HYG,2016-01-11,79.4,79.95,79.31
HYG,2016-01-12,79.48,79.95,79.3
HYG,2016-01-13,78.6,79.62,78.485
HYG,2016-01-14,78.95,79.0399,78.28
HYG,2016-01-15,77.91,78.68,77.42
HYG,2016-01-19,77.64,78.13,77.39
HYG,2016-01-20,77.12,77.42,75.82
HYG,2016-01-21,77.64,77.96,76.8
HYG,2016-01-22,78.83,78.92,78.24
HYG,2016-01-25,78.05,78.74,78.03
HYG,2016-01-26,78.75,78.79,78.18
HYG,2016-01-27,78.63,79.08,78.38
HYG,2016-01-28,79.03,79.285,78.74
HYG,2016-01-29,79.29,79.45,79.125
HYG,2016-02-01,78.43,78.79,78.31
HYG,2016-02-02,77.87,78.22,77.83
HYG,2016-02-03,78.25,78.4,77.63
HYG,2016-02-04,78.0,78.39,77.93
HYG,2016-02-05,77.41,77.99,77.28
HYG,2016-02-08,76.5,76.8,76.28
HYG,2016-02-09,76.21,76.555,75.87
HYG,2016-02-10,76.1,76.73,75.95
HYG,2016-02-11,75.59,75.87,75.09
HYG,2016-02-12,76.72,76.79,75.77
HYG,2016-02-16,76.79,77.03,76.695
HYG,2016-02-17,77.42,77.59,77.11
HYG,2016-02-18,77.49,77.75,77.44
HYG,2016-02-19,77.64,77.68,77.05
HYG,2016-02-22,78.31,78.35,77.95
HYG,2016-02-23,78.15,78.28,77.74
HYG,2016-02-24,78.28,78.37,77.46
HYG,2016-02-25,78.7,78.73,78.06
HYG,2016-02-26,79.23,79.295,78.86
HYG,2016-02-29,80.08,80.13,79.26
HYG,2016-03-01,80.92,81.01,79.54
HYG,2016-03-02,80.37,80.61,80.22
HYG,2016-03-03,80.64,80.87,79.99
HYG,2016-03-04,80.87,81.24,80.5
HYG,2016-03-07,80.97,81.0,80.665
HYG,2016-03-08,80.4,80.85,80.36
HYG,2016-03-09,80.6,80.7,80.36
HYG,2016-03-10,81.16,81.19,80.55
HYG,2016-03-11,82.14,82.26,81.64
HYG,2016-03-14,81.91,82.06,81.53
HYG,2016-03-15,81.15,81.48,81.115
HYG,2016-03-16,81.69,81.985,80.82
HYG,2016-03-17,82.21,82.35,81.72
HYG,2016-03-18,82.4,82.61,82.275
HYG,2016-03-21,82.31,82.46,82.135
HYG,2016-03-22,82.09,82.25,81.98
HYG,2016-03-23,81.71,82.07,81.68
HYG,2016-03-24,81.35,81.49,81.08
HYG,2016-03-28,80.98,81.43,80.94
HYG,2016-03-29,81.29,81.32,80.68
HYG,2016-03-30,81.58,81.7099,81.39
HYG,2016-03-31,81.69,81.9,81.48
HYG,2016-04-01,81.37,81.51,80.8
HYG,2016-04-04,81.17,81.512,81.08
HYG,2016-04-05,80.87,81.07,80.78
HYG,2016-04-06,81.55,81.62,80.98
HYG,2016-04-07,81.15,81.4125,81.06
HYG,2016-04-08,81.52,81.6411,81.42
HYG,2016-04-11,81.63,81.86,81.62
HYG,2016-04-12,82.11,82.14,81.715
HYG,2016-04-13,82.65,82.815,82.31
HYG,2016-04-14,82.62,82.725,82.5
HYG,2016-04-15,82.49,82.57,82.3956
HYG,2016-04-18,82.96,82.97,82.13
HYG,2016-04-19,83.31,83.41,83.08
HYG,2016-04-20,83.47,83.7,83.22
HYG,2016-04-21,83.21,83.595,83.17
HYG,2016-04-22,83.4,83.45,83.21
HYG,2016-04-25,83.08,83.37,83.05
HYG,2016-04-26,83.36,83.37,83.16
HYG,2016-04-27,83.85,83.91,83.41
HYG,2016-04-28,83.71,84.035,83.65
HYG,2016-04-29,83.85,83.91,83.35
HYG,2016-05-02,83.5,83.53,83.29
HYG,2016-05-03,82.96,83.22,82.84
HYG,2016-05-04,82.65,82.86,82.61
HYG,2016-05-05,82.58,82.92,82.54
HYG,2016-05-06,82.53,82.71,82.21
HYG,2016-05-09,82.38,82.59,82.275
HYG,2016-05-10,83.08,83.1,82.43
HYG,2016-05-11,83.02,83.36,82.93
HYG,2016-05-12,83.15,83.24,82.96
HYG,2016-05-13,82.78,83.18,82.74
HYG,2016-05-16,83.24,83.28,82.87
HYG,2016-05-17,83.07,83.32,83.01
HYG,2016-05-18,83.08,83.3276,82.85
HYG,2016-05-19,82.85,82.91,82.59
HYG,2016-05-20,83.14,83.16,82.86
HYG,2016-05-23,83.16,83.6,82.96
HYG,2016-05-24,83.66,83.66,83.31
HYG,2016-05-25,83.79,83.92,83.75
HYG,2016-05-26,83.55,83.94,83.54
HYG,2016-05-27,83.69,83.69,83.53
HYG,2016-05-31,83.61,83.87,83.515
HYG,2016-06-01,83.34,83.38,82.9
HYG,2016-06-02,83.36,83.41,83.11
HYG,2016-06-03,83.51,83.56,83.23
HYG,2016-06-06,83.88,83.93,83.62
HYG,2016-06-07,84.25,84.345,83.93
HYG,2016-06-08,84.57,84.595,84.3489
HYG,2016-06-09,84.24,84.45,84.14
HYG,2016-06-10,83.83,84.02,83.66
HYG,2016-06-13,83.27,83.81,83.27
HYG,2016-06-14,82.99,83.24,82.77
HYG,2016-06-15,83.03,83.38,82.97
HYG,2016-06-16,83.075,83.15,82.45
HYG,2016-06-17,83.13,83.33,83.06
HYG,2016-06-20,83.62,83.97,83.53
HYG,2016-06-21,83.94,83.98,83.63
HYG,2016-06-22,84.02,84.1162,83.89
HYG,2016-06-23,84.64,84.64,84.32
HYG,2016-06-24,83.25,84.2,82.9
HYG,2016-06-27,82.05,83.06,82.01
HYG,2016-06-28,83.08,83.11,82.685
HYG,2016-06-29,84.13,84.3,83.54
HYG,2016-06-30,84.7,84.8,83.94
HYG,2016-07-01,84.47,84.7,84.25
HYG,2016-07-05,83.99,84.3,83.85
HYG,2016-07-06,84.36,84.37,83.75
HYG,2016-07-07,84.47,84.6,84.25
HYG,2016-07-08,85.59,85.64,84.79
HYG,2016-07-11,85.64,85.92,85.6
HYG,2016-07-12,85.88,86.315,85.86
HYG,2016-07-13,85.63,85.9,85.51
HYG,2016-07-14,85.8,85.91,85.6
HYG,2016-07-15,85.63,85.94,85.6
HYG,2016-07-18,85.92,85.94,85.63
HYG,2016-07-19,85.69,85.87,85.54
HYG,2016-07-20,85.91,85.99,85.65
HYG,2016-07-21,85.79,86.08,85.74
HYG,2016-07-22,86.17,86.26,85.73
HYG,2016-07-25,85.76,86.09,85.68
HYG,2016-07-26,85.43,85.75,85.38
HYG,2016-07-27,85.69,85.72,85.34
HYG,2016-07-28,85.33,85.51,85.235
HYG,2016-07-29,85.41,85.43,84.985
HYG,2016-08-01,84.55,84.98,84.48
HYG,2016-08-02,84.43,84.61,84.29
HYG,2016-08-03,84.81,84.89,84.45
HYG,2016-08-04,85.35,85.46,85.0
HYG,2016-08-05,85.54,85.78,85.51
HYG,2016-08-08,85.89,85.93,85.6049
HYG,2016-08-09,86.19,86.25,85.92
HYG,2016-08-10,86.03,86.25,86.0
HYG,2016-08-11,86.24,86.355,86.1
HYG,2016-08-12,86.31,86.33,86.12
HYG,2016-08-15,86.565,86.615,86.33
HYG,2016-08-16,86.39,86.6,86.35
HYG,2016-08-17,86.51,86.55,86.32
HYG,2016-08-18,86.85,86.85,86.52
HYG,2016-08-19,86.59,86.81,86.55
HYG,2016-08-22,86.45,86.56,86.31
HYG,2016-08-23,86.74,86.82,86.59
HYG,2016-08-24,86.5,86.775,86.49
HYG,2016-08-25,86.66,86.77,86.53
HYG,2016-08-26,86.56,87.02,86.41
HYG,2016-08-29,86.99,87.04,86.655
HYG,2016-08-30,87.04,87.14,86.79
HYG,2016-08-31,86.7,87.03,86.6249
HYG,2016-09-01,86.5,86.53,86.12
HYG,2016-09-02,86.9,87.03,86.62
HYG,2016-09-06,87.0,87.01,86.85
HYG,2016-09-07,86.76,87.01,86.7
HYG,2016-09-08,86.6,86.815,86.59
HYG,2016-09-09,85.77,86.56,85.74
HYG,2016-09-12,86.07,86.23,85.55
HYG,2016-09-13,85.41,85.97,85.27
HYG,2016-09-14,85.39,85.805,85.29
HYG,2016-09-15,85.89,85.93,85.44
HYG,2016-09-16,85.91,85.93,85.575
HYG,2016-09-19,85.96,86.07,85.82
HYG,2016-09-20,85.86,86.1,85.72
HYG,2016-09-21,86.57,86.62,85.88
HYG,2016-09-22,86.86,87.13,86.71
HYG,2016-09-23,86.76,86.97,86.7
HYG,2016-09-26,86.38,86.68,86.31
HYG,2016-09-27,86.63,86.64,86.13
HYG,2016-09-28,87.21,87.23,86.47
HYG,2016-09-29,86.88,87.19,86.56
HYG,2016-09-30,87.26,87.29,86.98
HYG,2016-10-03,86.82,86.91,86.65
HYG,2016-10-04,86.67,87.0,86.555
HYG,2016-10-05,86.9,86.99,86.761
HYG,2016-10-06,86.95,86.99,86.73
HYG,2016-10-07,87.15,87.185,86.735
HYG,2016-10-10,87.4,87.5,87.15
HYG,2016-10-11,86.91,87.28,86.77
HYG,2016-10-12,86.88,87.03,86.73
HYG,2016-10-13,86.66,86.77,86.43
HYG,2016-10-14,86.86,86.98,86.74
HYG,2016-10-17,86.74,86.99,86.71
HYG,2016-10-18,87.09,87.12,86.82
HYG,2016-10-19,87.34,87.39,87.14
HYG,2016-10-20,87.35,87.41,87.18
HYG,2016-10-21,87.37,87.45,87.07
HYG,2016-10-24,87.42,87.56,87.28
HYG,2016-10-25,87.37,87.42,87.23
HYG,2016-10-26,87.02,87.35,86.99
HYG,2016-10-27,86.7,87.125,86.55
HYG,2016-10-28,86.28,86.66,86.21
HYG,2016-10-31,86.02,86.3125,85.93
HYG,2016-11-01,85.3,85.68,84.97
HYG,2016-11-02,84.92,85.235,84.815
HYG,2016-11-03,84.94,85.23,84.87
HYG,2016-11-04,84.98,85.245,84.91
HYG,2016-11-07,86.17,86.215,85.69
HYG,2016-11-08,85.98,86.13,85.74
HYG,2016-11-09,85.38,86.0,85.3
HYG,2016-11-10,84.26,85.2,84.21
HYG,2016-11-11,83.47,84.2,83.25
HYG,2016-11-14,84.09,84.19,83.24
HYG,2016-11-15,85.2,85.31,84.52
HYG,2016-11-16,84.86,85.0,84.73
HYG,2016-11-17,84.63,85.09,84.63
HYG,2016-11-18,84.63,84.94,84.48
HYG,2016-11-21,85.31,85.35,84.84
HYG,2016-11-22,85.94,86.03,85.415
HYG,2016-11-23,85.62,85.69,85.2813
HYG,2016-11-25,85.73,85.76,85.6
HYG,2016-11-28,85.72,86.0,85.47
HYG,2016-11-29,85.61,85.7,85.43
HYG,2016-11-30,85.65,85.8,85.43
HYG,2016-12-01,84.87,85.32,84.87
HYG,2016-12-02,85.38,85.39,84.98
HYG,2016-12-05,85.6,85.67,85.38
HYG,2016-12-06,86.03,86.06,85.65
HYG,2016-12-07,86.46,86.6,86.065
HYG,2016-12-08,86.45,86.5,86.13
HYG,2016-12-09,86.49,86.62,86.36
HYG,2016-12-12,86.37,86.6837,86.28
HYG,2016-12-13,86.58,86.84,86.555
HYG,2016-12-14,85.93,86.835,85.845
HYG,2016-12-15,85.97,86.14,85.75
HYG,2016-12-16,86.05,86.26,86.03
HYG,2016-12-19,86.27,86.38,86.1
HYG,2016-12-20,86.39,86.48,86.19
HYG,2016-12-21,86.54,86.62,86.33
HYG,2016-12-22,86.44,86.44,86.17
HYG,2016-12-23,86.6,86.61,86.41
HYG,2016-12-27,86.52,86.66,86.45
HYG,2016-12-28,86.4,86.64,86.36
HYG,2016-12-29,86.52,86.55,86.38
HYG,2016-12-30,86.55,86.7,86.38
HYG,2017-01-03,86.91,86.95,86.7
HYG,2017-01-04,87.38,87.39,87.0
HYG,2017-01-05,87.25,87.42,87.2
HYG,2017-01-06,87.23,87.28,87.04
HYG,2017-01-09,87.21,87.28,87.05
HYG,2017-01-10,87.22,87.43,87.18
HYG,2017-01-11,87.27,87.3162,87.11
HYG,2017-01-12,87.29,87.3,87.13
HYG,2017-01-13,87.32,87.4,87.095
HYG,2017-01-17,87.23,87.29,87.15
HYG,2017-01-18,87.31,87.31,87.1
HYG,2017-01-19,87.03,87.3,86.94
HYG,2017-01-20,87.2,87.22,86.97
HYG,2017-01-23,87.2,87.22,87.04
HYG,2017-01-24,87.26,87.315,87.11
HYG,2017-01-25,87.57,87.57,87.335
HYG,2017-01-26,87.53,87.59,87.41
HYG,2017-01-27,87.61,87.69,87.45
HYG,2017-01-30,87.43,87.54,87.31
HYG,2017-01-31,87.34,87.4191,87.18
HYG,2017-02-01,87.28,87.33,86.9475
HYG,2017-02-02,87.33,87.37,87.14
HYG,2017-02-03,87.48,87.58,87.43
HYG,2017-02-06,87.42,87.53,87.35
HYG,2017-02-07,87.29,87.52,87.28
HYG,2017-02-08,87.35,87.3599,87.12
HYG,2017-02-09,87.47,87.54,87.38
HYG,2017-02-10,87.53,87.5499,87.4
HYG,2017-02-13,87.66,87.72,87.59
HYG,2017-02-14,87.72,87.76,87.47
HYG,2017-02-15,87.75,87.77,87.57
HYG,2017-02-16,87.68,88.08,87.51
HYG,2017-02-17,87.77,87.79,87.51
HYG,2017-02-21,88.06,88.06,87.79
HYG,2017-02-22,88.1,88.12,87.935
HYG,2017-02-23,88.18,88.3,88.08
HYG,2017-02-24,88.25,88.365,88.06
HYG,2017-02-27,88.36,88.36,88.19
HYG,2017-02-28,88.29,88.37,88.24
HYG,2017-03-01,88.23,88.31,88.18
HYG,2017-03-02,87.95,88.25,87.95
HYG,2017-03-03,87.99,88.09,87.815
HYG,2017-03-06,87.71,87.89,87.69
HYG,2017-03-07,87.14,87.6,87.12
HYG,2017-03-08,86.56,87.07,86.55
HYG,2017-03-09,86.33,86.72,86.2
HYG,2017-03-10,86.3,86.88,86.08
HYG,2017-03-13,86.37,86.48,86.12
HYG,2017-03-14,86.11,86.21,85.99
HYG,2017-03-15,87.3,87.3,86.32
HYG,2017-03-16,87.05,87.53,87.03
HYG,2017-03-17,87.08,87.25,87.04
HYG,2017-03-20,87.0034,87.07,86.91
HYG,2017-03-21,86.29,87.1699,86.28
HYG,2017-03-22,86.5,86.57,86.02
HYG,2017-03-23,86.53,86.7525,86.365
HYG,2017-03-24,86.83,86.86,86.6
HYG,2017-03-27,86.74,86.78,86.4
HYG,2017-03-28,87.22,87.25,86.7
HYG,2017-03-29,87.4,87.55,87.22
HYG,2017-03-30,87.81,87.83,87.47
HYG,2017-03-31,87.78,87.9,87.685
HYG,2017-04-03,87.36,87.47,87.23
HYG,2017-04-04,87.39,87.49,87.29
HYG,2017-04-05,87.32,87.71,87.27
HYG,2017-04-06,87.43,87.52,87.295
HYG,2017-04-07,87.39,87.62,87.39
HYG,2017-04-10,87.51,87.62,87.45
HYG,2017-04-11,87.34,87.57,87.24
HYG,2017-04-12,87.4,87.6,87.32
HYG,2017-04-13,87.22,87.485,87.16
HYG,2017-04-17,87.48,87.5,87.23
HYG,2017-04-18,87.46,87.56,87.23
HYG,2017-04-19,87.38,87.7,87.33
HYG,2017-04-20,87.67,87.69,87.44
HYG,2017-04-21,87.6,87.71,87.49
HYG,2017-04-24,88.01,88.02,87.88
HYG,2017-04-25,88.17,88.2,88.03
HYG,2017-04-26,88.09,88.23,88.07
HYG,2017-04-27,88.15,88.16,88.01
HYG,2017-04-28,88.12,88.24,88.07
HYG,2017-05-01,87.79,87.85,87.7
HYG,2017-05-02,87.82,87.9,87.7601
HYG,2017-05-03,87.9,87.945,87.8
HYG,2017-05-04,87.43,87.84,87.35
HYG,2017-05-05,87.58,87.66,87.38
HYG,2017-05-08,87.68,87.73,87.54
HYG,2017-05-09,87.62,87.85,87.61
HYG,2017-05-10,88.0,88.04,87.725
HYG,2017-05-11,88.01,88.04,87.83
HYG,2017-05-12,87.98,88.07,87.91
HYG,2017-05-15,88.18,88.25,88.11
HYG,2017-05-16,88.31,88.35,88.18
HYG,2017-05-17,87.92,88.1,87.87
HYG,2017-05-18,88.02,88.16,87.631
HYG,2017-05-19,88.18,88.31,88.13
HYG,2017-05-22,88.45,88.45,88.27
HYG,2017-05-23,88.44,88.49,88.35
HYG,2017-05-24,88.59,88.61,88.4
HYG,2017-05-25,88.52,88.745,88.49
HYG,2017-05-26,88.57,88.59,88.5
HYG,2017-05-30,88.66,88.7,88.52
HYG,2017-05-31,88.65,88.7,88.53
HYG,2017-06-01,88.53,88.6,88.2857
HYG,2017-06-02,88.58,88.66,88.5
HYG,2017-06-05,88.5,88.64,88.46
HYG,2017-06-06,88.36,88.51,88.31
HYG,2017-06-07,88.18,88.44,88.07
HYG,2017-06-08,88.25,88.34,88.03
HYG,2017-06-09,88.32,88.45,88.2
HYG,2017-06-12,88.47,88.54,88.29
HYG,2017-06-13,88.63,88.64,88.5
HYG,2017-06-14,88.64,88.745,88.52
HYG,2017-06-15,88.3,88.45,88.12
HYG,2017-06-16,88.15,88.38,88.13
HYG,2017-06-19,88.42,88.45,88.29
HYG,2017-06-20,88.11,88.22,88.1
HYG,2017-06-21,87.6,88.16,87.52
HYG,2017-06-22,87.84,87.88,87.63
HYG,2017-06-23,88.2,88.22,87.87
HYG,2017-06-26,88.32,88.355,88.15
HYG,2017-06-27,88.04,88.34,87.98
HYG,2017-06-28,88.4,88.44,88.11
HYG,2017-06-29,88.18,88.39,88.06
HYG,2017-06-30,88.39,88.48,88.21
HYG,2017-07-03,87.97,88.25,87.88
HYG,2017-07-05,87.9,88.11,87.8401
HYG,2017-07-06,87.68,87.89,87.54
HYG,2017-07-07,87.6,87.71,87.45
HYG,2017-07-10,87.7,87.74,87.57
HYG,2017-07-11,87.64,87.72,87.52
HYG,2017-07-12,88.21,88.21,87.87
HYG,2017-07-13,88.28,88.32,88.125
HYG,2017-07-14,88.53,88.57,88.25
HYG,2017-07-17,88.56,88.59,88.48
HYG,2017-07-18,88.6,88.64,88.47
HYG,2017-07-19,88.75,88.8337,88.63
HYG,2017-07-20,88.8,88.85,88.67
HYG,2017-07-21,88.73,88.79,88.65
HYG,2017-07-24,88.8,88.8,88.65
HYG,2017-07-25,88.84,88.91,88.79
HYG,2017-07-26,88.97,89.04,88.86
HYG,2017-07-27,88.9,89.0,88.805
HYG,2017-07-28,88.91,88.91,88.77
HYG,2017-07-31,88.91,88.99,88.79
HYG,2017-08-01,88.63,88.68,88.57
HYG,2017-08-02,88.65,88.72,88.59
HYG,2017-08-03,88.48,88.66,88.42
HYG,2017-08-04,88.5,88.52,88.41
HYG,2017-08-07,88.46,88.5,88.4
HYG,2017-08-08,88.08,88.5,87.99
HYG,2017-08-09,87.74,87.98,87.68
HYG,2017-08-10,87.18,87.6399,87.11
HYG,2017-08-11,87.33,87.46,87.255
HYG,2017-08-14,87.79,87.94,87.59
HYG,2017-08-15,87.82,87.89,87.73
HYG,2017-08-16,87.83,87.97,87.8
HYG,2017-08-17,87.34,87.8,87.29
HYG,2017-08-18,87.47,87.69,87.29
HYG,2017-08-21,87.56,87.61,87.45
HYG,2017-08-22,87.92,88.0,87.59
HYG,2017-08-23,87.93,87.965,87.71
HYG,2017-08-24,88.06,88.07,87.88
HYG,2017-08-25,88.22,88.25,88.01
HYG,2017-08-28,88.23,88.27,88.14
HYG,2017-08-29,88.12,88.15,87.985
HYG,2017-08-30,88.36,88.4,88.14
HYG,2017-08-31,88.6,88.61,88.4167
HYG,2017-09-01,88.32,88.35,88.15
HYG,2017-09-05,88.12,88.26,87.96
HYG,2017-09-06,88.06,88.28,88.04
HYG,2017-09-07,88.07,88.2,88.06
HYG,2017-09-08,87.79,88.06,87.79
HYG,2017-09-11,88.07,88.19,87.85
HYG,2017-09-12,88.18,88.19,88.05
HYG,2017-09-13,88.21,88.225,88.0535
HYG,2017-09-14,88.33,88.37,88.16
HYG,2017-09-15,88.41,88.43,88.24
HYG,2017-09-18,88.37,88.42,88.32
HYG,2017-09-19,88.46,88.47,88.3201
HYG,2017-09-20,88.45,88.53,88.32
HYG,2017-09-21,88.34,88.49,88.315
HYG,2017-09-22,88.43,88.43,88.3
HYG,2017-09-25,88.48,88.5,88.36
HYG,2017-09-26,88.59,88.68,88.54
HYG,2017-09-27,88.63,88.655,88.49
HYG,2017-09-28,88.63,88.67,88.575
HYG,2017-09-29,88.76,88.76,88.6
HYG,2017-10-02,88.35,88.4,88.24
HYG,2017-10-03,88.51,88.52,88.35
HYG,2017-10-04,88.42,88.51,88.37
HYG,2017-10-05,88.53,88.53,88.41
HYG,2017-10-06,88.4,88.49,88.35
HYG,2017-10-09,88.41,88.47,88.38
HYG,2017-10-10,88.48,88.53,88.4
HYG,2017-10-11,88.39,88.48,88.37
HYG,2017-10-12,88.29,88.4,88.29
HYG,2017-10-13,88.33,88.43,88.28
HYG,2017-10-16,88.38,88.4,88.28
HYG,2017-10-17,88.51,88.555,88.38
HYG,2017-10-18,88.6,88.65,88.52
HYG,2017-10-19,88.61,88.65,88.44
HYG,2017-10-20,88.69,88.73,88.61
HYG,2017-10-23,88.59,88.74,88.59
HYG,2017-10-24,88.59,88.69,88.58
HYG,2017-10-25,88.34,88.53,88.22
HYG,2017-10-26,88.23,88.46,88.19
HYG,2017-10-27,88.47,88.49,88.225
HYG,2017-10-30,88.45,88.51,88.36
HYG,2017-10-31,88.47,88.51,88.44
HYG,2017-11-01,88.02,88.2,88.01
HYG,2017-11-02,87.97,88.08,87.895
HYG,2017-11-03,87.98,88.08,87.87
HYG,2017-11-06,87.99,88.04,87.89
HYG,2017-11-07,87.74,87.98,87.71
HYG,2017-11-08,87.35,87.74,87.31
HYG,2017-11-09,86.92,87.14,86.72
HYG,2017-11-10,87.11,87.18,86.88
HYG,2017-11-13,87.05,87.16,87.03
HYG,2017-11-14,86.68,86.96,86.62
HYG,2017-11-15,86.68,86.76,86.22
HYG,2017-11-16,87.53,87.6,87.04
HYG,2017-11-17,87.47,87.51,87.34
HYG,2017-11-20,87.49,87.63,87.43
HYG,2017-11-21,87.67,87.71,87.57
HYG,2017-11-22,87.81,87.87,87.7
HYG,2017-11-24,87.87,87.92,87.83
HYG,2017-11-27,87.6,87.87,87.54
HYG,2017-11-28,87.87,87.89,87.625
HYG,2017-11-29,87.76,87.88,87.675
HYG,2017-11-30,87.78,87.95,87.78
HYG,2017-12-01,87.38,87.5,86.98
HYG,2017-12-04,87.35,87.61,87.32
HYG,2017-12-05,87.3,87.45,87.28
HYG,2017-12-06,87.22,87.41,87.202
HYG,2017-12-07,87.26,87.31,87.172
HYG,2017-12-08,87.35,87.37,87.27
HYG,2017-12-11,87.37,87.39,87.29
HYG,2017-12-12,87.33,87.45,87.32
HYG,2017-12-13,87.38,87.45,87.33
HYG,2017-12-14,87.2,87.4,87.07
HYG,2017-12-15,87.21,87.335,87.2
HYG,2017-12-18,87.3,87.39,87.23
HYG,2017-12-19,87.12,87.35,87.09
HYG,2017-12-20,87.19,87.26,87.09
HYG,2017-12-21,86.92,86.99,86.865
HYG,2017-12-22,87.0,87.07,86.905
HYG,2017-12-26,87.13,87.13,86.93
HYG,2017-12-27,87.17,87.21,87.08
HYG,2017-12-28,87.13,87.21,87.1
HYG,2017-12-29,87.26,87.31,87.08
HYG,2018-01-02,87.34,87.36,87.25
HYG,2018-01-03,87.76,87.78,87.34
HYG,2018-01-04,87.91,87.99,87.77
HYG,2018-01-05,87.97,88.01,87.88
HYG,2018-01-08,87.9,88.03,87.86
HYG,2018-01-09,87.63,87.99,87.61
HYG,2018-01-10,87.44,87.56,87.27
HYG,2018-01-11,87.73,87.74,87.46
HYG,2018-01-12,87.58,87.71,87.55
HYG,2018-01-16,87.53,87.73,87.45
HYG,2018-01-17,87.54,87.69,87.52
HYG,2018-01-18,87.45,87.56,87.4
HYG,2018-01-19,87.54,87.55,87.39
HYG,2018-01-22,87.62,87.65,87.49
HYG,2018-01-23,87.88,87.9,87.625
HYG,2018-01-24,87.75,87.88,87.65
HYG,2018-01-25,87.69,87.9,87.61
HYG,2018-01-26,87.76,87.84,87.63
HYG,2018-01-29,87.45,87.68,87.43
HYG,2018-01-30,87.15,87.46,87.14
HYG,2018-01-31,87.3,87.42,87.21
HYG,2018-02-01,86.77,86.99,86.72
HYG,2018-02-02,86.22,86.62,86.15
HYG,2018-02-05,85.74,86.505,85.58
HYG,2018-02-06,86.26,86.36,85.51
HYG,2018-02-07,85.94,86.619,85.86
HYG,2018-02-08,85.19,86.0,85.18
HYG,2018-02-09,84.95,85.42,84.07
HYG,2018-02-12,85.53,85.655,85.16
HYG,2018-02-13,85.26,85.42,85.11
HYG,2018-02-14,85.41,85.44,84.9
HYG,2018-02-15,86.1,86.1,85.61
HYG,2018-02-16,86.45,86.51,86.07
HYG,2018-02-20,86.15,86.38,86.11
HYG,2018-02-21,85.76,86.38,85.735
HYG,2018-02-22,85.82,86.14,85.735
HYG,2018-02-23,86.39,86.42,85.83
HYG,2018-02-26,86.54,86.68,86.39
HYG,2018-02-27,86.31,86.5,86.2
HYG,2018-02-28,86.18,86.4769,86.12
HYG,2018-03-01,85.27,85.93,85.27
HYG,2018-03-02,85.75,85.79,85.29
HYG,2018-03-05,85.75,85.81,85.57
HYG,2018-03-06,85.87,85.95,85.69
HYG,2018-03-07,85.66,85.805,85.6
HYG,2018-03-08,85.76,85.8,85.61
HYG,2018-03-09,86.07,86.13,85.78
HYG,2018-03-12,85.93,86.07,85.79
HYG,2018-03-13,85.66,86.04,85.61
HYG,2018-03-14,85.56,85.78,85.52
HYG,2018-03-15,85.62,85.75,85.5
HYG,2018-03-16,85.8,85.81,85.59
HYG,2018-03-19,85.45,85.69,85.345
HYG,2018-03-20,85.62,85.65,85.43
HYG,2018-03-21,85.65,85.81,85.52
HYG,2018-03-22,85.14,85.5701,85.12
HYG,2018-03-23,84.92,85.39,84.82
HYG,2018-03-26,85.47,85.49,85.125
HYG,2018-03-27,85.39,85.63,85.21
HYG,2018-03-28,85.35,85.44,85.2
HYG,2018-03-29,85.64,85.7,85.39
HYG,2018-04-02,84.96,85.265,84.89
HYG,2018-04-03,85.2,85.21,84.89
HYG,2018-04-04,85.39,85.44,84.9
HYG,2018-04-05,85.46,85.58,85.405
HYG,2018-04-06,85.27,85.5,85.17
HYG,2018-04-09,85.59,85.61,85.41
HYG,2018-04-10,85.9,85.94,85.68
HYG,2018-04-11,85.93,86.0,85.81
HYG,2018-04-12,86.24,86.26,85.97
HYG,2018-04-13,86.29,86.41,86.24
HYG,2018-04-16,86.42,86.51,86.28
HYG,2018-04-17,86.46,86.66,86.43
HYG,2018-04-18,86.37,86.55,86.335
HYG,2018-04-19,86.1,86.2434,85.99
HYG,2018-04-20,85.89,86.09,85.87
HYG,2018-04-23,85.66,85.84,85.58
HYG,2018-04-24,85.49,85.77,85.38
HYG,2018-04-25,85.5,85.54,85.24
HYG,2018-04-26,85.8,85.8558,85.52
HYG,2018-04-27,85.76,85.92,85.61
HYG,2018-04-30,85.7,85.85,85.69
HYG,2018-05-01,85.4,85.4,85.18
HYG,2018-05-02,85.37,85.55,85.315
HYG,2018-05-03,85.36,85.4,85.22
HYG,2018-05-04,85.42,85.45,85.16
HYG,2018-05-07,85.5,85.53,85.4
HYG,2018-05-08,85.37,85.47,85.31
HYG,2018-05-09,85.51,85.54,85.34
HYG,2018-05-10,85.76,85.79,85.54
HYG,2018-05-11,85.73,85.84,85.63
HYG,2018-05-14,85.75,85.815,85.57
HYG,2018-05-15,85.33,85.6,85.27
HYG,2018-05-16,85.44,85.47,85.285
HYG,2018-05-17,85.49,85.56,85.34
HYG,2018-05-18,85.4,85.46,85.33
HYG,2018-05-21,85.52,85.57,85.39
HYG,2018-05-22,85.58,85.63,85.511
HYG,2018-05-23,85.65,85.65,85.39
HYG,2018-05-24,85.7,85.72,85.52
HYG,2018-05-25,85.56,85.635,85.46
HYG,2018-05-29,85.2,85.4,85.16
HYG,2018-05-30,85.46,85.49,85.29
HYG,2018-05-31,85.38,85.5,85.36
HYG,2018-06-01,85.19,85.225,85.1
HYG,2018-06-04,85.37,85.415,85.23
HYG,2018-06-05,85.47,85.52,85.3
HYG,2018-06-06,85.68,85.71,85.38
HYG,2018-06-07,85.71,85.77,85.55
HYG,2018-06-08,85.66,85.73,85.57
HYG,2018-06-11,85.82,85.845,85.69
HYG,2018-06-12,85.89,85.9656,85.77
HYG,2018-06-13,85.92,86.05,85.83
HYG,2018-06-14,86.17,86.19,86.0314
HYG,2018-06-15,86.12,86.16,85.99
HYG,2018-06-18,86.11,86.13,85.98
HYG,2018-06-19,85.99,86.03,85.87
HYG,2018-06-20,86.08,86.13,86.03
HYG,2018-06-21,85.9,86.07,85.87
HYG,2018-06-22,85.91,86.09,85.88
HYG,2018-06-25,85.71,85.81,85.63
HYG,2018-06-26,85.7,85.73,85.6
HYG,2018-06-27,85.52,85.71,85.47
HYG,2018-06-28,85.28,85.41,85.16
HYG,2018-06-29,85.08,85.52,85.06
HYG,2018-07-02,84.78,84.8,84.6
HYG,2018-07-03,84.79,84.9595,84.74
HYG,2018-07-05,85.11,85.13,84.89
HYG,2018-07-06,85.33,85.33,85.12
HYG,2018-07-09,85.46,85.54,85.36
HYG,2018-07-10,85.47,85.58,85.46
HYG,2018-07-11,85.34,85.45,85.3
HYG,2018-07-12,85.61,85.65,85.4401
HYG,2018-07-13,85.61,85.72,85.61
HYG,2018-07-16,85.55,85.63,85.51
HYG,2018-07-17,85.58,85.65,85.445
HYG,2018-07-18,85.62,85.68,85.525
HYG,2018-07-19,85.58,85.64,85.49
HYG,2018-07-20,85.62,85.69,85.58
HYG,2018-07-23,85.59,85.69,85.59
HYG,2018-07-24,85.77,85.83,85.6
HYG,2018-07-25,85.93,85.95,85.72
HYG,2018-07-26,85.94,86.01,85.9
HYG,2018-07-27,85.91,85.98,85.8134
HYG,2018-07-30,85.94,86.0067,85.85
HYG,2018-07-31,86.12,86.15,86.05
HYG,2018-08-01,85.83,85.88,85.665
HYG,2018-08-02,85.88,85.89,85.72
HYG,2018-08-03,85.95,85.99,85.8501
HYG,2018-08-06,86.11,86.11,85.87
HYG,2018-08-07,86.15,86.23,86.08
HYG,2018-08-08,86.1,86.165,86.08
HYG,2018-08-09,86.04,86.14,86.0
HYG,2018-08-10,85.89,86.01,85.82
HYG,2018-08-13,85.83,85.96,85.77
HYG,2018-08-14,85.98,86.01,85.86
HYG,2018-08-15,85.83,85.9,85.73
HYG,2018-08-16,85.94,85.99,85.86
HYG,2018-08-17,86.04,86.07,85.9
HYG,2018-08-20,86.08,86.15,86.03
HYG,2018-08-21,86.21,86.29,86.09
HYG,2018-08-22,86.24,86.28,86.195
HYG,2018-08-23,86.23,86.32,86.19
HYG,2018-08-24,86.38,86.41,86.25
HYG,2018-08-27,86.41,86.46,86.37
HYG,2018-08-28,86.37,86.41,86.32
HYG,2018-08-29,86.32,86.39,86.28
HYG,2018-08-30,86.25,86.35,86.22
HYG,2018-08-31,86.36,86.42,86.28
HYG,2018-09-04,85.81,85.93,85.72
HYG,2018-09-05,85.72,85.8285,85.69
HYG,2018-09-06,85.79,85.83,85.72
HYG,2018-09-07,85.7,85.77,85.63
HYG,2018-09-10,85.87,85.89,85.77
HYG,2018-09-11,85.89,85.98,85.76
HYG,2018-09-12,86.09,86.15,85.92
HYG,2018-09-13,86.25,86.31,86.17
HYG,2018-09-14,86.33,86.39,86.23
HYG,2018-09-17,86.27,86.33,86.23
HYG,2018-09-18,86.26,86.36,86.24
HYG,2018-09-19,86.1,86.29,86.08
HYG,2018-09-20,86.22,86.22,85.93
HYG,2018-09-21,86.24,86.28,86.2
HYG,2018-09-24,86.2,86.25,86.08
HYG,2018-09-25,86.13,86.18,86.09
HYG,2018-09-26,86.22,86.335,86.17
HYG,2018-09-27,86.38,86.4,86.27
HYG,2018-09-28,86.44,86.465,86.28
HYG,2018-10-01,86.3,86.3,86.14
HYG,2018-10-02,86.23,86.3,86.18
HYG,2018-10-03,86.0,86.31,85.91
HYG,2018-10-04,85.68,85.9,85.58
HYG,2018-10-05,85.3,85.67,85.3
HYG,2018-10-08,85.11,85.36,85.08
HYG,2018-10-09,85.24,85.31,85.12
HYG,2018-10-10,84.63,85.11,84.61
HYG,2018-10-11,84.7,85.0,84.57
HYG,2018-10-12,85.15,85.21,84.94
HYG,2018-10-15,85.09,85.19,85.04
HYG,2018-10-16,85.38,85.4,85.24
HYG,2018-10-17,85.21,85.36,85.14
HYG,2018-10-18,84.85,85.19,84.85
HYG,2018-10-19,84.9,85.07,84.845
HYG,2018-10-22,84.94,85.15,84.87
HYG,2018-10-23,84.86,84.9,84.55
HYG,2018-10-24,84.44,84.92,84.41
HYG,2018-10-25,84.61,84.67,84.425
HYG,2018-10-26,84.23,84.53,84.165
HYG,2018-10-29,84.15,84.44,84.04
HYG,2018-10-30,84.35,84.35,83.985
HYG,2018-10-31,84.35,84.59,84.35
HYG,2018-11-01,84.32,84.41,84.0
HYG,2018-11-02,84.27,84.53,84.14
HYG,2018-11-05,84.34,84.44,84.23
HYG,2018-11-06,84.56,84.56,84.38
HYG,2018-11-07,85.05,85.07,84.635
HYG,2018-11-08,84.84,85.08,84.82
HYG,2018-11-09,84.36,84.68,84.28
HYG,2018-11-12,83.84,84.41,83.81
HYG,2018-11-13,83.7,84.015,83.63
HYG,2018-11-14,83.54,83.99,83.3402
HYG,2018-11-15,83.52,83.52,82.99
HYG,2018-11-16,83.27,83.3,83.0
HYG,2018-11-19,83.01,83.24,82.895
HYG,2018-11-20,82.75,82.965,82.7
HYG,2018-11-21,83.17,83.34,83.07
HYG,2018-11-23,82.71,82.9,82.71
HYG,2018-11-26,83.1,83.14,82.91
HYG,2018-11-27,83.06,83.07,82.87
HYG,2018-11-28,83.75,83.77,83.06
HYG,2018-11-29,83.77,83.89,83.54
HYG,2018-11-30,83.6,83.74,83.5501
HYG,2018-12-03,83.8,83.83,83.5
HYG,2018-12-04,83.28,83.7063,83.2
HYG,2018-12-06,82.99,83.09,82.72
HYG,2018-12-07,82.83,83.385,82.825
HYG,2018-12-10,82.89,82.955,82.56
HYG,2018-12-11,83.04,83.26,82.97
HYG,2018-12-12,83.31,83.59,83.29
HYG,2018-12-13,83.51,83.6,83.43
HYG,2018-12-14,83.16,83.48,83.1
HYG,2018-12-17,82.62,83.16,82.55
HYG,2018-12-18,82.08,82.43,81.9
HYG,2018-12-19,81.34,82.26,81.24
HYG,2018-12-20,80.63,81.19,80.01
HYG,2018-12-21,80.23,80.925,80.1
HYG,2018-12-24,79.63,80.35,79.63
HYG,2018-12-26,80.97,80.97,79.55
HYG,2018-12-27,80.92,80.975,80.38
HYG,2018-12-28,81.04,81.32,80.85
HYG,2018-12-31,81.1,81.33,81.0931
HYG,2019-01-02,80.99,81.11,80.65
HYG,2019-01-03,81.03,81.155,80.781
HYG,2019-01-04,82.39,82.495,81.57
HYG,2019-01-07,83.19,83.19,82.57
HYG,2019-01-08,83.73,83.74,83.26
HYG,2019-01-09,83.83,84.01,83.79
HYG,2019-01-10,84.16,84.21,83.55
HYG,2019-01-11,83.89,83.98,83.78
HYG,2019-01-14,83.62,83.77,83.55
HYG,2019-01-15,83.9,83.94,83.55
HYG,2019-01-16,84.03,84.14,83.96
HYG,2019-01-17,84.26,84.29,83.89
HYG,2019-01-18,84.5,84.67,84.39
HYG,2019-01-22,83.94,84.34,83.83
HYG,2019-01-23,84.11,84.23,83.87
HYG,2019-01-24,84.2,84.22,83.935
HYG,2019-01-25,84.41,84.49,84.34
HYG,2019-01-28,84.28,84.33,84.07
HYG,2019-01-29,84.23,84.35,84.03
HYG,2019-01-30,84.9,85.03,84.33
HYG,2019-01-31,85.11,85.24,84.88
HYG,2019-02-01,84.68,84.76,84.535
HYG,2019-02-04,84.88,84.93,84.61
HYG,2019-02-05,85.18,85.27,84.925
HYG,2019-02-06,85.1,85.21,85.02
HYG,2019-02-07,84.81,84.896,84.66
HYG,2019-02-08,84.79,84.81,84.58
HYG,2019-02-11,84.83,84.87,84.7
HYG,2019-02-12,85.24,85.27,85.07
HYG,2019-02-13,85.12,85.31,85.045
HYG,2019-02-14,85.13,85.22,84.855
HYG,2019-02-15,85.4,85.46,85.28
HYG,2019-02-19,85.43,85.48,85.26
HYG,2019-02-20,85.5,85.55,85.33
HYG,2019-02-21,85.42,85.53,85.35
HYG,2019-02-22,85.59,85.67,85.49
HYG,2019-02-25,85.66,85.83,85.62
HYG,2019-02-26,85.77,85.87,85.67
HYG,2019-02-27,85.8,85.86,85.725
HYG,2019-02-28,85.75,85.83,85.7
HYG,2019-03-01,85.61,85.66,85.5
HYG,2019-03-04,85.48,85.75,85.335
HYG,2019-03-05,85.44,85.49,85.36
HYG,2019-03-06,85.3,85.42,85.26
HYG,2019-03-07,85.24,85.34,85.08
HYG,2019-03-08,85.1,85.12,84.81
HYG,2019-03-11,85.38,85.39,85.05
HYG,2019-03-12,85.53,85.58,85.29
HYG,2019-03-13,85.76,85.77,85.56
HYG,2019-03-14,85.7,85.83,85.6781
HYG,2019-03-15,85.78,85.88,85.75
HYG,2019-03-18,85.75,85.83,85.67
HYG,2019-03-19,85.8,85.96,85.75
HYG,2019-03-20,86.17,86.3,85.65
HYG,2019-03-21,86.15,86.26,86.04
HYG,2019-03-22,85.84,86.05,85.75
HYG,2019-03-25,85.81,85.91,85.65
HYG,2019-03-26,86.02,86.15,85.885
HYG,2019-03-27,86.08,86.24,85.88
HYG,2019-03-28,86.25,86.25,86.04
HYG,2019-03-29,86.47,86.53,86.3
HYG,2019-04-01,86.07,86.28,86.05
HYG,2019-04-02,86.11,86.14,85.94
HYG,2019-04-03,86.14,86.31,86.1
HYG,2019-04-04,86.27,86.28,86.13
HYG,2019-04-05,86.43,86.5,86.34
HYG,2019-04-08,86.38,86.41,86.31
HYG,2019-04-09,86.32,86.4166,86.27
HYG,2019-04-10,86.7,86.7,86.43
HYG,2019-04-11,86.83,86.86,86.65
HYG,2019-04-12,86.96,87.01,86.792
HYG,2019-04-15,86.9,86.95,86.83
HYG,2019-04-16,86.85,86.97,86.82
HYG,2019-04-17,86.64,86.94,86.63
HYG,2019-04-18,86.68,86.79,86.58
HYG,2019-04-22,86.53,86.66,86.52
HYG,2019-04-23,86.83,86.88,86.59
HYG,2019-04-24,86.71,86.85,86.7
HYG,2019-04-25,86.75,86.81,86.57
HYG,2019-04-26,86.97,86.975,86.85
HYG,2019-04-29,86.93,87.0,86.93
HYG,2019-04-30,86.94,87.04,86.92
HYG,2019-05-01,86.29,86.865,86.275
HYG,2019-05-02,86.35,86.48,86.18
HYG,2019-05-03,86.57,86.6,86.47
HYG,2019-05-06,86.61,86.62,86.0
HYG,2019-05-07,86.09,86.45,85.95
HYG,2019-05-08,86.12,86.295,86.03
HYG,2019-05-09,85.99,86.055,85.68
HYG,2019-05-10,86.23,86.31,85.745
HYG,2019-05-13,85.44,85.765,85.42
HYG,2019-05-14,85.63,85.83,85.53
HYG,2019-05-15,85.71,85.76,85.44
HYG,2019-05-16,85.97,86.11,85.8
HYG,2019-05-17,85.94,86.1,85.79
HYG,2019-05-20,85.86,86.075,85.78
HYG,2019-05-21,86.13,86.15,85.99
HYG,2019-05-22,86.2,86.2,85.97
HYG,2019-05-23,85.77,85.99,85.67
HYG,2019-05-24,85.65,85.97,85.64
HYG,2019-05-28,85.57,85.82,85.49
HYG,2019-05-29,85.34,85.52,85.25
HYG,2019-05-30,85.52,85.65,85.44
HYG,2019-05-31,84.9,85.335,84.88
HYG,2019-06-03,84.65,84.78,84.4715
HYG,2019-06-04,85.5,85.51,84.91
HYG,2019-06-05,85.7,85.72,85.425
HYG,2019-06-06,85.88,85.96,85.57
HYG,2019-06-07,86.1,86.21,85.95
HYG,2019-06-10,86.23,86.34,86.18
HYG,2019-06-11,86.35,86.659,86.22
HYG,2019-06-12,86.15,86.345,86.13
HYG,2019-06-13,86.35,86.41,86.25
HYG,2019-06-14,86.29,86.36,86.22
HYG,2019-06-17,86.16,86.29,86.12
HYG,2019-06-18,86.76,86.77,86.54
HYG,2019-06-19,87.17,87.19,86.55
HYG,2019-06-20,87.61,87.65,87.29
HYG,2019-06-21,87.33,87.45,87.33
HYG,2019-06-24,87.32,87.37,87.28
HYG,2019-06-25,86.95,87.31,86.89
HYG,2019-06-26,86.91,87.16,86.875
HYG,2019-06-27,87.15,87.2,87.015
HYG,2019-06-28,87.18,87.25,87.15
HYG,2019-07-01,86.82,87.26,86.8
HYG,2019-07-02,87.01,87.06,86.835
HYG,2019-07-03,87.34,87.39,87.03
HYG,2019-07-05,86.99,87.09,86.85
HYG,2019-07-08,86.82,86.95,86.81
HYG,2019-07-09,86.72,86.8,86.7
HYG,2019-07-10,86.96,87.08,86.89
HYG,2019-07-11,86.79,87.01,86.67
HYG,2019-07-12,86.93,86.94,86.72
HYG,2019-07-15,86.99,87.07,86.86
HYG,2019-07-16,86.81,86.98,86.73
HYG,2019-07-17,86.7,86.88,86.69
HYG,2019-07-18,86.74,86.76,86.51
HYG,2019-07-19,86.59,86.78,86.56
HYG,2019-07-22,86.88,86.88,86.65
HYG,2019-07-23,87.03,87.06,86.85
HYG,2019-07-24,87.1,87.11,86.99
HYG,2019-07-25,86.98,87.15,86.91
HYG,2019-07-26,87.17,87.19,87.075
HYG,2019-07-29,87.04,87.16,86.96
HYG,2019-07-30,87.08,87.09,86.84
HYG,2019-07-31,86.93,87.26,86.575
HYG,2019-08-01,86.52,86.99,86.49
HYG,2019-08-02,86.39,86.49,86.18
HYG,2019-08-05,85.49,85.87,85.35
HYG,2019-08-06,86.04,86.115,85.67
HYG,2019-08-07,86.03,86.125,85.45
HYG,2019-08-08,86.37,86.415,86.05
HYG,2019-08-09,86.25,86.35,86.075
HYG,2019-08-12,85.95,86.14,85.88
HYG,2019-08-13,86.33,86.41,85.88
HYG,2019-08-14,85.56,85.965,85.5
HYG,2019-08-15,85.81,85.9,85.65
HYG,2019-08-16,86.1,86.13,85.94
HYG,2019-08-19,86.35,86.36,86.215
HYG,2019-08-20,86.42,86.47,86.25
HYG,2019-08-21,86.79,86.85,86.58
HYG,2019-08-22,86.95,87.03,86.75
HYG,2019-08-23,86.55,87.14,86.48
HYG,2019-08-26,86.98,86.98,86.74
HYG,2019-08-27,86.94,87.18,86.79
HYG,2019-08-28,87.15,87.19,86.885
HYG,2019-08-29,87.24,87.41,87.19
HYG,2019-08-30,87.16,87.39,86.97
HYG,2019-09-03,86.54,86.72,86.39
HYG,2019-09-04,86.72,86.75,86.585
HYG,2019-09-05,87.06,87.13,86.78
HYG,2019-09-06,87.14,87.3,87.04
HYG,2019-09-09,87.23,87.26,87.02
HYG,2019-09-10,87.28,87.31,87.1
HYG,2019-09-11,87.27,87.3,87.19
HYG,2019-09-12,87.32,87.43,87.25
HYG,2019-09-13,87.16,87.31,87.11
HYG,2019-09-16,87.47,87.48,87.18
HYG,2019-09-17,87.52,87.53,87.34
HYG,2019-09-18,87.47,87.54,87.19
HYG,2019-09-19,87.37,87.54,87.33
HYG,2019-09-20,87.48,87.51,87.335
HYG,2019-09-23,87.44,87.51,87.39
HYG,2019-09-24,87.32,87.53,87.21
HYG,2019-09-25,87.23,87.29,87.025
HYG,2019-09-26,87.17,87.26,87.04
HYG,2019-09-27,87.07,87.23,87.0
HYG,2019-09-30,87.17,87.17,87.02
HYG,2019-10-01,86.62,86.86,86.55
HYG,2019-10-02,86.11,86.58,86.04
HYG,2019-10-03,86.16,86.24,85.75
HYG,2019-10-04,86.43,86.44,86.2044
HYG,2019-10-07,86.36,86.49,86.25
HYG,2019-10-08,86.04,86.32,86.04
HYG,2019-10-09,86.3,86.38,86.25
HYG,2019-10-10,86.41,86.48,86.3025
HYG,2019-10-11,86.77,86.83,86.57
HYG,2019-10-14,86.83,86.87,86.69
HYG,2019-10-15,87.02,87.07,86.8
HYG,2019-10-16,86.95,87.01,86.94
HYG,2019-10-17,87.07,87.1,87.0
HYG,2019-10-18,87.09,87.13,86.96
HYG,2019-10-21,87.12,87.17,87.11
HYG,2019-10-22,87.14,87.18,87.08
HYG,2019-10-23,87.22,87.23,87.09
HYG,2019-10-24,87.32,87.32,87.17
HYG,2019-10-25,87.39,87.42,87.3
HYG,2019-10-28,87.38,87.44,87.36
HYG,2019-10-29,87.22,87.4,87.2
HYG,2019-10-30,87.11,87.28,87.0
HYG,2019-10-31,86.81,87.1,86.79
HYG,2019-11-01,86.82,86.91,86.58
HYG,2019-11-04,87.0,87.05,86.94
HYG,2019-11-05,86.91,87.08,86.82
HYG,2019-11-06,86.81,86.91,86.784
HYG,2019-11-07,86.77,86.98,86.7501
HYG,2019-11-08,86.85,86.88,86.64
HYG,2019-11-11,86.8,86.84,86.68
HYG,2019-11-12,86.82,86.89,86.73
HYG,2019-11-13,86.73,86.765,86.68
HYG,2019-11-14,86.68,86.8,86.65
HYG,2019-11-15,86.94,86.95,86.76
HYG,2019-11-18,86.83,86.9,86.79
HYG,2019-11-19,86.52,86.75,86.52
HYG,2019-11-20,86.34,86.58,86.33
HYG,2019-11-21,86.36,86.45,86.27
HYG,2019-11-22,86.69,86.69,86.4
HYG,2019-11-25,86.92,86.94,86.71
HYG,2019-11-26,87.02,87.02,86.9
HYG,2019-11-27,87.13,87.15,86.95
HYG,2019-11-29,86.94,87.11,86.93
HYG,2019-12-02,86.54,86.63,86.35
HYG,2019-12-03,86.42,86.47,86.24
HYG,2019-12-04,86.68,86.71,86.46
HYG,2019-12-05,86.81,86.81,86.58
HYG,2019-12-06,86.93,87.01,86.85
HYG,2019-12-09,86.93,87.0,86.9
HYG,2019-12-10,87.14,87.15,86.9
HYG,2019-12-11,87.32,87.34,87.09
HYG,2019-12-12,87.52,87.605,87.33
HYG,2019-12-13,87.61,87.645,87.5
HYG,2019-12-16,87.78,87.83,87.7
HYG,2019-12-17,88.05,88.05,87.785
HYG,2019-12-18,88.21,88.25,88.061
HYG,2019-12-19,87.85,87.925,87.72
HYG,2019-12-20,87.72,87.99,87.7
HYG,2019-12-23,87.76,87.8,87.73
HYG,2019-12-24,87.83,87.83,87.73
HYG,2019-12-26,87.96,87.99,87.89
HYG,2019-12-27,87.92,88.02,87.89
HYG,2019-12-30,87.86,88.017,87.77
HYG,2020-01-02,88.31,88.32,88.05
HYG,2020-01-03,88.22,88.28,88.04
HYG,2020-01-06,88.13,88.18,88.05
HYG,2020-01-07,88.05,88.16,88.04
HYG,2020-01-08,88.13,88.23,88.02
HYG,2020-01-09,88.36,88.37,88.17
HYG,2020-01-10,88.39,88.41,88.3
HYG,2020-01-13,88.39,88.45,88.35
HYG,2020-01-14,88.38,88.485,88.28
HYG,2020-01-15,88.4,88.53,88.39
HYG,2020-01-16,88.43,88.53,88.38
HYG,2020-01-17,88.36,88.51,88.36
HYG,2020-01-21,88.17,88.43,88.17
HYG,2020-01-22,88.33,88.37,88.23
HYG,2020-01-23,88.06,88.2,88.02
HYG,2020-01-24,87.69,88.07,87.645
HYG,2020-01-27,87.1,87.38,86.96
HYG,2020-01-28,87.85,87.96,87.39
HYG,2020-01-29,87.8,87.999,87.78
HYG,2020-01-30,87.89,87.91,87.5
HYG,2020-01-31,87.53,87.8,87.39
HYG,2020-02-03,87.15,87.465,87.125
HYG,2020-02-04,87.67,87.69,87.48
HYG,2020-02-05,88.03,88.06,87.835
HYG,2020-02-06,88.1,88.15,87.87
HYG,2020-02-07,87.97,88.045,87.88
HYG,2020-02-10,88.09,88.1,87.88
HYG,2020-02-11,88.15,88.28,88.15
HYG,2020-02-12,88.38,88.46,88.26
HYG,2020-02-13,88.41,88.46,88.29
HYG,2020-02-14,88.4,88.49,88.35
HYG,2020-02-18,88.22,88.4,88.145
HYG,2020-02-19,88.26,88.37,88.25
HYG,2020-02-20,88.41,88.44,88.06
HYG,2020-02-21,88.33,88.38,88.16
HYG,2020-02-24,87.38,87.6,87.2
HYG,2020-02-25,86.77,87.81,86.69
HYG,2020-02-26,86.86,87.25,86.595
HYG,2020-02-27,85.69,86.69,85.52
HYG,2020-02-28,86.04,86.145,84.69
HYG,2020-03-02,86.31,86.4,82.87
HYG,2020-03-03,85.94,87.19,85.74
HYG,2020-03-04,87.12,87.16,86.59
HYG,2020-03-05,86.02,86.51,85.8501
HYG,2020-03-06,85.05,85.15,84.09
HYG,2020-03-09,81.39,83.49,79.64
HYG,2020-03-10,82.64,82.87,81.13
HYG,2020-03-11,80.84,81.685,80.2
HYG,2020-03-12,77.61,80.25,76.23
HYG,2020-03-13,80.05,80.3,78.14
HYG,2020-03-16,75.65,77.65,74.3
HYG,2020-03-17,76.36,77.7,74.63
HYG,2020-03-18,72.99,74.75,71.91
HYG,2020-03-19,71.35,72.67,70.77
HYG,2020-03-20,69.75,72.14,69.41
HYG,2020-03-23,68.63,70.12,67.52
HYG,2020-03-24,71.46,71.95,69.9
HYG,2020-03-25,73.47,75.57,72.08
HYG,2020-03-26,76.83,76.83,73.7
HYG,2020-03-27,77.03,78.37,75.36
HYG,2020-03-30,77.69,78.04,76.64
HYG,2020-03-31,77.07,77.71,76.98
HYG,2020-04-01,74.58,75.27,74.37
HYG,2020-04-02,75.16,76.3,74.23
HYG,2020-04-03,73.55,75.2,73.32
HYG,2020-04-06,75.34,75.56,74.81
HYG,2020-04-07,75.34,76.72,75.24
HYG,2020-04-08,77.3,77.63,75.6903
HYG,2020-04-09,82.36,84.05,81.51
HYG,2020-04-13,81.18,81.92,80.42
HYG,2020-04-14,81.52,82.09,80.97
HYG,2020-04-15,80.76,80.91,79.96
HYG,2020-04-16,80.68,80.75,79.93
HYG,2020-04-17,81.09,81.4,80.85
HYG,2020-04-20,79.87,80.79,79.72
HYG,2020-04-21,78.41,79.06,78.25
HYG,2020-04-22,79.1,79.37,78.84
HYG,2020-04-23,79.06,79.66,78.73
HYG,2020-04-24,78.32,79.23,78.16
HYG,2020-04-27,78.64,78.9296,78.51
HYG,2020-04-28,78.88,79.12,78.445
HYG,2020-04-29,80.27,80.36,79.27
HYG,2020-04-30,80.43,80.56,79.53
HYG,2020-05-01,78.68,79.54,78.61
HYG,2020-05-04,78.57,78.87,78.2
HYG,2020-05-05,79.25,79.25,78.815
HYG,2020-05-06,78.8,79.425,78.77
HYG,2020-05-07,79.0,79.71,78.97
HYG,2020-05-08,79.75,79.76,79.27
HYG,2020-05-11,79.39,79.72,79.34
HYG,2020-05-12,79.29,80.0,79.29
HYG,2020-05-13,78.87,79.42,78.74
HYG,2020-05-14,78.6,78.9,77.98
HYG,2020-05-15,78.71,78.84,78.17
HYG,2020-05-18,80.1,80.16,79.66
HYG,2020-05-19,80.2,80.43,79.89
HYG,2020-05-20,81.05,81.25,80.55
HYG,2020-05-21,81.03,81.2252,80.795
HYG,2020-05-22,81.23,81.33,80.805
HYG,2020-05-26,81.84,82.16,81.18
HYG,2020-05-27,82.01,82.45,81.655
HYG,2020-05-28,82.09,82.55,81.94
HYG,2020-05-29,82.42,82.62,81.88
HYG,2020-06-01,82.72,82.75,81.8198
HYG,2020-06-02,83.54,83.58,82.62
HYG,2020-06-03,83.93,84.38,83.78
HYG,2020-06-04,83.67,83.98,83.52
HYG,2020-06-05,84.46,85.03,84.4
HYG,2020-06-08,84.56,84.68,84.351
HYG,2020-06-09,83.9,84.15,83.58
HYG,2020-06-10,83.78,84.22,83.26
HYG,2020-06-11,81.63,82.62,81.47
HYG,2020-06-12,82.44,82.87,81.85
HYG,2020-06-15,83.24,83.78,81.72
HYG,2020-06-16,83.58,84.33,83.31
HYG,2020-06-17,83.19,83.62,83.15
HYG,2020-06-18,83.16,83.21,82.83
HYG,2020-06-19,82.88,83.368,82.705
HYG,2020-06-22,82.82,83.03,82.69
HYG,2020-06-23,82.94,83.1398,82.89
HYG,2020-06-24,82.09,82.78,81.54
HYG,2020-06-25,82.12,82.17,81.49
HYG,2020-06-26,81.34,82.01,81.23
HYG,2020-06-29,80.88,81.45,80.48
HYG,2020-06-30,81.62,81.8,81.08
HYG,2020-07-01,81.53,81.77,81.41
HYG,2020-07-02,82.13,82.51,81.97
HYG,2020-07-06,82.72,82.74,82.41
HYG,2020-07-07,82.17,82.84,82.13
HYG,2020-07-08,82.39,82.495,82.12
HYG,2020-07-09,82.21,82.46,81.83
HYG,2020-07-10,82.49,82.54,81.98
HYG,2020-07-13,82.04,82.91,82.03
HYG,2020-07-14,82.74,82.78,82.04
HYG,2020-07-15,83.21,83.31,82.9127
HYG,2020-07-16,83.29,83.3,83.08
HYG,2020-07-17,83.52,83.55,83.21
HYG,2020-07-20,84.02,84.06,83.51
HYG,2020-07-21,84.41,84.58,84.27
HYG,2020-07-22,84.58,84.62,84.34
HYG,2020-07-23,84.52,84.615,83.965
HYG,2020-07-24,84.6,84.695,84.295
HYG,2020-07-27,84.8,84.82,84.51
HYG,2020-07-28,84.58,84.8,84.5
HYG,2020-07-29,85.05,85.11,84.7
HYG,2020-07-30,85.23,85.27,84.74
HYG,2020-07-31,85.39,85.4,84.9
HYG,2020-08-03,85.07,85.105,84.85
HYG,2020-08-04,85.04,85.065,84.8
HYG,2020-08-05,85.19,85.23,85.01
HYG,2020-08-06,85.38,85.4,85.1
HYG,2020-08-07,85.17,85.35,85.05
HYG,2020-08-10,85.21,85.3,85.01
HYG,2020-08-11,84.44,85.265,84.4
HYG,2020-08-12,84.46,85.02,84.46
HYG,2020-08-13,84.23,84.81,84.15
HYG,2020-08-14,84.08,84.3,83.92
HYG,2020-08-17,84.58,84.62,84.1
HYG,2020-08-18,84.71,84.77,84.41
HYG,2020-08-19,84.47,84.785,84.37
HYG,2020-08-20,84.75,84.75,84.32
HYG,2020-08-21,84.74,84.81,84.625
HYG,2020-08-24,85.13,85.17,84.89
HYG,2020-08-25,85.22,85.28,84.91
HYG,2020-08-26,85.21,85.37,85.17
HYG,2020-08-27,85.08,85.35,84.9
HYG,2020-08-28,85.15,85.27,85.09
HYG,2020-08-31,85.03,85.23,84.985
HYG,2020-09-01,85.15,85.23,84.64
HYG,2020-09-02,85.25,85.39,84.945
HYG,2020-09-03,84.72,85.12,84.37
HYG,2020-09-04,84.49,84.94,83.98
HYG,2020-09-08,84.02,84.41,83.91
HYG,2020-09-09,84.68,84.74,84.25
HYG,2020-09-10,84.28,84.83,84.2502
HYG,2020-09-11,84.45,84.4899,84.1
HYG,2020-09-14,84.36,84.7,84.27
HYG,2020-09-15,84.59,84.715,84.44
HYG,2020-09-16,84.59,84.99,84.51
HYG,2020-09-17,84.5,84.655,84.24
HYG,2020-09-18,84.29,84.69,84.25
HYG,2020-09-21,83.61,84.0295,83.375
HYG,2020-09-22,83.9,83.95,83.52
HYG,2020-09-23,83.05,83.98,82.962
HYG,2020-09-24,83.1,83.34,82.56
HYG,2020-09-25,82.95,83.16,82.76
HYG,2020-09-28,83.49,83.62,83.19
HYG,2020-09-29,83.56,83.61,83.29
HYG,2020-09-30,83.9,84.03,83.5494
HYG,2020-10-01,83.83,83.89,83.69
HYG,2020-10-02,83.83,83.87,83.28
HYG,2020-10-05,84.46,84.48,83.92
HYG,2020-10-06,84.27,84.75,84.22
HYG,2020-10-07,84.57,84.63,84.465
HYG,2020-10-08,84.76,84.85,84.64
HYG,2020-10-09,84.95,85.03,84.763
HYG,2020-10-12,85.38,85.47,85.13
HYG,2020-10-13,85.0,85.26,84.93
HYG,2020-10-14,84.79,85.02,84.715
HYG,2020-10-15,84.73,84.78,84.32
HYG,2020-10-16,84.63,84.94,84.52
HYG,2020-10-19,84.33,84.86,84.3
HYG,2020-10-20,84.63,84.77,84.47
HYG,2020-10-21,84.62,84.8,84.53
HYG,2020-10-22,84.77,84.835,84.45
HYG,2020-10-23,84.87,84.92,84.665
HYG,2020-10-26,84.12,84.62,84.09
HYG,2020-10-27,84.16,84.34,84.12
HYG,2020-10-28,83.46,83.72,83.31
HYG,2020-10-29,83.7,83.735,83.27
HYG,2020-10-30,83.88,83.92,83.43
HYG,2020-11-02,83.72,86.63,83.49
HYG,2020-11-03,84.44,84.44,83.89
HYG,2020-11-04,85.23,85.41,84.66
HYG,2020-11-05,85.53,85.88,85.415
HYG,2020-11-06,85.23,85.58,85.11
HYG,2020-11-09,85.88,86.9,85.84
HYG,2020-11-10,85.76,86.06,83.38
HYG,2020-11-11,85.73,85.93,85.63
HYG,2020-11-12,85.15,85.65,85.15
HYG,2020-11-13,85.44,85.525,85.24
HYG,2020-11-16,85.92,85.96,85.69
HYG,2020-11-17,85.95,86.11,85.715
HYG,2020-11-18,85.79,86.14,85.76
HYG,2020-11-19,86.08,86.14,85.65
HYG,2020-11-20,85.92,86.02,85.85
HYG,2020-11-23,86.05,86.21,85.96
HYG,2020-11-24,86.31,86.52,86.21
HYG,2020-11-25,86.27,86.42,86.19
HYG,2020-11-27,86.41,86.5,86.385
HYG,2020-11-30,86.32,86.43,86.15
HYG,2020-12-01,86.2,86.39,86.18
HYG,2020-12-02,86.44,86.55,86.15
HYG,2020-12-03,86.49,86.7,86.44
HYG,2020-12-04,86.85,86.9,86.52
HYG,2020-12-07,86.81,86.84,86.675
HYG,2020-12-08,86.74,86.85,86.7
HYG,2020-12-09,86.61,86.85,86.49
HYG,2020-12-10,86.77,86.88,86.46
HYG,2020-12-11,86.68,86.86,86.535
HYG,2020-12-14,86.7,86.875,86.6
HYG,2020-12-15,86.97,87.0,86.68
HYG,2020-12-16,86.84,86.97,86.6
HYG,2020-12-17,86.61,86.675,86.51
HYG,2020-12-18,86.68,86.72,86.55
HYG,2020-12-21,86.37,86.55,86.22
HYG,2020-12-22,86.48,86.54,86.35
HYG,2020-12-23,86.87,86.905,86.6
HYG,2020-12-24,87.05,87.05,86.94
HYG,2020-12-28,87.16,87.23,87.04
HYG,2020-12-29,87.05,87.31,87.0355
HYG,2020-12-30,87.23,87.28,87.08
HYG,2020-12-31,87.3,87.34,87.17
HYG,2021-01-04,87.12,87.4,86.87
HYG,2021-01-05,87.15,87.25,86.98
HYG,2021-01-06,86.99,87.34,86.97
HYG,2021-01-07,87.24,87.37,87.13
HYG,2021-01-08,87.37,87.38,87.14
HYG,2021-01-11,86.9,87.17,86.89
HYG,2021-01-12,87.01,87.07,86.79
HYG,2021-01-13,87.27,87.31,86.95
HYG,2021-01-14,87.25,87.38,87.22
HYG,2021-01-15,87.11,87.27,87.05
HYG,2021-01-19,87.36,87.38,87.145
HYG,2021-01-20,87.52,87.62,87.37
HYG,2021-01-21,87.47,87.57,87.38
HYG,2021-01-22,87.3,87.39,87.18
HYG,2021-01-25,87.32,87.335,87.03
HYG,2021-01-26,87.19,87.33,87.18
HYG,2021-01-27,86.94,87.22,86.81
HYG,2021-01-28,87.2,87.49,87.14
HYG,2021-01-29,86.97,87.37,86.89
HYG,2021-02-01,86.93,86.97,86.655
HYG,2021-02-02,87.14,87.26,87.09
HYG,2021-02-03,87.21,87.36,87.17
HYG,2021-02-04,87.39,87.47,87.31
HYG,2021-02-05,87.52,87.64,87.475
HYG,2021-02-08,87.78,87.78,87.56
HYG,2021-02-09,87.62,87.725,87.57
HYG,2021-02-10,87.6,87.68,87.47
HYG,2021-02-11,87.64,87.68,87.54
HYG,2021-02-12,87.78,87.79,87.55
HYG,2021-02-16,87.64,87.74,87.57
HYG,2021-02-17,87.61,87.61,87.43
HYG,2021-02-18,87.49,87.59,87.39
HYG,2021-02-19,87.5,87.63,87.48
HYG,2021-02-22,87.23,87.46,87.23
HYG,2021-02-23,87.44,87.51,87.01
HYG,2021-02-24,87.53,87.53,87.23
HYG,2021-02-25,86.7,87.42,86.6
HYG,2021-02-26,86.44,86.92,86.405
HYG,2021-03-01,87.1,87.16,86.56
HYG,2021-03-02,86.97,87.16,86.93
HYG,2021-03-03,86.69,86.91,86.655
HYG,2021-03-04,86.36,86.9464,86.08
HYG,2021-03-05,86.62,86.72,86.09
HYG,2021-03-08,85.99,86.64,85.965
HYG,2021-03-09,86.11,86.445,86.08
HYG,2021-03-10,86.38,86.5,86.15
HYG,2021-03-11,86.7,86.86,86.58
HYG,2021-03-12,86.46,86.6,86.37
HYG,2021-03-15,86.47,86.55,86.31
HYG,2021-03-16,86.27,86.485,86.18
HYG,2021-03-17,86.39,86.65,86.04
HYG,2021-03-18,85.73,86.17,85.71
HYG,2021-03-19,86.06,86.15,85.65
HYG,2021-03-22,86.37,86.5175,86.15
HYG,2021-03-23,86.46,86.5,86.245
HYG,2021-03-24,86.51,86.8,86.51
HYG,2021-03-25,86.66,86.66,86.36
HYG,2021-03-26,86.92,86.93,86.57
HYG,2021-03-29,86.97,87.0,86.695
HYG,2021-03-30,86.76,86.88,86.74
HYG,2021-03-31,87.18,87.21,86.85
HYG,2021-04-01,87.07,87.07,86.85
HYG,2021-04-05,87.11,87.18,87.04
HYG,2021-04-06,87.26,87.3,87.13
HYG,2021-04-07,87.23,87.315,87.17
HYG,2021-04-08,87.26,87.36,87.24
HYG,2021-04-09,87.2,87.21,87.1
HYG,2021-04-12,87.11,87.14,87.02
HYG,2021-04-13,87.17,87.2,86.905
HYG,2021-04-14,87.13,87.29,87.09
HYG,2021-04-15,87.48,87.48,87.27
HYG,2021-04-16,87.3,87.53,87.3
HYG,2021-04-19,87.16,87.29,87.12
HYG,2021-04-20,87.01,87.135,86.96
HYG,2021-04-21,87.3,87.3,86.96
HYG,2021-04-22,87.14,87.33,87.12
HYG,2021-04-23,87.37,87.445,87.19
HYG,2021-04-26,87.33,87.48,87.29
HYG,2021-04-27,87.21,87.38,87.21
HYG,2021-04-28,87.38,87.45,87.17
HYG,2021-04-29,87.48,87.55,87.35
HYG,2021-04-30,87.44,87.49,87.345
HYG,2021-05-03,87.18,87.33,87.17
HYG,2021-05-04,87.13,87.15,86.97
HYG,2021-05-05,87.3,87.32,87.08
HYG,2021-05-06,87.27,87.335,87.15
HYG,2021-05-07,87.33,87.41,87.23
HYG,2021-05-10,87.13,87.38,87.13
HYG,2021-05-11,87.04,87.09,86.81
HYG,2021-05-12,86.62,86.98,86.62
HYG,2021-05-13,86.93,87.0,86.76
HYG,2021-05-14,87.21,87.21,87.02
HYG,2021-05-17,87.05,87.21,86.985
HYG,2021-05-18,86.84,87.17,86.83
HYG,2021-05-19,86.61,86.84,86.57
HYG,2021-05-20,86.98,87.34,86.68
HYG,2021-05-21,87.11,87.13,86.92
HYG,2021-05-24,87.21,87.305,87.1
HYG,2021-05-25,87.22,87.28,87.135
HYG,2021-05-26,87.25,87.27,87.16
HYG,2021-05-27,87.21,87.38,87.2
HYG,2021-05-28,87.18,87.35,87.18
HYG,2021-06-01,87.15,87.16,87.0
HYG,2021-06-02,87.26,87.27,87.12
HYG,2021-06-03,87.08,87.23,86.9853
HYG,2021-06-04,87.27,87.31,87.17
HYG,2021-06-07,87.3,87.35,87.26
HYG,2021-06-08,87.36,87.44,87.31
HYG,2021-06-09,87.43,87.49,87.4
HYG,2021-06-10,87.59,87.66,87.46
HYG,2021-06-11,87.62,87.69,87.55
HYG,2021-06-14,87.54,87.59,87.47
HYG,2021-06-15,87.53,87.565,87.44
HYG,2021-06-16,87.41,87.57,87.26
HYG,2021-06-17,87.47,87.5,87.38
HYG,2021-06-18,87.43,87.45,87.29
HYG,2021-06-21,87.6,87.6,87.45
HYG,2021-06-22,87.66,87.66,87.52
HYG,2021-06-23,87.57,87.75,87.57
HYG,2021-06-24,87.84,87.84,87.7
HYG,2021-06-25,87.93,87.95,87.83
HYG,2021-06-28,87.92,87.97,87.86
HYG,2021-06-29,88.03,88.03,87.93
HYG,2021-06-30,88.04,88.065,87.96
HYG,2021-07-01,87.92,87.92,87.81
HYG,2021-07-02,88.06,88.07,87.92
HYG,2021-07-06,88.01,88.08,87.94
HYG,2021-07-07,88.04,88.1,87.93
HYG,2021-07-08,87.85,87.93,87.77
HYG,2021-07-09,88.0,88.02,87.87
HYG,2021-07-12,87.97,88.02,87.885
HYG,2021-07-13,87.71,87.955,87.7
HYG,2021-07-14,87.85,87.88,87.74
HYG,2021-07-15,87.79,87.82,87.715
HYG,2021-07-16,87.67,87.84,87.64
HYG,2021-07-19,87.08,87.49,86.98
HYG,2021-07-20,87.52,87.53,87.08
HYG,2021-07-21,87.73,87.76,87.56
HYG,2021-07-22,87.78,87.85,87.65
HYG,2021-07-23,87.95,87.99,87.83
HYG,2021-07-26,87.82,87.97,87.78
HYG,2021-07-27,87.7,87.77,87.56
HYG,2021-07-28,87.77,87.845,87.665
HYG,2021-07-29,87.96,88.0,87.83
HYG,2021-07-30,87.84,87.97,87.84
HYG,2021-08-02,87.34,87.69,87.34
HYG,2021-08-03,87.44,87.46,87.28
HYG,2021-08-04,87.28,87.42,87.28
HYG,2021-08-05,87.48,87.52,87.33
HYG,2021-08-06,87.38,87.52,87.37
HYG,2021-08-09,87.18,87.36,87.175
HYG,2021-08-10,86.98,87.2,86.97
HYG,2021-08-11,87.12,87.155,87.01
HYG,2021-08-12,87.27,87.29,87.09
HYG,2021-08-13,87.46,87.46,87.3
HYG,2021-08-16,87.49,87.49,87.35
HYG,2021-08-17,87.29,87.395,87.2
HYG,2021-08-18,87.09,87.39,87.09
HYG,2021-08-19,87.08,87.2,86.95
IWM,2000-05-26,91.44,91.44,90.56
IWM,2000-05-30,94.81,94.81,92.75
IWM,2000-05-31,95.16,96.38,95.13
IWM,2000-06-01,97.31,97.31,97.11
IWM,2000-06-02,102.38,102.38,101.72
IWM,2000-06-05,102.0,103.13,101.88
IWM,2000-06-06,103.0,104.81,102.69
IWM,2000-06-07,51.565,51.565,50.72
IWM,2000-06-08,51.44,52.125,51.44
IWM,2000-06-09,52.345,52.345,51.905
IWM,2000-06-12,50.78,52.5,50.75
IWM,2000-06-13,51.44,51.44,50.19
IWM,2000-06-14,102.38,103.72,102.38
IWM,2000-06-15,102.5,102.5,100.77
IWM,2000-06-16,101.94,103.0,101.94
IWM,2000-06-19,104.5,104.5,102.03
IWM,2000-06-20,105.19,105.34,104.25
IWM,2000-06-21,105.69,105.88,104.25
IWM,2000-06-22,102.69,106.0,102.69
IWM,2000-06-23,101.81,103.5,101.0
IWM,2000-06-26,103.06,103.06,101.75
IWM,2000-06-27,101.44,104.13,101.44
IWM,2000-06-28,104.0,104.38,101.88
IWM,2000-06-29,102.38,103.69,102.06
IWM,2000-06-30,103.36,103.36,101.59
IWM,2000-07-03,104.81,104.81,103.0
IWM,2000-07-05,103.63,104.25,103.27
IWM,2000-07-06,104.84,104.84,102.69
IWM,2000-07-07,105.5,105.91,104.86
IWM,2000-07-10,106.19,106.56,105.44
IWM,2000-07-11,106.06,106.59,105.69
IWM,2000-07-12,108.19,108.19,106.5
IWM,2000-07-13,108.53,108.53,108.0
IWM,2000-07-14,108.63,109.09,107.75
IWM,2000-07-17,109.0,109.19,108.44
IWM,2000-07-18,107.13,108.28,107.13
IWM,2000-07-19,105.25,106.78,105.25
IWM,2000-07-20,107.0,107.0,106.25
IWM,2000-07-21,104.06,106.38,104.06
IWM,2000-07-24,102.55,104.63,102.33
IWM,2000-07-25,102.75,103.36,102.13
IWM,2000-07-26,102.56,102.56,100.94
IWM,2000-07-27,99.75,102.36,99.75
IWM,2000-07-28,98.0,100.33,97.75
IWM,2000-07-31,100.19,100.19,97.38
IWM,2000-08-01,99.84,100.13,99.28
IWM,2000-08-02,100.0,100.56,99.0
IWM,2000-08-03,100.13,100.13,98.06
IWM,2000-08-04,100.44,101.16,99.84
IWM,2000-08-07,102.3,102.3,100.81
IWM,2000-08-08,101.81,102.31,101.81
IWM,2000-08-09,101.08,102.56,101.08
IWM,2000-08-10,100.5,101.19,100.19
IWM,2000-08-11,102.25,102.25,99.5
IWM,2000-08-14,103.31,103.31,101.88
IWM,2000-08-15,101.81,103.25,101.81
IWM,2000-08-16,102.31,103.06,101.88
IWM,2000-08-17,103.25,103.69,102.44
IWM,2000-08-18,103.09,103.88,102.88
IWM,2000-08-21,103.47,103.84,102.81
IWM,2000-08-22,103.31,104.19,103.31
IWM,2000-08-23,103.16,103.5,102.75
IWM,2000-08-24,104.69,105.25,103.72
IWM,2000-08-25,105.13,105.38,104.44
IWM,2000-08-28,105.31,106.25,105.13
IWM,2000-08-29,106.31,106.31,105.25
IWM,2000-08-30,106.44,106.81,105.84
IWM,2000-08-31,107.5,108.31,106.81
IWM,2000-09-01,108.38,108.56,107.48
IWM,2000-09-05,107.63,108.56,107.63
IWM,2000-09-06,107.16,108.13,107.0
IWM,2000-09-07,108.75,108.81,107.63
IWM,2000-09-08,106.88,108.44,106.88
IWM,2000-09-11,107.0,107.83,106.63
IWM,2000-09-12,106.66,107.63,106.5
IWM,2000-09-13,107.19,107.38,106.19
IWM,2000-09-14,107.81,108.22,107.17
IWM,2000-09-15,105.81,107.38,105.63
IWM,2000-09-18,103.31,106.28,103.02
IWM,2000-09-19,105.0,105.38,103.27
IWM,2000-09-20,103.81,104.63,103.25
IWM,2000-09-21,101.88,104.0,101.88
IWM,2000-09-22,103.19,103.19,100.0
IWM,2000-09-25,103.31,104.36,103.25
IWM,2000-09-26,101.84,103.25,101.31
IWM,2000-09-27,101.38,102.81,101.0
IWM,2000-09-28,104.13,104.31,101.56
IWM,2000-09-29,103.63,104.39,103.63
IWM,2000-10-02,101.94,104.41,101.94
IWM,2000-10-03,100.45,103.17,100.45
IWM,2000-10-04,101.16,101.16,99.63
IWM,2000-10-05,100.13,101.63,100.06
IWM,2000-10-06,97.69,100.31,97.56
IWM,2000-10-09,97.47,97.75,96.63
IWM,2000-10-10,95.13,98.11,95.13
IWM,2000-10-11,94.81,95.63,94.0
IWM,2000-10-12,91.94,95.69,91.94
IWM,2000-10-13,95.5,96.28,92.13
IWM,2000-10-16,96.25,97.06,95.44
IWM,2000-10-17,93.83,96.52,93.14
IWM,2000-10-18,93.06,93.63,91.25
IWM,2000-10-19,95.94,96.19,94.56
IWM,2000-10-20,97.16,98.06,96.64
IWM,2000-10-23,98.13,98.25,97.33
IWM,2000-10-24,96.69,99.06,96.69
IWM,2000-10-25,94.53,97.0,94.53
IWM,2000-10-26,96.0,96.0,93.69
IWM,2000-10-27,96.06,96.5,95.25
IWM,2000-10-30,96.5,97.06,95.06
IWM,2000-10-31,99.0,99.36,96.88
IWM,2000-11-01,99.06,99.44,98.56
IWM,2000-11-02,101.44,101.63,99.75
IWM,2000-11-03,101.31,101.63,100.75
IWM,2000-11-06,100.53,102.19,100.44
IWM,2000-11-07,101.38,101.38,100.13
IWM,2000-11-08,99.56,101.5,99.56
IWM,2000-11-09,98.5,99.38,97.06
IWM,2000-11-10,96.0,98.75,96.0
IWM,2000-11-13,95.03,95.78,92.63
IWM,2000-11-14,97.31,97.63,96.75
IWM,2000-11-15,98.56,98.88,97.13
IWM,2000-11-16,95.7,98.48,95.7
IWM,2000-11-17,96.31,97.8,96.06
IWM,2000-11-20,93.81,95.69,93.75
IWM,2000-11-21,93.27,94.13,92.88
IWM,2000-11-22,91.31,93.0,90.94
IWM,2000-11-24,93.88,94.19,92.38
IWM,2000-11-27,94.14,96.11,94.13
IWM,2000-11-28,91.31,94.44,91.0
IWM,2000-11-29,91.06,92.0,90.13
IWM,2000-11-30,89.13,90.56,87.94
IWM,2000-12-01,91.13,92.5,90.25
IWM,2000-12-04,90.13,91.47,90.0
IWM,2000-12-05,94.5,94.5,91.5
IWM,2000-12-06,92.31,95.06,92.31
IWM,2000-12-07,92.06,92.81,91.44
IWM,2000-12-08,93.31,95.75,93.31
IWM,2000-12-11,97.56,97.56,95.56
IWM,2000-12-12,95.44,97.56,95.44
IWM,2000-12-13,93.23,95.78,93.19
IWM,2000-12-14,91.75,93.69,91.75
IWM,2000-12-15,91.25,91.41,90.0
IWM,2000-12-18,92.63,92.94,91.63
IWM,2000-12-19,91.0,93.5,91.0
IWM,2000-12-20,88.13,90.0,87.81
IWM,2000-12-21,88.81,89.91,87.5
IWM,2000-12-22,92.5,92.69,90.13
IWM,2000-12-26,93.03,93.22,92.03
IWM,2000-12-27,95.5,95.5,92.38
IWM,2000-12-28,98.56,98.75,95.44
IWM,2000-12-29,95.75,99.22,95.63
IWM,2001-01-02,92.41,95.75,91.69
IWM,2001-01-03,96.23,97.5,91.44
IWM,2001-01-04,95.0,96.56,94.63
IWM,2001-01-05,92.06,94.88,91.63
IWM,2001-01-08,92.38,92.5,90.69
IWM,2001-01-09,92.23,93.13,91.69
IWM,2001-01-10,95.19,95.19,91.38
IWM,2001-01-11,96.48,96.88,94.5
IWM,2001-01-12,96.75,97.45,95.63
IWM,2001-01-16,98.69,98.69,96.06
IWM,2001-01-17,98.63,100.38,97.94
IWM,2001-01-18,99.0,99.0,97.53
IWM,2001-01-19,97.25,99.81,96.78
IWM,2001-01-22,97.94,98.19,96.53
IWM,2001-01-23,100.38,100.38,97.75
IWM,2001-01-24,100.0,100.81,99.63
IWM,2001-01-25,99.63,100.31,99.22
IWM,2001-01-26,99.63,100.0,98.34
IWM,2001-01-29,101.65,101.65,99.39
IWM,2001-01-30,102.31,102.31,100.85
IWM,2001-01-31,100.9,103.05,100.9
IWM,2001-02-01,101.64,101.64,100.5
IWM,2001-02-02,99.37,101.8,99.37
IWM,2001-02-05,99.57,99.99,98.91
IWM,2001-02-06,101.15,101.49,99.75
IWM,2001-02-07,101.4,101.6,100.05
IWM,2001-02-08,99.88,101.8,99.75
IWM,2001-02-09,98.6,99.95,98.25
IWM,2001-02-12,100.8,100.9,98.51
IWM,2001-02-13,99.85,102.5,99.85
IWM,2001-02-14,100.9,100.9,99.3
IWM,2001-02-15,101.4,102.15,101.03
IWM,2001-02-16,99.21,100.4,98.9
IWM,2001-02-20,98.06,100.0,97.52
IWM,2001-02-21,96.35,98.15,96.05
IWM,2001-02-22,95.0,96.49,94.25
IWM,2001-02-23,95.2,95.5,92.45
IWM,2001-02-26,97.3,97.49,95.71
IWM,2001-02-27,95.55,97.3,95.25
IWM,2001-02-28,94.15,95.8,93.85
IWM,2001-03-01,94.8,94.8,92.7
IWM,2001-03-02,95.05,96.3,93.25
IWM,2001-03-05,94.7,96.05,94.6
IWM,2001-03-06,96.1,96.4,95.63
IWM,2001-03-07,96.6,97.2,96.25
IWM,2001-03-08,95.8,96.8,95.8
IWM,2001-03-09,93.91,95.55,93.91
IWM,2001-03-12,91.25,93.25,90.66
IWM,2001-03-13,92.2,92.2,90.01
IWM,2001-03-14,90.0,92.3,89.7
IWM,2001-03-15,89.65,91.4,89.5
IWM,2001-03-16,88.0,90.35,87.65
IWM,2001-03-19,90.3,90.4,87.51
IWM,2001-03-20,88.2,91.16,88.2
IWM,2001-03-21,86.85,88.6,86.15
IWM,2001-03-22,86.0,86.75,83.15
IWM,2001-03-23,88.25,88.5,87.0
IWM,2001-03-26,89.45,89.95,88.6
IWM,2001-03-27,90.17,90.6,88.1
IWM,2001-03-28,87.75,89.0,87.55
IWM,2001-03-29,87.9,89.4,87.5
IWM,2001-03-30,89.6,89.85,87.9
IWM,2001-04-02,87.5,90.0,87.35
IWM,2001-04-03,84.53,87.3,84.25
IWM,2001-04-04,84.8,85.85,84.4
IWM,2001-04-05,88.9,88.9,86.0
IWM,2001-04-06,86.4,87.78,86.25
IWM,2001-04-09,88.3,88.6,87.1
IWM,2001-04-10,90.4,90.75,88.7
IWM,2001-04-11,89.8,91.8,89.12
IWM,2001-04-12,90.9,91.0,89.05
IWM,2001-04-16,89.26,90.8,89.26
IWM,2001-04-17,90.7,91.1,88.75
IWM,2001-04-18,93.35,96.0,92.0
IWM,2001-04-19,94.39,94.49,92.7
IWM,2001-04-20,93.29,94.0,92.0
IWM,2001-04-23,91.6,92.45,91.5
IWM,2001-04-24,92.3,93.03,91.5
IWM,2001-04-25,94.3,94.4,91.91
IWM,2001-04-26,95.65,95.9,94.35
IWM,2001-04-27,96.9,96.9,95.9
IWM,2001-04-30,97.0,98.1,96.51
IWM,2001-05-01,98.2,98.2,96.03
IWM,2001-05-02,97.95,98.6,97.0
IWM,2001-05-03,96.74,97.25,96.3
IWM,2001-05-04,98.1,98.5,95.47
IWM,2001-05-07,97.5,99.0,97.4
IWM,2001-05-08,98.0,98.5,97.05
IWM,2001-05-09,97.4,98.4,97.1
IWM,2001-05-10,97.5,98.85,97.5
IWM,2001-05-11,96.92,98.35,96.65
IWM,2001-05-14,96.9,97.32,96.3
IWM,2001-05-15,97.85,98.2,96.85
IWM,2001-05-16,99.73,99.75,97.1
IWM,2001-05-17,100.76,100.85,99.5
IWM,2001-05-18,101.15,101.35,100.25
IWM,2001-05-21,102.9,102.9,100.7
IWM,2001-05-22,103.4,103.8,102.3
IWM,2001-05-23,101.0,102.95,101.0
IWM,2001-05-24,102.05,102.35,100.32
IWM,2001-05-25,101.3,102.2,101.3
IWM,2001-05-29,100.0,101.5,100.0
IWM,2001-05-30,98.7,99.9,98.3
IWM,2001-05-31,99.1,100.2,98.8
IWM,2001-06-01,100.27,100.5,98.5
IWM,2001-06-04,101.58,101.58,100.3
IWM,2001-06-05,103.0,103.45,101.45
IWM,2001-06-06,102.35,103.25,102.15
IWM,2001-06-07,102.78,103.15,102.0
IWM,2001-06-08,101.9,102.6,101.05
IWM,2001-06-11,100.55,101.9,100.5
IWM,2001-06-12,100.8,101.5,99.46
IWM,2001-06-13,100.66,102.0,100.4
IWM,2001-06-14,98.15,100.05,98.15
IWM,2001-06-15,98.75,99.15,97.85
IWM,2001-06-18,98.0,99.0,97.5
IWM,2001-06-19,97.7,99.1,97.18
IWM,2001-06-20,98.85,99.1,97.0
IWM,2001-06-21,98.99,99.6,98.55
IWM,2001-06-22,97.2,99.25,97.0
IWM,2001-06-25,96.52,97.77,96.25
IWM,2001-06-26,98.0,98.1,95.85
IWM,2001-06-27,98.95,99.2,97.9
IWM,2001-06-28,100.2,100.75,99.5
IWM,2001-06-29,101.9,102.4,100.45
IWM,2001-07-02,99.6,101.6,99.31
IWM,2001-07-03,99.0,99.54,98.6
IWM,2001-07-05,97.7,98.99,97.55
IWM,2001-07-06,95.9,97.45,95.55
IWM,2001-07-09,96.8,96.95,95.25
IWM,2001-07-10,95.0,97.1,94.58
IWM,2001-07-11,95.0,95.24,93.49
IWM,2001-07-12,97.33,97.5,95.75
IWM,2001-07-13,97.8,98.15,96.7
IWM,2001-07-16,96.15,97.99,96.15
IWM,2001-07-17,98.05,98.05,95.9
IWM,2001-07-18,96.2,97.89,96.15
IWM,2001-07-19,97.0,98.17,96.5
IWM,2001-07-20,97.0,97.6,96.5
IWM,2001-07-23,96.3,97.65,96.0
IWM,2001-07-24,94.7,96.35,93.8
IWM,2001-07-25,95.25,95.3,93.91
IWM,2001-07-26,96.65,97.1,94.46
IWM,2001-07-27,96.5,97.08,96.17
IWM,2001-07-30,96.35,97.0,95.7
IWM,2001-07-31,96.23,97.67,96.12
IWM,2001-08-01,97.7,97.8,96.45
IWM,2001-08-02,97.4,98.5,96.9
IWM,2001-08-03,97.15,97.79,96.1
IWM,2001-08-06,95.8,97.0,95.6
IWM,2001-08-07,95.9,96.1,95.3
IWM,2001-08-08,93.75,96.32,93.75
IWM,2001-08-09,94.7,94.7,93.45
IWM,2001-08-10,94.6,95.2,93.51
IWM,2001-08-13,95.4,95.62,94.61
IWM,2001-08-14,95.7,96.4,95.42
IWM,2001-08-15,95.58,96.23,95.02
IWM,2001-08-16,96.2,96.5,94.5
IWM,2001-08-17,94.7,96.0,94.6
IWM,2001-08-20,95.75,95.75,94.55
IWM,2001-08-21,94.1,96.0,94.0
IWM,2001-08-22,95.35,95.35,93.78
IWM,2001-08-23,94.1,95.99,94.1
IWM,2001-08-24,96.1,96.1,94.85
IWM,2001-08-27,95.75,96.45,95.35
IWM,2001-08-28,94.7,95.7,94.5
IWM,2001-08-29,94.3,95.05,93.8
IWM,2001-08-30,93.11,94.2,92.61
IWM,2001-08-31,93.89,94.14,93.26
IWM,2001-09-04,93.0,94.49,93.0
IWM,2001-09-05,92.35,93.35,91.4
IWM,2001-09-06,90.2,91.8,90.2
IWM,2001-09-07,88.53,90.1,88.17
IWM,2001-09-10,87.85,88.6,87.1
IWM,2001-09-17,83.5,84.99,82.0
IWM,2001-09-18,82.15,83.85,81.6
IWM,2001-09-19,80.16,82.7,77.6
IWM,2001-09-20,77.11,79.3,76.6
IWM,2001-09-21,75.66,76.05,73.5
IWM,2001-09-24,78.0,78.58,76.5
IWM,2001-09-25,78.95,79.5,77.75
IWM,2001-09-26,77.78,79.6,77.35
IWM,2001-09-27,79.03,79.05,76.63
IWM,2001-09-28,80.2,80.78,79.28
IWM,2001-10-01,79.5,80.29,78.05
IWM,2001-10-02,80.37,80.37,79.0
IWM,2001-10-03,82.2,82.75,79.0
IWM,2001-10-04,83.02,83.94,82.05
IWM,2001-10-05,82.6,82.9,81.01
IWM,2001-10-08,81.85,82.79,81.5
IWM,2001-10-09,81.17,81.95,81.0
IWM,2001-10-10,84.0,84.0,81.1
IWM,2001-10-11,85.35,86.4,85.0
IWM,2001-10-12,85.08,85.78,83.8
IWM,2001-10-15,85.4,85.57,84.3
IWM,2001-10-16,86.55,86.8,85.73
IWM,2001-10-17,84.1,87.45,84.1
IWM,2001-10-18,83.56,84.55,83.3
IWM,2001-10-19,84.6,84.95,83.45
IWM,2001-10-22,85.36,85.75,84.68
IWM,2001-10-23,84.8,86.29,84.8
IWM,2001-10-24,85.35,85.38,84.6
IWM,2001-10-25,87.25,87.25,84.0
IWM,2001-10-26,87.25,87.65,86.4
IWM,2001-10-29,85.5,87.02,85.4
IWM,2001-10-30,83.7,84.8,83.35
IWM,2001-10-31,85.1,85.77,84.41
IWM,2001-11-01,86.6,86.6,84.5
IWM,2001-11-02,86.0,86.7,85.85
IWM,2001-11-05,87.25,87.3,86.62
IWM,2001-11-06,88.5,88.5,86.5
IWM,2001-11-07,87.9,88.65,87.61
IWM,2001-11-08,87.7,88.9,86.95
IWM,2001-11-09,87.4,87.49,86.83
IWM,2001-11-12,87.75,87.78,85.06
IWM,2001-11-13,89.35,89.35,88.25
IWM,2001-11-14,90.24,90.24,88.42
IWM,2001-11-15,89.9,90.4,89.4
IWM,2001-11-16,89.99,90.15,89.28
IWM,2001-11-19,91.0,91.38,90.01
IWM,2001-11-20,90.48,91.65,90.1
IWM,2001-11-21,90.17,90.45,89.36
IWM,2001-11-23,91.48,91.55,90.05
IWM,2001-11-26,91.95,92.15,90.9
IWM,2001-11-27,91.65,92.34,91.11
IWM,2001-11-28,90.05,91.74,90.05
IWM,2001-11-29,92.7,92.7,90.2
IWM,2001-11-30,91.6,92.57,91.4
IWM,2001-12-03,91.0,91.41,90.6
IWM,2001-12-04,93.1,93.35,90.96
IWM,2001-12-05,95.15,95.98,93.8
IWM,2001-12-06,96.5,96.5,95.35
IWM,2001-12-07,95.77,96.48,95.56
IWM,2001-12-10,94.11,96.18,94.0
IWM,2001-12-11,94.65,95.4,94.06
IWM,2001-12-12,94.8,95.13,93.73
IWM,2001-12-13,93.11,94.54,93.1
IWM,2001-12-14,93.9,93.9,92.73
IWM,2001-12-17,95.7,95.7,93.66
IWM,2001-12-18,96.55,96.65,95.63
IWM,2001-12-19,95.8,96.38,95.13
IWM,2001-12-20,94.3,95.83,93.95
IWM,2001-12-21,96.2,96.48,94.41
IWM,2001-12-24,96.65,96.85,96.21
IWM,2001-12-26,97.5,97.74,96.6
IWM,2001-12-27,97.9,98.15,97.46
IWM,2001-12-28,98.0,98.53,97.75
IWM,2001-12-31,96.35,98.4,96.35
IWM,2002-01-02,96.8,97.29,95.28
IWM,2002-01-03,98.59,98.59,97.0
IWM,2002-01-04,99.45,99.84,98.3
IWM,2002-01-07,97.85,99.8,97.85
IWM,2002-01-08,99.0,99.24,97.3
IWM,2002-01-09,98.0,100.13,98.0
IWM,2002-01-10,98.6,98.6,97.96
IWM,2002-01-11,97.4,98.95,97.1
IWM,2002-01-14,95.95,97.26,95.7
IWM,2002-01-15,96.6,96.6,95.46
IWM,2002-01-16,94.64,95.85,94.2
IWM,2002-01-17,95.1,96.0,94.52
IWM,2002-01-18,93.9,95.66,93.8
IWM,2002-01-22,93.3,95.09,93.11
IWM,2002-01-23,94.6,94.85,92.8
IWM,2002-01-24,95.35,95.78,95.1
IWM,2002-01-25,95.28,95.57,94.66
IWM,2002-01-28,95.9,96.0,95.0
IWM,2002-01-29,94.21,96.03,93.65
IWM,2002-01-30,95.39,95.59,93.0
IWM,2002-01-31,96.2,96.2,95.01
IWM,2002-02-01,95.65,96.37,95.23
IWM,2002-02-04,93.4,95.41,93.11
IWM,2002-02-05,93.04,93.7,92.39
IWM,2002-02-06,92.0,93.45,91.55
IWM,2002-02-07,90.8,92.1,90.75
IWM,2002-02-08,93.2,93.2,90.91
IWM,2002-02-11,93.61,94.0,92.75
IWM,2002-02-12,93.81,94.24,92.96
IWM,2002-02-13,94.7,94.79,94.01
IWM,2002-02-14,93.5,95.18,93.5
IWM,2002-02-15,93.36,93.89,92.8
IWM,2002-02-19,91.55,92.8,91.25
IWM,2002-02-20,93.1,93.1,90.88
IWM,2002-02-21,91.11,93.1,91.11
IWM,2002-02-22,92.75,92.75,90.78
IWM,2002-02-25,93.33,93.33,92.35
IWM,2002-02-26,93.77,94.02,92.71
IWM,2002-02-27,94.2,94.59,93.63
IWM,2002-02-28,93.2,94.48,92.96
IWM,2002-03-01,95.5,95.5,93.3
IWM,2002-03-04,97.0,97.48,95.25
IWM,2002-03-05,97.22,97.83,96.7
IWM,2002-03-06,98.4,98.64,96.4
IWM,2002-03-07,98.5,99.3,98.15
IWM,2002-03-08,99.38,99.76,98.69
IWM,2002-03-11,99.4,99.98,98.54
IWM,2002-03-12,99.24,99.5,98.15
IWM,2002-03-13,98.4,99.05,98.05
IWM,2002-03-14,98.85,99.23,97.51
IWM,2002-03-15,99.25,99.6,98.1
IWM,2002-03-18,99.81,100.36,99.1
IWM,2002-03-19,100.45,100.65,99.9
IWM,2002-03-20,98.87,100.05,98.85
IWM,2002-03-21,100.53,100.62,99.0
IWM,2002-03-22,99.8,101.11,99.76
IWM,2002-03-25,98.59,100.14,98.45
IWM,2002-03-26,99.7,99.86,98.8
IWM,2002-03-27,100.63,100.63,99.47
IWM,2002-03-28,100.1,101.43,100.1
IWM,2002-04-01,100.2,100.83,99.06
IWM,2002-04-02,99.56,100.4,99.3
IWM,2002-04-03,98.85,99.91,98.52
IWM,2002-04-04,99.24,99.8,98.35
IWM,2002-04-05,99.1,99.9,98.7
IWM,2002-04-08,100.34,100.34,98.0
IWM,2002-04-09,99.97,100.69,99.93
IWM,2002-04-10,101.9,101.9,100.34
IWM,2002-04-11,100.27,101.95,100.02
IWM,2002-04-12,102.5,102.5,100.25
IWM,2002-04-15,101.75,103.25,101.58
IWM,2002-04-16,104.3,104.3,102.75
IWM,2002-04-17,103.42,104.75,103.25
IWM,2002-04-18,102.98,103.73,102.15
IWM,2002-04-19,102.9,103.64,102.9
IWM,2002-04-22,101.54,102.89,101.51
IWM,2002-04-23,101.9,102.08,101.4
IWM,2002-04-24,101.04,102.65,100.77
IWM,2002-04-25,101.31,101.54,100.21
IWM,2002-04-26,99.37,101.89,99.37
IWM,2002-04-29,99.67,100.18,99.1
IWM,2002-04-30,101.3,101.66,99.62
IWM,2002-05-01,102.0,102.0,99.96
IWM,2002-05-02,102.35,102.6,101.64
IWM,2002-05-03,101.9,102.5,101.3
IWM,2002-05-06,99.95,102.32,99.95
IWM,2002-05-07,99.23,100.54,99.2
IWM,2002-05-08,101.6,101.62,100.48
IWM,2002-05-09,99.75,101.6,99.7
IWM,2002-05-10,98.13,100.04,97.9
IWM,2002-05-13,99.4,99.45,98.0
IWM,2002-05-14,102.4,102.4,100.22
IWM,2002-05-15,102.3,102.82,101.16
IWM,2002-05-16,101.09,102.35,100.75
IWM,2002-05-17,101.4,101.78,100.52
IWM,2002-05-20,100.12,101.25,100.01
IWM,2002-05-21,98.6,100.64,98.27
IWM,2002-05-22,98.0,99.18,97.35
IWM,2002-05-23,99.95,99.99,97.5
IWM,2002-05-24,98.37,99.65,98.37
IWM,2002-05-28,98.12,98.8,97.0
IWM,2002-05-29,96.87,97.9,96.68
IWM,2002-05-30,97.22,97.65,96.04
IWM,2002-05-31,96.5,98.24,96.5
IWM,2002-06-03,94.25,96.96,94.25
IWM,2002-06-04,94.27,94.8,93.01
IWM,2002-06-05,94.6,94.85,93.72
IWM,2002-06-06,92.76,94.6,92.55
IWM,2002-06-07,93.6,94.0,91.21
IWM,2002-06-10,93.5,94.45,93.2
IWM,2002-06-11,92.0,94.19,92.0
IWM,2002-06-12,92.3,92.69,90.95
IWM,2002-06-13,91.0,92.59,90.77
IWM,2002-06-14,91.5,91.6,88.51
IWM,2002-06-17,93.63,93.8,91.75
IWM,2002-06-18,93.89,94.55,93.15
IWM,2002-06-19,92.0,94.37,92.0
IWM,2002-06-20,91.8,93.16,91.32
IWM,2002-06-21,91.6,92.64,91.2
IWM,2002-06-24,91.31,92.39,89.86
IWM,2002-06-25,90.02,92.35,89.45
IWM,2002-06-26,89.97,90.31,87.9
IWM,2002-06-27,91.7,91.7,89.48
IWM,2002-06-28,90.65,92.65,90.65
IWM,2002-07-01,88.8,91.63,88.6
IWM,2002-07-02,86.13,88.6,86.0
IWM,2002-07-03,85.1,86.0,84.0
IWM,2002-07-05,87.92,87.92,85.8
IWM,2002-07-08,86.1,88.24,86.05
IWM,2002-07-09,85.77,86.87,85.3
IWM,2002-07-10,83.41,85.89,83.35
IWM,2002-07-11,82.76,83.24,81.1
IWM,2002-07-12,82.05,84.18,81.9
IWM,2002-07-15,81.54,81.9,78.85
IWM,2002-07-16,81.0,82.5,80.44
IWM,2002-07-17,81.75,83.0,80.12
IWM,2002-07-18,78.9,81.9,78.9
IWM,2002-07-19,77.25,78.67,76.65
IWM,2002-07-22,75.71,77.79,74.6
IWM,2002-07-23,71.75,76.15,71.75
IWM,2002-07-24,76.0,76.0,69.5
IWM,2002-07-25,75.4,77.2,73.4
IWM,2002-07-26,76.6,76.6,74.65
IWM,2002-07-29,79.55,80.3,77.5
IWM,2002-07-30,79.79,80.43,77.52
IWM,2002-07-31,78.55,79.9,78.35
IWM,2002-08-01,77.4,78.75,77.0
IWM,2002-08-02,74.97,77.35,74.86
IWM,2002-08-05,72.97,75.29,72.97
IWM,2002-08-06,76.15,76.15,74.0
IWM,2002-08-07,76.44,77.35,74.81
IWM,2002-08-08,77.67,77.8,75.7
IWM,2002-08-09,77.01,78.19,76.44
IWM,2002-08-12,77.2,77.76,76.21
IWM,2002-08-13,75.0,77.82,74.9
IWM,2002-08-14,77.68,77.91,74.15
IWM,2002-08-15,77.76,78.5,77.39
IWM,2002-08-16,78.95,79.33,77.28
IWM,2002-08-19,80.05,80.28,79.07
IWM,2002-08-20,79.65,79.89,79.05
IWM,2002-08-21,81.28,81.3,79.37
IWM,2002-08-22,81.8,82.25,80.65
IWM,2002-08-23,79.65,81.7,79.65
IWM,2002-08-26,81.1,81.35,79.25
IWM,2002-08-27,79.55,81.79,79.32
IWM,2002-08-28,78.0,79.05,77.67
IWM,2002-08-29,78.58,79.22,76.85
IWM,2002-08-30,78.05,79.18,77.75
IWM,2002-09-03,75.75,77.3,75.16
IWM,2002-09-04,77.35,77.8,75.45
IWM,2002-09-05,75.8,77.11,75.8
IWM,2002-09-06,78.3,78.4,76.8
IWM,2002-09-09,78.06,78.85,76.74
IWM,2002-09-10,78.55,78.89,77.59
IWM,2002-09-11,78.3,80.0,78.25
IWM,2002-09-12,77.0,78.34,76.97
IWM,2002-09-13,77.7,77.72,76.25
IWM,2002-09-16,76.8,77.75,76.62
IWM,2002-09-17,75.75,77.76,75.44
IWM,2002-09-18,75.55,75.7,74.2
IWM,2002-09-19,72.79,74.57,72.6
IWM,2002-09-20,73.1,73.93,72.8
IWM,2002-09-23,71.3,72.89,70.8
IWM,2002-09-24,70.75,71.86,70.5
IWM,2002-09-25,72.9,72.9,70.99
IWM,2002-09-26,73.86,74.13,72.81
IWM,2002-09-27,72.05,74.04,72.04
IWM,2002-09-30,71.55,72.58,70.48
IWM,2002-10-01,73.85,73.85,70.95
IWM,2002-10-02,72.05,73.73,71.8
IWM,2002-10-03,71.27,72.67,70.91
IWM,2002-10-04,69.3,71.75,68.85
IWM,2002-10-07,67.44,69.6,67.1
IWM,2002-10-08,67.95,68.51,66.45
IWM,2002-10-09,65.1,67.49,64.98
IWM,2002-10-10,67.0,67.08,64.6
IWM,2002-10-11,68.7,69.49,67.77
IWM,2002-10-14,69.16,69.23,68.1
IWM,2002-10-15,71.95,72.05,70.43
IWM,2002-10-16,70.15,71.33,69.72
IWM,2002-10-17,72.25,72.39,71.35
IWM,2002-10-18,72.4,72.72,71.56
IWM,2002-10-21,73.35,73.62,71.74
IWM,2002-10-22,72.41,73.23,72.1
IWM,2002-10-23,73.56,73.74,71.6
IWM,2002-10-24,72.85,74.14,72.77
IWM,2002-10-25,74.44,74.44,72.65
IWM,2002-10-28,73.6,75.4,73.35
IWM,2002-10-29,73.39,73.78,72.18
IWM,2002-10-30,74.65,74.73,73.44
IWM,2002-10-31,74.5,75.37,74.33
IWM,2002-11-01,76.25,76.45,73.95
IWM,2002-11-04,76.91,78.3,76.8
IWM,2002-11-05,77.04,77.25,76.33
IWM,2002-11-06,78.35,78.5,77.05
IWM,2002-11-07,76.49,77.85,76.3
IWM,2002-11-08,75.45,76.99,75.34
IWM,2002-11-11,73.62,75.45,73.58
IWM,2002-11-12,74.8,79.78,74.05
IWM,2002-11-13,75.2,76.0,74.05
IWM,2002-11-14,76.83,77.1,75.72
IWM,2002-11-15,76.8,77.5,76.35
IWM,2002-11-18,76.21,77.75,76.07
IWM,2002-11-19,75.94,76.7,75.55
IWM,2002-11-20,77.95,77.95,75.52
IWM,2002-11-21,79.47,79.56,77.76
IWM,2002-11-22,80.02,80.14,78.67
IWM,2002-11-25,80.55,80.89,79.6
IWM,2002-11-26,79.65,80.8,79.2
IWM,2002-11-27,81.82,81.95,80.16
IWM,2002-11-29,80.81,82.23,80.8
IWM,2002-12-02,81.43,82.76,80.92
IWM,2002-12-03,80.0,81.19,79.93
IWM,2002-12-04,79.21,80.15,78.65
IWM,2002-12-05,78.84,80.08,78.45
IWM,2002-12-06,79.16,79.58,77.85
IWM,2002-12-09,77.06,78.84,76.9
IWM,2002-12-10,78.56,78.91,77.47
IWM,2002-12-11,78.65,79.16,78.1
IWM,2002-12-12,78.97,79.36,77.16
IWM,2002-12-13,77.05,79.9,76.96
IWM,2002-12-16,78.43,78.53,77.3
IWM,2002-12-17,77.6,78.54,77.48
IWM,2002-12-18,76.36,77.5,76.02
IWM,2002-12-19,76.17,77.3,75.72
IWM,2002-12-20,77.03,77.25,76.37
IWM,2002-12-23,77.55,77.71,76.71
IWM,2002-12-24,77.4,77.7,77.08
IWM,2002-12-26,77.4,78.49,77.05
IWM,2002-12-27,76.14,77.25,76.14
IWM,2002-12-30,75.9,76.64,75.3
IWM,2002-12-31,75.81,77.15,75.6
IWM,2003-01-02,77.9,78.05,76.07
IWM,2003-01-03,77.77,78.11,77.33
IWM,2003-01-06,78.68,79.22,77.77
IWM,2003-01-07,78.27,78.9,77.64
IWM,2003-01-08,77.49,78.03,77.2
IWM,2003-01-09,78.63,79.06,77.98
IWM,2003-01-10,78.8,79.25,77.71
IWM,2003-01-13,78.98,79.63,78.18
IWM,2003-01-14,79.03,79.45,78.52
IWM,2003-01-15,78.85,79.4,78.15
IWM,2003-01-16,78.74,79.5,78.38
IWM,2003-01-17,77.26,78.97,76.9
IWM,2003-01-21,76.14,77.54,76.08
IWM,2003-01-22,75.48,76.35,75.46
IWM,2003-01-23,75.95,76.54,75.57
IWM,2003-01-24,74.38,76.0,74.38
IWM,2003-01-27,73.25,74.61,73.13
IWM,2003-01-28,73.85,74.45,72.69
IWM,2003-01-29,74.41,74.8,72.48
IWM,2003-01-30,73.2,74.81,72.97
IWM,2003-01-31,74.24,74.24,72.65
IWM,2003-02-03,73.6,74.48,73.25
IWM,2003-02-04,73.6,74.0,72.45
IWM,2003-02-05,73.05,74.0,72.69
IWM,2003-02-06,72.65,73.22,72.27
IWM,2003-02-07,71.32,73.2,71.28
IWM,2003-02-10,72.06,72.12,70.89
IWM,2003-02-11,71.86,72.45,71.05
IWM,2003-02-12,70.85,71.88,70.67
IWM,2003-02-13,70.66,70.89,69.94
IWM,2003-02-14,71.3,71.59,70.51
IWM,2003-02-18,72.73,72.75,71.85
IWM,2003-02-19,71.85,72.55,71.33
IWM,2003-02-20,71.7,71.97,71.4
IWM,2003-02-21,72.32,72.81,71.15
IWM,2003-02-24,71.21,72.19,71.2
IWM,2003-02-25,71.86,72.05,70.35
IWM,2003-02-26,71.5,71.9,71.01
IWM,2003-02-27,71.89,72.3,71.3
IWM,2003-02-28,72.01,72.54,71.67
IWM,2003-03-03,71.79,72.75,71.26
IWM,2003-03-04,70.86,71.65,70.8
IWM,2003-03-05,71.0,71.27,70.58
IWM,2003-03-06,70.42,70.86,70.15
IWM,2003-03-07,70.45,70.84,69.52
IWM,2003-03-10,69.24,70.14,69.05
IWM,2003-03-11,68.75,69.8,68.75
IWM,2003-03-12,68.9,69.08,68.23
IWM,2003-03-13,70.76,70.84,69.24
IWM,2003-03-14,70.85,71.26,70.35
IWM,2003-03-17,72.49,72.68,70.18
IWM,2003-03-18,73.44,73.44,72.23
IWM,2003-03-19,73.26,73.46,72.6
IWM,2003-03-20,73.74,73.99,72.06
IWM,2003-03-21,74.77,75.0,73.78
IWM,2003-03-24,73.17,73.94,72.81
IWM,2003-03-25,73.95,74.25,73.0
IWM,2003-03-26,73.04,74.1,73.04
IWM,2003-03-27,73.54,73.74,72.6
IWM,2003-03-28,73.5,73.89,73.19
IWM,2003-03-31,72.0,73.31,71.95
IWM,2003-04-01,73.25,73.35,72.22
IWM,2003-04-02,74.71,75.2,74.13
IWM,2003-04-03,74.75,75.4,74.6
IWM,2003-04-04,74.53,75.31,74.33
IWM,2003-04-07,74.58,76.44,74.58
IWM,2003-04-08,74.64,75.0,74.36
IWM,2003-04-09,74.23,75.6,73.82
IWM,2003-04-10,74.25,74.56,73.97
IWM,2003-04-11,73.84,74.99,73.77
IWM,2003-04-14,75.18,75.25,74.02
IWM,2003-04-15,75.99,75.99,74.65
IWM,2003-04-16,75.2,76.65,75.06
IWM,2003-04-17,76.35,76.55,75.25
IWM,2003-04-21,76.87,76.87,76.18
IWM,2003-04-22,77.93,78.15,76.2
IWM,2003-04-23,78.75,78.84,77.95
IWM,2003-04-24,78.35,78.7,78.04
IWM,2003-04-25,77.25,78.25,77.23
IWM,2003-04-28,78.62,78.92,77.55
IWM,2003-04-29,79.15,79.55,78.75
IWM,2003-04-30,79.4,79.9,78.6
IWM,2003-05-01,79.3,79.85,78.49
IWM,2003-05-02,81.3,81.35,79.5
IWM,2003-05-05,81.67,81.84,81.26
IWM,2003-05-06,82.45,82.57,81.79
IWM,2003-05-07,81.95,82.39,81.72
IWM,2003-05-08,81.27,81.76,81.07
IWM,2003-05-09,82.44,82.48,81.49
IWM,2003-05-12,83.34,83.45,82.3
IWM,2003-05-13,83.83,83.98,82.75
IWM,2003-05-14,83.78,84.09,83.41
IWM,2003-05-15,84.11,84.4,83.7
IWM,2003-05-16,83.07,84.73,83.05
IWM,2003-05-19,81.63,83.19,81.53
IWM,2003-05-20,81.61,82.11,80.86
IWM,2003-05-21,81.92,82.1,81.17
IWM,2003-05-22,82.75,82.91,81.85
IWM,2003-05-23,83.4,83.65,82.39
IWM,2003-05-27,85.36,85.39,83.27
IWM,2003-05-28,85.94,86.35,85.6
IWM,2003-05-29,86.49,86.97,85.14
IWM,2003-05-30,88.03,88.15,86.87
IWM,2003-06-02,88.49,89.45,88.14
IWM,2003-06-03,88.77,88.77,88.0
IWM,2003-06-04,89.98,90.25,88.69
IWM,2003-06-05,91.45,91.45,89.35
IWM,2003-06-06,90.4,93.08,90.4
IWM,2003-06-09,88.72,90.4,88.68
IWM,2003-06-10,90.05,90.19,88.96
IWM,2003-06-11,90.9,91.05,89.28
IWM,2003-06-12,91.41,91.61,90.8
IWM,2003-06-13,89.64,91.39,89.57
IWM,2003-06-16,91.15,91.24,89.85
IWM,2003-06-17,91.34,91.7,90.64
IWM,2003-06-18,91.28,91.53,90.57
IWM,2003-06-19,90.04,91.84,89.66
IWM,2003-06-20,89.27,90.4,89.25
IWM,2003-06-23,87.68,89.7,87.39
IWM,2003-06-24,87.65,88.23,86.98
IWM,2003-06-25,88.24,89.04,87.67
IWM,2003-06-26,89.75,89.94,88.4
IWM,2003-06-27,89.18,90.89,89.17
IWM,2003-06-30,88.9,90.31,88.1
IWM,2003-07-01,89.51,89.7,87.75
IWM,2003-07-02,91.75,91.75,89.87
IWM,2003-07-03,90.96,91.65,90.81
IWM,2003-07-07,92.85,92.99,91.85
IWM,2003-07-08,94.5,94.76,92.69
IWM,2003-07-09,95.2,95.4,93.74
IWM,2003-07-10,93.34,94.71,93.16
IWM,2003-07-11,94.63,94.7,93.6
IWM,2003-07-14,95.41,96.3,94.6
IWM,2003-07-15,95.15,96.3,94.49
IWM,2003-07-16,94.63,95.74,94.1
IWM,2003-07-17,91.63,93.88,91.58
IWM,2003-07-18,92.25,92.8,91.54
IWM,2003-07-21,91.45,92.35,90.82
IWM,2003-07-22,92.52,92.7,91.12
IWM,2003-07-23,93.15,93.15,91.68
IWM,2003-07-24,92.97,94.44,92.67
IWM,2003-07-25,93.65,93.86,92.29
IWM,2003-07-28,94.8,94.9,93.58
IWM,2003-07-29,94.85,95.25,93.6
IWM,2003-07-30,94.49,94.95,93.84
IWM,2003-07-31,94.68,95.74,94.47
IWM,2003-08-01,93.35,94.95,93.05
IWM,2003-08-04,92.41,93.5,91.67
IWM,2003-08-05,90.81,92.65,90.81
IWM,2003-08-06,90.4,91.46,90.15
IWM,2003-08-07,90.7,90.7,89.63
IWM,2003-08-08,90.5,90.95,90.14
IWM,2003-08-11,91.75,91.75,90.44
IWM,2003-08-12,93.29,93.29,91.51
IWM,2003-08-13,93.6,93.6,92.8
IWM,2003-08-14,94.21,94.28,93.03
IWM,2003-08-15,94.24,94.67,94.04
IWM,2003-08-18,96.11,96.31,94.32
IWM,2003-08-19,97.91,97.91,96.1
IWM,2003-08-20,97.86,97.98,96.75
IWM,2003-08-21,98.66,98.8,98.1
IWM,2003-08-22,96.92,99.79,96.89
IWM,2003-08-25,96.83,97.09,95.92
IWM,2003-08-26,97.2,97.25,95.11
IWM,2003-08-27,98.15,98.2,96.99
IWM,2003-08-28,98.8,98.99,97.29
IWM,2003-08-29,99.21,99.85,98.67
IWM,2003-09-02,101.5,101.5,99.1
IWM,2003-09-03,101.93,102.35,101.48
IWM,2003-09-04,102.35,102.55,101.56
IWM,2003-09-05,101.7,102.98,101.25
IWM,2003-09-08,103.11,103.4,101.97
IWM,2003-09-09,102.35,103.24,102.11
IWM,2003-09-10,100.33,101.91,100.23
IWM,2003-09-11,101.2,101.55,100.19
IWM,2003-09-12,101.41,101.8,99.8
IWM,2003-09-15,101.16,102.3,101.05
IWM,2003-09-16,102.67,102.9,101.42
IWM,2003-09-17,102.64,103.1,102.18
IWM,2003-09-18,103.71,103.74,102.0
IWM,2003-09-19,103.6,103.9,103.09
IWM,2003-09-22,102.18,102.9,101.74
IWM,2003-09-23,103.57,103.57,102.3
IWM,2003-09-24,101.01,103.85,101.01
IWM,2003-09-25,98.28,101.7,98.28
IWM,2003-09-26,96.6,98.61,96.48
IWM,2003-09-29,98.33,98.33,95.76
IWM,2003-09-30,97.05,98.3,96.15
IWM,2003-10-01,99.67,99.94,97.3
IWM,2003-10-02,100.63,100.75,99.51
IWM,2003-10-03,102.22,102.7,101.5
IWM,2003-10-06,103.1,103.2,101.79
IWM,2003-10-07,103.68,103.91,102.2
IWM,2003-10-08,102.87,104.2,102.44
IWM,2003-10-09,103.95,105.19,102.9
IWM,2003-10-10,103.82,104.16,102.52
IWM,2003-10-13,105.45,105.69,103.9
IWM,2003-10-14,106.14,106.25,104.88
IWM,2003-10-15,104.81,106.8,104.77
IWM,2003-10-16,105.75,105.93,104.75
IWM,2003-10-17,103.7,105.91,103.69
IWM,2003-10-20,104.22,104.55,103.51
IWM,2003-10-21,104.69,105.15,103.98
IWM,2003-10-22,102.4,103.89,102.29
IWM,2003-10-23,101.5,102.5,100.87
IWM,2003-10-24,101.25,101.83,100.28
IWM,2003-10-27,102.73,103.11,101.55
IWM,2003-10-28,105.2,105.2,103.06
IWM,2003-10-29,105.9,106.25,104.58
IWM,2003-10-30,106.2,107.25,105.63
IWM,2003-10-31,105.5,106.56,104.06
IWM,2003-11-03,107.29,107.5,106.19
IWM,2003-11-04,107.44,107.99,106.92
IWM,2003-11-05,107.97,107.97,106.06
IWM,2003-11-06,108.82,108.82,107.05
IWM,2003-11-07,107.99,109.39,107.99
IWM,2003-11-10,106.25,108.52,106.22
IWM,2003-11-11,105.52,106.49,105.0
IWM,2003-11-12,107.96,107.96,105.68
IWM,2003-11-13,108.25,108.5,107.25
IWM,2003-11-14,106.2,108.94,106.0
IWM,2003-11-17,104.91,105.5,103.89
IWM,2003-11-18,103.76,106.19,103.7
IWM,2003-11-19,104.85,105.3,103.57
IWM,2003-11-20,104.14,105.74,103.78
IWM,2003-11-21,105.29,105.3,104.3
IWM,2003-11-24,107.7,107.89,105.8
IWM,2003-11-25,108.35,108.84,107.51
IWM,2003-11-26,108.93,109.49,107.55
IWM,2003-11-28,109.45,109.46,108.64
IWM,2003-12-01,110.86,110.86,109.75
IWM,2003-12-02,110.69,111.42,110.35
IWM,2003-12-03,108.7,111.36,108.65
IWM,2003-12-04,108.95,109.01,107.11
IWM,2003-12-05,107.6,108.5,107.15
IWM,2003-12-08,108.4,108.55,106.95
IWM,2003-12-09,106.57,108.95,106.4
IWM,2003-12-10,105.61,107.0,104.89
IWM,2003-12-11,108.56,108.61,105.65
IWM,2003-12-12,108.96,108.96,107.54
IWM,2003-12-15,106.41,110.9,106.35
IWM,2003-12-16,107.12,107.17,105.25
IWM,2003-12-17,107.1,107.31,106.03
IWM,2003-12-18,108.75,109.0,106.92
IWM,2003-12-19,108.4,108.93,107.67
IWM,2003-12-22,109.61,109.61,108.06
IWM,2003-12-23,110.21,110.49,109.24
IWM,2003-12-24,110.08,110.36,109.87
IWM,2003-12-26,110.47,110.75,110.2
IWM,2003-12-29,112.15,112.25,110.91
IWM,2003-12-30,112.44,112.75,111.81
IWM,2003-12-31,110.8,112.99,110.68
IWM,2004-01-02,111.99,112.63,111.16
IWM,2004-01-05,113.3,113.55,112.31
IWM,2004-01-06,113.15,114.13,113.0
IWM,2004-01-07,114.35,114.55,112.96
IWM,2004-01-08,115.22,115.73,114.41
IWM,2004-01-09,114.3,116.01,114.12
IWM,2004-01-12,116.44,116.5,114.5
IWM,2004-01-13,115.95,116.32,114.42
IWM,2004-01-14,116.55,116.78,115.77
IWM,2004-01-15,116.85,117.1,115.28
IWM,2004-01-16,117.5,118.12,117.12
IWM,2004-01-20,118.91,119.13,117.31
IWM,2004-01-21,118.75,119.37,117.5
IWM,2004-01-22,118.08,119.73,117.66
IWM,2004-01-23,118.72,118.82,117.38
IWM,2004-01-26,119.9,120.06,117.91
IWM,2004-01-27,118.4,119.9,118.29
IWM,2004-01-28,116.55,119.34,115.88
IWM,2004-01-29,115.45,116.99,114.16
IWM,2004-01-30,115.6,116.38,114.75
IWM,2004-02-02,115.9,116.75,114.64
IWM,2004-02-03,115.25,115.82,115.11
IWM,2004-02-04,112.4,114.81,112.3
IWM,2004-02-05,113.45,113.87,112.59
IWM,2004-02-06,116.32,116.63,113.45
IWM,2004-02-09,116.55,117.3,116.19
IWM,2004-02-10,117.95,118.05,116.36
IWM,2004-02-11,118.67,118.93,117.5
IWM,2004-02-12,117.86,119.1,117.81
IWM,2004-02-13,116.65,118.74,116.4
IWM,2004-02-17,118.7,118.7,117.36
IWM,2004-02-18,117.83,118.87,117.48
IWM,2004-02-19,115.75,118.94,115.75
IWM,2004-02-20,115.55,116.5,114.56
IWM,2004-02-23,113.81,115.96,113.58
IWM,2004-02-24,113.8,114.99,112.6
IWM,2004-02-25,115.4,115.46,113.68
IWM,2004-02-26,116.1,116.49,114.8
IWM,2004-02-27,116.7,117.1,115.95
IWM,2004-03-01,118.55,118.59,116.8
IWM,2004-03-02,117.61,118.9,117.6
IWM,2004-03-03,117.73,118.32,116.57
IWM,2004-03-04,119.22,119.3,117.37
IWM,2004-03-05,119.49,120.43,118.2
IWM,2004-03-08,117.8,120.33,117.73
IWM,2004-03-09,116.8,118.3,116.38
IWM,2004-03-10,114.35,117.76,114.22
IWM,2004-03-11,113.2,116.0,113.08
IWM,2004-03-12,116.25,116.94,113.82
IWM,2004-03-15,113.25,115.88,112.82
IWM,2004-03-16,113.3,114.53,112.02
IWM,2004-03-17,115.4,115.64,113.8
IWM,2004-03-18,114.7,115.23,113.35
IWM,2004-03-19,113.7,115.12,113.3
IWM,2004-03-22,111.51,113.15,111.1
IWM,2004-03-23,111.7,113.15,111.27
IWM,2004-03-24,111.55,112.36,110.72
IWM,2004-03-25,114.12,114.25,112.0
IWM,2004-03-26,114.2,114.99,113.59
IWM,2004-03-29,116.39,116.5,114.92
IWM,2004-03-30,117.34,117.48,116.0
IWM,2004-03-31,117.6,117.8,116.31
IWM,2004-04-01,118.89,118.94,117.39
IWM,2004-04-02,120.4,120.94,119.61
IWM,2004-04-05,120.75,120.9,119.8
IWM,2004-04-06,119.28,120.48,119.01
IWM,2004-04-07,120.18,120.49,118.35
IWM,2004-04-08,119.11,121.15,118.94
IWM,2004-04-12,119.42,120.3,119.12
IWM,2004-04-13,116.64,120.15,116.2
IWM,2004-04-14,116.28,117.34,115.15
IWM,2004-04-15,115.38,116.95,114.4
IWM,2004-04-16,116.26,116.84,114.56
IWM,2004-04-19,117.12,117.24,115.17
IWM,2004-04-20,114.53,118.23,114.27
IWM,2004-04-21,116.4,116.4,114.04
IWM,2004-04-22,118.0,118.52,116.1
IWM,2004-04-23,117.75,118.56,116.69
IWM,2004-04-26,118.0,119.06,117.19
IWM,2004-04-27,117.7,118.71,116.86
IWM,2004-04-28,115.24,117.3,114.6
IWM,2004-04-29,112.95,115.87,112.25
IWM,2004-04-30,111.11,113.8,111.11
IWM,2004-05-03,112.57,113.37,111.49
IWM,2004-05-04,113.2,114.92,112.45
IWM,2004-05-05,113.7,114.4,113.29
IWM,2004-05-06,112.04,112.88,110.7
IWM,2004-05-07,108.85,113.16,108.85
IWM,2004-05-10,106.92,108.76,106.15
IWM,2004-05-11,109.25,109.6,107.5
IWM,2004-05-12,110.08,110.1,106.3
IWM,2004-05-13,108.57,110.35,108.43
IWM,2004-05-14,108.15,109.8,107.65
IWM,2004-05-17,107.12,107.85,105.51
IWM,2004-05-18,108.33,108.39,107.03
IWM,2004-05-19,107.56,110.42,107.44
IWM,2004-05-20,107.78,108.6,106.98
IWM,2004-05-21,108.79,109.19,107.84
IWM,2004-05-24,110.2,110.42,109.19
IWM,2004-05-25,112.5,112.92,109.62
IWM,2004-05-26,113.27,113.27,112.06
IWM,2004-05-27,113.3,114.26,112.37
IWM,2004-05-28,113.5,113.7,112.78
IWM,2004-06-01,114.58,114.6,112.88
IWM,2004-06-02,114.2,114.92,113.72
IWM,2004-06-03,112.0,114.16,112.0
IWM,2004-06-04,113.4,114.1,112.64
IWM,2004-06-07,115.45,115.54,113.6
IWM,2004-06-08,115.34,115.59,114.83
IWM,2004-06-09,113.25,115.51,113.25
IWM,2004-06-10,113.7,114.15,113.08
IWM,2004-06-14,111.47,113.1,111.23
IWM,2004-06-15,113.5,113.83,112.21
IWM,2004-06-16,113.72,113.91,112.92
IWM,2004-06-17,113.43,114.08,112.66
IWM,2004-06-18,113.82,114.36,113.0
IWM,2004-06-21,113.37,114.39,113.3
IWM,2004-06-22,114.25,114.29,112.41
IWM,2004-06-23,115.97,116.1,113.95
IWM,2004-06-24,115.55,116.6,115.37
IWM,2004-06-25,116.6,117.0,114.73
IWM,2004-06-28,116.36,117.41,116.08
IWM,2004-06-29,117.33,117.73,116.14
IWM,2004-06-30,117.99,117.99,117.04
IWM,2004-07-01,115.84,118.08,115.84
IWM,2004-07-02,116.2,116.45,115.3
IWM,2004-07-06,114.12,115.56,113.75
IWM,2004-07-07,113.98,115.0,113.7
IWM,2004-07-08,111.91,113.98,111.59
IWM,2004-07-09,112.65,112.71,111.85
IWM,2004-07-12,112.0,112.75,111.16
IWM,2004-07-13,112.15,112.78,112.01
IWM,2004-07-14,111.5,112.92,111.08
IWM,2004-07-15,111.75,112.58,111.53
IWM,2004-07-16,110.5,112.62,110.4
IWM,2004-07-19,110.36,111.0,109.65
IWM,2004-07-20,112.55,112.91,110.44
IWM,2004-07-21,109.02,112.89,109.02
IWM,2004-07-22,109.2,109.53,107.21
IWM,2004-07-23,107.64,108.87,107.4
IWM,2004-07-26,106.23,108.24,105.71
IWM,2004-07-27,108.21,108.69,106.68
IWM,2004-07-28,108.12,108.7,106.4
IWM,2004-07-29,109.4,109.68,108.25
IWM,2004-07-30,110.0,110.17,109.0
IWM,2004-08-02,109.6,110.19,108.33
IWM,2004-08-03,108.03,109.55,107.98
IWM,2004-08-04,107.94,108.99,106.7
IWM,2004-08-05,105.95,108.12,105.73
IWM,2004-08-06,103.73,105.01,103.37
IWM,2004-08-09,103.4,104.24,103.1
IWM,2004-08-10,105.02,105.73,103.45
IWM,2004-08-11,104.88,105.41,103.12
IWM,2004-08-12,103.37,104.41,103.0
IWM,2004-08-13,103.35,104.08,102.67
IWM,2004-08-16,105.12,105.37,103.43
IWM,2004-08-17,105.78,106.45,105.34
IWM,2004-08-18,108.04,108.12,105.0
IWM,2004-08-19,107.12,108.08,106.73
IWM,2004-08-20,109.02,109.4,106.91
IWM,2004-08-23,108.62,109.84,108.21
IWM,2004-08-24,108.92,109.5,108.12
IWM,2004-08-25,109.35,109.75,108.0
IWM,2004-08-26,108.9,109.73,108.8
IWM,2004-08-27,109.76,110.25,109.15
IWM,2004-08-30,108.51,109.8,108.4
IWM,2004-08-31,109.41,109.5,107.88
IWM,2004-09-01,110.25,111.09,109.09
IWM,2004-09-02,112.19,112.2,109.94
IWM,2004-09-03,110.95,112.21,110.4
IWM,2004-09-07,112.35,112.65,111.41
IWM,2004-09-08,111.75,113.07,111.12
IWM,2004-09-09,112.68,113.48,111.7
IWM,2004-09-10,113.72,113.92,112.15
IWM,2004-09-13,114.33,114.88,113.76
IWM,2004-09-14,114.1,114.36,113.16
IWM,2004-09-15,113.41,113.78,112.85
IWM,2004-09-16,114.63,114.83,113.67
IWM,2004-09-17,114.43,114.88,113.55
IWM,2004-09-20,113.92,114.68,113.62
IWM,2004-09-21,114.78,115.35,114.21
IWM,2004-09-22,112.84,114.11,112.78
IWM,2004-09-23,112.73,113.42,112.59
IWM,2004-09-24,112.67,113.59,112.65
IWM,2004-09-27,111.47,112.4,111.09
IWM,2004-09-28,112.8,112.8,111.14
IWM,2004-09-29,113.85,113.85,112.47
IWM,2004-09-30,113.85,114.6,113.31
IWM,2004-10-01,116.72,116.75,114.43
IWM,2004-10-04,117.38,118.18,117.2
IWM,2004-10-05,117.27,117.78,116.75
IWM,2004-10-06,118.03,118.26,116.88
IWM,2004-10-07,116.06,117.87,116.0
IWM,2004-10-08,114.6,116.37,114.6
IWM,2004-10-11,115.14,115.22,114.41
IWM,2004-10-12,114.87,115.35,113.58
IWM,2004-10-13,113.2,115.95,113.17
IWM,2004-10-14,112.46,113.73,112.46
IWM,2004-10-15,113.62,114.25,112.29
IWM,2004-10-18,114.1,114.45,112.72
IWM,2004-10-19,112.92,115.08,112.8
IWM,2004-10-20,113.51,113.89,112.07
IWM,2004-10-21,114.95,115.15,113.13
IWM,2004-10-22,112.99,115.3,112.91
IWM,2004-10-25,114.2,114.45,112.56
IWM,2004-10-26,115.7,115.7,112.98
IWM,2004-10-27,116.83,117.18,115.18
IWM,2004-10-28,116.4,117.08,115.85
IWM,2004-10-29,116.19,117.12,115.75
IWM,2004-11-01,117.11,117.25,115.72
IWM,2004-11-02,116.65,118.06,116.14
IWM,2004-11-03,118.53,119.1,117.72
IWM,2004-11-04,119.98,120.07,117.83
IWM,2004-11-05,120.52,121.25,119.64
IWM,2004-11-08,120.1,120.87,119.77
IWM,2004-11-09,120.53,121.15,120.0
IWM,2004-11-10,121.4,122.14,120.6
IWM,2004-11-11,122.6,122.98,121.5
IWM,2004-11-12,123.85,124.05,122.35
IWM,2004-11-15,124.55,124.55,123.35
IWM,2004-11-16,123.45,124.27,123.05
IWM,2004-11-17,124.11,125.34,123.61
IWM,2004-11-18,123.92,124.39,123.26
IWM,2004-11-19,122.6,123.95,122.12
IWM,2004-11-22,123.9,124.05,122.1
IWM,2004-11-23,124.67,124.75,122.79
IWM,2004-11-24,125.42,125.9,124.65
IWM,2004-11-26,125.6,126.4,125.5
IWM,2004-11-29,125.95,127.08,124.95
IWM,2004-11-30,126.88,126.98,126.12
IWM,2004-12-01,128.06,128.65,126.68
IWM,2004-12-02,127.88,128.81,127.55
IWM,2004-12-03,127.64,128.82,127.64
IWM,2004-12-06,127.04,128.15,126.85
IWM,2004-12-07,124.81,127.72,124.71
IWM,2004-12-08,126.2,126.2,124.6
IWM,2004-12-09,125.24,125.93,123.9
IWM,2004-12-10,126.2,126.6,124.83
IWM,2004-12-13,127.58,127.58,125.94
IWM,2004-12-14,128.27,128.63,127.4
IWM,2004-12-15,129.34,129.49,128.21
IWM,2004-12-16,128.33,129.43,127.66
IWM,2004-12-17,127.81,128.55,127.35
IWM,2004-12-20,127.66,128.94,127.02
IWM,2004-12-21,129.01,129.06,127.61
IWM,2004-12-22,129.26,129.85,128.88
IWM,2004-12-23,129.18,129.7,129.07
IWM,2004-12-27,128.35,130.0,127.65
IWM,2004-12-28,130.05,130.2,128.46
IWM,2004-12-29,130.04,130.4,129.61
IWM,2004-12-30,129.58,130.4,129.58
IWM,2004-12-31,129.5,130.58,129.45
IWM,2005-01-03,127.82,130.36,127.14
IWM,2005-01-04,125.08,127.95,124.9
IWM,2005-01-05,122.58,125.25,122.58
IWM,2005-01-06,123.35,124.17,122.45
IWM,2005-01-07,121.86,123.86,121.85
IWM,2005-01-10,123.1,124.16,122.04
IWM,2005-01-11,121.8,122.25,121.3
IWM,2005-01-12,122.3,122.34,120.41
IWM,2005-01-13,121.61,122.87,121.25
IWM,2005-01-14,123.05,123.05,122.15
IWM,2005-01-18,124.7,124.7,122.47
IWM,2005-01-19,122.82,124.44,122.65
IWM,2005-01-20,121.95,122.9,121.8
IWM,2005-01-21,121.69,122.85,121.42
IWM,2005-01-24,120.35,121.89,120.24
IWM,2005-01-25,120.58,122.02,120.58
IWM,2005-01-26,122.79,122.79,121.25
IWM,2005-01-27,122.95,123.65,122.5
IWM,2005-01-28,122.25,123.05,121.5
IWM,2005-01-31,124.21,124.46,123.36
IWM,2005-02-01,124.95,125.33,124.27
IWM,2005-02-02,125.8,125.92,125.02
IWM,2005-02-03,125.37,125.4,124.55
IWM,2005-02-04,126.8,126.8,125.34
IWM,2005-02-07,126.72,127.42,126.19
IWM,2005-02-08,127.09,127.38,126.72
IWM,2005-02-09,124.46,127.46,124.46
IWM,2005-02-10,124.6,125.23,123.96
IWM,2005-02-11,126.49,126.71,123.8
IWM,2005-02-14,126.56,126.75,125.74
IWM,2005-02-15,126.68,127.26,125.87
IWM,2005-02-16,127.03,127.79,126.0
IWM,2005-02-17,62.93,63.835,62.875
IWM,2005-02-18,125.53,126.2,125.08
IWM,2005-02-22,123.2,125.67,123.08
IWM,2005-02-23,123.85,124.52,123.52
IWM,2005-02-24,62.495,62.58,61.385
IWM,2005-02-25,127.01,127.07,124.8
IWM,2005-02-28,126.22,127.13,125.38
IWM,2005-03-01,127.3,127.56,126.68
IWM,2005-03-02,127.04,128.23,126.57
IWM,2005-03-03,127.15,127.81,126.36
IWM,2005-03-04,128.63,128.91,127.61
IWM,2005-03-07,128.39,129.19,128.29
IWM,2005-03-08,127.16,128.66,127.08
IWM,2005-03-09,126.74,126.96,125.88
IWM,2005-03-10,124.77,126.69,124.48
IWM,2005-03-11,124.84,125.98,124.44
IWM,2005-03-14,125.94,125.94,125.03
IWM,2005-03-15,124.9,126.67,124.9
IWM,2005-03-16,124.4,125.17,124.06
IWM,2005-03-17,124.48,125.08,123.84
IWM,2005-03-18,123.8,124.57,123.65
IWM,2005-03-21,123.91,124.24,123.15
IWM,2005-03-22,123.32,125.5,123.24
IWM,2005-03-23,122.2,122.91,122.08
IWM,2005-03-24,122.23,123.02,122.22
IWM,2005-03-28,122.28,122.96,122.04
IWM,2005-03-29,120.51,123.0,120.48
IWM,2005-03-30,61.085,61.12,60.275
IWM,2005-03-31,61.075,61.185,60.75
IWM,2005-04-01,121.46,123.3,120.85
IWM,2005-04-04,122.03,122.18,120.49
IWM,2005-04-05,122.32,122.32,121.83
IWM,2005-04-06,122.64,123.58,122.41
IWM,2005-04-07,123.25,123.47,122.06
IWM,2005-04-08,121.32,122.98,121.3
IWM,2005-04-11,120.7,121.46,120.47
IWM,2005-04-12,121.75,122.09,119.4
IWM,2005-04-13,119.74,121.73,119.5
IWM,2005-04-14,117.38,120.09,117.38
IWM,2005-04-15,115.5,117.83,115.03
IWM,2005-04-18,116.38,116.75,114.67
IWM,2005-04-19,118.08,118.15,117.01
IWM,2005-04-20,116.22,118.45,116.22
IWM,2005-04-21,119.26,119.26,117.25
IWM,2005-04-22,117.37,118.63,116.12
IWM,2005-04-25,117.9513,118.65,117.5
IWM,2005-04-26,116.935,119.13,116.05
IWM,2005-04-27,116.73,117.58,115.23
IWM,2005-04-28,114.6584,116.3,109.13
IWM,2005-04-29,123.789,123.789,112.99
IWM,2005-05-02,116.42,116.84,115.07
IWM,2005-05-03,116.274,117.3,115.59
IWM,2005-05-04,118.36,118.55,116.43
IWM,2005-05-05,118.227,119.16,117.32
IWM,2005-05-06,118.847,119.47,118.16
IWM,2005-05-09,119.591,120.0,118.07
IWM,2005-05-10,118.41,119.84,118.0
IWM,2005-05-11,118.4853,118.84,117.01
IWM,2005-05-12,116.6,119.1985,116.37
IWM,2005-05-13,116.035,117.21,114.89
IWM,2005-05-16,117.497,118.0,115.9
IWM,2005-05-17,118.67,118.7,116.84
IWM,2005-05-18,120.85,121.12,119.21
IWM,2005-05-19,121.35,121.74,120.69
IWM,2005-05-20,121.2,121.44,120.37
IWM,2005-05-23,122.0,122.5,121.24
IWM,2005-05-24,121.5,122.25,121.26
IWM,2005-05-25,120.59,121.6,120.3
IWM,2005-05-26,122.27,122.39,121.09
IWM,2005-05-27,122.95,123.1,121.8
IWM,2005-05-31,122.69,123.41,122.28
IWM,2005-06-01,124.08,124.5,122.64
IWM,2005-06-02,124.42,124.68,123.69
IWM,2005-06-03,123.32,124.83,123.11
IWM,2005-06-06,123.97,124.12,123.05
IWM,2005-06-07,124.22,125.75,123.94
IWM,2005-06-08,123.43,124.74,123.25
IWM,2005-06-09,62.32,62.42,61.36
IWM,2005-06-10,62.45,62.55,62.08
IWM,2005-06-13,62.73,62.82,62.13
IWM,2005-06-14,63.27,63.27,62.47
IWM,2005-06-15,63.44,65.15,62.64
IWM,2005-06-16,63.95,64.14,63.33
IWM,2005-06-17,64.02,64.65,63.88
IWM,2005-06-20,63.68,64.01,63.56
IWM,2005-06-21,63.86,63.99,63.53
IWM,2005-06-22,64.01,64.22,63.49
IWM,2005-06-23,62.88,64.11,62.88
IWM,2005-06-24,62.64,63.02,62.07
IWM,2005-06-27,62.37,62.59,62.1
IWM,2005-06-28,63.802,63.86,62.72
IWM,2005-06-29,63.84,64.06,63.63
IWM,2005-06-30,63.7,64.29,63.4
IWM,2005-07-01,63.98,64.05,63.44
IWM,2005-07-05,64.8595,65.05,63.76
IWM,2005-07-06,64.4,65.14,64.38
IWM,2005-07-07,64.58,64.69,63.47
IWM,2005-07-08,65.97,66.02,63.74
IWM,2005-07-11,66.78,66.99,65.98
IWM,2005-07-12,66.57,67.14,66.33
IWM,2005-07-13,66.42,66.82,63.39
IWM,2005-07-14,65.94,67.07,65.78
IWM,2005-07-15,66.0,66.2,65.42
IWM,2005-07-18,65.62,66.08,65.37
IWM,2005-07-19,66.62,67.53,65.75
IWM,2005-07-20,67.35,67.55,66.19
IWM,2005-07-21,66.3,67.45,66.22
IWM,2005-07-22,67.32,67.72,66.31
IWM,2005-07-25,66.88,67.697,66.61
IWM,2005-07-26,67.08,67.37,66.59
IWM,2005-07-27,67.27,67.32,66.45
IWM,2005-07-28,67.96,68.0,67.02
IWM,2005-07-29,67.89,68.26,67.44
IWM,2005-08-01,67.86,68.25,66.82
IWM,2005-08-02,68.37,68.52,68.0
IWM,2005-08-03,68.17,68.4,67.9
IWM,2005-08-04,66.89,68.0163,66.78
IWM,2005-08-05,65.97,66.82,65.66
IWM,2005-08-08,65.74,66.37,65.52
IWM,2005-08-09,65.84,66.07,65.45
IWM,2005-08-10,65.75,66.6,64.32
IWM,2005-08-11,66.32,66.4,64.95
IWM,2005-08-12,65.52,66.36,65.13
IWM,2005-08-15,66.35,66.49,65.25
IWM,2005-08-16,65.06,67.57,65.06
IWM,2005-08-17,64.98,65.59,62.2
IWM,2005-08-18,64.77,65.1997,64.47
IWM,2005-08-19,65.11,65.97,64.71
IWM,2005-08-22,65.48,65.54,64.87
IWM,2005-08-23,65.47,65.63,64.86
IWM,2005-08-24,65.21,66.03,64.91
IWM,2005-08-25,65.57,65.68,65.18
IWM,2005-08-26,65.493,65.74,64.44
IWM,2005-08-29,65.37,65.37,64.2
IWM,2005-08-30,65.08,65.27,64.7
IWM,2005-08-31,66.53,66.53,64.92
IWM,2005-09-01,66.53,66.88,66.21
IWM,2005-09-02,66.349,66.8,65.9
IWM,2005-09-06,67.16,67.19,66.0667
IWM,2005-09-07,67.186,67.47,66.88
IWM,2005-09-08,66.98,67.3,66.74
IWM,2005-09-09,67.39,67.58,67.05
IWM,2005-09-12,67.69,69.96,67.28
IWM,2005-09-13,67.38,67.55,66.91
IWM,2005-09-14,66.4,67.3,66.2515
IWM,2005-09-15,66.17,66.64,66.06
IWM,2005-09-16,66.93,67.02,66.34
IWM,2005-09-19,66.62,66.98,66.3
IWM,2005-09-20,65.66,66.92,65.56
IWM,2005-09-21,64.6,65.841,62.25
IWM,2005-09-22,64.98,66.55,64.1
IWM,2005-09-23,65.18,66.39,64.24
IWM,2005-09-26,65.62,65.85,65.19
IWM,2005-09-27,65.5615,65.85,64.96
IWM,2005-09-28,65.31,65.64,64.74
IWM,2005-09-29,66.03,66.15,62.3
IWM,2005-09-30,66.39,66.44,65.79
IWM,2005-10-03,66.79,68.79,66.39
IWM,2005-10-04,65.78,67.1,65.72
IWM,2005-10-05,64.1,66.087,64.05
IWM,2005-10-06,63.2,66.42,62.86
IWM,2005-10-07,64.1,64.26,63.6
IWM,2005-10-10,63.38,64.28,62.63
IWM,2005-10-11,62.5,63.9,62.5
IWM,2005-10-12,62.645,62.8,61.25
IWM,2005-10-13,61.811,62.14,61.05
IWM,2005-10-14,62.91,63.05,61.32
IWM,2005-10-17,63.02,63.33,62.23
IWM,2005-10-18,62.17,63.03,62.1
IWM,2005-10-19,63.51,65.0,61.38
IWM,2005-10-20,62.33,65.34,61.88
IWM,2005-10-21,63.02,63.39,62.53
IWM,2005-10-24,64.0687,64.4,62.924
IWM,2005-10-25,63.85,64.4,63.27
IWM,2005-10-26,63.52,64.59,63.31
IWM,2005-10-27,62.19,63.41,61.94
IWM,2005-10-28,62.175,63.27,62.01
IWM,2005-10-31,64.2755,64.55,63.2014
IWM,2005-11-01,64.1,64.37,63.6
IWM,2005-11-02,65.37,65.39,63.85
IWM,2005-11-03,65.8743,66.16,63.73
IWM,2005-11-04,65.48,65.77,64.94
IWM,2005-11-07,65.72,66.62,65.26
IWM,2005-11-08,65.27,65.57,65.06
IWM,2005-11-09,65.5816,66.1,65.11
IWM,2005-11-10,66.05,66.25,64.74
IWM,2005-11-11,66.43,66.49,63.91
IWM,2005-11-14,66.0998,66.55,65.75
IWM,2005-11-15,66.0695,66.24,65.15
IWM,2005-11-16,65.25,65.5,64.58
IWM,2005-11-17,66.38,67.75,65.42
IWM,2005-11-18,66.94,67.08,66.37
IWM,2005-11-21,66.9034,67.69,66.52
IWM,2005-11-22,67.93,68.11,67.29
IWM,2005-11-23,67.9779,68.35,67.2113
IWM,2005-11-25,67.9417,68.13,67.77
IWM,2005-11-28,68.01,68.15,66.795
IWM,2005-11-29,66.97,67.57,66.84
IWM,2005-11-30,67.43,67.78,67.07
IWM,2005-12-01,68.7856,68.85,67.4308
IWM,2005-12-02,68.82,69.4,68.12
IWM,2005-12-05,68.76,68.98,67.92
IWM,2005-12-06,68.5,69.08,68.35
IWM,2005-12-07,68.1497,68.57,67.75
IWM,2005-12-08,68.3338,68.81,67.7
IWM,2005-12-09,68.5821,68.76,67.92
IWM,2005-12-12,68.5909,69.589,68.28
IWM,2005-12-13,68.7006,69.03,68.31
IWM,2005-12-14,68.78,69.16,68.42
IWM,2005-12-15,68.0883,68.82,67.73
IWM,2005-12-16,68.41,68.55,67.81
IWM,2005-12-19,67.0,68.99,66.81
IWM,2005-12-20,67.0975,67.53,66.54
IWM,2005-12-21,67.79,67.98,67.08
IWM,2005-12-22,67.97,68.01,67.39
IWM,2005-12-23,68.13,68.8,67.96
IWM,2005-12-27,67.11,68.43,67.07
IWM,2005-12-28,67.51,67.69,66.96
IWM,2005-12-29,67.4874,68.3815,67.15
IWM,2005-12-30,66.72,67.3318,66.46
IWM,2006-01-03,68.0,68.15,66.05
IWM,2006-01-04,68.42,68.65,67.88
IWM,2006-01-05,68.64,68.79,67.4622
IWM,2006-01-06,68.86,69.85,67.94
IWM,2006-01-09,69.96,70.38,69.57
IWM,2006-01-10,70.07,70.7,66.94
IWM,2006-01-11,70.22,70.73,70.04
IWM,2006-01-12,70.33,70.74,70.05
IWM,2006-01-13,70.36,70.47,70.02
IWM,2006-01-17,69.6196,70.05,66.94
IWM,2006-01-18,69.57,70.0,69.3
IWM,2006-01-19,71.0,71.17,69.94
IWM,2006-01-20,70.19,71.12,69.83
IWM,2006-01-23,70.147,70.56,69.99
IWM,2006-01-24,71.2,71.43,70.3141
IWM,2006-01-25,71.38,71.6,70.77
IWM,2006-01-26,72.41,72.45,71.3544
IWM,2006-01-27,72.72,73.24,72.26
IWM,2006-01-30,72.56,72.98,72.47
IWM,2006-01-31,72.35,72.96,72.13
IWM,2006-02-01,73.1,73.21,72.327
IWM,2006-02-02,73.082,73.09,71.66
IWM,2006-02-03,72.1718,72.49,71.51
IWM,2006-02-06,72.42,72.45,71.52
IWM,2006-02-07,71.25,72.59,71.15
IWM,2006-02-08,71.7,71.84,70.88
IWM,2006-02-09,71.34,71.34,71.34
IWM,2006-02-10,71.18,71.43,70.37
IWM,2006-02-13,70.71,71.14,70.35
IWM,2006-02-14,71.53,71.78,70.31
IWM,2006-02-15,72.16,72.16,71.18
IWM,2006-02-16,72.8,72.83,72.12
IWM,2006-02-17,72.55,72.9,72.3
IWM,2006-02-21,72.33,72.93,71.85
IWM,2006-02-22,72.82,73.01,71.98
IWM,2006-02-23,72.7317,73.27,72.38
IWM,2006-02-24,73.35,73.35,72.45
IWM,2006-02-27,73.55,73.88,73.32
IWM,2006-02-28,72.52,73.47,72.31
IWM,2006-03-01,73.9,73.9,72.5405
IWM,2006-03-02,73.59,73.89,73.09
IWM,2006-03-03,73.22,74.14,73.15
IWM,2006-03-06,73.27,73.46,72.44
IWM,2006-03-07,71.6,72.4,71.44
IWM,2006-03-08,71.85,72.0,70.88
IWM,2006-03-09,71.7813,72.39,71.22
IWM,2006-03-10,72.32,72.35,70.98
IWM,2006-03-13,72.819,73.08,72.2
IWM,2006-03-14,73.27,73.27,72.01
IWM,2006-03-15,73.94,74.34,73.04
IWM,2006-03-16,73.77,74.5,73.77
IWM,2006-03-17,74.07,74.3,73.7
IWM,2006-03-20,74.1,74.33,72.92
IWM,2006-03-21,74.16,74.6,72.61
IWM,2006-03-22,74.1,74.22,72.89
IWM,2006-03-23,74.45,74.45,72.15
IWM,2006-03-24,74.89,74.94,73.48
IWM,2006-03-27,74.7499,75.505,74.42
IWM,2006-03-28,74.52,75.3,74.33
IWM,2006-03-29,75.5115,78.58,72.82
IWM,2006-03-30,75.7,76.24,75.27
IWM,2006-03-31,75.97,76.0,75.33
IWM,2006-04-03,75.28,76.41,75.28
IWM,2006-04-04,75.68,75.99,75.07
IWM,2006-04-05,76.07,76.2,75.27
IWM,2006-04-06,76.23,76.23,75.55
IWM,2006-04-07,75.01,76.69,74.86
IWM,2006-04-10,75.1,75.46,74.44
IWM,2006-04-11,73.6,75.06,73.45
IWM,2006-04-12,74.37,74.4,73.55
IWM,2006-04-13,74.56,74.93,73.76
IWM,2006-04-17,74.6107,74.93,73.9
IWM,2006-04-18,76.7,76.7,74.4489
IWM,2006-04-19,77.26,77.34,76.27
IWM,2006-04-20,76.86,77.33,76.23
IWM,2006-04-21,76.9507,77.35,76.26
IWM,2006-04-24,76.0581,76.7,75.73
IWM,2006-04-25,76.12,76.21,75.48
IWM,2006-04-26,76.25,76.75,75.7
IWM,2006-04-27,75.43,77.22,74.89
IWM,2006-04-28,76.2,76.35,75.1
IWM,2006-05-01,75.26,76.96,75.26
IWM,2006-05-02,76.29,76.32,75.41
IWM,2006-05-03,76.0747,76.51,75.69
IWM,2006-05-04,76.98,77.09,76.25
IWM,2006-05-05,77.52,78.9,76.977
IWM,2006-05-08,77.63,77.9,74.54
IWM,2006-05-09,77.485,77.79,77.35
IWM,2006-05-10,77.05,77.46,76.73
IWM,2006-05-11,75.3342,77.16,75.23
IWM,2006-05-12,75.2833,75.2833,73.5
IWM,2006-05-15,73.17,73.71,72.35
IWM,2006-05-16,73.29,73.87,72.94
IWM,2006-05-17,71.95,73.14,71.85
IWM,2006-05-18,71.27,72.86,71.13
IWM,2006-05-19,71.9,72.18,70.58
IWM,2006-05-22,71.1,71.67,70.09
IWM,2006-05-23,70.18,72.39,70.1
IWM,2006-05-24,70.72,71.37,69.11
IWM,2006-05-25,72.21,72.28,71.04
IWM,2006-05-26,72.64,72.73,72.02
IWM,2006-05-30,70.64,72.35,70.56
IWM,2006-05-31,71.87,71.87,70.67
IWM,2006-06-01,73.27,73.34,71.65
IWM,2006-06-02,73.22,73.84,72.68
IWM,2006-06-05,71.09,73.15,70.86
IWM,2006-06-06,70.79,71.16,69.81
IWM,2006-06-07,70.1,71.82,70.01
IWM,2006-06-08,70.16,70.42,68.0
IWM,2006-06-09,69.54,71.1,69.42
IWM,2006-06-12,67.94,69.75,67.83
IWM,2006-06-13,66.65,68.85,66.6
IWM,2006-06-14,67.45,67.68,66.55
IWM,2006-06-15,69.76,69.97,67.91
IWM,2006-06-16,68.85,69.7,68.57
IWM,2006-06-19,67.5,69.12,67.44
IWM,2006-06-20,67.42,68.33,67.31
IWM,2006-06-21,68.6,69.06,67.25
IWM,2006-06-22,68.24,68.61,67.86
IWM,2006-06-23,68.65,69.05,67.72
IWM,2006-06-26,69.5,69.5,68.95
IWM,2006-06-27,68.3,69.83,68.02
IWM,2006-06-28,68.6,68.6,67.5
IWM,2006-06-29,71.25,71.25,68.81
IWM,2006-06-30,71.73,71.9,70.55
IWM,2006-07-03,72.63,72.63,71.76
IWM,2006-07-05,71.57,72.59,70.99
IWM,2006-07-06,71.55,72.2,71.16
IWM,2006-07-07,70.49,71.64,70.35
IWM,2006-07-10,70.5,71.24,70.18
IWM,2006-07-11,71.12,71.12,69.6
IWM,2006-07-12,69.65,71.08,69.59
IWM,2006-07-13,68.07,69.6938,68.02
IWM,2006-07-14,67.53,68.21,66.95
IWM,2006-07-17,67.44,68.2,67.03
IWM,2006-07-18,67.9,68.25,66.62
IWM,2006-07-19,69.5,70.0,67.78
IWM,2006-07-20,67.72,70.37,67.62
IWM,2006-07-21,66.75,67.65,66.35
IWM,2006-07-24,68.88,68.91,67.25
IWM,2006-07-25,69.05,69.78,68.39
IWM,2006-07-26,68.9,69.6,68.12
IWM,2006-07-27,68.24,69.89,67.97
IWM,2006-07-28,69.67,69.7,68.48
IWM,2006-07-31,69.68,69.83,69.06
IWM,2006-08-01,68.59,69.23,68.18
IWM,2006-08-02,69.5,69.72,68.64
IWM,2006-08-03,69.7415,70.34,68.54
IWM,2006-08-04,69.62,71.31,68.97
IWM,2006-08-07,69.35,69.48,68.74
IWM,2006-08-08,68.4076,69.96,68.18
IWM,2006-08-09,68.377,69.28,67.6
IWM,2006-08-10,67.4193,68.61,67.03
IWM,2006-08-11,67.58,68.07,67.23
IWM,2006-08-14,68.2582,68.82,67.68
IWM,2006-08-15,69.2998,69.45,68.69
IWM,2006-08-16,70.42,70.52,69.49
IWM,2006-08-17,70.7011,71.1,70.13
IWM,2006-08-18,70.3923,70.94,70.01
IWM,2006-08-21,70.18,70.49,69.85
IWM,2006-08-22,70.3697,70.62,69.97
IWM,2006-08-23,69.6,70.8,69.2
IWM,2006-08-24,69.4895,69.87,68.91
IWM,2006-08-25,69.5901,70.09,69.23
IWM,2006-08-28,70.1954,70.47,69.52
IWM,2006-08-29,71.25,71.25,69.88
IWM,2006-08-30,71.1503,72.0,71.04
IWM,2006-08-31,71.9269,72.24,71.57
IWM,2006-09-01,71.8092,72.2,71.46
IWM,2006-09-05,72.2736,72.52,71.7
IWM,2006-09-06,70.93,71.93,70.84
IWM,2006-09-07,70.52,71.12,70.06
IWM,2006-09-08,70.57,70.68,70.17
IWM,2006-09-11,70.48,70.84,69.65
IWM,2006-09-12,72.14,72.29,70.58
IWM,2006-09-13,72.75,72.88,72.0
IWM,2006-09-14,72.2767,72.59,72.01
IWM,2006-09-15,72.5718,73.02,72.17
IWM,2006-09-18,72.575,73.07,72.14
IWM,2006-09-19,71.6608,72.74,71.15
IWM,2006-09-20,73.29,73.5,72.73
IWM,2006-09-21,72.5,73.57,72.09
IWM,2006-09-22,71.4584,72.18,71.06
IWM,2006-09-25,72.1808,72.65,71.11
IWM,2006-09-26,72.42,72.75,71.96
IWM,2006-09-27,72.76,72.99,72.2
IWM,2006-09-28,72.64,73.28,72.25
IWM,2006-09-29,72.0,72.99,71.93
IWM,2006-10-02,71.6982,72.21,71.14
IWM,2006-10-03,71.2985,71.83,70.68
IWM,2006-10-04,72.95,72.95,71.09
IWM,2006-10-05,73.88,73.9,72.85
IWM,2006-10-06,73.4391,73.86,73.0
IWM,2006-10-09,74.06,74.14,73.06
IWM,2006-10-10,73.9405,74.36,73.64
IWM,2006-10-11,73.81,74.29,73.11
IWM,2006-10-12,73.698,75.39,73.698
IWM,2006-10-13,75.9,75.91,75.13
IWM,2006-10-16,76.3205,76.54,75.69
IWM,2006-10-17,75.97,76.24,72.63
IWM,2006-10-18,75.98,76.8,75.6
IWM,2006-10-19,76.1967,76.4,75.58
IWM,2006-10-20,75.8204,76.41,75.48
IWM,2006-10-23,75.7275,76.28,75.09
IWM,2006-10-24,75.7821,75.95,75.34
IWM,2006-10-25,76.41,76.46,75.48
IWM,2006-10-26,77.0175,77.15,75.87
IWM,2006-10-27,76.14,77.11,75.94
IWM,2006-10-30,77.118,77.118,75.53
IWM,2006-10-31,76.2462,76.79,75.7
IWM,2006-11-01,75.465,76.58,74.58
IWM,2006-11-02,74.5665,74.9,74.1
IWM,2006-11-03,74.83,75.24,74.21
IWM,2006-11-06,75.7345,76.08,75.0
IWM,2006-11-07,76.2,76.83,75.77
IWM,2006-11-08,76.2373,76.8,75.41
IWM,2006-11-09,76.0551,76.8,75.33
IWM,2006-11-10,75.7593,76.57,75.61
IWM,2006-11-13,76.63,76.99,76.2
IWM,2006-11-14,77.8348,78.11,76.43
IWM,2006-11-15,78.709,79.01,77.98
IWM,2006-11-16,78.6934,79.11,78.38
IWM,2006-11-17,78.172,78.61,77.84
IWM,2006-11-20,78.4037,78.85,78.11
IWM,2006-11-21,78.83,78.87,78.31
IWM,2006-11-22,78.8317,79.11,78.56
IWM,2006-11-24,78.56,79.03,78.23
IWM,2006-11-27,78.8032,78.8032,76.72
IWM,2006-11-28,77.0595,77.16,76.29
IWM,2006-11-29,77.07,78.21,77.07
IWM,2006-11-30,78.0777,78.6,77.5
IWM,2006-12-01,77.985,78.37,76.85
IWM,2006-12-04,78.8426,79.33,77.93
IWM,2006-12-05,79.38,79.76,79.07
IWM,2006-12-06,79.2004,79.49,78.79
IWM,2006-12-07,79.0016,79.51,78.66
IWM,2006-12-08,78.8178,79.34,78.16
IWM,2006-12-11,78.98,79.18,78.54
IWM,2006-12-12,78.4323,79.02,77.89
IWM,2006-12-13,78.4685,79.0,78.15
IWM,2006-12-14,79.22,79.59,78.56
IWM,2006-12-15,78.8896,79.5,78.81
IWM,2006-12-18,77.67,79.21,77.63
IWM,2006-12-19,77.84,78.11,77.1
IWM,2006-12-20,77.533,78.26,77.533
IWM,2006-12-21,78.24,78.35,77.31
IWM,2006-12-22,77.411,77.75,77.05
IWM,2006-12-26,78.0067,78.22,77.3
IWM,2006-12-27,79.0733,79.17,78.35
IWM,2006-12-28,78.78,79.28,78.65
IWM,2006-12-29,78.2175,78.99,77.99
IWM,2007-01-03,77.5341,79.12,77.22
IWM,2007-01-04,78.4202,78.59,77.28
IWM,2007-01-05,78.3663,78.3663,76.7
IWM,2007-01-08,76.8683,77.3,76.23
IWM,2007-01-09,77.19,77.31,76.19
IWM,2007-01-10,77.28,77.75,76.57
IWM,2007-01-11,77.28,78.54,77.28
IWM,2007-01-12,78.5318,79.05,78.13
IWM,2007-01-16,78.7998,79.36,78.3
IWM,2007-01-17,78.438,78.78,78.11
IWM,2007-01-18,77.2059,78.13,77.02
IWM,2007-01-19,77.8602,77.96,76.87
IWM,2007-01-22,77.9015,77.9015,76.91
IWM,2007-01-23,77.8825,78.28,77.0
IWM,2007-01-24,78.7297,78.82,77.94
IWM,2007-01-25,78.0172,78.95,77.53
IWM,2007-01-26,78.08,78.32,77.16
IWM,2007-01-29,78.4887,78.94,78.03
IWM,2007-01-30,78.753,79.35,78.51
IWM,2007-01-31,79.37,79.77,78.63
IWM,2007-02-01,79.86,80.25,79.54
IWM,2007-02-02,80.3063,80.45,80.02
IWM,2007-02-05,80.24,80.47,79.87
IWM,2007-02-06,80.06,80.46,79.79
IWM,2007-02-07,80.8861,81.21,80.28
IWM,2007-02-08,80.8455,81.14,80.58
IWM,2007-02-09,80.31,81.15,79.7
IWM,2007-02-12,79.883,80.3,79.6
IWM,2007-02-13,79.9934,80.68,79.59
IWM,2007-02-14,80.7548,81.29,80.52
IWM,2007-02-15,81.0023,81.19,80.56
IWM,2007-02-16,80.8028,81.27,80.34
IWM,2007-02-20,81.2337,82.16,80.1
IWM,2007-02-21,81.9042,82.49,81.53
IWM,2007-02-22,82.39,82.45,81.63
IWM,2007-02-23,82.3552,82.3552,81.66
IWM,2007-02-26,81.7144,82.41,81.19
IWM,2007-02-27,79.35,80.94,77.47
IWM,2007-02-28,78.9504,79.22,77.51
IWM,2007-03-01,78.1887,79.1,76.75
IWM,2007-03-02,78.5667,78.5667,76.75
IWM,2007-03-05,75.17,77.29,75.15
IWM,2007-03-06,77.22,77.71,76.19
IWM,2007-03-07,76.9,77.62,76.8
IWM,2007-03-08,77.55,78.18,77.078
IWM,2007-03-09,78.18,78.28,77.42
IWM,2007-03-12,78.4,78.51,77.75
IWM,2007-03-13,76.39,78.06,76.26
IWM,2007-03-14,77.2,77.28,75.53
IWM,2007-03-15,77.75,77.92,77.12
IWM,2007-03-16,77.27,78.06,76.54
IWM,2007-03-19,78.23,78.48,77.81
IWM,2007-03-20,78.85,78.9,77.96
IWM,2007-03-21,80.27,81.12,78.73
IWM,2007-03-22,80.27,80.6,79.91
IWM,2007-03-23,80.23,80.4244,80.05
IWM,2007-03-26,80.07,80.48,79.48
IWM,2007-03-27,79.7,80.07,79.35
IWM,2007-03-28,79.15,79.5,78.61
IWM,2007-03-29,79.25,79.76,78.49
IWM,2007-03-30,79.45,80.06,78.73
IWM,2007-04-02,79.65,79.77,79.15
IWM,2007-04-03,80.5,80.77,80.0
IWM,2007-04-04,80.49,80.59,80.0
IWM,2007-04-05,80.49,80.81,80.35
IWM,2007-04-09,80.55,80.83,80.32
IWM,2007-04-10,80.8,81.06,80.38
IWM,2007-04-11,80.28,80.9,79.8
IWM,2007-04-12,80.85,80.92,79.67
IWM,2007-04-13,81.36,81.4,80.53
IWM,2007-04-16,82.48,82.57,81.8
IWM,2007-04-17,82.23,82.63,81.94
IWM,2007-04-18,81.75,82.22,81.66
IWM,2007-04-19,81.36,81.83,80.8
IWM,2007-04-20,82.35,82.38,81.76
IWM,2007-04-23,82.22,82.51,81.88
IWM,2007-04-24,82.18,82.35,81.37
IWM,2007-04-25,82.41,82.93,81.97
IWM,2007-04-26,82.87,83.17,81.97
IWM,2007-04-27,82.52,82.64,82.02
IWM,2007-04-30,80.81,82.52,80.72
IWM,2007-05-01,80.615,81.16,80.13
IWM,2007-05-02,82.15,82.44,80.92
IWM,2007-05-03,82.3,82.57,81.97
IWM,2007-05-04,82.82,82.87,82.15
IWM,2007-05-07,82.58,83.0,82.47
IWM,2007-05-08,82.28,82.62,81.54
IWM,2007-05-09,82.62,83.23,81.95
IWM,2007-05-10,81.6,82.42,81.2485
IWM,2007-05-11,82.34,82.45,81.65
IWM,2007-05-14,81.62,82.59,81.46
IWM,2007-05-15,80.97,82.28,80.78
IWM,2007-05-16,81.41,81.5,80.46
IWM,2007-05-17,80.74,81.41,80.71
IWM,2007-05-18,81.74,82.0501,80.78
IWM,2007-05-21,82.76,83.23,81.65
IWM,2007-05-22,83.27,83.64,82.62
IWM,2007-05-23,83.05,84.1,82.97
IWM,2007-05-24,81.96,83.56,81.56
IWM,2007-05-25,82.49,82.71,82.04
IWM,2007-05-29,83.25,83.39,82.72
IWM,2007-05-30,83.81,83.85,82.43
IWM,2007-05-31,84.27,84.45,83.78
IWM,2007-06-01,84.7,85.17,84.19
IWM,2007-06-04,84.79,84.97,84.34
IWM,2007-06-05,84.43,84.72,83.83
IWM,2007-06-06,83.46,83.81,83.0
IWM,2007-06-07,81.78,83.45,81.78
IWM,2007-06-08,82.85,83.14,81.66
IWM,2007-06-11,82.87,83.27,82.33
IWM,2007-06-12,81.5,82.8347,81.41
IWM,2007-06-13,82.59,82.97,81.74
IWM,2007-06-14,83.34,83.67,82.88
IWM,2007-06-15,84.33,84.69,84.06
IWM,2007-06-18,84.2,84.62,83.7
IWM,2007-06-19,84.45,84.51,83.49
IWM,2007-06-20,82.93,84.66,82.93
IWM,2007-06-21,83.58,83.59,82.32
IWM,2007-06-22,82.85,83.48,82.3
IWM,2007-06-25,82.49,83.45,82.0
IWM,2007-06-26,81.88,82.93,81.74
IWM,2007-06-27,83.59,83.65,81.499
IWM,2007-06-28,83.39,84.19,83.3
IWM,2007-06-29,82.9,84.19,82.66
IWM,2007-07-02,83.97,84.09,83.25
IWM,2007-07-03,84.37,84.51,84.03
IWM,2007-07-05,84.51,84.67,83.86
IWM,2007-07-06,84.8,84.93,84.06
IWM,2007-07-09,84.72,85.74,84.42
IWM,2007-07-10,83.33,84.881,83.21
IWM,2007-07-11,83.85,83.87,82.9
IWM,2007-07-12,84.79,85.1,84.03
IWM,2007-07-13,84.9,85.2,84.63
IWM,2007-07-16,84.46,85.16,84.2166
IWM,2007-07-17,84.54,85.06,84.46
IWM,2007-07-18,84.27,84.33,83.09
IWM,2007-07-19,84.51,84.95,84.47
IWM,2007-07-20,83.25,84.7686,82.59
IWM,2007-07-23,82.94,83.85,82.94
IWM,2007-07-24,81.0,82.2,80.49
IWM,2007-07-25,80.7,81.77,79.83
IWM,2007-07-26,78.54,80.8642,77.55
IWM,2007-07-27,76.63,79.2,76.43
IWM,2007-07-30,77.96,78.42,76.55
IWM,2007-07-31,77.19,79.15,76.74
IWM,2007-08-01,77.45,77.96,76.11
IWM,2007-08-02,78.13,78.5,77.3
IWM,2007-08-03,75.35,78.21,74.96
IWM,2007-08-06,76.0,76.43,73.92
IWM,2007-08-07,77.18,77.67,75.5
IWM,2007-08-08,79.52,80.1,77.82
IWM,2007-08-09,77.7,79.41,77.6
IWM,2007-08-10,78.06,79.77,76.43
IWM,2007-08-13,77.64,79.96,77.53
IWM,2007-08-14,76.3,78.18,75.94
IWM,2007-08-15,75.22,77.4,74.74
IWM,2007-08-16,76.87,76.93,73.24
IWM,2007-08-17,78.38,80.06,76.589
IWM,2007-08-20,78.37,79.07,77.47
IWM,2007-08-21,78.69,79.09,78.0
IWM,2007-08-22,79.55,79.79,78.93
IWM,2007-08-23,78.59,80.12,78.31
IWM,2007-08-24,79.68,79.7,78.36
IWM,2007-08-27,78.53,79.47,78.49
IWM,2007-08-28,76.55,78.19,76.4
IWM,2007-08-29,78.5,78.56,76.77
IWM,2007-08-30,78.0,78.95,77.5
IWM,2007-08-31,78.81,79.33,78.31
IWM,2007-09-04,79.75,80.32,78.58
IWM,2007-09-05,79.15,79.7979,78.46
IWM,2007-09-06,79.03,79.37,78.2
IWM,2007-09-07,77.73,77.93,76.99
IWM,2007-09-10,76.65,77.96,75.62
IWM,2007-09-11,77.95,78.06,77.04
IWM,2007-09-12,77.5,78.16,77.38
IWM,2007-09-13,77.69,78.53,77.17
IWM,2007-09-14,78.09,78.28,76.78
IWM,2007-09-17,77.23,78.1192,77.19
IWM,2007-09-18,80.52,80.6,77.24
IWM,2007-09-19,81.6,82.1,77.26
IWM,2007-09-20,80.79,81.54,80.25
IWM,2007-09-21,80.86,81.56,80.86
IWM,2007-09-24,80.39,81.37,80.09
IWM,2007-09-25,79.92,80.07,79.28
IWM,2007-09-26,80.52,80.92,79.82
IWM,2007-09-27,81.0,81.08,80.53
IWM,2007-09-28,80.06,81.25,79.93
IWM,2007-10-01,82.01,82.24,80.13
IWM,2007-10-02,82.52,82.87,82.18
IWM,2007-10-03,82.33,82.76,81.96
IWM,2007-10-04,82.46,82.72,81.99
IWM,2007-10-05,84.07,84.42,82.98
IWM,2007-10-08,83.5,84.18,83.25
IWM,2007-10-09,84.2,84.33,83.3
IWM,2007-10-10,84.11,84.23,83.44
IWM,2007-10-11,83.3,84.89,82.66
IWM,2007-10-12,83.8,84.08,83.21
IWM,2007-10-15,83.05,83.87,82.03
IWM,2007-10-16,81.9,84.18,81.88
IWM,2007-10-17,82.22,82.92,81.06
IWM,2007-10-18,82.02,82.39,81.39
IWM,2007-10-19,79.09,82.12,79.0
IWM,2007-10-22,80.77,80.94,78.35
IWM,2007-10-23,81.3,81.54,80.19
IWM,2007-10-24,80.87,81.17,79.11
IWM,2007-10-25,80.76,81.5,79.59
IWM,2007-10-26,82.0,82.01,80.47
IWM,2007-10-29,82.04,82.44,81.39
IWM,2007-10-30,81.25,81.96,80.96
IWM,2007-10-31,82.27,82.8,80.77
IWM,2007-11-01,79.14,81.4,79.0
IWM,2007-11-02,79.52,80.13,78.35
IWM,2007-11-05,78.45,79.23,78.05
IWM,2007-11-06,79.94,80.0,78.03
IWM,2007-11-07,77.65,79.12,77.17
IWM,2007-11-08,77.71,78.16,75.82
IWM,2007-11-09,76.9,77.75,76.13
IWM,2007-11-12,76.09,78.11,76.03
IWM,2007-11-13,78.5,78.74,77.13
IWM,2007-11-14,78.05,79.23,77.6
IWM,2007-11-15,76.94,77.89,76.24
IWM,2007-11-16,76.29,77.36,75.54
IWM,2007-11-19,74.64,76.04,74.32
IWM,2007-11-20,75.07,75.56,73.35
IWM,2007-11-21,73.57,74.7,73.0
IWM,2007-11-23,75.06,76.0,74.11
IWM,2007-11-26,73.1,75.62,72.99
IWM,2007-11-27,73.95,74.4,73.16
IWM,2007-11-28,76.87,76.89,74.86
IWM,2007-11-29,76.22,76.96,75.91
IWM,2007-11-30,76.65,77.95,76.15
IWM,2007-12-03,75.76,76.75,75.7
IWM,2007-12-04,74.95,75.56,74.56
IWM,2007-12-05,76.5,76.62,75.52
IWM,2007-12-06,78.22,78.44,76.17
IWM,2007-12-07,78.49,78.8,77.88
IWM,2007-12-10,79.1,79.25,78.2
IWM,2007-12-11,76.35,79.58,76.25
IWM,2007-12-12,76.94,78.81,76.09
IWM,2007-12-13,76.41,76.89,75.64
IWM,2007-12-14,74.95,76.87,74.95
IWM,2007-12-17,73.85,75.2142,73.75
IWM,2007-12-18,75.25,75.41,73.35
IWM,2007-12-19,75.7,75.73,74.72
IWM,2007-12-20,77.01,77.01,74.82
IWM,2007-12-21,78.6,78.6,77.64
IWM,2007-12-24,79.15,79.33,78.59
IWM,2007-12-26,79.59,79.84,78.71
IWM,2007-12-27,77.2,79.08,76.91
IWM,2007-12-28,76.56,78.01,76.56
IWM,2007-12-31,75.9,76.8046,75.58
IWM,2008-01-02,75.16,76.5,74.59
IWM,2008-01-03,74.33,75.62,74.03
IWM,2008-01-04,72.09,73.33,71.61
IWM,2008-01-07,72.25,72.85,71.07
IWM,2008-01-08,70.02,73.27,70.02
IWM,2008-01-09,70.73,71.0,68.62
IWM,2008-01-10,71.7,72.32,69.86
IWM,2008-01-11,70.22,71.5,69.91
IWM,2008-01-14,70.8,71.19,70.26
IWM,2008-01-15,69.5,70.16,69.07
IWM,2008-01-16,69.66,70.71,68.72
IWM,2008-01-17,67.88,70.1,67.68
IWM,2008-01-18,67.18,68.81,66.29
IWM,2008-01-22,66.74,68.13,64.19
IWM,2008-01-23,69.02,69.98,65.09
IWM,2008-01-24,68.97,70.23,68.28
IWM,2008-01-25,68.47,70.22,68.08
IWM,2008-01-28,69.92,69.97,67.71
IWM,2008-01-29,70.1,70.39,69.12
IWM,2008-01-30,69.22,71.4,69.1
IWM,2008-01-31,70.94,71.56,68.0
IWM,2008-02-01,72.63,72.88,71.0
IWM,2008-02-04,71.79,72.6,71.68
IWM,2008-02-05,69.95,71.57,69.8
IWM,2008-02-06,68.96,70.88,68.84
IWM,2008-02-07,70.11,70.52,68.47
IWM,2008-02-08,69.67,70.64,69.0
IWM,2008-02-11,69.58,70.2,68.73
IWM,2008-02-12,70.41,71.05,69.72
IWM,2008-02-13,71.85,71.95,70.7
IWM,2008-02-14,70.18,72.18,70.02
IWM,2008-02-15,69.87,70.13,69.15
IWM,2008-02-19,70.73,71.01,69.62
IWM,2008-02-20,70.77,70.91,69.17
IWM,2008-02-21,69.39,71.75,69.24
IWM,2008-02-22,69.37,69.52,68.04
IWM,2008-02-25,70.77,71.0,69.03
IWM,2008-02-26,71.43,72.2,70.31
IWM,2008-02-27,71.4,72.24,70.71
IWM,2008-02-28,70.32,71.14,69.98
IWM,2008-02-29,68.86,69.7,68.1
IWM,2008-03-03,68.2,68.72,67.21
IWM,2008-03-04,67.8,68.43,66.78
IWM,2008-03-05,68.45,68.7,67.43
IWM,2008-03-06,66.17,68.1771,65.93
IWM,2008-03-07,65.96,66.84,65.2
IWM,2008-03-10,64.5,66.06,64.1
IWM,2008-03-11,67.3,67.3,64.2237
IWM,2008-03-12,66.52,68.04,66.5
IWM,2008-03-13,67.88,67.98,65.2
IWM,2008-03-14,66.14,68.83,65.35
IWM,2008-03-17,65.06,65.94,64.23
IWM,2008-03-18,68.05,68.18,65.31
IWM,2008-03-19,66.17,68.93,66.17
IWM,2008-03-20,67.48,68.1,66.3899
IWM,2008-03-24,69.99,70.35,67.95
IWM,2008-03-25,70.22,70.43,69.28
IWM,2008-03-26,69.64,70.27,69.34
IWM,2008-03-27,69.09,70.26,68.97
IWM,2008-03-28,68.19,69.41,67.97
IWM,2008-03-31,68.29,69.22,67.81
IWM,2008-04-01,70.79,70.82,69.14
IWM,2008-04-02,70.96,71.5192,70.37
IWM,2008-04-03,71.15,71.47,70.35
IWM,2008-04-04,71.16,71.89,70.64
IWM,2008-04-07,70.96,71.86,70.78
IWM,2008-04-08,71.02,71.28,70.37
IWM,2008-04-09,69.81,71.35,69.45
IWM,2008-04-10,70.47,70.89,69.43
IWM,2008-04-11,68.74,69.78,68.42
IWM,2008-04-14,68.53,69.27,68.23
IWM,2008-04-15,69.01,69.08,68.27
IWM,2008-04-16,71.2,71.28,69.654
IWM,2008-04-17,70.92,71.1431,70.15
IWM,2008-04-18,71.67,72.27,71.47
IWM,2008-04-21,71.68,71.83,71.23
IWM,2008-04-22,70.5,71.6045,69.51
IWM,2008-04-23,70.55,71.02,69.9
IWM,2008-04-24,71.23,71.94,69.64
IWM,2008-04-25,71.9,72.27,70.81
IWM,2008-04-28,72.38,72.7,71.59
IWM,2008-04-29,71.74,72.38,71.29
IWM,2008-04-30,71.4,72.66,71.1
IWM,2008-05-01,72.75,72.86,71.23
IWM,2008-05-02,72.52,73.5,72.24
IWM,2008-05-05,72.27,72.7,71.88
IWM,2008-05-06,72.86,73.07,71.67
IWM,2008-05-07,71.56,73.22,71.34
IWM,2008-05-08,71.71,71.97,71.19
IWM,2008-05-09,71.5,72.12,71.04
IWM,2008-05-12,73.07,73.27,71.81
IWM,2008-05-13,73.49,73.64,72.72
IWM,2008-05-14,73.4,74.35,72.6
IWM,2008-05-15,73.55,74.29,73.1
IWM,2008-05-16,73.9501,74.52,73.09
IWM,2008-05-19,73.97,74.74,73.47
IWM,2008-05-20,73.7,73.73,72.8
IWM,2008-05-21,72.65,74.23,72.25
IWM,2008-05-22,73.17,73.56,72.69
IWM,2008-05-23,72.21,73.19,71.73
IWM,2008-05-27,73.32,73.42,72.35
IWM,2008-05-28,73.66,73.76,72.92
IWM,2008-05-29,74.41,75.02,73.47
IWM,2008-05-30,74.67,74.81,74.15
IWM,2008-06-02,73.99,74.63,73.22
IWM,2008-06-03,73.84,74.65,73.06
IWM,2008-06-04,74.3,74.95,73.34
IWM,2008-06-05,76.2,76.23,74.25
IWM,2008-06-06,73.92,75.82,73.9
IWM,2008-06-09,73.68,74.39,72.78
IWM,2008-06-10,73.14,73.635,72.25
IWM,2008-06-11,71.87,73.22,71.77
IWM,2008-06-12,72.02,73.1,71.63
IWM,2008-06-13,73.32,73.35,72.23
IWM,2008-06-16,73.78,74.09,72.95
IWM,2008-06-17,73.72,74.26,73.55
IWM,2008-06-18,73.13,73.49,72.49
IWM,2008-06-19,73.74,73.8,72.72
IWM,2008-06-20,72.57,73.45,71.85
IWM,2008-06-23,71.89,72.99,71.86
IWM,2008-06-24,70.7,71.89,70.61
IWM,2008-06-25,71.5,72.1,70.86
IWM,2008-06-26,69.66,70.95,69.61
IWM,2008-06-27,69.73,70.25,69.0
IWM,2008-06-30,69.05,70.21,68.92
IWM,2008-07-01,69.1,69.26,67.62
IWM,2008-07-02,66.89,69.175,66.85
IWM,2008-07-03,66.32,67.18,65.77
IWM,2008-07-07,65.71,67.04,64.94
IWM,2008-07-08,68.07,68.14,65.25
IWM,2008-07-09,66.25,68.55,66.0
IWM,2008-07-10,66.9,67.45,65.96
IWM,2008-07-11,67.27,67.78,65.67
IWM,2008-07-14,66.16,67.9,65.86
IWM,2008-07-15,65.88,67.28,64.52
IWM,2008-07-16,68.3,68.49,65.79
IWM,2008-07-17,68.4,69.54,68.08
IWM,2008-07-18,68.88,69.85,68.53
IWM,2008-07-21,69.72,69.75,68.98
IWM,2008-07-22,71.47,71.59,69.02
IWM,2008-07-23,71.93,72.49,71.18
IWM,2008-07-24,70.11,71.93,69.86
IWM,2008-07-25,70.68,71.41,70.21
IWM,2008-07-28,69.48,70.84,69.22
IWM,2008-07-29,71.18,71.4,69.61
IWM,2008-07-30,71.61,72.07,70.64
IWM,2008-07-31,71.32,72.01,70.74
IWM,2008-08-01,71.41,71.76,70.32
IWM,2008-08-04,70.29,71.49,69.81
IWM,2008-08-05,71.96,71.97,70.75
IWM,2008-08-06,72.32,72.66,71.2
IWM,2008-08-07,71.24,72.34,70.97
IWM,2008-08-08,73.12,73.37,70.98
IWM,2008-08-11,74.87,75.6,73.13
IWM,2008-08-12,74.31,74.89,74.06
IWM,2008-08-13,74.58,74.95,73.53
IWM,2008-08-14,75.3,75.64,74.06
IWM,2008-08-15,75.1,76.27,74.48
IWM,2008-08-18,74.13,75.42,73.56
IWM,2008-08-19,72.9,73.83,72.44
IWM,2008-08-20,73.0,73.82,72.28
IWM,2008-08-21,72.16,73.0,72.05
IWM,2008-08-22,73.68,73.81,72.62
IWM,2008-08-25,72.06,73.68,70.69
IWM,2008-08-26,72.17,72.58,71.46
IWM,2008-08-27,72.95,73.51,72.11
IWM,2008-08-28,74.51,74.65,73.03
IWM,2008-08-29,73.87,74.52,73.53
IWM,2008-09-02,73.83,75.5,73.0
IWM,2008-09-03,74.15,74.7,73.39
IWM,2008-09-04,71.82,73.68,71.48
IWM,2008-09-05,71.64,72.11,70.14
IWM,2008-09-08,72.48,74.35,71.64
IWM,2008-09-09,70.81,73.85,70.56
IWM,2008-09-10,71.47,72.18,70.43
IWM,2008-09-11,71.92,72.0,69.9
IWM,2008-09-12,72.25,72.39,71.04
IWM,2008-09-15,69.01,71.49,68.79
IWM,2008-09-16,71.0,71.0,67.73
IWM,2008-09-17,67.8,70.07,67.45
IWM,2008-09-18,71.8,72.15,67.16
IWM,2008-09-19,75.01,86.05,73.95
IWM,2008-09-22,71.95,75.36,70.22
IWM,2008-09-23,70.99,72.62,70.81
IWM,2008-09-24,69.94,71.03,68.9
IWM,2008-09-25,70.3,71.26,69.89
IWM,2008-09-26,70.63,70.69,68.79
IWM,2008-09-29,65.05,70.3319,65.05
IWM,2008-09-30,68.0,68.39,65.05
IWM,2008-10-01,67.02,67.35,66.29
IWM,2008-10-02,63.58,67.032,63.42
IWM,2008-10-03,62.7,65.64,61.73
IWM,2008-10-06,59.72,60.72,56.38
IWM,2008-10-07,55.8,60.43,55.63
IWM,2008-10-08,54.46,56.95,53.51
IWM,2008-10-09,49.99,55.93,49.45
IWM,2008-10-10,52.45,54.67,46.51
IWM,2008-10-13,57.38,57.38,52.45
IWM,2008-10-14,55.38,58.85,53.86
IWM,2008-10-15,50.25,54.85,50.05
IWM,2008-10-16,53.55,53.88,48.29
IWM,2008-10-17,52.2,55.45,50.72
IWM,2008-10-20,54.69,54.71,52.46
IWM,2008-10-21,53.18,54.59,52.82
IWM,2008-10-22,50.8,52.46,49.31
IWM,2008-10-23,48.99,50.94,46.68
IWM,2008-10-24,47.17,48.2,44.89
IWM,2008-10-27,44.86,47.67,44.7
IWM,2008-10-28,48.4,48.7,44.08
IWM,2008-10-29,48.79,50.73,47.82
IWM,2008-10-30,51.43,51.48,49.52
IWM,2008-10-31,53.89,54.09,50.48
IWM,2008-11-03,53.82,54.6,53.38
IWM,2008-11-04,54.44,55.21,53.39
IWM,2008-11-05,51.59,54.44,51.31
IWM,2008-11-06,49.59,51.7,49.54
IWM,2008-11-07,50.62,51.07,49.31
IWM,2008-11-10,49.45,51.8386,48.93
IWM,2008-11-11,48.38,49.9,48.01
IWM,2008-11-12,45.56,48.38,45.32
IWM,2008-11-13,49.31,49.45,43.24
IWM,2008-11-14,45.64,49.31,45.5
IWM,2008-11-17,45.25,46.58,44.89
IWM,2008-11-18,45.03,45.99,43.1
IWM,2008-11-19,41.36,45.15,41.24
IWM,2008-11-20,38.53,41.93,38.44
IWM,2008-11-21,40.64,40.85,37.12
IWM,2008-11-24,43.5,44.04,40.73
IWM,2008-11-25,44.22,44.42,42.66
IWM,2008-11-26,46.87,47.03,43.2
IWM,2008-11-28,47.34,48.26,46.16
IWM,2008-12-01,42.02,46.32,41.5
IWM,2008-12-02,44.23,44.33,41.96
IWM,2008-12-03,45.57,45.89,43.02
IWM,2008-12-04,44.06,46.45,43.26
IWM,2008-12-05,46.1,46.27,42.34
IWM,2008-12-08,48.14,48.57,46.97
IWM,2008-12-09,46.649,49.41,46.28
IWM,2008-12-10,47.75,48.44,46.76
IWM,2008-12-11,45.33,47.91,44.79
IWM,2008-12-12,46.89,47.0,44.02
IWM,2008-12-15,45.38,47.46,44.62
IWM,2008-12-16,48.33,48.48,46.1
IWM,2008-12-17,48.77,49.51,47.57
IWM,2008-12-18,48.46,49.66,47.32
IWM,2008-12-19,48.7,50.01,48.21
IWM,2008-12-22,46.25,48.94,46.12
IWM,2008-12-23,46.71,48.0,46.34
IWM,2008-12-24,46.88,47.11,46.16
IWM,2008-12-26,47.55,47.67,46.73
IWM,2008-12-29,46.82,47.58,45.9101
IWM,2008-12-30,48.12,48.2,46.77
IWM,2008-12-31,49.24,50.32,48.14
IWM,2009-01-02,50.22,50.72,49.22
IWM,2009-01-05,50.4,50.8,49.39
IWM,2009-01-06,51.25,51.91,50.3825
IWM,2009-01-07,49.74,51.3498,49.03
IWM,2009-01-08,49.98,50.15,49.17
IWM,2009-01-09,47.92,50.19,47.92
IWM,2009-01-12,46.7,48.11,46.5
IWM,2009-01-13,47.32,47.61,46.41
IWM,2009-01-14,45.24,46.67,45.12
IWM,2009-01-15,45.97,46.52,43.81
IWM,2009-01-16,46.48,47.03,44.97
IWM,2009-01-20,43.33,46.25,43.31
IWM,2009-01-21,45.49,45.69,43.04
IWM,2009-01-22,44.17,45.33,43.37
IWM,2009-01-23,44.39,45.01,42.86
IWM,2009-01-26,44.89,45.87,44.18
IWM,2009-01-27,45.38,45.82,44.72
IWM,2009-01-28,47.25,47.49,45.489
IWM,2009-01-29,45.4,47.2332,45.25
IWM,2009-01-30,44.48,46.01,44.11
IWM,2009-02-02,44.84,45.14,43.64
IWM,2009-02-03,45.16,45.58,44.45
IWM,2009-02-04,44.83,46.12,44.53
IWM,2009-02-05,45.35,46.01,44.2
IWM,2009-02-06,46.96,47.17,45.21
IWM,2009-02-09,46.75,47.14,46.22
IWM,2009-02-10,44.59,47.1,44.45
IWM,2009-02-11,44.76,45.19,44.09
IWM,2009-02-12,45.14,45.21,43.47
IWM,2009-02-13,44.67,45.7,44.58
IWM,2009-02-17,42.9,43.62,42.83
IWM,2009-02-18,42.29,43.34,42.13
IWM,2009-02-19,41.7,43.0,41.63
IWM,2009-02-20,41.14,41.64,40.19
IWM,2009-02-23,39.56,41.45,39.47
IWM,2009-02-24,41.02,41.37,39.6
IWM,2009-02-25,40.17,41.2532,39.49
IWM,2009-02-26,39.42,40.75,39.21
IWM,2009-02-27,39.15,39.88,38.64
IWM,2009-03-02,36.94,38.42,36.82
IWM,2009-03-03,36.24,37.47,36.02
IWM,2009-03-04,36.99,37.65,36.22
IWM,2009-03-05,35.02,36.689,34.92
IWM,2009-03-06,35.2,35.88,34.32
IWM,2009-03-09,34.39,35.64,34.26
IWM,2009-03-10,36.63,36.81,35.1
IWM,2009-03-11,36.68,37.8,36.36
IWM,2009-03-12,38.96,39.19,36.07
IWM,2009-03-13,39.37,39.66,38.76
IWM,2009-03-16,38.66,40.2,38.56
IWM,2009-03-17,40.45,40.45,38.43
IWM,2009-03-18,41.85,42.18,39.91
IWM,2009-03-19,41.41,42.5,41.15
IWM,2009-03-20,39.98,41.92,39.95
IWM,2009-03-23,43.38,43.52,40.93
IWM,2009-03-24,41.56,43.11,41.51
IWM,2009-03-25,42.73,43.28,40.81
IWM,2009-03-26,44.38,44.47,42.87
IWM,2009-03-27,42.89,44.0,42.83
IWM,2009-03-30,41.66,41.81,40.7801
IWM,2009-03-31,42.05,43.31,41.61
IWM,2009-04-01,42.78,43.0,41.11
IWM,2009-04-02,44.92,45.57,43.82
IWM,2009-04-03,45.63,45.64,44.36
IWM,2009-04-06,44.85,45.11,44.03
IWM,2009-04-07,43.26,44.46,43.12
IWM,2009-04-08,44.06,44.23,43.19
IWM,2009-04-09,46.64,46.71,45.1
IWM,2009-04-13,46.66,47.0,45.67
IWM,2009-04-14,45.31,46.525,45.23
IWM,2009-04-15,46.0,46.1499,44.89
IWM,2009-04-16,47.33,47.69,45.76
IWM,2009-04-17,47.75,48.27,46.92
IWM,2009-04-20,45.3,47.0,45.2
IWM,2009-04-21,46.87,47.058,44.95
IWM,2009-04-22,46.86,48.16,46.03
IWM,2009-04-23,46.75,47.21,45.93
IWM,2009-04-24,47.62,48.28,46.67
IWM,2009-04-27,47.11,47.79,46.61
IWM,2009-04-28,47.18,47.99,46.38
IWM,2009-04-29,48.97,49.57,47.63
IWM,2009-04-30,48.52,50.24,48.45
IWM,2009-05-01,48.82,49.3,48.41
IWM,2009-05-04,50.6,50.7,49.07
IWM,2009-05-05,50.35,50.612,49.63
IWM,2009-05-06,50.49,51.22,49.5
IWM,2009-05-07,49.3,51.4,48.89
IWM,2009-05-08,51.01,51.16,49.64
IWM,2009-05-11,50.26,50.66,49.79
IWM,2009-05-12,49.55,50.82,48.71
IWM,2009-05-13,47.28,48.81,47.21
IWM,2009-05-14,47.94,48.75,47.06
IWM,2009-05-15,47.76,48.42,47.28
IWM,2009-05-18,49.36,49.57,48.11
IWM,2009-05-19,49.38,49.96,48.8
IWM,2009-05-20,48.92,50.69,48.85
IWM,2009-05-21,48.29,48.7,47.45
IWM,2009-05-22,47.79,48.66,47.35
IWM,2009-05-26,50.07,50.16,47.32
IWM,2009-05-27,49.1,50.37,49.01
IWM,2009-05-28,49.16,49.75,48.1
IWM,2009-05-29,50.17,50.27,49.08
IWM,2009-06-01,52.13,54.55,51.1
IWM,2009-06-02,52.78,53.0,51.6799
IWM,2009-06-03,52.43,52.51,51.74
IWM,2009-06-04,53.18,53.26,52.09
IWM,2009-06-05,53.2,53.79,52.68
IWM,2009-06-08,52.57,53.28,52.04
IWM,2009-06-09,52.81,53.27,52.56
IWM,2009-06-10,52.6,53.41,51.61
IWM,2009-06-11,52.62,53.46,52.58
IWM,2009-06-12,52.78,52.82,51.89
IWM,2009-06-15,51.36,52.09,50.8
IWM,2009-06-16,50.5,51.84,50.32
IWM,2009-06-17,50.77,51.37,50.0
IWM,2009-06-18,51.0,51.32,50.3
IWM,2009-06-19,51.31,51.92,51.11
IWM,2009-06-22,49.49,51.03,49.4
IWM,2009-06-23,49.09,49.94,49.02
IWM,2009-06-24,49.62,50.25,49.33
IWM,2009-06-25,51.053,51.08,49.09
IWM,2009-06-26,51.23,51.565,50.57
IWM,2009-06-29,51.23,51.58,50.4
IWM,2009-06-30,51.08,51.6101,50.77
IWM,2009-07-01,51.87,52.25,51.31
IWM,2009-07-02,49.91,50.88,49.69
IWM,2009-07-06,49.47,49.74,48.65
IWM,2009-07-07,48.4,49.5,48.35
IWM,2009-07-08,48.07,48.78,47.27
IWM,2009-07-09,47.87,48.42,47.79
IWM,2009-07-10,48.1,48.27,47.33
IWM,2009-07-13,49.26,49.29,47.42
IWM,2009-07-14,49.55,49.72,48.95
IWM,2009-07-15,51.46,51.62,50.26
IWM,2009-07-16,52.1,52.37,51.14
IWM,2009-07-17,51.9,52.27,51.73
IWM,2009-07-20,52.54,52.74,52.03
IWM,2009-07-21,52.45,53.07,51.79
IWM,2009-07-22,52.86,53.21,52.14
IWM,2009-07-23,54.53,54.82,52.77
IWM,2009-07-24,54.81,54.87,53.96
IWM,2009-07-27,55.09,55.22,54.42
IWM,2009-07-28,55.12,55.32,54.34
IWM,2009-07-29,54.84,55.13,54.542
IWM,2009-07-30,55.8,56.44,54.849
IWM,2009-07-31,55.57,56.28,55.54
IWM,2009-08-03,56.54,56.58,55.62
IWM,2009-08-04,57.11,57.32,56.16
IWM,2009-08-05,56.54,57.17,56.0
IWM,2009-08-06,55.75,56.96,55.61
IWM,2009-08-07,57.09,57.84,56.29
IWM,2009-08-10,57.19,57.55,56.71
IWM,2009-08-11,56.27,57.04,55.98
IWM,2009-08-12,57.12,57.84,56.26
IWM,2009-08-13,57.59,57.78,56.73
IWM,2009-08-14,56.41,57.552,55.82
IWM,2009-08-17,54.82,56.425,54.68
IWM,2009-08-18,55.55,55.89,54.915
IWM,2009-08-19,56.23,56.27,54.82
IWM,2009-08-20,56.84,56.97,55.86
IWM,2009-08-21,58.15,58.39,56.9184
IWM,2009-08-24,58.13,58.77,57.84
IWM,2009-08-25,58.38,59.07,58.2
IWM,2009-08-26,58.51,58.77,58.03
IWM,2009-08-27,58.42,58.6,57.23
IWM,2009-08-28,58.05,59.18,57.66
IWM,2009-08-31,57.2,58.0505,56.93
IWM,2009-09-01,55.92,58.13,55.7
IWM,2009-09-02,55.64,56.06,55.47
IWM,2009-09-03,56.26,56.31,55.21
IWM,2009-09-04,57.05,57.11,55.87
IWM,2009-09-08,57.68,57.7248,57.0
IWM,2009-09-09,58.67,59.03,57.52
IWM,2009-09-10,59.4,59.56,58.2
IWM,2009-09-11,59.42,59.99,59.1
IWM,2009-09-14,60.05,60.11,58.865
IWM,2009-09-15,60.54,60.72,59.77
IWM,2009-09-16,61.79,61.8,60.59
IWM,2009-09-17,61.66,62.34,61.35
IWM,2009-09-18,61.91,62.09,61.26
IWM,2009-09-21,61.74,61.96,61.09
IWM,2009-09-22,62.02,62.24,61.59
IWM,2009-09-23,61.43,62.61,61.315
IWM,2009-09-24,60.2,61.76,59.76
IWM,2009-09-25,59.83,60.34,59.51
IWM,2009-09-28,61.26,61.58,59.8691
IWM,2009-09-29,60.99,61.78,60.92
IWM,2009-09-30,60.24,61.24,59.56
IWM,2009-10-01,58.44,60.4292,58.34
IWM,2009-10-02,58.0,58.52,57.53
IWM,2009-10-05,59.04,59.29,58.08
IWM,2009-10-06,60.14,60.445,59.117
IWM,2009-10-07,60.16,60.41,59.85
IWM,2009-10-08,60.71,61.31,60.2201
IWM,2009-10-09,61.42,61.51,60.67
IWM,2009-10-12,61.43,62.03,61.14
IWM,2009-10-13,61.17,61.49,60.6
IWM,2009-10-14,62.34,62.46,61.1947
IWM,2009-10-15,62.3,62.45,61.83
IWM,2009-10-16,61.68,62.3638,61.14
IWM,2009-10-19,62.19,62.52,61.38
IWM,2009-10-20,61.33,62.32,60.99
IWM,2009-10-21,60.5,62.4,60.41
IWM,2009-10-22,61.34,61.61,59.77
IWM,2009-10-23,60.058,61.68,59.97
IWM,2009-10-26,59.52,61.17,59.22
IWM,2009-10-27,58.79,59.89,58.69
IWM,2009-10-28,56.83,58.8,56.59
IWM,2009-10-29,57.91,58.24,57.12
IWM,2009-10-30,56.33,57.74,55.98
IWM,2009-11-02,56.22,57.14,55.33
IWM,2009-11-03,57.07,57.09,55.69
IWM,2009-11-04,56.25,57.68,56.25
IWM,2009-11-05,58.04,58.1646,56.77
IWM,2009-11-06,58.08,58.58,57.27
IWM,2009-11-09,59.22,59.27,58.095
IWM,2009-11-10,58.85,59.51,58.37
IWM,2009-11-11,59.26,59.84,58.8
IWM,2009-11-12,58.17,59.73,58.0
IWM,2009-11-13,58.73,58.96,57.63
IWM,2009-11-16,60.28,60.68,58.6992
IWM,2009-11-17,60.28,60.48,59.74
IWM,2009-11-18,60.16,60.38,59.6
IWM,2009-11-19,58.66,59.66,58.19
IWM,2009-11-20,58.59,58.8,58.09
IWM,2009-11-23,59.61,60.32,58.5683
IWM,2009-11-24,59.34,59.63,58.62
IWM,2009-11-25,59.33,59.82,59.26
IWM,2009-11-27,57.58,59.3269,57.04
IWM,2009-11-30,58.09,58.25,56.86
IWM,2009-12-01,58.99,59.23,58.46
IWM,2009-12-02,59.69,60.21,59.06
IWM,2009-12-03,58.96,60.37,58.93
IWM,2009-12-04,60.42,60.87,59.28
IWM,2009-12-07,60.51,60.84,60.11
IWM,2009-12-08,60.04,60.47,59.38
IWM,2009-12-09,59.85,60.1,59.3
IWM,2009-12-10,59.61,60.44,59.36
IWM,2009-12-11,60.17,60.27,59.48
IWM,2009-12-14,61.08,61.3775,59.97
IWM,2009-12-15,60.91,61.52,60.78
IWM,2009-12-16,61.3,61.62,60.9
IWM,2009-12-17,60.62,61.283,60.18
IWM,2009-12-18,61.18,61.19,60.32
IWM,2009-12-21,61.991,62.11,61.2228
IWM,2009-12-22,62.57,62.65,61.92
IWM,2009-12-23,63.12,63.16,62.2825
IWM,2009-12-24,63.36,63.3929,63.13
IWM,2009-12-28,63.26,63.61,62.97
IWM,2009-12-29,63.23,63.53,63.18
IWM,2009-12-30,63.19,63.49,62.65
IWM,2010-01-04,63.98,64.04,62.4999
IWM,2010-01-05,63.76,64.18,63.49
IWM,2010-01-06,63.7,64.1,63.54
IWM,2010-01-07,64.17,64.218,63.14
IWM,2010-01-08,64.52,64.52,63.8
IWM,2010-01-11,64.26,64.88,64.01
IWM,2010-01-12,63.56,64.3637,63.26
IWM,2010-01-13,64.38,64.51,63.23
IWM,2010-01-14,64.62,64.82,64.02
IWM,2010-01-15,63.68,64.8001,63.27
IWM,2010-01-19,64.85,64.87,63.77
IWM,2010-01-20,63.91,64.4,63.19
IWM,2010-01-21,62.8575,64.48,62.64
IWM,2010-01-22,61.73,63.06,61.18
IWM,2010-01-25,61.8,62.15,61.33
IWM,2010-01-26,61.19,62.0299,61.14
IWM,2010-01-27,61.84,61.935,60.71
IWM,2010-01-28,60.78,61.99,60.22
IWM,2010-01-29,60.11,61.69,59.97
IWM,2010-02-01,60.82,60.94,60.16
IWM,2010-02-02,61.49,61.56,60.62
IWM,2010-02-03,61.08,61.63,60.59
IWM,2010-02-04,59.04,60.68,58.99
IWM,2010-02-05,59.27,59.33,58.0
IWM,2010-02-08,58.67,59.6,58.62
IWM,2010-02-09,59.47,59.9286,58.6604
IWM,2010-02-10,59.61,59.78,58.69
IWM,2010-02-11,60.578,60.62,59.0
IWM,2010-02-12,61.02,61.0974,59.81
IWM,2010-02-16,62.05,62.11,61.08
IWM,2010-02-17,62.47,62.61,61.99
IWM,2010-02-18,62.98,63.0,62.25
IWM,2010-02-19,63.06,63.38,62.61
IWM,2010-02-22,63.25,63.45,63.02
IWM,2010-02-23,62.51,63.2523,62.33
IWM,2010-02-24,63.02,63.35,62.55
IWM,2010-02-25,63.06,63.12,61.98
IWM,2010-02-26,62.8,63.21,62.46
IWM,2010-03-01,64.26,64.32,62.9046
IWM,2010-03-02,64.75,65.15,64.3135
IWM,2010-03-03,65.12,65.49,64.78
IWM,2010-03-04,65.29,65.37,64.87
IWM,2010-03-05,66.62,66.72,65.5
IWM,2010-03-08,66.74,66.93,66.515
IWM,2010-03-09,66.98,67.49,66.53
IWM,2010-03-10,67.55,67.9,67.01
IWM,2010-03-11,67.75,67.86,66.9
IWM,2010-03-12,67.72,68.13,67.26
IWM,2010-03-15,67.49,67.81,67.0
IWM,2010-03-16,68.07,68.1,67.34
IWM,2010-03-17,68.47,68.88,68.0608
IWM,2010-03-18,68.26,68.78,68.14
IWM,2010-03-19,67.4075,68.51,67.16
IWM,2010-03-22,68.36,68.51,66.78
IWM,2010-03-23,69.23,69.25,68.11
IWM,2010-03-24,68.27,69.1447,68.25
IWM,2010-03-25,67.84,69.36,67.79
IWM,2010-03-26,67.81,68.57,67.56
IWM,2010-03-29,68.16,68.4,67.81
IWM,2010-03-30,68.39,68.735,67.87
IWM,2010-03-31,67.8025,68.81,67.79
IWM,2010-04-01,68.43,68.69,67.39
IWM,2010-04-05,69.71,69.76,68.44
IWM,2010-04-06,70.12,70.29,69.33
IWM,2010-04-07,69.898,70.31,69.45
IWM,2010-04-08,69.83,70.2,69.16
IWM,2010-04-09,70.25,70.26,69.5
IWM,2010-04-12,70.54,70.68,70.12
IWM,2010-04-13,70.7,70.74,69.94
IWM,2010-04-14,72.21,72.21,70.6987
IWM,2010-04-15,72.43,72.58,72.09
IWM,2010-04-16,71.4575,72.47,70.94
IWM,2010-04-19,71.11,71.77,69.78
IWM,2010-04-20,72.08,72.13,71.1376
IWM,2010-04-21,72.58,72.72,71.92
IWM,2010-04-22,73.35,73.49,71.46
IWM,2010-04-23,74.13,74.21,72.64
IWM,2010-04-26,73.85,74.66,73.83
IWM,2010-04-27,72.16,74.24,72.02
IWM,2010-04-28,72.28,72.78,71.92
IWM,2010-04-29,73.81,73.84,72.38
IWM,2010-04-30,71.65,73.93,71.57
IWM,2010-05-03,73.26,73.31,71.6791
IWM,2010-05-04,70.96,73.2991,70.53
IWM,2010-05-05,69.92,70.9921,69.39
IWM,2010-05-06,67.3,70.19,63.36
IWM,2010-05-07,65.38,67.62,64.64
IWM,2010-05-10,69.03,69.06,65.3352
IWM,2010-05-11,69.49,70.52,67.98
IWM,2010-05-12,71.63,71.7,69.5825
IWM,2010-05-13,70.93,72.1,70.59
IWM,2010-05-14,69.56,70.5,68.62
IWM,2010-05-17,69.69,70.57,67.75
IWM,2010-05-18,68.35,70.8,68.13
IWM,2010-05-19,67.54,68.8,66.58
IWM,2010-05-20,64.12,67.5066,64.08
IWM,2010-05-21,65.07,65.64,62.76
IWM,2010-05-24,64.2,65.41,64.14
IWM,2010-05-25,64.19,64.24,61.71
IWM,2010-05-26,64.345,65.95,63.98
IWM,2010-05-27,67.11,67.14,64.3479
IWM,2010-05-28,66.25,67.17,65.73
IWM,2010-06-01,64.24,66.47,64.19
IWM,2010-06-02,66.07,66.1,64.02
IWM,2010-06-03,66.92,67.09,65.87
IWM,2010-06-04,63.555,65.7,63.37
IWM,2010-06-07,61.92,64.11,61.86
IWM,2010-06-08,61.89,62.6,60.7
IWM,2010-06-09,61.93,63.42,61.59
IWM,2010-06-10,64.05,64.08,62.8
IWM,2010-06-11,64.94,65.03,63.18
IWM,2010-06-14,65.35,66.5,65.16
IWM,2010-06-15,66.99,67.17,65.3556
IWM,2010-06-16,66.68,67.38,66.25
IWM,2010-06-17,66.76,67.2,65.97
IWM,2010-06-18,66.8,67.5333,66.45
IWM,2010-06-21,66.1077,67.995,65.72
IWM,2010-06-22,64.75,67.1,64.67
IWM,2010-06-23,64.57,65.26,63.81
IWM,2010-06-24,63.53,64.53,63.39
IWM,2010-06-25,64.63,64.915,63.2
IWM,2010-06-28,64.24,65.24,63.91
IWM,2010-06-29,61.83,63.22,61.38
IWM,2010-06-30,61.115,62.62,60.94
IWM,2010-07-01,60.68,61.4,59.12
IWM,2010-07-02,59.82,60.89,59.42
IWM,2010-07-06,59.04,61.5,58.66
IWM,2010-07-07,61.1,61.15,58.9819
IWM,2010-07-08,61.98,62.11,61.04
IWM,2010-07-09,62.94,62.94,61.77
IWM,2010-07-12,62.23,63.18,61.62
IWM,2010-07-13,64.2,64.44,62.84
IWM,2010-07-14,63.97,64.39,63.47
IWM,2010-07-15,63.37,64.1,62.61
IWM,2010-07-16,61.07,63.04,60.89
IWM,2010-07-19,61.3,61.48,60.15
IWM,2010-07-20,62.3595,62.47,60.21
IWM,2010-07-21,61.24,62.97,61.1
IWM,2010-07-22,63.44,63.66,61.257
IWM,2010-07-23,64.99,65.11,62.94
IWM,2010-07-26,66.48,66.52,64.92
IWM,2010-07-27,66.25,67.27,65.98
IWM,2010-07-28,65.15,66.43,64.78
IWM,2010-07-29,64.98,65.99,63.95
IWM,2010-07-30,65.04,65.61,63.82
IWM,2010-08-02,66.151,66.54,65.5901
IWM,2010-08-03,65.62,66.53,65.09
IWM,2010-08-04,66.31,66.48,65.715
IWM,2010-08-05,65.53,66.21,65.46
IWM,2010-08-06,65.14,65.516,63.86
IWM,2010-08-09,65.86,66.11,64.85
IWM,2010-08-10,64.62,65.965,64.13
IWM,2010-08-11,62.08,63.33,61.91
IWM,2010-08-12,61.77,62.15,60.76
IWM,2010-08-13,61.07,61.7318,60.97
IWM,2010-08-16,61.56,61.92,60.38
IWM,2010-08-17,62.64,63.155,61.86
IWM,2010-08-18,62.81,63.43,61.94
IWM,2010-08-19,61.1465,62.8521,60.94
IWM,2010-08-20,61.1287,61.19,60.14
IWM,2010-08-23,60.32,61.92,60.28
IWM,2010-08-24,59.63,60.32,58.8
IWM,2010-08-25,60.5299,60.68,58.89
IWM,2010-08-26,60.08,61.28,59.86
IWM,2010-08-27,61.65,61.8,59.56
IWM,2010-08-30,60.3,61.7341,60.27
IWM,2010-08-31,60.18,60.91,59.68
IWM,2010-09-01,62.51,62.55,60.2748
IWM,2010-09-02,63.2,63.38,62.2742
IWM,2010-09-03,64.33,64.53,63.3013
IWM,2010-09-07,63.11,64.4117,62.91
IWM,2010-09-08,63.5,63.995,63.0057
IWM,2010-09-09,63.52,64.48,63.04
IWM,2010-09-10,63.72,64.11,63.35
IWM,2010-09-13,65.27,65.48,63.7357
IWM,2010-09-14,64.99,65.62,64.76
IWM,2010-09-15,65.3575,65.57,64.33
IWM,2010-09-16,64.94,65.41,64.39
IWM,2010-09-17,65.21,65.52,64.28
IWM,2010-09-20,67.0225,67.2,64.97
IWM,2010-09-21,66.63,67.43,66.53
IWM,2010-09-22,65.84,66.9,65.33
IWM,2010-09-23,64.89,66.16,64.66
IWM,2010-09-24,66.99,67.06,64.8409
IWM,2010-09-27,66.82,67.16,66.51
IWM,2010-09-28,67.48,67.63,65.749
IWM,2010-09-29,67.68,67.95,67.12
IWM,2010-09-30,67.5,68.55,66.95
IWM,2010-10-01,67.86,68.26,67.25
IWM,2010-10-04,66.92,68.1,66.48
IWM,2010-10-05,68.84,69.01,66.9364
IWM,2010-10-06,68.61,69.06,68.22
IWM,2010-10-07,68.41,69.08,67.92
IWM,2010-10-08,69.28,69.66,68.145
IWM,2010-10-11,69.34,69.86,69.14
IWM,2010-10-12,69.52,69.82,68.41
IWM,2010-10-13,70.58,71.1436,69.6061
IWM,2010-10-14,70.53,70.95,69.89
IWM,2010-10-15,70.29,71.25,69.89
IWM,2010-10-18,70.88,71.03,70.26
IWM,2010-10-19,69.5,71.0195,68.95
IWM,2010-10-20,70.21,70.63,69.4253
IWM,2010-10-21,69.87,71.09,68.96
IWM,2010-10-22,70.32,70.39,69.76
IWM,2010-10-25,70.74,71.56,70.3564
IWM,2010-10-26,70.69,71.17,69.99
IWM,2010-10-27,70.51,70.7088,69.54
IWM,2010-10-28,70.08,71.12,69.75
IWM,2010-10-29,70.3,70.67,69.83
IWM,2010-11-01,69.82,71.17,69.31
IWM,2010-11-02,71.27,71.31,69.884
IWM,2010-11-03,71.57,71.62,70.5
IWM,2010-11-04,73.35,73.38,71.5468
IWM,2010-11-05,73.77,74.0,73.301
IWM,2010-11-08,73.7125,73.91,73.12
IWM,2010-11-09,72.73,74.05,72.33
IWM,2010-11-10,73.54,73.55,72.11
IWM,2010-11-11,73.25,73.54,72.46
IWM,2010-11-12,72.02,73.1,71.9
IWM,2010-11-15,72.05,72.85,71.97
IWM,2010-11-16,70.66,71.68,70.15
IWM,2010-11-17,70.83,71.02,70.4
IWM,2010-11-18,72.21,72.58,71.66
IWM,2010-11-19,72.45,72.61,71.53
IWM,2010-11-22,72.81,72.99,71.74
IWM,2010-11-23,72.1075,72.24,71.5
IWM,2010-11-24,73.73,73.75,72.75
IWM,2010-11-26,73.4,73.73,73.13
IWM,2010-11-29,73.33,73.51,72.03
IWM,2010-11-30,72.75,73.25,72.18
IWM,2010-12-01,74.38,74.57,72.8091
IWM,2010-12-02,75.15,75.29,74.36
IWM,2010-12-03,75.67,75.9,74.76
IWM,2010-12-06,76.14,76.35,75.5
IWM,2010-12-07,76.6,77.24,76.41
IWM,2010-12-08,76.54,77.01,76.37
IWM,2010-12-09,76.79,77.08,76.48
IWM,2010-12-10,77.745,77.94,76.77
IWM,2010-12-13,77.35,78.19,77.32
IWM,2010-12-14,77.31,77.72,77.18
IWM,2010-12-15,77.07,78.06,76.92
IWM,2010-12-16,77.78,77.97,76.86
IWM,2010-12-17,78.02,78.17,77.29
IWM,2010-12-20,78.33,78.81,77.93
IWM,2010-12-21,79.201,79.28,78.59
IWM,2010-12-22,78.82,79.18,78.72
IWM,2010-12-23,78.72,79.12,78.61
IWM,2010-12-27,78.96,79.1,78.31
IWM,2010-12-28,78.74,79.16,78.52
IWM,2010-12-29,78.91,79.02,78.75
IWM,2010-12-30,78.78,79.22,78.76
IWM,2010-12-31,78.24,78.88,78.17
IWM,2011-01-04,78.422,79.9,77.57
IWM,2011-01-05,79.33,79.36,78.1099
IWM,2011-01-06,78.97,79.53,78.65
IWM,2011-01-07,78.52,79.44,77.44
IWM,2011-01-10,78.97,79.29,77.62
IWM,2011-01-11,79.29,79.68,78.87
IWM,2011-01-12,79.97,80.13,79.51
IWM,2011-01-13,79.94,80.3,79.57
IWM,2011-01-14,80.54,80.68,79.69
IWM,2011-01-18,80.6,80.63,79.87
IWM,2011-01-19,78.53,80.7,78.36
IWM,2011-01-20,77.72,78.54,77.34
IWM,2011-01-21,77.19,78.24,77.12
IWM,2011-01-24,77.76,78.07,77.09
IWM,2011-01-25,77.88,77.9,76.95
IWM,2011-01-26,79.12,79.38,77.75
IWM,2011-01-27,79.35,79.67,78.73
IWM,2011-01-28,77.41,79.45,77.33
IWM,2011-01-31,77.92,78.5,77.25
IWM,2011-02-01,79.75,80.01,78.37
IWM,2011-02-02,79.45,80.13,79.42
IWM,2011-02-03,79.728,79.85,78.5
IWM,2011-02-04,79.87,79.97,79.24
IWM,2011-02-07,80.66,81.25,79.91
IWM,2011-02-08,81.23,81.27,80.34
IWM,2011-02-09,80.87,81.3,80.42
IWM,2011-02-10,81.19,81.29,80.24
IWM,2011-02-11,82.07,82.1,80.79
IWM,2011-02-14,82.49,82.61,82.05
IWM,2011-02-15,82.018,82.4886,81.83
IWM,2011-02-16,82.68,82.82,82.1783
IWM,2011-02-17,83.26,83.51,82.45
IWM,2011-02-18,83.35,83.77,83.04
IWM,2011-02-22,81.21,83.02,81.09
IWM,2011-02-23,79.81,81.44,79.29
IWM,2011-02-24,80.318,80.72,79.36
IWM,2011-02-25,82.18,82.21,80.64
IWM,2011-02-28,82.268,82.84,81.59
IWM,2011-03-01,80.62,82.64,80.35
IWM,2011-03-02,80.96,81.37,80.24
IWM,2011-03-03,82.79,83.02,81.0263
IWM,2011-03-04,82.48,82.84,81.65
IWM,2011-03-07,81.09,82.82,80.41
IWM,2011-03-08,82.41,82.81,80.55
IWM,2011-03-09,82.08,82.58,81.75
IWM,2011-03-10,79.97,81.03,79.6999
IWM,2011-03-11,80.18,80.7,79.28
IWM,2011-03-14,79.76,80.33,78.91
IWM,2011-03-15,79.06,79.67,77.5699
IWM,2011-03-16,78.25,79.64,77.76
IWM,2011-03-17,78.42,79.44,78.42
IWM,2011-03-18,79.46,79.59,79.07
IWM,2011-03-21,81.3,81.32,80.36
IWM,2011-03-22,80.87,81.6,80.67
IWM,2011-03-23,81.12,81.36,79.85
IWM,2011-03-24,81.51,81.79,80.74
IWM,2011-03-25,82.22,83.06,81.5507
IWM,2011-03-28,82.04,82.76,81.97
IWM,2011-03-29,82.81,82.89,81.58
IWM,2011-03-30,83.88,83.99,83.04
IWM,2011-03-31,84.17,84.29,83.7
IWM,2011-04-01,84.54,85.02,84.25
IWM,2011-04-04,84.73,84.97,84.54
IWM,2011-04-05,85.19,85.745,84.521
IWM,2011-04-06,85.35,85.88,84.91
IWM,2011-04-07,84.87,85.775,84.6175
IWM,2011-04-08,83.98,85.3599,83.6
IWM,2011-04-11,83.23,84.28,82.9
IWM,2011-04-12,82.14,83.05,82.05
IWM,2011-04-13,82.25,82.81,81.67
IWM,2011-04-14,82.63,82.71,81.45
IWM,2011-04-15,83.51,83.51,82.26
IWM,2011-04-18,82.13,82.26,81.43
IWM,2011-04-19,82.1486,82.695,81.67
IWM,2011-04-20,83.83,83.9,83.25
IWM,2011-04-21,84.45,84.48,83.73
IWM,2011-04-25,84.34,84.53,83.77
IWM,2011-04-26,85.18,85.67,84.35
IWM,2011-04-27,85.69,85.77,84.89
IWM,2011-04-28,86.08,86.5,85.52
IWM,2011-04-29,86.39,86.68,85.93
IWM,2011-05-02,85.38,86.81,85.28
IWM,2011-05-03,84.3,85.49,83.72
IWM,2011-05-04,83.21,84.46,82.73
IWM,2011-05-05,82.83,84.08,82.41
IWM,2011-05-06,83.27,84.34,82.84
IWM,2011-05-09,84.24,84.33,83.04
IWM,2011-05-10,85.53,85.54,84.56
IWM,2011-05-11,83.95,85.359,83.55
IWM,2011-05-12,84.67,84.94,82.98
IWM,2011-05-13,83.51,84.99,83.27
IWM,2011-05-16,82.28,83.89,82.22
IWM,2011-05-17,82.03,82.32,81.4
IWM,2011-05-18,83.29,83.325,82.0
IWM,2011-05-19,83.47,83.97,82.73
IWM,2011-05-20,82.859,83.45,82.2889
IWM,2011-05-23,81.37,81.95,81.23
IWM,2011-05-24,80.98,81.96,80.83
IWM,2011-05-25,82.0,82.29,80.76
IWM,2011-05-26,83.08,83.12,81.65
IWM,2011-05-27,83.65,83.93,83.26
IWM,2011-05-31,84.83,84.86,83.77
IWM,2011-06-01,82.11,84.8185,82.03
IWM,2011-06-02,82.08,82.66,81.6
IWM,2011-06-03,80.88,81.73,80.69
IWM,2011-06-06,79.55,81.07,79.49
IWM,2011-06-07,79.74,80.43,79.5291
IWM,2011-06-08,78.85,79.72,78.71
IWM,2011-06-09,79.27,79.71,78.73
IWM,2011-06-10,78.0,78.91,77.65
IWM,2011-06-13,77.78,78.64,77.35
IWM,2011-06-14,79.45,79.68,78.39
IWM,2011-06-15,78.03,79.21,77.72
IWM,2011-06-16,78.21,78.88,77.23
IWM,2011-06-17,78.23,79.1271,77.83
IWM,2011-06-20,78.95,79.23,77.93
IWM,2011-06-21,80.66,80.77,79.42
IWM,2011-06-22,80.04,81.11,80.01
IWM,2011-06-23,80.35,80.51,78.3
IWM,2011-06-24,79.94,80.76,79.47
IWM,2011-06-27,80.56,80.72,79.455
IWM,2011-06-28,81.81,81.85,80.67
IWM,2011-06-29,82.2,82.4,81.44
IWM,2011-06-30,82.8,83.05,82.28
IWM,2011-07-01,84.09,84.23,82.62
IWM,2011-07-05,84.04,84.14,83.53
IWM,2011-07-06,84.38,84.51,83.61
IWM,2011-07-07,85.65,85.97,84.94
IWM,2011-07-08,85.13,85.21,84.32
IWM,2011-07-11,83.32,84.53,83.09
IWM,2011-07-12,82.85,83.768,82.78
IWM,2011-07-13,83.59,84.47,83.22
IWM,2011-07-14,82.26,84.17,82.05
IWM,2011-07-15,82.81,82.91,82.18
IWM,2011-07-18,81.48,82.63,81.0
IWM,2011-07-19,83.32,83.41,82.18
IWM,2011-07-20,83.18,83.42,82.65
IWM,2011-07-21,83.94,84.3,83.24
IWM,2011-07-22,84.05,84.26,83.4
IWM,2011-07-25,83.06,83.759,82.75
IWM,2011-07-26,82.43,83.09,82.21
IWM,2011-07-27,79.97,81.91,79.85
IWM,2011-07-28,79.84,80.97,79.69
IWM,2011-07-29,79.74,80.18,78.14
IWM,2011-08-01,79.22,80.99,78.47
IWM,2011-08-02,76.75,79.6801,76.61
IWM,2011-08-03,77.26,77.35,74.88
IWM,2011-08-04,72.6,76.2125,72.59
IWM,2011-08-05,71.33,73.85,69.66
IWM,2011-08-08,65.12,71.4099,65.08
IWM,2011-08-09,69.46,69.62,63.76
IWM,2011-08-10,66.06,69.5752,65.87
IWM,2011-08-11,69.36,70.44,66.07
IWM,2011-08-12,69.79,70.6,68.8
IWM,2011-08-15,71.76,71.83,70.38
IWM,2011-08-16,70.44,71.41,69.66
IWM,2011-08-17,70.46,71.52,69.76
IWM,2011-08-18,66.43,70.3975,65.82
IWM,2011-08-19,65.28,67.41,64.9
IWM,2011-08-22,65.05,67.19,64.57
IWM,2011-08-23,68.19,68.3,64.86
IWM,2011-08-24,69.2,69.63,67.52
IWM,2011-08-25,67.5,70.29,67.255
IWM,2011-08-26,69.11,69.32,66.06
IWM,2011-08-29,72.38,72.45,70.035
IWM,2011-08-30,72.8,73.265,71.12
IWM,2011-08-31,72.65,73.89,71.9
IWM,2011-09-01,71.09,73.63,70.69
IWM,2011-09-02,68.46,70.04,68.1
IWM,2011-09-06,68.27,68.31,65.93
IWM,2011-09-07,70.85,70.95,69.07
IWM,2011-09-08,69.55,71.3,69.18
IWM,2011-09-09,67.5,69.13,66.75
IWM,2011-09-12,68.08,68.25,66.37
IWM,2011-09-13,69.29,69.46,67.829
IWM,2011-09-14,70.42,71.4,68.44
IWM,2011-09-15,71.41,71.44,69.99
IWM,2011-09-16,71.52,72.03,70.88
IWM,2011-09-19,70.25,71.01,69.45
IWM,2011-09-20,69.15,71.29,69.11
IWM,2011-09-21,66.59,69.63,66.54
IWM,2011-09-22,64.73,65.92,63.49
IWM,2011-09-23,65.14,65.53,64.1
IWM,2011-09-26,66.37,66.48,64.28
IWM,2011-09-27,67.8,69.39,67.27
IWM,2011-09-28,65.2,68.12,65.1
IWM,2011-09-29,66.33,67.02,64.37
IWM,2011-09-30,64.3,66.18,64.24
IWM,2011-10-03,60.99,64.96,60.85
IWM,2011-10-04,64.79,64.88,60.09
IWM,2011-10-05,65.68,66.13,63.92
IWM,2011-10-06,67.14,67.31,65.15
IWM,2011-10-07,65.5,67.615,65.2
IWM,2011-10-10,68.37,68.38,65.5428
IWM,2011-10-11,68.84,69.12,67.54
IWM,2011-10-12,69.82,70.53,68.8213
IWM,2011-10-13,69.76,70.12,68.58
IWM,2011-10-14,71.14,71.34,69.8052
IWM,2011-10-17,68.98,70.62,68.63
IWM,2011-10-18,70.81,71.29,67.85
IWM,2011-10-19,69.43,71.15,69.07
IWM,2011-10-20,69.62,69.73,67.745
IWM,2011-10-21,71.13,71.16,70.02
IWM,2011-10-24,73.42,73.58,71.1604
IWM,2011-10-25,71.36,72.94,71.16
IWM,2011-10-26,72.59,73.04,70.54
IWM,2011-10-27,76.38,76.97,72.6516
IWM,2011-10-28,76.03,76.92,75.76
IWM,2011-10-31,74.01,75.44,73.93
IWM,2011-11-01,71.39,72.97,70.96
IWM,2011-11-02,73.15,73.3,71.83
IWM,2011-11-03,74.97,75.2,72.29
IWM,2011-11-04,74.58,74.82,73.55
IWM,2011-11-07,74.45,74.87,72.9
IWM,2011-11-08,75.54,75.64,73.46
IWM,2011-11-09,71.94,73.92,71.82
IWM,2011-11-10,72.47,73.23,71.63
IWM,2011-11-11,74.38,74.53,72.5295
IWM,2011-11-14,73.31,74.27,72.77
IWM,2011-11-15,74.24,74.64,72.43
IWM,2011-11-16,73.038,74.88,72.91
IWM,2011-11-17,72.0,73.44,71.27
IWM,2011-11-18,71.98,72.47,71.45
IWM,2011-11-21,70.26,70.85,69.61
IWM,2011-11-22,69.67,70.63,69.3
IWM,2011-11-23,67.48,69.09,67.37
IWM,2011-11-25,66.62,68.04,66.62
IWM,2011-11-28,69.79,69.92,68.91
IWM,2011-11-29,69.66,70.18,69.12
IWM,2011-11-30,73.73,73.79,69.6486
IWM,2011-12-01,73.2,74.145,73.0605
IWM,2011-12-02,73.5,74.63,73.31
IWM,2011-12-05,74.76,75.39,74.13
IWM,2011-12-06,74.83,75.29,74.09
IWM,2011-12-07,74.68,75.06,73.13
IWM,2011-12-08,72.36,74.18,72.22
IWM,2011-12-09,74.54,74.97,72.38
IWM,2011-12-12,73.47,74.5962,72.5
IWM,2011-12-13,71.94,74.47,71.55
IWM,2011-12-14,71.04,71.8947,70.58
IWM,2011-12-15,71.7,72.11,71.04
IWM,2011-12-16,72.26,73.28,71.73
IWM,2011-12-19,71.01,73.2,70.83
IWM,2011-12-20,73.86,73.97,72.51
IWM,2011-12-21,74.161,74.39,72.73
IWM,2011-12-22,74.27,74.67,73.98
IWM,2011-12-23,74.55,74.68,74.0799
IWM,2011-12-27,74.77,75.16,74.08
IWM,2011-12-28,73.41,74.9,73.27
IWM,2011-12-29,74.15,74.44,73.6
IWM,2011-12-30,73.75,74.52,73.69
IWM,2012-01-03,74.975,75.87,74.77
IWM,2012-01-04,74.56,74.86,74.07
IWM,2012-01-05,74.98,75.34,73.37
IWM,2012-01-06,74.795,75.38,74.27
IWM,2012-01-09,75.17,75.301,74.41
IWM,2012-01-10,76.27,76.43,75.96
IWM,2012-01-11,76.57,76.67,75.87
IWM,2012-01-12,76.8,76.92,75.94
IWM,2012-01-13,76.39,76.48,75.6
IWM,2012-01-17,76.36,77.27,76.13
IWM,2012-01-18,77.72,77.73,76.15
IWM,2012-01-19,78.2,78.36,77.66
IWM,2012-01-20,78.25,78.51,77.9
IWM,2012-01-23,78.15,78.84,77.55
IWM,2012-01-24,78.64,78.75,77.27
IWM,2012-01-25,79.27,79.57,78.19
IWM,2012-01-26,79.18,79.91,78.75
IWM,2012-01-27,79.72,79.78,78.77
IWM,2012-01-30,79.1,79.43,78.52
IWM,2012-01-31,79.02,79.82,78.58
IWM,2012-02-01,80.72,80.9,79.47
IWM,2012-02-02,81.18,81.53,80.74
IWM,2012-02-03,82.95,83.2229,82.242
IWM,2012-02-06,82.68,82.93,82.37
IWM,2012-02-07,82.63,82.99,82.08
IWM,2012-02-08,82.81,83.21,81.93
IWM,2012-02-09,82.4,83.03,81.84
IWM,2012-02-10,81.27,81.67,81.08
IWM,2012-02-13,82.32,82.429,81.61
IWM,2012-02-14,81.95,82.12,81.36
IWM,2012-02-15,81.27,82.43,81.0
IWM,2012-02-16,82.8,82.9,81.28
IWM,2012-02-17,82.79,83.31,82.63
IWM,2012-02-21,82.23,83.04,81.83
IWM,2012-02-22,81.58,82.36,81.5
IWM,2012-02-23,82.8,82.85,81.26
IWM,2012-02-24,82.64,83.03,82.47
IWM,2012-02-27,82.5,82.95,81.25
IWM,2012-02-28,82.28,83.06,81.8415
IWM,2012-02-29,81.05,82.96,80.97
IWM,2012-03-01,81.47,82.37,81.36
IWM,2012-03-02,80.25,81.64,79.84
IWM,2012-03-05,80.34,80.3999,79.42
IWM,2012-03-06,78.74,79.62,78.41
IWM,2012-03-07,79.48,79.56,78.78
IWM,2012-03-08,80.5101,80.69,79.35
IWM,2012-03-09,81.6,82.15,80.46
IWM,2012-03-12,81.44,81.93,81.05
IWM,2012-03-13,83.06,83.09,81.4046
IWM,2012-03-14,82.38,83.23,82.01
IWM,2012-03-15,83.07,83.12,82.03
IWM,2012-03-16,83.0,83.2707,82.65
IWM,2012-03-19,83.7,84.39,82.75
IWM,2012-03-20,82.951,83.3,82.58
IWM,2012-03-21,82.93,83.43,82.64
IWM,2012-03-22,82.13,82.46,81.62
IWM,2012-03-23,82.68,82.79,81.25
IWM,2012-03-26,84.4,84.46,83.62
IWM,2012-03-27,83.81,84.66,83.75
IWM,2012-03-28,83.32,84.02,82.6099
IWM,2012-03-29,83.08,83.22,82.015
IWM,2012-03-30,82.81,83.6,82.53
IWM,2012-04-02,83.83,83.86,82.38
IWM,2012-04-03,83.27,84.0,82.93
IWM,2012-04-04,81.94,82.43,81.45
IWM,2012-04-05,81.58,82.0,81.42
IWM,2012-04-09,80.24,80.57,79.85
IWM,2012-04-10,78.35,80.16,78.14
IWM,2012-04-11,79.46,79.57,78.8499
IWM,2012-04-12,80.6,80.91,79.44
IWM,2012-04-13,79.542,80.41,79.43
IWM,2012-04-16,79.67,80.2,78.88
IWM,2012-04-17,80.82,81.55,80.27
IWM,2012-04-18,80.21,80.668,79.83
IWM,2012-04-19,79.75,80.99,79.25
IWM,2012-04-20,80.21,80.97,80.06
IWM,2012-04-23,79.1,79.16,78.31
IWM,2012-04-24,79.7,79.93,78.86
IWM,2012-04-25,80.94,81.37,80.525
IWM,2012-04-26,81.74,81.87,80.82
IWM,2012-04-27,82.38,82.53,81.03
IWM,2012-04-30,81.47,82.36,81.43
IWM,2012-05-01,81.55,82.97,81.29
IWM,2012-05-02,81.77,81.815,80.57
IWM,2012-05-03,80.62,81.76,80.17
IWM,2012-05-04,79.09,80.5518,78.94
IWM,2012-05-07,79.3,79.6,78.62
IWM,2012-05-08,79.25,79.3,77.97
IWM,2012-05-09,78.8,79.26,77.97
IWM,2012-05-10,79.1,79.55,78.63
IWM,2012-05-11,78.9,79.56,78.42
IWM,2012-05-14,77.85,78.46,77.61
IWM,2012-05-15,77.71,78.49,77.47
IWM,2012-05-16,77.155,78.39,77.1
IWM,2012-05-17,75.4,77.35,75.36
IWM,2012-05-18,74.6934,75.91,74.49
IWM,2012-05-21,76.45,76.45,74.41
IWM,2012-05-22,75.99,77.03,75.47
IWM,2012-05-23,76.48,76.64,74.69
IWM,2012-05-24,76.64,76.7401,75.55
IWM,2012-05-25,76.59,76.8901,76.2699
IWM,2012-05-29,77.7,77.91,76.76
IWM,2012-05-30,76.21,77.04,76.11
IWM,2012-05-31,76.11,76.59,75.07
IWM,2012-06-01,73.82,75.01,73.71
IWM,2012-06-04,73.65,74.35,72.94
IWM,2012-06-05,74.6,74.67,73.21
IWM,2012-06-06,76.44,76.51,75.03
IWM,2012-06-07,75.94,77.72,75.94
IWM,2012-06-08,76.97,77.06,75.3501
IWM,2012-06-11,75.27,77.86,75.09
IWM,2012-06-12,76.22,76.26,74.78
IWM,2012-06-13,75.34,76.54,74.995
IWM,2012-06-14,76.2,76.47,75.16
IWM,2012-06-15,77.22,77.32,76.1
IWM,2012-06-18,77.31,77.6,76.35
IWM,2012-06-19,78.65,79.08,77.54
IWM,2012-06-20,78.53,79.08,77.98
IWM,2012-06-21,76.62,78.53,76.49
IWM,2012-06-22,77.49,77.74,76.65
IWM,2012-06-25,76.28,77.5998,76.0
IWM,2012-06-26,76.2,76.58,75.42
IWM,2012-06-27,77.44,77.46,76.36
IWM,2012-06-28,77.31,77.37,76.12
IWM,2012-06-29,79.56,79.73,78.56
IWM,2012-07-02,80.48,80.51,79.28
IWM,2012-07-03,81.53,81.6,80.43
IWM,2012-07-05,81.44,81.84,81.03
IWM,2012-07-06,80.53,80.83,80.15
IWM,2012-07-09,80.22,80.525,79.86
IWM,2012-07-10,79.33,80.96,78.98
IWM,2012-07-11,79.06,79.65,78.55
IWM,2012-07-12,78.79,79.1,77.59
IWM,2012-07-13,79.771,80.09,79.02
IWM,2012-07-16,79.45,79.88,79.111
IWM,2012-07-17,79.731,80.15,78.65
IWM,2012-07-18,80.22,80.7082,79.55
IWM,2012-07-19,79.95,80.74,79.81
IWM,2012-07-20,78.93,79.46,78.8099
IWM,2012-07-23,77.67,78.03,77.18
IWM,2012-07-24,76.65,77.98,76.22
IWM,2012-07-25,76.82,77.375,76.475
IWM,2012-07-26,77.48,78.18,77.0
IWM,2012-07-27,79.32,79.72,77.39
IWM,2012-07-30,79.05,79.91,78.74
IWM,2012-07-31,78.35,79.47,78.35
IWM,2012-08-01,77.06,79.0,77.04
IWM,2012-08-02,76.78,77.305,76.25
IWM,2012-08-03,78.61,79.02,77.65
IWM,2012-08-06,79.22,79.6315,78.59
IWM,2012-08-07,79.94,80.57,79.64
IWM,2012-08-08,79.82,80.19,79.54
IWM,2012-08-09,80.2,80.39,79.69
IWM,2012-08-10,79.92,80.05,79.5
IWM,2012-08-13,79.79,80.01,78.89
IWM,2012-08-14,79.6,80.42,79.27
IWM,2012-08-15,80.3,80.3,79.31
IWM,2012-08-16,81.14,81.3,79.83
IWM,2012-08-17,81.71,81.86,80.99
IWM,2012-08-20,81.53,81.66,80.98
IWM,2012-08-21,81.48,82.71,81.19
IWM,2012-08-22,81.09,81.5,80.79
IWM,2012-08-23,80.52,81.06,80.2
IWM,2012-08-24,80.74,81.07,80.11
IWM,2012-08-27,80.98,81.41,80.58
IWM,2012-08-28,81.35,81.51,80.75
IWM,2012-08-29,81.6,81.96,81.145
IWM,2012-08-30,80.79,81.25,80.64
IWM,2012-08-31,81.12,81.53,80.34
IWM,2012-09-04,82.11,82.4,80.5501
IWM,2012-09-05,82.13,82.51,81.85
IWM,2012-09-06,83.638,83.9401,82.52
IWM,2012-09-07,84.26,84.4,83.7
IWM,2012-09-10,83.88,84.45,83.79
IWM,2012-09-11,84.06,84.56,83.83
IWM,2012-09-12,84.49,84.65,83.9
IWM,2012-09-13,85.6,86.15,84.19
IWM,2012-09-14,86.4,86.96,85.83
IWM,2012-09-17,86.0,86.22,85.57
IWM,2012-09-18,85.72,85.9,85.36
IWM,2012-09-19,85.57,86.03,85.41
IWM,2012-09-20,85.19,85.4,84.61
IWM,2012-09-21,85.5,86.08,85.47
IWM,2012-09-24,84.89,85.43,84.6
IWM,2012-09-25,83.67,85.51,83.58
IWM,2012-09-26,83.14,83.93,82.84
IWM,2012-09-27,84.04,84.35,83.07
IWM,2012-09-28,83.44,84.0,83.26
IWM,2012-10-01,83.72,84.54,83.31
IWM,2012-10-02,83.88,84.24,83.37
IWM,2012-10-03,83.64,84.22,83.17
IWM,2012-10-04,84.21,84.26,83.2
IWM,2012-10-05,84.11,85.25,83.84
IWM,2012-10-08,83.58,83.9,83.39
IWM,2012-10-09,82.6,83.7,82.44
IWM,2012-10-10,82.47,82.83,82.18
IWM,2012-10-11,82.77,83.44,82.6
IWM,2012-10-12,82.1,83.02,81.91
IWM,2012-10-15,82.64,82.64,81.76
IWM,2012-10-16,83.25,83.36,82.88
IWM,2012-10-17,84.0,84.15,83.25
IWM,2012-10-18,83.54,84.15,83.45
IWM,2012-10-19,81.85,82.88,81.47
IWM,2012-10-22,81.83,81.97,81.35
IWM,2012-10-23,81.4203,81.53,80.43
IWM,2012-10-24,81.2,81.85,80.91
IWM,2012-10-25,81.53,82.14,80.87
IWM,2012-10-26,81.14,81.9,80.46
IWM,2012-10-31,81.63,81.65,80.88
IWM,2012-11-01,82.49,82.71,81.52
IWM,2012-11-02,81.1913,82.95,81.17
IWM,2012-11-05,81.7266,81.84,80.92
IWM,2012-11-06,82.34,82.57,81.97
IWM,2012-11-07,80.34,81.37,79.91
IWM,2012-11-08,79.21,80.5,79.15
IWM,2012-11-09,79.38,79.97,78.7
IWM,2012-11-12,79.15,79.66,79.03
IWM,2012-11-13,78.7,79.56,78.58
IWM,2012-11-14,77.24,79.1,77.06
IWM,2012-11-15,76.8401,77.49,76.29
IWM,2012-11-16,77.48,77.68,76.13
IWM,2012-11-19,79.1194,79.18,78.22
IWM,2012-11-20,79.2611,79.35,78.64
IWM,2012-11-21,79.68,79.73,79.13
IWM,2012-11-23,80.47,80.56,79.86
IWM,2012-11-26,80.73,80.79,80.07
IWM,2012-11-27,80.63,81.23,80.57
IWM,2012-11-28,81.31,81.31,79.63
IWM,2012-11-29,82.24,82.41,81.62
IWM,2012-11-30,82.08,82.41,81.73
IWM,2012-12-03,81.99,82.76,81.75
IWM,2012-12-04,82.0885,82.32,81.46
IWM,2012-12-05,81.9933,82.51,81.4
IWM,2012-12-06,82.1206,82.31,81.61
IWM,2012-12-07,82.18,82.55,81.83
IWM,2012-12-10,82.54,82.66,82.21
IWM,2012-12-11,83.41,83.56,82.92
IWM,2012-12-12,82.94,83.8,82.77
IWM,2012-12-13,82.41,83.21,82.11
IWM,2012-12-14,82.36,82.81,82.12
IWM,2012-12-17,83.52,83.5275,82.52
IWM,2012-12-18,84.6615,84.77,83.49
IWM,2012-12-19,84.12,84.52,83.76
IWM,2012-12-20,84.54,84.61,83.85
IWM,2012-12-21,84.19,84.19,83.08
IWM,2012-12-24,83.78,83.97,83.51
IWM,2012-12-26,83.1808,84.01,83.08
IWM,2012-12-27,83.12,83.435,82.05
IWM,2012-12-28,82.53,83.37,82.52
IWM,2012-12-31,84.3178,84.43,82.35
IWM,2013-01-02,86.8,86.91,86.04
IWM,2013-01-03,86.6,87.28,86.37
IWM,2013-01-04,87.24,87.44,86.66
IWM,2013-01-07,86.91,87.07,86.62
IWM,2013-01-08,86.8487,87.01,86.39
IWM,2013-01-09,87.27,87.35,86.96
IWM,2013-01-10,87.47,87.69,86.95
IWM,2013-01-11,87.34,87.54,87.0
IWM,2013-01-14,87.39,87.52,87.05
IWM,2013-01-15,87.77,87.885,86.77
IWM,2013-01-16,87.51,87.75,87.3
IWM,2013-01-17,88.32,88.51,87.83
IWM,2013-01-18,88.57,88.62,88.11
IWM,2013-01-22,89.21,89.26,88.381
IWM,2013-01-23,89.0,89.285,88.91
IWM,2013-01-24,89.29,89.85,88.93
IWM,2013-01-25,89.94,89.94,89.29
IWM,2013-01-28,90.0,90.23,89.38
IWM,2013-01-29,90.05,90.1601,89.6499
IWM,2013-01-30,88.97,90.02,88.69
IWM,2013-01-31,89.58,89.68,88.76
IWM,2013-02-01,90.37,90.7,89.85
IWM,2013-02-04,89.28,90.18,89.15
IWM,2013-02-05,90.08,90.38,89.585
IWM,2013-02-06,90.46,90.52,89.57
IWM,2013-02-07,90.16,90.55,89.55
IWM,2013-02-08,90.8,90.86,90.24
IWM,2013-02-11,90.7,90.75,90.26
IWM,2013-02-12,91.1,91.24,90.68
IWM,2013-02-13,91.48,91.55,90.98
IWM,2013-02-14,91.71,91.875,91.16
IWM,2013-02-15,91.74,92.03,91.47
IWM,2013-02-19,92.55,92.56,91.87
IWM,2013-02-20,90.8299,92.68,90.74
IWM,2013-02-21,89.95,90.8199,89.37
IWM,2013-02-22,91.03,91.03,90.37
IWM,2013-02-25,89.02,91.53,88.97
IWM,2013-02-26,89.37,89.78,88.79
IWM,2013-02-27,90.31,90.85,89.31
IWM,2013-02-28,90.48,91.05,90.18
IWM,2013-03-01,90.89,91.06,89.21
IWM,2013-03-04,91.13,91.17,90.2
IWM,2013-03-05,92.19,92.35,91.6
IWM,2013-03-06,92.43,92.6,92.12
IWM,2013-03-07,92.87,92.94,92.32
IWM,2013-03-08,93.73,93.75,92.92
IWM,2013-03-11,93.7,93.75,93.33
IWM,2013-03-12,93.51,93.75,93.18
IWM,2013-03-13,93.86,94.02,93.25
IWM,2013-03-14,94.8,94.81,93.8735
IWM,2013-03-15,94.75,94.96,94.39
IWM,2013-03-18,94.23,94.61,93.67
IWM,2013-03-19,93.83,94.71,93.01
IWM,2013-03-20,94.7,94.74,94.26
IWM,2013-03-21,93.87,94.47,93.5401
IWM,2013-03-22,94.16,94.37,93.94
IWM,2013-03-25,93.95,94.72,93.28
IWM,2013-03-26,94.25,94.49,93.75
IWM,2013-03-27,94.314,94.38,93.24
IWM,2013-03-28,94.43,94.66,94.14
IWM,2013-04-01,93.16,94.47,92.705
IWM,2013-04-02,92.58,93.92,92.5
IWM,2013-04-03,91.13,92.98,90.92
IWM,2013-04-04,91.91,91.94,90.96
IWM,2013-04-05,91.73,91.75,90.42
IWM,2013-04-08,92.49,92.52,91.33
IWM,2013-04-09,92.22,92.83,92.04
IWM,2013-04-10,93.89,94.1,92.45
IWM,2013-04-11,94.02,94.575,93.75
IWM,2013-04-12,93.64,93.94,92.915
IWM,2013-04-15,90.11,93.15,89.79
IWM,2013-04-16,91.67,91.8,90.49
IWM,2013-04-17,90.076,91.02,89.23
IWM,2013-04-18,89.58,90.37,89.13
IWM,2013-04-19,90.61,90.69,89.21
IWM,2013-04-22,90.87,91.07,89.2
IWM,2013-04-23,92.31,92.34,90.8582
IWM,2013-04-24,92.79,92.86,91.93
IWM,2013-04-25,93.4,93.9,92.89
IWM,2013-04-26,92.9,93.36,92.5
IWM,2013-04-29,93.57,93.78,93.07
IWM,2013-04-30,94.1,94.14,93.17
IWM,2013-05-01,91.8199,93.9,91.76
IWM,2013-05-02,93.28,93.47,92.17
IWM,2013-05-03,94.76,95.47,94.35
IWM,2013-05-06,95.37,95.5,94.74
IWM,2013-05-07,96.15,96.17,95.13
IWM,2013-05-08,96.43,96.47,95.68
IWM,2013-05-09,96.1,96.51,95.75
IWM,2013-05-10,96.83,96.935,96.07
IWM,2013-05-13,96.76,97.12,96.43
IWM,2013-05-14,98.0,98.03,96.93
IWM,2013-05-15,98.2,98.67,97.69
IWM,2013-05-16,97.95,98.56,97.7
IWM,2013-05-17,99.05,99.0715,97.9565
IWM,2013-05-20,99.21,99.6,98.75
IWM,2013-05-21,99.23,99.55,98.88
IWM,2013-05-22,97.78,100.38,97.11
IWM,2013-05-23,97.9,97.935,96.51
IWM,2013-05-24,97.88,97.95,96.71
IWM,2013-05-28,99.15,100.095,98.4807
IWM,2013-05-29,98.23,99.1848,97.37
IWM,2013-05-30,98.89,99.125,98.31
IWM,2013-05-31,97.8,99.02,97.77
IWM,2013-06-03,98.73,98.84,97.03
IWM,2013-06-04,97.68,99.2,96.92
IWM,2013-06-05,96.43,97.71,96.15
IWM,2013-06-06,97.45,97.45,95.73
IWM,2013-06-07,98.2,98.45,97.27
IWM,2013-06-10,98.8,98.8,97.81
IWM,2013-06-11,97.73,98.47,96.86
IWM,2013-06-12,96.76,98.48,96.625
IWM,2013-06-13,98.475,98.7,96.37
IWM,2013-06-14,97.711,98.64,97.42
IWM,2013-06-17,98.35,98.855,97.76
IWM,2013-06-18,99.51,99.8,98.3297
IWM,2013-06-19,98.29,99.7,98.16
IWM,2013-06-20,95.69,98.205,95.29
IWM,2013-06-21,95.975,96.18,94.63
IWM,2013-06-24,94.71,95.515,93.83
IWM,2013-06-25,95.62,95.84,94.8701
IWM,2013-06-26,96.07,96.63,95.65
IWM,2013-06-27,97.56,97.74,96.605
IWM,2013-06-28,97.0,97.96,96.85
IWM,2013-07-01,98.58,99.1,97.64
IWM,2013-07-02,98.08,98.85,97.45
IWM,2013-07-03,98.28,98.64,97.59
IWM,2013-07-05,99.67,99.75,98.31
IWM,2013-07-08,100.07,100.44,99.89
IWM,2013-07-09,101.0,101.2,100.3
IWM,2013-07-10,101.28,101.38,100.74
IWM,2013-07-11,102.47,102.59,101.94
IWM,2013-07-12,102.68,103.11,102.47
IWM,2013-07-15,103.58,103.68,102.84
IWM,2013-07-16,103.06,103.67,102.82
IWM,2013-07-17,103.46,103.95,103.24
IWM,2013-07-18,104.15,104.59,103.66
IWM,2013-07-19,104.31,104.31,103.74
IWM,2013-07-22,104.53,104.76,104.13
IWM,2013-07-23,104.46,104.95,104.25
IWM,2013-07-24,103.5899,104.98,103.44
IWM,2013-07-25,104.54,104.65,103.33
IWM,2013-07-26,104.12,104.17,103.36
IWM,2013-07-29,103.39,104.27,103.0
IWM,2013-07-30,103.48,103.87,103.11
IWM,2013-07-31,103.655,104.68,103.61
IWM,2013-08-01,105.07,105.35,103.7483
IWM,2013-08-02,105.16,105.28,104.56
IWM,2013-08-05,105.52,105.63,104.9
IWM,2013-08-06,104.46,105.3201,104.15
IWM,2013-08-07,103.72,104.34,103.47
IWM,2013-08-08,104.15,104.6,103.585
IWM,2013-08-09,104.04,104.57,103.52
IWM,2013-08-12,104.59,104.63,103.33
IWM,2013-08-13,104.45,104.68,103.78
IWM,2013-08-14,104.04,104.64,104.01
IWM,2013-08-15,102.11,102.96,101.89
IWM,2013-08-16,101.68,102.38,101.55
IWM,2013-08-19,100.648,101.88,100.59
IWM,2013-08-20,102.1,102.33,100.71
IWM,2013-08-21,101.48,102.5,101.01
IWM,2013-08-22,102.91,102.99,101.79
IWM,2013-08-23,103.17,103.25,102.45
IWM,2013-08-26,103.18,103.82,102.77
IWM,2013-08-27,100.76,102.3901,100.555
IWM,2013-08-28,100.96,101.365,100.5001
IWM,2013-08-29,101.97,102.36,100.81
IWM,2013-08-30,100.38,102.0523,100.24
IWM,2013-09-03,101.06,102.37,100.13
IWM,2013-09-04,101.95,102.01,100.745
IWM,2013-09-05,102.11,102.53,101.85
IWM,2013-09-06,102.39,102.89,100.74
IWM,2013-09-09,103.94,104.03,102.73
IWM,2013-09-10,104.96,104.98,104.2
IWM,2013-09-11,105.01,105.22,104.535
IWM,2013-09-12,104.24,105.0201,104.21
IWM,2013-09-13,104.81,104.83,104.1
IWM,2013-09-16,105.04,106.08,104.85
IWM,2013-09-17,106.08,106.08,105.04
IWM,2013-09-18,107.09,107.61,105.26
IWM,2013-09-19,106.98,107.43,106.62
IWM,2013-09-20,106.59,107.28,106.55
IWM,2013-09-23,106.6,106.87,105.8
IWM,2013-09-24,106.67,107.42,105.79
IWM,2013-09-25,106.47,107.48,106.33
IWM,2013-09-26,107.06,107.47,106.36
IWM,2013-09-27,106.58,107.05,106.21
IWM,2013-09-30,106.61,106.84,105.24
IWM,2013-10-01,107.85,107.9294,106.45
IWM,2013-10-02,107.41,107.75,106.85
IWM,2013-10-03,106.31,107.36,105.6
IWM,2013-10-04,107.02,107.32,106.15
IWM,2013-10-07,105.77,106.66,105.72
IWM,2013-10-08,104.055,106.03,103.92
IWM,2013-10-09,103.64,104.36,103.0
IWM,2013-10-10,106.14,106.31,104.92
IWM,2013-10-11,107.68,107.73,105.83
IWM,2013-10-14,108.22,108.345,106.93
IWM,2013-10-15,107.16,108.225,106.92
IWM,2013-10-16,108.49,108.6,107.64
IWM,2013-10-17,109.44,109.46,107.97
IWM,2013-10-18,110.69,110.77,109.83
IWM,2013-10-21,110.47,111.08,110.27
IWM,2013-10-22,110.76,111.49,110.37
IWM,2013-10-23,110.39,110.545,109.77
IWM,2013-10-24,110.981,111.26,110.33
IWM,2013-10-25,111.08,111.45,110.57
IWM,2013-10-28,111.03,111.285,110.46
IWM,2013-10-29,111.35,111.62,110.53
IWM,2013-10-30,109.83,111.48,109.52
IWM,2013-10-31,109.19,110.18,108.89
IWM,2013-11-01,108.715,109.63,107.92
IWM,2013-11-04,109.97,110.15,108.8279
IWM,2013-11-05,109.59,109.93,108.86
IWM,2013-11-06,109.12,110.37,108.905
IWM,2013-11-07,107.28,109.81,107.14
IWM,2013-11-08,109.23,109.46,107.39
IWM,2013-11-11,109.38,109.595,108.64
IWM,2013-11-12,109.47,109.51,108.67
IWM,2013-11-13,110.52,110.55,108.62
IWM,2013-11-14,110.405,110.6,109.74
IWM,2013-11-15,110.83,110.99,110.16
IWM,2013-11-18,110.05,111.42,109.75
IWM,2013-11-19,109.37,110.69,108.99
IWM,2013-11-20,109.33,110.2,108.85
IWM,2013-11-21,111.3,111.36,109.68
IWM,2013-11-22,111.85,111.97,111.1
IWM,2013-11-25,111.99,112.275,111.6297
IWM,2013-11-26,112.82,113.02,111.9
IWM,2013-11-27,113.45,113.57,112.64
IWM,2013-11-29,113.51,114.16,113.45
IWM,2013-12-02,112.37,113.76,112.055
IWM,2013-12-03,111.83,112.6,111.27
IWM,2013-12-04,111.53,112.42,110.37
IWM,2013-12-05,111.61,112.02,111.15
IWM,2013-12-06,112.48,113.1,112.19
IWM,2013-12-09,112.45,112.89,111.89
IWM,2013-12-10,111.43,112.58,111.24
IWM,2013-12-11,109.6,111.55,109.32
IWM,2013-12-12,109.84,110.2455,109.36
IWM,2013-12-13,110.2,110.5301,109.42
IWM,2013-12-16,111.51,111.57,110.1542
IWM,2013-12-17,111.35,111.54,110.615
IWM,2013-12-18,112.88,112.9,110.36
IWM,2013-12-19,112.04,112.85,111.885
IWM,2013-12-20,113.93,114.22,112.09
IWM,2013-12-23,114.78,114.82,113.95
IWM,2013-12-24,115.22,115.44,114.87
IWM,2013-12-26,115.23,115.97,115.1
IWM,2013-12-27,115.16,115.74,114.78
IWM,2013-12-30,115.09,115.37,114.85
IWM,2013-12-31,115.36,115.71,115.17
IWM,2014-01-02,114.11,115.12,113.64
IWM,2014-01-03,114.69,114.895,114.11
IWM,2014-01-06,113.76,115.265,113.71
IWM,2014-01-07,114.71,115.16,114.11
IWM,2014-01-08,114.86,115.08,114.07
IWM,2014-01-09,114.89,115.39,114.16
IWM,2014-01-10,115.52,115.53,114.3999
IWM,2014-01-13,113.94,115.49,113.2606
IWM,2014-01-14,115.34,115.51,114.18
IWM,2014-01-15,116.2,116.29,115.56
IWM,2014-01-16,116.34,116.38,115.83
IWM,2014-01-17,115.93,116.43,115.69
IWM,2014-01-21,116.62,116.87,115.78
IWM,2014-01-22,117.21,117.37,116.5
IWM,2014-01-23,116.42,116.78,115.66
IWM,2014-01-24,113.45,115.74,113.2201
IWM,2014-01-27,111.79,113.84,111.15
IWM,2014-01-28,112.97,112.985,111.79
IWM,2014-01-29,111.34,112.58,111.02
IWM,2014-01-30,113.001,113.65,112.04
IWM,2014-01-31,112.16,113.0,111.17
IWM,2014-02-03,108.65,112.2,108.15
IWM,2014-02-04,109.47,109.95,108.4
IWM,2014-02-05,108.65,109.15,107.27
IWM,2014-02-06,109.51,109.97,108.85
IWM,2014-02-07,110.75,110.835,109.5
IWM,2014-02-10,111.04,111.09,109.96
IWM,2014-02-11,112.03,112.34,110.87
IWM,2014-02-12,112.47,113.01,111.972
IWM,2014-02-13,113.9,114.07,111.36
IWM,2014-02-14,114.06,114.21,113.14
IWM,2014-02-18,115.25,115.45,114.14
IWM,2014-02-19,114.07,115.64,113.98
IWM,2014-02-20,115.3,115.54,113.91
IWM,2014-02-21,115.66,116.11,115.4
IWM,2014-02-24,116.51,117.305,115.76
IWM,2014-02-25,116.63,117.24,116.18
IWM,2014-02-26,117.35,118.11,116.43
IWM,2014-02-27,117.99,118.055,116.76
IWM,2014-02-28,117.52,118.71,116.8
IWM,2014-03-03,116.89,117.26,115.58
IWM,2014-03-04,119.83,120.58,118.18
IWM,2014-03-05,119.76,119.96,119.47
IWM,2014-03-06,119.74,120.25,119.42
IWM,2014-03-07,119.7,120.47,119.025
IWM,2014-03-10,119.3,119.58,118.49
IWM,2014-03-11,118.06,119.805,117.51
IWM,2014-03-12,118.42,118.44,116.92
IWM,2014-03-13,117.05,118.96,116.38
IWM,2014-03-14,117.54,117.87,116.62
IWM,2014-03-17,118.06,119.1,117.878
IWM,2014-03-18,119.78,119.88,118.1
IWM,2014-03-19,119.0,119.74,118.1
IWM,2014-03-20,119.16,119.54,118.16
IWM,2014-03-21,118.61,120.26,118.56
IWM,2014-03-24,117.26,119.23,116.19
IWM,2014-03-25,116.93,118.31,116.14
IWM,2014-03-26,114.69,117.68,114.65
IWM,2014-03-27,114.4,115.38,113.69
IWM,2014-03-28,114.29,116.0,113.98
IWM,2014-03-31,116.34,116.68,114.6299
IWM,2014-04-01,117.87,118.06,116.59
IWM,2014-04-02,118.4,118.482,117.71
IWM,2014-04-03,117.2,118.44,116.68
IWM,2014-04-04,114.49,118.12,114.02
IWM,2014-04-07,112.82,114.24,112.08
IWM,2014-04-08,113.61,114.2,112.2
IWM,2014-04-09,115.25,115.25,113.5
IWM,2014-04-10,111.959,115.11,111.4
IWM,2014-04-11,110.41,112.2375,109.86
IWM,2014-04-14,110.72,111.97,109.65
IWM,2014-04-15,111.15,111.72,108.66
IWM,2014-04-16,112.36,112.44,111.23
IWM,2014-04-17,112.92,113.41,111.72
IWM,2014-04-21,113.45,113.53,112.28
IWM,2014-04-22,114.62,115.02,113.47
IWM,2014-04-23,113.9,114.77,113.77
IWM,2014-04-24,113.61,114.67,112.68
IWM,2014-04-25,111.61,113.21,111.21
IWM,2014-04-28,110.96,112.54,109.32
IWM,2014-04-29,111.24,111.98,110.9
IWM,2014-04-30,111.98,112.06,109.95
IWM,2014-05-01,111.94,112.77,110.54
IWM,2014-05-02,112.03,113.12,111.68
IWM,2014-05-05,111.89,112.18,110.53
IWM,2014-05-06,110.07,111.71,109.99
IWM,2014-05-07,110.139,110.45,108.43
IWM,2014-05-08,109.03,111.24,108.69
IWM,2014-05-09,110.03,110.06,108.28
IWM,2014-05-12,112.53,113.035,110.51
IWM,2014-05-13,111.43,112.85,111.34
IWM,2014-05-14,109.62,111.12,109.42
IWM,2014-05-15,108.88,109.21,107.44
IWM,2014-05-16,109.57,109.62,108.03
IWM,2014-05-19,110.75,111.04,108.95
IWM,2014-05-20,109.06,110.51,108.42
IWM,2014-05-21,109.62,110.13,108.55
IWM,2014-05-22,110.76,111.05,109.62
IWM,2014-05-23,111.97,112.02,110.51
IWM,2014-05-27,113.58,113.84,112.65
IWM,2014-05-28,112.99,113.46,112.525
IWM,2014-05-29,113.37,113.59,112.7
IWM,2014-05-30,112.86,113.43,112.34
IWM,2014-06-02,112.25,113.1,111.36
IWM,2014-06-03,111.98,112.36,111.11
IWM,2014-06-04,112.42,112.565,111.16
IWM,2014-06-05,114.78,114.88,112.09
IWM,2014-06-06,115.88,116.24,115.11
IWM,2014-06-09,116.9,117.48,115.66
IWM,2014-06-10,116.67,116.83,115.96
IWM,2014-06-11,116.1,116.33,115.4
IWM,2014-06-12,115.39,115.9199,114.91
IWM,2014-06-13,115.59,115.91,114.66
IWM,2014-06-16,116.15,116.15,115.1
IWM,2014-06-17,116.97,117.45,115.78
IWM,2014-06-18,117.76,117.81,116.5
IWM,2014-06-19,117.86,118.23,117.1
IWM,2014-06-20,118.25,118.3,117.56
IWM,2014-06-23,118.02,118.55,117.69
IWM,2014-06-24,116.76,118.91,116.6528
IWM,2014-06-25,117.75,117.79,116.05
IWM,2014-06-26,117.55,117.82,116.59
IWM,2014-06-27,118.34,118.51,117.03
IWM,2014-06-30,118.81,118.88,117.83
IWM,2014-07-01,120.02,120.97,119.2
IWM,2014-07-02,119.1,119.96,118.89
IWM,2014-07-03,119.82,119.91,119.25
IWM,2014-07-07,117.77,119.47,117.7
IWM,2014-07-08,116.34,117.7,115.7
IWM,2014-07-09,116.49,117.09,116.02
IWM,2014-07-10,115.25,116.05,113.97
IWM,2014-07-11,115.1,115.38,114.51
IWM,2014-07-14,115.69,116.46,115.4
IWM,2014-07-15,114.55,116.0,113.87
IWM,2014-07-16,114.24,115.09,113.82
IWM,2014-07-17,112.48,114.266,112.2
IWM,2014-07-18,114.23,114.45,112.46
IWM,2014-07-21,113.77,113.99,113.01
IWM,2014-07-22,114.73,115.25,114.19
IWM,2014-07-23,114.865,115.44,114.51
IWM,2014-07-24,114.64,115.65,114.34
IWM,2014-07-25,113.6,114.01,113.21
IWM,2014-07-28,113.03,113.88,112.23
IWM,2014-07-29,113.34,114.11,113.03
IWM,2014-07-30,113.79,114.31,113.31
IWM,2014-07-31,111.1899,112.99,111.05
IWM,2014-08-01,110.68,111.7,109.86
IWM,2014-08-04,111.66,111.795,109.89
IWM,2014-08-05,111.38,112.23,110.56
IWM,2014-08-06,111.731,112.47,110.63
IWM,2014-08-07,111.19,112.52,110.77
IWM,2014-08-08,112.27,112.4,110.9923
IWM,2014-08-11,113.34,114.22,112.62
IWM,2014-08-12,112.56,113.47,112.04
IWM,2014-08-13,113.44,113.65,112.7
IWM,2014-08-14,113.61,113.73,113.23
IWM,2014-08-15,113.39,114.45,112.26
IWM,2014-08-18,115.04,115.135,114.09
IWM,2014-08-19,115.44,115.73,115.06
IWM,2014-08-20,114.95,115.22,114.41
IWM,2014-08-21,115.2,115.4,113.84
IWM,2014-08-22,115.21,115.63,114.61
IWM,2014-08-25,115.75,116.41,115.32
IWM,2014-08-26,116.8,116.92,115.8
IWM,2014-08-27,116.51,116.9448,116.29
IWM,2014-08-28,115.91,116.23,115.51
IWM,2014-08-29,116.56,116.81,115.65
IWM,2014-09-02,117.2,117.5,116.5
IWM,2014-09-03,116.46,117.8,116.27
IWM,2014-09-04,116.01,117.49,115.7202
IWM,2014-09-05,116.38,116.42,115.17
IWM,2014-09-08,116.56,116.8,115.83
IWM,2014-09-09,115.18,116.39,115.0
IWM,2014-09-10,115.86,115.93,114.71
IWM,2014-09-11,116.61,116.73,115.14
IWM,2014-09-12,115.37,116.56,114.97
IWM,2014-09-15,114.11,115.4,113.705
IWM,2014-09-16,114.43,114.76,113.4
IWM,2014-09-17,114.73,115.47,114.19
IWM,2014-09-18,115.43,115.53,114.91
IWM,2014-09-19,113.97,115.91,113.61
IWM,2014-09-22,112.37,113.53,112.05
IWM,2014-09-23,111.32,112.62,111.19
IWM,2014-09-24,112.02,112.11,110.6
IWM,2014-09-25,110.13,111.83,109.75
IWM,2014-09-26,111.12,111.22,110.2
IWM,2014-09-29,111.03,111.35,109.72
IWM,2014-09-30,109.35,111.03,109.31
IWM,2014-10-01,107.8,109.39,107.43
IWM,2014-10-02,108.83,109.28,106.94
IWM,2014-10-03,109.65,110.32,109.08
IWM,2014-10-06,108.71,110.07,108.51
IWM,2014-10-07,106.92,108.5,106.85
IWM,2014-10-08,108.97,109.04,105.76
IWM,2014-10-09,106.03,108.9,106.01
IWM,2014-10-10,104.74,106.89,104.59
IWM,2014-10-13,104.32,106.11,103.86
IWM,2014-10-14,105.54,106.99,104.86
IWM,2014-10-15,106.6,107.0,103.54
IWM,2014-10-16,107.8,108.57,104.95
IWM,2014-10-17,107.48,109.22,107.04
IWM,2014-10-20,108.74,108.74,107.0
IWM,2014-10-21,110.53,110.59,109.01
IWM,2014-10-22,108.95,111.06,108.86
IWM,2014-10-23,110.88,111.58,109.77
IWM,2014-10-24,111.07,111.32,110.44
IWM,2014-10-27,111.01,111.09,109.51
IWM,2014-10-28,114.17,114.21,111.3
IWM,2014-10-29,113.9,114.89,112.98
IWM,2014-10-30,114.87,115.38,113.14
IWM,2014-10-31,116.56,116.96,115.875
IWM,2014-11-03,116.36,117.37,115.9
IWM,2014-11-04,115.82,116.5,115.28
IWM,2014-11-05,116.03,116.735,115.55
IWM,2014-11-06,116.53,116.53,115.56
IWM,2014-11-07,116.69,116.71,115.7
IWM,2014-11-10,117.29,117.31,116.46
IWM,2014-11-11,117.37,117.435,116.87
IWM,2014-11-12,117.9,118.08,116.66
IWM,2014-11-13,116.9,118.25,116.62
IWM,2014-11-14,116.69,117.21,116.37
IWM,2014-11-17,115.72,116.93,115.68
IWM,2014-11-18,116.39,117.12,115.7499
IWM,2014-11-19,115.15,116.25,114.37
IWM,2014-11-20,116.44,116.46,114.62
IWM,2014-11-21,116.58,118.12,116.16
IWM,2014-11-24,117.97,118.05,116.584
IWM,2014-11-25,118.06,118.78,117.53
IWM,2014-11-26,118.45,118.5,117.84
IWM,2014-11-28,116.69,118.52,116.57
IWM,2014-12-01,114.87,116.47,114.81
IWM,2014-12-02,116.25,116.64,114.98
IWM,2014-12-03,117.37,117.71,116.02
IWM,2014-12-04,116.81,117.3,116.219
IWM,2014-12-05,117.69,117.98,116.96
IWM,2014-12-08,116.22,118.37,115.85
IWM,2014-12-09,118.17,118.27,114.74
IWM,2014-12-10,115.66,118.16,115.56
IWM,2014-12-11,116.12,117.68,115.87
IWM,2014-12-12,114.71,115.99,114.6
IWM,2014-12-15,113.55,115.74,113.16
IWM,2014-12-16,113.39,115.34,113.03
IWM,2014-12-17,116.89,116.99,113.49
IWM,2014-12-18,118.63,118.74,117.47
IWM,2014-12-19,118.9,119.48,118.14
IWM,2014-12-22,119.71,119.71,118.8035
IWM,2014-12-23,119.86,120.44,119.45
IWM,2014-12-24,119.76,120.07,119.2601
IWM,2014-12-26,120.54,120.83,120.07
IWM,2014-12-29,121.05,121.38,120.61
IWM,2014-12-30,120.34,121.24,120.27
IWM,2014-12-31,119.62,121.41,119.54
IWM,2015-01-02,118.93,120.56,117.89
IWM,2015-01-05,117.34,118.71,116.79
IWM,2015-01-06,115.31,117.77,114.36
IWM,2015-01-07,116.73,116.76,115.48
IWM,2015-01-08,118.71,118.8457,117.45
IWM,2015-01-09,117.57,118.84,117.31
IWM,2015-01-12,117.18,118.01,116.23
IWM,2015-01-13,117.27,119.39,115.82
IWM,2015-01-14,116.8,117.1,115.55
IWM,2015-01-15,114.83,117.38,114.48
IWM,2015-01-16,116.7,116.94,114.2
IWM,2015-01-20,116.21,117.08,115.16
IWM,2015-01-21,115.84,116.82,115.29
IWM,2015-01-22,118.2,118.24,115.1
IWM,2015-01-23,118.12,118.77,117.55
IWM,2015-01-26,119.26,119.27,117.07
IWM,2015-01-27,118.69,119.25,117.62
IWM,2015-01-28,116.69,119.45,116.32
IWM,2015-01-29,118.3,118.32,116.09
IWM,2015-01-30,115.7,117.96,115.6
IWM,2015-02-02,116.76,116.84,114.38
IWM,2015-02-03,118.85,119.0,117.27
IWM,2015-02-04,118.41,119.24,118.1
IWM,2015-02-05,119.94,120.25,118.6
IWM,2015-02-06,119.81,120.82,119.35
IWM,2015-02-09,118.86,120.22,118.72
IWM,2015-02-10,119.62,119.84,118.1
IWM,2015-02-11,119.45,119.82,118.62
IWM,2015-02-12,120.81,120.92,119.84
IWM,2015-02-13,121.53,121.69,120.65
IWM,2015-02-17,121.91,122.06,121.26
IWM,2015-02-18,122.04,122.05,121.13
IWM,2015-02-19,122.05,122.38,121.54
IWM,2015-02-20,122.38,122.54,120.9
IWM,2015-02-23,122.5,122.53,121.27
IWM,2015-02-24,122.66,123.05,122.1866
IWM,2015-02-25,122.8,123.04,122.23
IWM,2015-02-26,123.25,123.3,122.33
IWM,2015-02-27,122.58,123.36,122.55
IWM,2015-03-02,123.47,123.775,122.53
IWM,2015-03-03,122.74,123.19,122.26
IWM,2015-03-04,122.36,122.605,121.61
IWM,2015-03-05,122.72,122.92,121.91
IWM,2015-03-06,121.17,122.685,120.88
IWM,2015-03-09,121.7,121.92,121.12
IWM,2015-03-10,120.3,120.7,119.83
IWM,2015-03-11,121.04,121.139,119.88
IWM,2015-03-12,123.05,123.15,121.74
IWM,2015-03-13,122.61,123.19,121.21
IWM,2015-03-16,123.33,123.58,122.88
IWM,2015-03-17,123.66,123.78,122.77
IWM,2015-03-18,124.65,125.12,122.85
IWM,2015-03-19,124.89,124.96,124.31
IWM,2015-03-20,125.99,126.16,125.31
IWM,2015-03-23,125.88,126.32,125.79
IWM,2015-03-24,125.85,126.31,125.66
IWM,2015-03-25,122.47,125.6,122.38
IWM,2015-03-26,122.32,122.91,121.54
IWM,2015-03-27,123.1,123.23,121.86
IWM,2015-03-30,124.77,124.99,123.7
IWM,2015-03-31,124.37,124.71,123.9
IWM,2015-04-01,124.42,124.42,122.9
IWM,2015-04-02,124.65,125.26,124.29
IWM,2015-04-06,125.2,125.48,123.88
IWM,2015-04-07,124.4,125.5,124.37
IWM,2015-04-08,125.47,125.66,124.38
IWM,2015-04-09,125.02,125.73,123.77
IWM,2015-04-10,125.62,125.79,125.22
IWM,2015-04-13,125.7,126.39,125.58
IWM,2015-04-14,125.67,126.08,124.78
IWM,2015-04-15,126.55,127.13,125.92
IWM,2015-04-16,126.48,126.75,126.16
IWM,2015-04-17,124.43,125.545,123.82
IWM,2015-04-20,125.65,125.95,124.83
IWM,2015-04-21,125.52,126.25,125.42
IWM,2015-04-22,125.71,125.88,124.47
IWM,2015-04-23,126.28,126.535,125.26
IWM,2015-04-24,125.86,126.46,125.69
IWM,2015-04-27,124.47,126.91,124.04
IWM,2015-04-28,125.16,125.37,123.25
IWM,2015-04-29,123.8,124.9,123.63
IWM,2015-04-30,121.18,123.44,120.66
IWM,2015-05-01,121.97,122.16,120.905
IWM,2015-05-04,122.41,123.345,121.795
IWM,2015-05-05,120.85,122.62,120.28
IWM,2015-05-06,121.27,121.49,120.24
IWM,2015-05-07,121.73,122.23,120.57
IWM,2015-05-08,122.64,123.25,122.4
IWM,2015-05-11,122.71,123.66,122.44
IWM,2015-05-12,122.49,122.92,120.87
IWM,2015-05-13,122.485,123.21,122.0
IWM,2015-05-14,123.79,123.86,122.45
IWM,2015-05-15,123.65,123.72,122.94
IWM,2015-05-18,125.05,125.16,123.17
IWM,2015-05-19,124.88,125.05,124.31
IWM,2015-05-20,125.11,125.4625,124.34
IWM,2015-05-21,124.97,125.47,124.48
IWM,2015-05-22,124.43,125.24,124.0
IWM,2015-05-26,123.24,124.04,122.52
IWM,2015-05-27,124.75,124.87,122.79
IWM,2015-05-28,124.64,124.71,123.77
IWM,2015-05-29,123.89,124.73,123.32
IWM,2015-06-01,124.28,124.9,123.03
IWM,2015-06-02,124.52,125.31,123.48
IWM,2015-06-03,125.76,125.93,124.42
IWM,2015-06-04,124.5,125.62,124.08
IWM,2015-06-05,125.4,125.52,123.32
IWM,2015-06-08,124.82,125.62,124.57
IWM,2015-06-09,124.44,124.86,123.5
IWM,2015-06-10,125.99,126.48,124.85
IWM,2015-06-11,126.31,126.54,125.91
IWM,2015-06-12,125.93,126.15,125.43
IWM,2015-06-15,125.53,125.8,123.94
IWM,2015-06-16,126.42,126.65,125.32
IWM,2015-06-17,126.23,126.96,125.97
IWM,2015-06-18,127.92,128.24,126.74
IWM,2015-06-19,127.86,128.16,127.6
IWM,2015-06-22,128.74,128.84,128.15
IWM,2015-06-23,129.01,129.09,128.395
IWM,2015-06-24,127.92,129.1,127.73
IWM,2015-06-25,127.85,128.42,127.245
IWM,2015-06-26,127.5,128.34,126.82
IWM,2015-06-29,124.28,127.07,124.11
IWM,2015-06-30,124.86,125.32,124.29
IWM,2015-07-01,125.23,126.16,124.06
IWM,2015-07-02,123.78,124.96,123.37
IWM,2015-07-06,123.74,124.51,122.82
IWM,2015-07-07,123.88,123.99,121.53
IWM,2015-07-08,121.99,123.35,121.28
IWM,2015-07-09,122.43,123.53,122.2701
IWM,2015-07-10,124.13,124.34,123.36
IWM,2015-07-13,125.53,125.64,124.75
IWM,2015-07-14,126.23,126.5,125.4
IWM,2015-07-15,125.56,126.48,125.27
IWM,2015-07-16,126.31,126.74,125.97
IWM,2015-07-17,125.76,126.38,125.36
IWM,2015-07-20,125.08,125.86,124.76
IWM,2015-07-21,124.49,125.8,124.11
IWM,2015-07-22,124.95,125.09,123.88
IWM,2015-07-23,123.57,125.39,123.3
IWM,2015-07-24,121.58,123.71,121.49
IWM,2015-07-27,120.57,121.32,120.27
IWM,2015-07-28,121.6,121.81,119.339
IWM,2015-07-29,121.94,122.33,120.97
IWM,2015-07-30,122.29,122.44,121.01
IWM,2015-07-31,122.96,123.67,122.22
IWM,2015-08-03,122.35,123.16,121.455
IWM,2015-08-04,122.06,122.96,121.61
IWM,2015-08-05,122.34,123.53,121.91
IWM,2015-08-06,120.69,122.66,119.78
IWM,2015-08-07,119.88,120.44,119.07
IWM,2015-08-10,121.26,121.52,120.31
IWM,2015-08-11,120.22,121.09,119.65
IWM,2015-08-12,119.99,120.34,117.965
IWM,2015-08-13,119.59,120.59,119.39
IWM,2015-08-14,120.36,120.49,119.02
IWM,2015-08-17,121.63,121.68,119.6
IWM,2015-08-18,120.66,121.46,120.52
IWM,2015-08-19,119.41,120.5,118.74
IWM,2015-08-20,116.39,118.61,116.39
IWM,2015-08-21,115.03,116.66,114.37
IWM,2015-08-24,110.54,114.9188,108.26
IWM,2015-08-25,109.69,114.1,109.56
IWM,2015-08-26,112.48,112.69,109.42
IWM,2015-08-27,114.49,115.12,112.36
IWM,2015-08-28,115.62,115.7,114.21
IWM,2015-08-31,115.2,115.98,114.76
IWM,2015-09-01,111.9,114.12,111.6
IWM,2015-09-02,113.91,113.97,112.075
IWM,2015-09-03,113.73,115.13,113.55
IWM,2015-09-04,112.87,113.7,112.28
IWM,2015-09-08,115.45,115.57,114.11
IWM,2015-09-09,114.12,116.415,114.01
IWM,2015-09-10,114.64,115.28,113.725
IWM,2015-09-11,115.18,115.2,113.66
IWM,2015-09-14,114.65,115.54,114.43
IWM,2015-09-15,115.94,116.19,114.73
IWM,2015-09-16,116.94,117.02,115.79
IWM,2015-09-17,117.34,118.89,116.68
IWM,2015-09-18,115.72,116.84,115.4
IWM,2015-09-21,115.51,117.3,115.08
IWM,2015-09-22,113.76,114.73,113.05
IWM,2015-09-23,113.42,114.42,113.07
IWM,2015-09-24,113.23,113.42,111.87
IWM,2015-09-25,111.42,113.91,110.93
IWM,2015-09-28,108.3,111.15,107.88
IWM,2015-09-29,107.53,109.11,106.99
IWM,2015-09-30,109.2,109.43,107.91
IWM,2015-10-01,109.01,109.68,107.43
IWM,2015-10-02,110.63,110.63,107.12
IWM,2015-10-05,113.27,113.45,111.54
IWM,2015-10-06,112.49,113.674,111.78
IWM,2015-10-07,114.48,114.5,112.63
IWM,2015-10-08,115.51,115.75,113.95
IWM,2015-10-09,115.74,116.14,115.395
IWM,2015-10-12,115.57,115.9899,115.07
IWM,2015-10-13,113.99,116.3,113.93
IWM,2015-10-14,112.87,114.75,112.71
IWM,2015-10-15,115.57,115.57,112.66
IWM,2015-10-16,115.42,115.8,114.43
IWM,2015-10-19,115.64,116.21,114.65
IWM,2015-10-20,115.48,116.3,115.03
IWM,2015-10-21,113.72,115.98,113.65
IWM,2015-10-22,114.72,115.42,113.73
IWM,2015-10-23,115.85,116.05,114.73
IWM,2015-10-26,115.06,115.87,114.93
IWM,2015-10-27,113.8,114.87,113.1
IWM,2015-10-28,117.12,117.14,113.92
IWM,2015-10-29,115.87,117.1127,115.56
IWM,2015-10-30,115.34,116.03,115.08
IWM,2015-11-02,117.74,118.0711,115.42
IWM,2015-11-03,118.35,119.0299,117.39
IWM,2015-11-04,118.29,119.0,117.69
IWM,2015-11-05,118.38,118.6,117.09
IWM,2015-11-06,119.22,119.36,117.29
IWM,2015-11-09,117.82,119.29,117.27
IWM,2015-11-10,118.17,118.17,116.96
IWM,2015-11-11,117.14,118.34,117.08
IWM,2015-11-12,114.9,116.49,114.73
IWM,2015-11-13,114.07,115.34,113.66
IWM,2015-11-16,115.05,115.09,113.36
IWM,2015-11-17,114.61,116.15,114.45
IWM,2015-11-18,116.55,116.65,114.52
IWM,2015-11-19,116.06,116.65,115.74
IWM,2015-11-20,116.81,117.36,116.38
IWM,2015-11-23,117.39,117.89,116.68
IWM,2015-11-24,118.25,118.42,116.56
IWM,2015-11-25,119.17,119.32,118.11
IWM,2015-11-27,119.62,119.9,118.88
IWM,2015-11-30,119.1,120.07,119.05
IWM,2015-12-01,119.89,119.91,118.9
IWM,2015-12-02,118.6,120.04,118.45
IWM,2015-12-03,116.6,119.45,116.14
IWM,2015-12-04,117.78,117.93,116.34
IWM,2015-12-07,116.01,117.67,115.5139
IWM,2015-12-08,115.37,116.005,114.46
IWM,2015-12-09,114.08,116.17,113.6
IWM,2015-12-10,114.46,115.08,113.65
IWM,2015-12-11,111.91,113.34,111.53
IWM,2015-12-14,111.11,112.38,110.28
IWM,2015-12-15,112.71,112.96,111.6
IWM,2015-12-16,114.43,114.645,112.83
IWM,2015-12-17,113.21,114.94,112.9701
IWM,2015-12-18,111.48,112.89,111.44
IWM,2015-12-21,112.32,112.63,111.5
IWM,2015-12-22,113.35,113.52,111.79
IWM,2015-12-23,114.78,114.96,113.725
IWM,2015-12-24,114.5,115.16,114.15
IWM,2015-12-28,113.97,114.07,112.955
IWM,2015-12-29,115.2,115.29,114.065
IWM,2015-12-30,114.04,115.35,114.0
IWM,2015-12-31,112.62,113.97,112.51
IWM,2016-01-04,110.01,110.83,109.08
IWM,2016-01-05,110.25,110.575,109.55
IWM,2016-01-06,108.57,109.6,108.0
IWM,2016-01-07,105.67,107.5,105.49
IWM,2016-01-08,103.85,106.49,103.66
IWM,2016-01-11,103.4,104.78,102.31
IWM,2016-01-12,103.71,104.99,101.94
IWM,2016-01-13,100.38,104.42,99.65
IWM,2016-01-14,101.77,102.71,99.19
IWM,2016-01-15,100.12,100.29,97.51
IWM,2016-01-19,98.77,101.1985,97.74
IWM,2016-01-20,99.18,100.325,95.06
IWM,2016-01-21,98.95,100.91,98.38
IWM,2016-01-22,101.37,101.61,100.13
IWM,2016-01-25,99.115,101.08,98.85
IWM,2016-01-26,101.1,101.4,99.18
IWM,2016-01-27,99.71,101.59,99.06
IWM,2016-01-28,99.69,100.95,99.215
IWM,2016-01-29,102.96,102.98,99.96
IWM,2016-02-01,102.49,103.09,101.25
IWM,2016-02-02,100.28,101.47,99.77
IWM,2016-02-03,100.41,101.07,98.14
IWM,2016-02-04,100.8,101.97,99.97
IWM,2016-02-05,98.04,100.44,97.96
IWM,2016-02-08,96.43,97.01,94.94
IWM,2016-02-09,95.78,97.13,95.02
IWM,2016-02-10,95.83,97.92,95.675
IWM,2016-02-11,94.7892,95.4,93.64
IWM,2016-02-12,96.59,96.79,95.19
IWM,2016-02-16,98.88,99.0999,97.22
IWM,2016-02-17,100.43,101.09,99.53
IWM,2016-02-18,99.95,100.635,99.54
IWM,2016-02-19,100.45,100.56,99.11
IWM,2016-02-22,101.57,102.01,101.24
IWM,2016-02-23,100.64,101.49,100.55
IWM,2016-02-24,101.61,101.819,98.97
IWM,2016-02-25,102.54,102.6,101.39
IWM,2016-02-26,103.19,103.47,102.7
IWM,2016-02-29,102.73,104.03,102.72
IWM,2016-03-01,104.94,104.94,103.07
IWM,2016-03-02,106.0208,106.09,104.59
IWM,2016-03-03,107.13,107.15,105.92
IWM,2016-03-04,107.72,108.32,106.67
IWM,2016-03-07,108.8892,108.99,107.21
IWM,2016-03-08,106.26,108.29,106.14
IWM,2016-03-09,106.8,107.005,106.07
IWM,2016-03-10,105.93,107.49,104.81
IWM,2016-03-11,108.2008,108.33,106.66
IWM,2016-03-14,107.92,108.34,107.4
IWM,2016-03-15,106.24,107.28,106.03
IWM,2016-03-16,106.99,107.33,105.73
IWM,2016-03-17,108.63,109.1,106.33
IWM,2016-03-18,109.61,109.95,108.7
IWM,2016-03-21,109.35,109.94,109.08
IWM,2016-03-22,109.22,109.69,108.47
IWM,2016-03-23,106.88,108.59,106.8
IWM,2016-03-24,107.2,107.22,105.74
IWM,2016-03-28,107.33,107.78,106.55
IWM,2016-03-29,110.31,110.34,106.77
IWM,2016-03-30,110.32,111.12,110.05
IWM,2016-03-31,110.63,111.17,110.34
IWM,2016-04-01,111.12,111.22,109.48
IWM,2016-04-04,110.19,111.32,110.1
IWM,2016-04-05,108.94,109.855,108.84
IWM,2016-04-06,110.17,110.27,108.585
IWM,2016-04-07,108.68,109.88,108.13
IWM,2016-04-08,109.11,110.07,108.63
IWM,2016-04-11,108.77,110.55,108.75
IWM,2016-04-12,109.94,110.18,108.43
IWM,2016-04-13,112.31,112.43,110.51
IWM,2016-04-14,112.17,112.7,111.88
IWM,2016-04-15,112.45,112.63,111.86
IWM,2016-04-18,113.3,113.39,111.87
IWM,2016-04-19,113.39,114.125,112.89
IWM,2016-04-20,113.56,114.21,112.97
IWM,2016-04-21,112.99,113.92,112.66
IWM,2016-04-22,114.11,114.19,112.975
IWM,2016-04-25,113.3,113.91,112.81
IWM,2016-04-26,114.41,114.53,113.17
IWM,2016-04-27,114.81,115.05,113.9
IWM,2016-04-28,113.5,115.0,113.19
IWM,2016-04-29,112.48,113.46,111.72
IWM,2016-05-02,113.48,113.51,112.175
IWM,2016-05-03,111.62,112.56,110.93
IWM,2016-05-04,110.7,111.99,110.37
IWM,2016-05-05,110.26,111.33,110.1
IWM,2016-05-06,110.91,110.93,109.54
IWM,2016-05-09,111.23,111.8899,110.625
IWM,2016-05-10,112.35,112.4,111.07
IWM,2016-05-11,110.96,112.27,110.87
IWM,2016-05-12,110.3708,111.49,109.498
IWM,2016-05-13,109.64,110.94,109.36
IWM,2016-05-16,111.03,111.52,109.87
IWM,2016-05-17,109.27,111.42,108.77
IWM,2016-05-18,109.84,110.661,108.79
IWM,2016-05-19,108.955,109.77,107.99
IWM,2016-05-20,110.79,110.79,109.23
IWM,2016-05-23,110.66,111.39,110.5
IWM,2016-05-24,112.94,113.22,111.27
IWM,2016-05-25,113.6,113.9,113.08
IWM,2016-05-26,113.47,114.015,113.25
IWM,2016-05-27,114.6,114.6,113.51
IWM,2016-05-31,115.0,115.54,114.5
IWM,2016-06-01,115.78,115.95,114.42
IWM,2016-06-02,116.67,116.67,115.37
IWM,2016-06-03,115.97,116.47,115.0
IWM,2016-06-06,117.22,117.58,116.01
IWM,2016-06-07,117.56,117.98,116.96
IWM,2016-06-08,118.43,118.64,117.6499
IWM,2016-06-09,117.67,117.94,117.29
IWM,2016-06-10,116.07,116.88,115.69
IWM,2016-06-13,114.81,116.18,114.59
IWM,2016-06-14,114.48,115.11,113.67
IWM,2016-06-15,114.56,115.56,114.46
IWM,2016-06-16,114.55,114.59,112.89
IWM,2016-06-17,114.06,114.92,113.68
IWM,2016-06-20,115.3,116.45,115.3
IWM,2016-06-21,115.08,115.41,114.33
IWM,2016-06-22,114.63,115.88,114.49
IWM,2016-06-23,116.82,116.91,115.73
IWM,2016-06-24,112.55,114.035,111.5
IWM,2016-06-27,108.69,111.07,108.19
IWM,2016-06-28,110.37,110.88,109.57
IWM,2016-06-29,112.88,113.05,111.53
IWM,2016-06-30,114.98,115.02,112.57
IWM,2016-07-01,115.39,115.95,114.8
IWM,2016-07-05,113.69,115.26,113.065
IWM,2016-07-06,113.89,114.01,112.31
IWM,2016-07-07,114.13,114.99,113.41
IWM,2016-07-08,116.79,117.09,115.15
IWM,2016-07-11,118.14,118.43,117.47
IWM,2016-07-12,119.72,120.42,118.83
IWM,2016-07-13,119.25,120.39,118.95
IWM,2016-07-14,119.37,120.36,119.3
IWM,2016-07-15,119.7,120.04,119.28
IWM,2016-07-18,119.9,120.35,119.33
IWM,2016-07-19,119.3,119.97,118.93
IWM,2016-07-20,120.08,120.44,118.94
IWM,2016-07-21,119.51,120.595,119.25
IWM,2016-07-22,120.4,120.65,119.35
IWM,2016-07-25,120.22,120.46,119.76
IWM,2016-07-26,120.8,120.97,119.92
IWM,2016-07-27,121.14,121.4675,120.35
IWM,2016-07-28,120.83,121.235,120.53
IWM,2016-07-29,121.07,121.76,120.05
IWM,2016-08-01,121.17,121.7,120.44
IWM,2016-08-02,119.48,121.21,119.1
IWM,2016-08-03,120.45,120.5,119.1
IWM,2016-08-04,120.56,121.19,120.26
IWM,2016-08-05,122.3,122.58,120.97
IWM,2016-08-08,122.24,122.85,122.03
IWM,2016-08-09,122.37,122.63,122.14
IWM,2016-08-10,121.4892,122.599,121.15
IWM,2016-08-11,122.07,122.4,121.565
IWM,2016-08-12,122.19,122.46,121.63
IWM,2016-08-15,123.4,123.685,122.43
IWM,2016-08-16,122.4,123.12,122.26
IWM,2016-08-17,122.04,122.5,121.33
IWM,2016-08-18,122.94,122.97,122.04
IWM,2016-08-19,122.94,123.07,122.28
IWM,2016-08-22,123.22,123.34,122.33
IWM,2016-08-23,124.08,124.46,123.61
IWM,2016-08-24,123.07,124.25,122.77
IWM,2016-08-25,123.31,123.69,122.61
IWM,2016-08-26,123.06,124.41,122.3
IWM,2016-08-29,123.7,124.17,123.24
IWM,2016-08-30,123.93,124.17,123.38
IWM,2016-08-31,123.23,123.89,122.55
IWM,2016-09-01,123.32,123.63,122.02
IWM,2016-09-02,124.51,124.53,123.63
IWM,2016-09-06,124.6292,124.97,123.97
IWM,2016-09-07,125.41,125.44,124.48
IWM,2016-09-08,125.16,125.41,124.77
IWM,2016-09-09,121.25,124.21,121.21
IWM,2016-09-12,122.94,122.97,120.58
IWM,2016-09-13,120.58,122.16,119.8805
IWM,2016-09-14,120.6,121.47,120.29
IWM,2016-09-15,122.04,122.185,120.51
IWM,2016-09-16,121.86,121.97,121.095
IWM,2016-09-19,122.67,123.55,121.99
IWM,2016-09-20,122.15,123.23,122.15
IWM,2016-09-21,123.92,123.97,122.1
IWM,2016-09-22,125.7,125.8,124.66
IWM,2016-09-23,124.81,125.882,124.81
IWM,2016-09-26,123.23,124.17,123.1
IWM,2016-09-27,123.73,123.88,122.81
IWM,2016-09-28,124.68,124.76,123.07
IWM,2016-09-29,122.86,124.64,122.7
IWM,2016-09-30,124.21,124.78,122.86
IWM,2016-10-03,123.82,124.095,123.13
IWM,2016-10-04,123.21,124.31,122.65
IWM,2016-10-05,123.95,124.68,123.65
IWM,2016-10-06,123.82,124.015,122.82
IWM,2016-10-07,122.83,124.32,122.23
IWM,2016-10-10,124.3,124.74,123.56
IWM,2016-10-11,122.03,124.11,121.34
IWM,2016-10-12,121.93,122.61,121.5328
IWM,2016-10-13,120.92,121.41,120.11
IWM,2016-10-14,120.43,121.84,120.4
IWM,2016-10-17,120.29,120.85,120.16
IWM,2016-10-18,120.98,121.58,120.66
IWM,2016-10-19,121.49,121.95,120.5001
IWM,2016-10-20,121.13,122.0,120.41
IWM,2016-10-21,121.07,121.37,120.1
IWM,2016-10-24,121.84,122.61,121.4499
IWM,2016-10-25,120.93,121.9895,120.6
IWM,2016-10-26,119.73,121.0,119.46
IWM,2016-10-27,118.36,120.14,118.09
IWM,2016-10-28,118.03,119.03,117.75
IWM,2016-10-31,118.5,118.64,117.7999
IWM,2016-11-01,117.05,118.7,116.28
IWM,2016-11-02,115.56,117.0,115.39
IWM,2016-11-03,115.0,116.24,114.88
IWM,2016-11-04,115.74,116.9,115.0458
IWM,2016-11-07,118.57,118.82,117.7082
IWM,2016-11-08,118.88,119.46,117.71
IWM,2016-11-09,122.54,122.83,118.05
IWM,2016-11-10,124.5,125.4,122.62
IWM,2016-11-11,127.36,127.72,124.55
IWM,2016-11-14,129.15,130.26,128.39
IWM,2016-11-15,129.55,129.89,128.3
IWM,2016-11-16,129.54,130.0,129.03
IWM,2016-11-17,130.3,130.83,129.75
IWM,2016-11-18,130.99,131.09,130.2979
IWM,2016-11-21,131.6,132.0,130.61
IWM,2016-11-22,132.8,132.9,131.67
IWM,2016-11-23,133.63,133.65,132.1
IWM,2016-11-25,134.07,134.1,133.54
IWM,2016-11-28,132.33,134.0,132.15
IWM,2016-11-29,132.26,133.09,132.1
IWM,2016-11-30,131.61,133.09,131.5
IWM,2016-12-01,130.97,132.55,130.29
IWM,2016-12-02,130.9,131.47,130.52
IWM,2016-12-05,133.15,133.33,131.89
IWM,2016-12-06,134.59,134.91,132.74
IWM,2016-12-07,135.9,136.18,134.18
IWM,2016-12-08,138.04,138.21,135.8
IWM,2016-12-09,138.31,138.82,137.75
IWM,2016-12-12,136.85,138.57,136.51
IWM,2016-12-13,136.86,138.05,136.2417
IWM,2016-12-14,135.15,137.35,134.81
IWM,2016-12-15,136.16,137.14,134.96
IWM,2016-12-16,135.91,137.525,135.63
IWM,2016-12-19,136.8,137.19,135.91
IWM,2016-12-20,137.96,138.21,136.99
IWM,2016-12-21,137.06,138.15,137.01
IWM,2016-12-22,135.32,136.75,134.81
IWM,2016-12-23,136.04,136.12,135.27
IWM,2016-12-27,136.65,137.3,136.21
IWM,2016-12-28,135.25,136.98,134.83
IWM,2016-12-29,135.37,136.26,134.685
IWM,2016-12-30,134.85,135.63,134.4
IWM,2017-01-03,135.52,136.8295,134.5
IWM,2017-01-04,137.78,137.96,136.01
IWM,2017-01-05,136.19,137.76,135.51
IWM,2017-01-06,135.69,136.71,135.68
IWM,2017-01-09,134.8,135.72,134.5
IWM,2017-01-10,136.09,136.38,134.76
IWM,2017-01-11,136.33,136.79,135.42
IWM,2017-01-12,135.28,136.22,133.59
IWM,2017-01-13,136.26,136.97,135.65
IWM,2017-01-17,134.41,135.69,134.13
IWM,2017-01-18,134.85,134.935,133.95
IWM,2017-01-19,133.75,135.44,133.17
IWM,2017-01-20,134.44,134.88,133.82
IWM,2017-01-23,133.88,134.68,133.12
IWM,2017-01-24,135.93,136.28,134.22
IWM,2017-01-25,137.21,137.55,136.95
IWM,2017-01-26,136.66,137.5,136.42
IWM,2017-01-27,136.19,137.04,135.65
IWM,2017-01-30,134.29,135.24,133.24
IWM,2017-01-31,135.23,135.56,133.48
IWM,2017-02-01,135.15,136.87,134.7
IWM,2017-02-02,134.81,135.67,134.49
IWM,2017-02-03,136.87,136.98,135.51
IWM,2017-02-06,135.84,136.7784,135.43
IWM,2017-02-07,135.24,136.465,134.77
IWM,2017-02-08,135.0,135.22,133.89
IWM,2017-02-09,136.9,137.25,135.25
IWM,2017-02-10,137.94,138.37,137.2
IWM,2017-02-13,138.3,139.205,138.09
IWM,2017-02-14,138.76,138.945,137.61
IWM,2017-02-15,139.59,139.77,138.07
IWM,2017-02-16,139.2,139.84,138.21
IWM,2017-02-17,139.11,139.16,138.25
IWM,2017-02-21,140.2,140.32,139.38
IWM,2017-02-22,139.58,140.02,139.25
IWM,2017-02-23,138.75,140.01,137.69
IWM,2017-02-24,138.65,138.65,137.3
IWM,2017-02-27,140.0,140.0,138.21
IWM,2017-02-28,137.84,139.48,137.76
IWM,2017-03-01,140.36,140.86,139.52
IWM,2017-03-02,138.75,140.36,138.64
IWM,2017-03-03,138.65,139.42,137.88
IWM,2017-03-06,137.7,137.97,136.99
IWM,2017-03-07,136.8,137.74,136.61
IWM,2017-03-08,135.9,137.62,135.78
IWM,2017-03-09,135.36,136.49,134.89
IWM,2017-03-10,135.96,136.31,134.84
IWM,2017-03-13,136.28,136.79,135.65
IWM,2017-03-14,135.63,135.83,134.5601
IWM,2017-03-15,137.73,138.02,135.97
IWM,2017-03-16,137.91,138.51,137.555
IWM,2017-03-17,138.46,138.73,137.31
IWM,2017-03-20,137.7512,138.52,137.37
IWM,2017-03-21,133.97,138.6,133.92
IWM,2017-03-22,134.0,134.31,132.78
IWM,2017-03-23,134.78,135.6957,133.64
IWM,2017-03-24,134.49,135.47,133.86
IWM,2017-03-27,134.74,135.07,132.4
IWM,2017-03-28,135.79,135.9,134.14
IWM,2017-03-29,136.23,136.49,135.3
IWM,2017-03-30,137.26,137.38,136.26
IWM,2017-03-31,137.48,138.17,136.94
IWM,2017-04-03,136.03,138.1,135.6
IWM,2017-04-04,135.87,136.55,135.35
IWM,2017-04-05,134.33,137.43,134.08
IWM,2017-04-06,135.58,135.63,133.83
IWM,2017-04-07,135.52,136.03,134.75
IWM,2017-04-10,135.82,136.85,135.16
IWM,2017-04-11,136.9,136.92,135.08
IWM,2017-04-12,135.04,136.7,134.92
IWM,2017-04-13,133.72,135.37,133.66
IWM,2017-04-17,135.29,135.32,133.68
IWM,2017-04-18,135.32,135.46,134.155
IWM,2017-04-19,135.79,136.9628,135.54
IWM,2017-04-20,137.52,137.67,136.15
IWM,2017-04-21,137.21,137.5475,136.71
IWM,2017-04-24,138.92,139.34,138.49
IWM,2017-04-25,140.27,140.88,140.09
IWM,2017-04-26,140.99,141.8166,140.13
IWM,2017-04-27,140.95,141.8,140.48
IWM,2017-04-28,139.06,141.17,139.04
IWM,2017-05-01,139.86,140.29,138.7799
IWM,2017-05-02,139.15,140.34,138.69
IWM,2017-05-03,138.29,139.1142,137.69
IWM,2017-05-04,138.1,138.73,137.11
IWM,2017-05-05,138.99,138.99,137.53
IWM,2017-05-08,138.41,138.98,137.76
IWM,2017-05-09,138.35,138.83,137.78
IWM,2017-05-10,139.21,139.48,137.86
IWM,2017-05-11,138.24,138.83,136.98
IWM,2017-05-12,137.51,137.8875,137.16
IWM,2017-05-15,138.58,139.25,137.975
IWM,2017-05-16,138.63,139.04,137.62
IWM,2017-05-17,134.89,137.04,134.75
IWM,2017-05-18,135.38,135.9,134.23
IWM,2017-05-19,136.03,136.76,135.4176
IWM,2017-05-22,136.95,137.2,136.16
IWM,2017-05-23,137.4,137.69,136.35
IWM,2017-05-24,137.49,138.03,136.83
IWM,2017-05-25,137.58,138.61,137.2
IWM,2017-05-26,137.54,137.79,136.78
IWM,2017-05-30,136.46,137.44,136.22
IWM,2017-05-31,136.32,136.92,134.64
IWM,2017-06-01,138.95,139.0,136.27
IWM,2017-06-02,139.85,141.02,139.05
IWM,2017-06-05,138.98,140.11,138.95
IWM,2017-06-06,138.85,139.66,137.81
IWM,2017-06-07,138.98,139.53,138.49
IWM,2017-06-08,140.88,141.46,138.74
IWM,2017-06-09,141.61,142.9,140.7
IWM,2017-06-12,141.38,142.15,140.8901
IWM,2017-06-13,142.1,142.31,141.47
IWM,2017-06-14,141.26,142.04,140.45
IWM,2017-06-15,140.54,140.98,139.69
IWM,2017-06-16,140.19,140.215,139.28
IWM,2017-06-19,141.23,141.58,140.51
IWM,2017-06-20,139.8,140.97,139.7
IWM,2017-06-21,139.45,140.8,139.22
IWM,2017-06-22,139.98,140.39,139.01
IWM,2017-06-23,140.91,141.08,139.55
IWM,2017-06-26,141.08,141.53,140.201
IWM,2017-06-27,139.84,141.62,139.75
IWM,2017-06-28,141.98,142.26,140.4
IWM,2017-06-29,141.14,142.35,139.65
IWM,2017-06-30,140.92,141.67,140.77
IWM,2017-07-03,142.1,142.495,141.3
IWM,2017-07-05,141.59,141.85,140.7
IWM,2017-07-06,139.14,140.47,138.83
IWM,2017-07-07,140.49,140.68,139.18
IWM,2017-07-10,139.88,140.89,139.37
IWM,2017-07-11,140.29,140.38,138.98
IWM,2017-07-12,141.37,142.22,141.01
IWM,2017-07-13,141.49,141.56,140.38
IWM,2017-07-14,141.73,142.3,141.1
IWM,2017-07-17,142.06,142.46,141.26
IWM,2017-07-18,141.69,141.87,141.04
IWM,2017-07-19,143.1,143.14,141.88
IWM,2017-07-20,143.2,143.52,142.8
IWM,2017-07-21,142.55,143.33,142.25
IWM,2017-07-24,142.75,142.82,141.97
IWM,2017-07-25,144.05,144.25,143.21
IWM,2017-07-26,143.25,144.15,143.0483
IWM,2017-07-27,142.34,143.68,141.55
IWM,2017-07-28,141.96,142.36,141.47
IWM,2017-07-31,141.51,142.38,140.97
IWM,2017-08-01,141.78,142.2,140.965
IWM,2017-08-02,140.23,141.82,139.725
IWM,2017-08-03,139.53,140.54,139.16
IWM,2017-08-04,140.21,140.32,139.49
IWM,2017-08-07,140.44,140.85,139.71
IWM,2017-08-08,140.0,141.79,139.69
IWM,2017-08-09,138.79,139.39,138.28
IWM,2017-08-10,136.27,138.28,136.26
IWM,2017-08-11,136.47,136.74,135.77
IWM,2017-08-14,138.54,138.59,137.23
IWM,2017-08-15,137.4,138.82,137.34
IWM,2017-08-16,137.44,138.39,137.21
IWM,2017-08-17,134.93,137.69,134.9199
IWM,2017-08-18,134.92,135.46,134.12
IWM,2017-08-21,134.83,135.02,134.14
IWM,2017-08-22,136.29,136.445,135.14
IWM,2017-08-23,136.07,136.57,135.207
IWM,2017-08-24,136.49,136.93,136.02
IWM,2017-08-25,136.88,137.31,136.42
IWM,2017-08-28,137.46,137.61,136.77
IWM,2017-08-29,137.49,137.81,136.23
IWM,2017-08-30,138.37,138.51,137.25
IWM,2017-08-31,139.73,139.94,138.67
IWM,2017-09-01,140.52,140.63,139.7256
IWM,2017-09-05,139.17,140.89,138.58
IWM,2017-09-06,139.46,140.0,139.08
IWM,2017-09-07,139.11,139.685,138.59
IWM,2017-09-08,139.22,139.77,138.615
IWM,2017-09-11,140.68,140.92,140.23
IWM,2017-09-12,141.54,141.69,140.82
IWM,2017-09-13,141.96,142.22,141.32
IWM,2017-09-14,141.83,142.16,141.42
IWM,2017-09-15,142.41,142.47,141.55
IWM,2017-09-18,143.38,143.8075,142.6
IWM,2017-09-19,143.38,143.6886,143.09
IWM,2017-09-20,143.84,144.02,143.26
IWM,2017-09-21,143.69,144.26,143.48
IWM,2017-09-22,144.3,144.67,143.56
IWM,2017-09-25,144.5,144.94,143.69
IWM,2017-09-26,144.61,145.15,144.18
IWM,2017-09-27,147.44,147.86,145.16
IWM,2017-09-28,147.83,148.06,146.78
IWM,2017-09-29,148.18,148.43,147.74
IWM,2017-10-02,150.0,150.0,148.08
IWM,2017-10-03,150.33,150.33,149.33
IWM,2017-10-04,149.85,150.61,149.39
IWM,2017-10-05,150.26,150.63,149.87
IWM,2017-10-06,150.05,150.34,149.57
IWM,2017-10-09,149.43,150.68,149.18
IWM,2017-10-10,149.86,150.29,149.41
IWM,2017-10-11,149.75,150.19,149.46
IWM,2017-10-12,149.64,150.01,149.02
IWM,2017-10-13,149.37,149.99,149.23
IWM,2017-10-16,149.24,150.35,149.03
IWM,2017-10-17,148.81,149.77,148.5
IWM,2017-10-18,149.52,149.91,149.08
IWM,2017-10-19,149.29,149.33,148.17
IWM,2017-10-20,149.98,150.4134,149.86
IWM,2017-10-23,148.86,150.15,148.7
IWM,2017-10-24,149.17,149.78,149.0401
IWM,2017-10-25,148.45,149.0,147.22
IWM,2017-10-26,148.76,149.34,148.51
IWM,2017-10-27,149.79,149.91,148.3
IWM,2017-10-30,148.21,149.45,147.385
IWM,2017-10-31,149.26,149.83,148.635
IWM,2017-11-01,148.27,150.53,147.44
IWM,2017-11-02,148.71,149.23,147.72
IWM,2017-11-03,148.61,148.96,148.06
IWM,2017-11-06,148.78,149.38,148.39
IWM,2017-11-07,147.0,148.85,146.54
IWM,2017-11-08,147.2,147.45,145.835
IWM,2017-11-09,146.68,147.39,145.28
IWM,2017-11-10,146.57,147.1,146.345
IWM,2017-11-13,146.61,146.825,145.5
IWM,2017-11-14,146.21,146.49,145.59
IWM,2017-11-15,145.63,146.21,144.5
IWM,2017-11-16,147.77,148.4,146.19
IWM,2017-11-17,148.45,149.03,147.171
IWM,2017-11-20,149.53,149.58,148.33
IWM,2017-11-21,151.09,151.29,150.06
IWM,2017-11-22,150.89,151.77,150.86
IWM,2017-11-24,150.95,151.37,150.77
IWM,2017-11-27,150.49,151.62,150.44
IWM,2017-11-28,152.86,152.97,150.66
IWM,2017-11-29,153.37,154.21,152.95
IWM,2017-11-30,153.65,154.55,153.281
IWM,2017-12-01,153.02,153.71,148.75
IWM,2017-12-04,152.45,155.41,152.3
IWM,2017-12-05,150.93,152.96,150.92
IWM,2017-12-06,150.22,151.19,149.95
IWM,2017-12-07,151.27,151.89,150.02
IWM,2017-12-08,151.41,152.28,151.28
IWM,2017-12-11,151.35,152.13,151.02
IWM,2017-12-12,150.88,151.93,150.82
IWM,2017-12-13,151.78,152.71,150.81
IWM,2017-12-14,150.1,152.2,149.64
IWM,2017-12-15,152.24,153.2525,150.58
IWM,2017-12-18,154.3,154.72,153.46
IWM,2017-12-19,153.08,154.77,152.82
IWM,2017-12-20,153.38,153.935,152.84
IWM,2017-12-21,153.47,154.0199,153.08
IWM,2017-12-22,153.19,153.39,152.8
IWM,2017-12-26,153.28,153.43,152.9
IWM,2017-12-27,153.13,153.95,152.81
IWM,2017-12-28,153.73,153.75,153.015
IWM,2017-12-29,152.46,154.15,152.39
IWM,2018-01-02,153.9,153.97,152.46
IWM,2018-01-03,154.06,154.46,153.5199
IWM,2018-01-04,154.47,155.15,154.02
IWM,2018-01-05,154.79,154.98,153.94
IWM,2018-01-08,155.03,155.27,153.5
IWM,2018-01-09,154.82,155.5,154.73
IWM,2018-01-10,154.84,155.17,153.92
IWM,2018-01-11,157.5,157.66,154.98
IWM,2018-01-12,158.16,158.8599,157.47
IWM,2018-01-16,156.14,159.41,155.8
IWM,2018-01-17,157.62,157.935,156.28
IWM,2018-01-18,156.54,157.5,156.39
IWM,2018-01-19,158.6,158.69,156.55
IWM,2018-01-22,159.45,159.45,158.31
IWM,2018-01-23,159.96,160.3,158.67
IWM,2018-01-24,158.97,160.625,158.4
IWM,2018-01-25,159.03,159.915,158.21
IWM,2018-01-26,159.6,159.685,158.77
IWM,2018-01-29,158.7,159.86,158.62
IWM,2018-01-30,157.18,158.22,156.73
IWM,2018-01-31,156.36,158.42,155.9199
IWM,2018-02-01,156.85,157.21,155.53
IWM,2018-02-02,153.83,156.15,153.51
IWM,2018-02-05,147.92,153.79,147.86
IWM,2018-02-06,149.69,150.37,144.24
IWM,2018-02-07,149.84,150.79,148.61
IWM,2018-02-08,145.44,150.0,145.44
IWM,2018-02-09,146.77,147.94,142.5
IWM,2018-02-12,148.16,148.92,145.48
IWM,2018-02-13,148.48,148.79,146.9
IWM,2018-02-14,151.15,151.52,147.18
IWM,2018-02-15,152.8,152.87,150.56
IWM,2018-02-16,153.34,154.29,152.54
IWM,2018-02-20,152.08,153.77,151.67
IWM,2018-02-21,152.24,154.81,152.01
IWM,2018-02-22,152.0,154.025,151.91
IWM,2018-02-23,153.98,154.02,152.15
IWM,2018-02-26,154.99,155.26,153.47
IWM,2018-02-27,152.76,155.88,152.75
IWM,2018-02-28,150.35,153.6,150.31
IWM,2018-03-01,149.95,151.57,148.38
IWM,2018-03-02,152.35,152.75,148.4
IWM,2018-03-05,153.71,154.2601,151.47
IWM,2018-03-06,155.37,155.39,152.8
IWM,2018-03-07,156.74,156.93,154.22
IWM,2018-03-08,156.42,157.47,155.5
IWM,2018-03-09,158.92,159.0,156.87
IWM,2018-03-12,159.2,159.65,158.49
IWM,2018-03-13,158.46,160.3,158.14
IWM,2018-03-14,157.71,159.3899,157.41
IWM,2018-03-15,156.92,158.14,156.37
IWM,2018-03-16,157.8,158.27,156.75
IWM,2018-03-19,156.28,157.2099,154.45
IWM,2018-03-20,156.24,157.02,155.77
IWM,2018-03-21,157.15,158.26,156.2
IWM,2018-03-22,153.35,156.62,153.31
IWM,2018-03-23,150.05,154.13,150.0
IWM,2018-03-26,153.33,153.38,150.43
IWM,2018-03-27,150.36,153.7,149.71
IWM,2018-03-28,150.31,151.35,149.39
IWM,2018-03-29,151.83,153.1,150.75
IWM,2018-04-02,148.13,152.07,147.18
IWM,2018-04-03,150.25,150.6,148.3
IWM,2018-04-04,152.16,152.58,148.27
IWM,2018-04-05,153.42,153.6099,152.32
IWM,2018-04-06,150.36,153.4,149.15
IWM,2018-04-09,150.54,152.6,150.42
IWM,2018-04-10,153.38,153.95,151.67
IWM,2018-04-11,153.71,154.31,152.63
IWM,2018-04-12,154.76,155.41,153.93
IWM,2018-04-13,153.95,155.3292,153.511
IWM,2018-04-16,155.37,155.82,154.11
IWM,2018-04-17,157.06,157.49,155.96
IWM,2018-04-18,157.48,158.38,157.16
IWM,2018-04-19,156.39,157.54,155.88
IWM,2018-04-20,155.55,156.72,155.15
IWM,2018-04-23,155.32,156.29,154.57
IWM,2018-04-24,154.43,156.63,153.19
IWM,2018-04-25,154.2,154.8,152.96
IWM,2018-04-26,154.91,155.41,153.94
IWM,2018-04-27,154.69,155.37,153.78
IWM,2018-04-30,153.32,155.65,153.29
IWM,2018-05-01,154.07,154.29,151.71
IWM,2018-05-02,154.65,155.78,153.68
IWM,2018-05-03,153.81,154.5,152.16
IWM,2018-05-04,155.73,156.5,152.8
IWM,2018-05-07,157.05,157.86,156.1
IWM,2018-05-08,157.83,157.83,156.75
IWM,2018-05-09,158.68,159.1,157.38
IWM,2018-05-10,159.53,160.17,158.75
IWM,2018-05-11,159.84,160.13,159.04
IWM,2018-05-14,159.23,160.69,159.05
IWM,2018-05-15,159.26,159.5899,158.17
IWM,2018-05-16,160.92,161.32,159.47
IWM,2018-05-17,161.66,162.0,160.75
IWM,2018-05-18,161.87,162.3178,161.55
IWM,2018-05-21,162.94,163.24,162.36
IWM,2018-05-22,161.76,163.33,161.63
IWM,2018-05-23,161.97,162.28,161.13
IWM,2018-05-24,162.03,162.35,160.62
IWM,2018-05-25,161.74,162.16,161.47
IWM,2018-05-29,161.52,162.23,160.11
IWM,2018-05-30,164.08,164.39,162.36
IWM,2018-05-31,162.77,164.38,162.34
IWM,2018-06-01,163.84,164.38,163.28
IWM,2018-06-04,164.71,164.71,163.32
IWM,2018-06-05,165.73,165.77,164.34
IWM,2018-06-06,166.93,166.93,165.58
IWM,2018-06-07,166.02,167.23,165.23
IWM,2018-06-08,166.52,166.61,165.76
IWM,2018-06-11,166.77,167.1125,166.29
IWM,2018-06-12,167.53,167.94,166.73
IWM,2018-06-13,166.87,167.87,166.62
IWM,2018-06-14,167.76,167.8399,166.61
IWM,2018-06-15,167.81,167.87,166.53
IWM,2018-06-18,168.6,168.61,166.73
IWM,2018-06-19,168.61,168.77,166.54
IWM,2018-06-20,169.97,170.2,168.9515
IWM,2018-06-21,168.38,170.08,167.77
IWM,2018-06-22,167.82,169.2,167.31
IWM,2018-06-25,165.08,167.37,164.14
IWM,2018-06-26,166.04,166.66,164.85
IWM,2018-06-27,163.38,166.51,163.31
IWM,2018-06-28,163.88,164.22,162.26
IWM,2018-06-29,163.77,165.05,163.61
IWM,2018-07-02,164.9,164.96,162.48
IWM,2018-07-03,164.96,165.701,164.7
IWM,2018-07-05,166.84,166.87,164.83
IWM,2018-07-06,168.25,168.44,166.52
IWM,2018-07-09,169.31,169.33,168.385
IWM,2018-07-10,168.54,169.87,167.57
IWM,2018-07-11,167.11,168.61,167.045
IWM,2018-07-12,167.92,168.25,166.64
IWM,2018-07-13,167.42,168.73,167.42
IWM,2018-07-16,166.77,168.03,165.96
IWM,2018-07-17,167.51,168.0,166.59
IWM,2018-07-18,167.98,168.06,166.57
IWM,2018-07-19,169.17,169.25,167.26
IWM,2018-07-20,168.48,169.31,168.35
IWM,2018-07-23,168.69,169.15,167.81
IWM,2018-07-24,166.89,169.755,166.22
IWM,2018-07-25,167.5,167.5,166.14
IWM,2018-07-26,168.4,169.365,167.51
IWM,2018-07-27,165.26,168.72,164.79
IWM,2018-07-30,164.2,166.02,164.07
IWM,2018-07-31,165.87,166.62,164.39
IWM,2018-08-01,165.76,166.24,164.495
IWM,2018-08-02,166.97,167.21,164.94
IWM,2018-08-03,166.39,167.6799,165.61
IWM,2018-08-06,167.32,167.51,165.9
IWM,2018-08-07,167.72,168.4933,167.6
IWM,2018-08-08,167.57,167.985,166.49
IWM,2018-08-09,168.0,168.71,167.55
IWM,2018-08-10,167.53,168.665,166.96
IWM,2018-08-13,166.55,168.05,165.88
IWM,2018-08-14,168.2,168.6,166.89
IWM,2018-08-15,166.09,167.82,165.15
IWM,2018-08-16,167.63,168.17,166.69
IWM,2018-08-17,168.35,168.47,166.93
IWM,2018-08-20,168.82,169.18,167.83
IWM,2018-08-21,170.76,171.36,169.12
IWM,2018-08-22,171.18,171.49,170.42
IWM,2018-08-23,170.66,171.52,170.175
IWM,2018-08-24,171.59,171.78,171.02
IWM,2018-08-27,171.84,172.94,171.62
IWM,2018-08-28,172.0,172.48,171.1
IWM,2018-08-29,172.5,172.77,171.455
IWM,2018-08-30,172.36,173.23,171.82
IWM,2018-08-31,173.02,173.39,171.95
IWM,2018-09-04,172.25,173.12,171.12
IWM,2018-09-05,171.79,172.23,170.36
IWM,2018-09-06,170.63,172.48,170.42
IWM,2018-09-07,170.54,171.445,169.6585
IWM,2018-09-10,170.75,171.68,170.39
IWM,2018-09-11,171.03,171.6,170.0
IWM,2018-09-12,170.62,171.09,169.33
IWM,2018-09-13,170.66,171.54,170.26
IWM,2018-09-14,171.38,171.93,170.4
IWM,2018-09-17,169.56,171.54,169.35
IWM,2018-09-18,170.27,170.71,169.63
IWM,2018-09-19,169.65,171.07,169.07
IWM,2018-09-20,171.22,171.3,169.81
IWM,2018-09-21,170.4,171.82,170.22
IWM,2018-09-24,169.77,170.5,168.76
IWM,2018-09-25,170.03,170.52,169.85
IWM,2018-09-26,168.03,170.03,167.78
IWM,2018-09-27,168.04,168.7,167.76
IWM,2018-09-28,168.55,169.0,167.45
IWM,2018-10-01,166.33,169.32,165.77
IWM,2018-10-02,164.53,166.53,164.18
IWM,2018-10-03,165.97,166.73,164.51
IWM,2018-10-04,163.64,165.65,163.13
IWM,2018-10-05,162.16,164.16,160.66
IWM,2018-10-08,161.82,162.4,160.55
IWM,2018-10-09,161.19,162.74,160.98
IWM,2018-10-10,156.56,160.9865,156.36
IWM,2018-10-11,153.57,157.315,153.51
IWM,2018-10-12,153.6,155.76,151.885
IWM,2018-10-15,154.17,155.29,152.54
IWM,2018-10-16,158.64,158.86,154.04
IWM,2018-10-17,157.96,158.2199,155.885
IWM,2018-10-18,155.0,157.63,154.3735
IWM,2018-10-19,153.36,156.36,152.74
IWM,2018-10-22,153.03,154.45,152.52
IWM,2018-10-23,151.66,152.89,148.92
IWM,2018-10-24,145.95,151.98,145.82
IWM,2018-10-25,149.11,149.82,146.41
IWM,2018-10-26,147.48,149.42,144.7
IWM,2018-10-29,146.67,150.63,145.07
IWM,2018-10-30,149.73,149.89,146.56
IWM,2018-10-31,150.03,151.86,150.03
IWM,2018-11-01,153.49,153.7725,150.81
IWM,2018-11-02,154.0,154.89,152.4365
IWM,2018-11-05,153.88,154.66,152.35
IWM,2018-11-06,154.64,155.11,153.52
IWM,2018-11-07,157.41,157.41,154.8
IWM,2018-11-08,156.99,157.9,156.34
IWM,2018-11-09,154.08,156.03,152.9501
IWM,2018-11-12,151.03,154.17,150.84
IWM,2018-11-13,150.55,153.09,150.29
IWM,2018-11-14,149.45,152.5,148.48
IWM,2018-11-15,151.58,151.8,148.13
IWM,2018-11-16,151.94,152.29,150.06
IWM,2018-11-19,148.86,152.03,148.37
IWM,2018-11-20,145.99,148.43,145.59
IWM,2018-11-21,148.03,149.37,146.53
IWM,2018-11-23,147.89,149.3,146.81
IWM,2018-11-26,149.81,150.4001,148.74
IWM,2018-11-27,148.57,149.73,148.29
IWM,2018-11-28,152.24,152.37,147.7
IWM,2018-11-29,151.83,152.74,150.44
IWM,2018-11-30,152.62,152.86,151.08
IWM,2018-12-03,154.08,154.48,152.02
IWM,2018-12-04,147.52,154.13,147.14
IWM,2018-12-06,147.2,147.2,143.43
IWM,2018-12-07,144.02,148.26,143.27
IWM,2018-12-10,143.6,144.72,141.45
IWM,2018-12-11,143.45,146.19,142.39
IWM,2018-12-12,144.82,146.76,144.76
IWM,2018-12-13,142.77,145.69,142.54
IWM,2018-12-14,140.61,143.23,140.095
IWM,2018-12-17,137.02,140.8801,136.16
IWM,2018-12-18,136.85,139.18,136.29
IWM,2018-12-19,134.0,138.68,133.25
IWM,2018-12-20,131.79,134.41,130.23
IWM,2018-12-21,128.37,132.95,127.98
IWM,2018-12-24,125.88,128.47,125.84
IWM,2018-12-26,131.93,132.1,125.81
IWM,2018-12-27,132.48,132.48,127.8701
IWM,2018-12-28,132.86,135.01,131.54
IWM,2018-12-31,133.9,134.05,131.8
IWM,2019-01-02,134.66,135.17,131.54
IWM,2019-01-03,132.25,134.64,131.65
IWM,2019-01-04,137.19,137.6,133.71
IWM,2019-01-07,139.59,140.37,136.74
IWM,2019-01-08,141.73,141.79,139.39
IWM,2019-01-09,142.9,143.39,141.62
IWM,2019-01-10,143.64,143.72,141.35
IWM,2019-01-11,143.68,143.99,142.6775
IWM,2019-01-14,142.25,143.44,142.09
IWM,2019-01-15,143.45,143.6481,142.0901
IWM,2019-01-16,144.52,145.2501,143.6717
IWM,2019-01-17,145.83,146.33,143.97
IWM,2019-01-18,147.33,147.92,146.0
IWM,2019-01-22,145.0,146.76,144.05
IWM,2019-01-23,144.6,146.18,143.46
IWM,2019-01-24,145.47,145.76,144.33
IWM,2019-01-25,147.34,147.64,146.43
IWM,2019-01-28,146.55,146.91,145.37
IWM,2019-01-29,146.2,146.82,145.88
IWM,2019-01-30,147.8,148.34,145.68
IWM,2019-01-31,149.06,149.3,147.53
IWM,2019-02-01,149.18,149.68,148.58
IWM,2019-02-04,150.96,150.97,148.875
IWM,2019-02-05,151.12,151.6,150.24
IWM,2019-02-06,150.93,151.37,150.1
IWM,2019-02-07,149.69,150.7028,148.39
IWM,2019-02-08,149.85,149.9,148.5
IWM,2019-02-11,151.1,151.15,149.63
IWM,2019-02-12,152.99,153.19,151.8815
IWM,2019-02-13,153.42,153.76,152.7
IWM,2019-02-14,153.77,154.37,152.4
IWM,2019-02-15,156.22,156.24,154.27
IWM,2019-02-19,156.65,157.1,155.55
IWM,2019-02-20,157.39,157.58,156.53
IWM,2019-02-21,156.79,157.37,156.06
IWM,2019-02-22,158.15,158.27,157.1
IWM,2019-02-25,158.19,159.5,158.09
IWM,2019-02-26,157.1,158.19,156.89
IWM,2019-02-27,157.32,157.44,156.12
IWM,2019-02-28,156.78,157.48,156.37
IWM,2019-03-01,158.24,158.34,156.7501
IWM,2019-03-04,156.81,158.775,155.59
IWM,2019-03-05,156.08,156.95,155.96
IWM,2019-03-06,153.02,156.08,152.88
IWM,2019-03-07,151.68,153.14,151.37
IWM,2019-03-08,151.64,151.76,150.61
IWM,2019-03-11,154.29,154.31,151.9
IWM,2019-03-12,154.37,154.98,153.8
IWM,2019-03-13,154.98,155.73,154.75
IWM,2019-03-14,154.35,155.02,154.2
IWM,2019-03-15,154.76,155.87,154.33
IWM,2019-03-18,155.75,156.45,154.48
IWM,2019-03-19,154.96,156.53,154.57
IWM,2019-03-20,153.26,155.42,152.41
IWM,2019-03-21,155.27,156.06,152.73
IWM,2019-03-22,149.62,154.545,149.57
IWM,2019-03-25,150.28,151.32,148.405
IWM,2019-03-26,151.86,152.82,150.79
IWM,2019-03-27,151.27,152.21,149.48
IWM,2019-03-28,152.62,152.93,150.93
IWM,2019-03-29,153.09,153.97,152.1
IWM,2019-04-01,154.76,154.92,153.72
IWM,2019-04-02,154.36,154.88,153.5072
IWM,2019-04-03,155.16,156.15,154.73
IWM,2019-04-04,155.92,156.01,154.84
IWM,2019-04-05,157.38,157.47,156.19
IWM,2019-04-08,157.12,157.5,156.07
IWM,2019-04-09,155.2,156.7,154.91
IWM,2019-04-10,157.31,157.36,155.33
IWM,2019-04-11,157.11,157.68,156.81
IWM,2019-04-12,157.68,158.16,157.11
IWM,2019-04-15,157.17,158.1,156.5
IWM,2019-04-16,157.54,157.8999,156.98
IWM,2019-04-17,156.1,158.11,155.2
IWM,2019-04-18,155.64,156.28,154.66
IWM,2019-04-22,155.23,155.81,154.52
IWM,2019-04-23,157.57,158.05,155.36
IWM,2019-04-24,158.06,158.69,157.37
IWM,2019-04-25,156.75,157.4725,155.47
IWM,2019-04-26,158.27,158.49,156.395
IWM,2019-04-29,159.03,159.61,158.49
IWM,2019-04-30,158.29,159.19,156.96
IWM,2019-05-01,156.79,158.7329,156.71
IWM,2019-05-02,157.52,158.15,155.6764
IWM,2019-05-03,160.53,160.64,158.19
IWM,2019-05-06,160.71,161.11,158.01
IWM,2019-05-07,157.53,159.87,156.25
IWM,2019-05-08,156.76,158.09,156.65
IWM,2019-05-09,156.19,156.65,153.74
IWM,2019-05-10,156.62,156.83,153.67
IWM,2019-05-13,151.63,154.02,151.16
IWM,2019-05-14,153.54,154.17,151.7
IWM,2019-05-15,154.04,154.41,152.0699
IWM,2019-05-16,155.0,156.175,154.44
IWM,2019-05-17,152.84,155.27,152.66
IWM,2019-05-20,151.78,152.82,151.41
IWM,2019-05-21,153.82,154.04,152.58
IWM,2019-05-22,152.53,153.59,152.0
IWM,2019-05-23,149.39,151.06,148.58
IWM,2019-05-24,150.79,151.09,149.79
IWM,2019-05-28,149.59,151.65,149.58
IWM,2019-05-29,148.34,148.93,147.36
IWM,2019-05-30,147.93,149.58,147.04
IWM,2019-05-31,145.86,146.84,145.32
IWM,2019-06-03,146.37,147.205,145.33
IWM,2019-06-04,150.16,150.29,146.4238
IWM,2019-06-05,150.19,150.885,148.61
IWM,2019-06-06,149.8,150.52,148.31
IWM,2019-06-07,150.86,151.51,150.02
IWM,2019-06-10,151.75,153.14,151.45
IWM,2019-06-11,151.3,153.23,150.58
IWM,2019-06-12,151.47,151.78,150.62
IWM,2019-06-13,153.07,153.18,151.87
IWM,2019-06-14,151.73,152.94,151.72
IWM,2019-06-17,152.24,152.895,151.67
IWM,2019-06-18,154.01,155.15,153.06
IWM,2019-06-19,154.56,154.7025,153.4
IWM,2019-06-20,155.29,156.22,154.44
IWM,2019-06-21,153.95,155.17,153.61
IWM,2019-06-24,152.08,154.41,152.0
IWM,2019-06-25,151.15,152.5,151.01
IWM,2019-06-26,150.8,152.22,150.76
IWM,2019-06-27,153.63,153.77,151.24
IWM,2019-06-28,155.5,156.01,153.94
IWM,2019-07-01,156.1,158.03,155.22
IWM,2019-07-02,155.15,156.1175,154.26
IWM,2019-07-03,156.26,156.34,155.17
IWM,2019-07-05,156.68,156.74,154.86
IWM,2019-07-08,155.19,156.48,154.89
IWM,2019-07-09,155.4,155.43,154.48
IWM,2019-07-10,155.67,156.56,154.85
IWM,2019-07-11,154.91,155.94,154.215
IWM,2019-07-12,156.11,156.67,154.88
IWM,2019-07-15,155.29,156.59,154.85
IWM,2019-07-16,155.24,156.2,154.67
IWM,2019-07-17,154.13,155.34,153.73
IWM,2019-07-18,154.71,155.01,153.73
IWM,2019-07-19,153.82,155.43,153.82
IWM,2019-07-22,153.68,154.7,153.4
IWM,2019-07-23,154.7,154.72,153.54
IWM,2019-07-24,157.26,157.45,154.12
IWM,2019-07-25,155.36,157.24,155.09
IWM,2019-07-26,157.2,157.415,155.5
IWM,2019-07-29,156.15,157.36,155.6
IWM,2019-07-30,157.84,157.84,154.71
IWM,2019-07-31,156.56,159.23,155.55
IWM,2019-08-01,154.29,158.17,153.59
IWM,2019-08-02,152.58,153.75,151.28
IWM,2019-08-05,148.0,149.915,146.2072
IWM,2019-08-06,149.36,149.7,147.38
IWM,2019-08-07,149.32,149.71,146.69
IWM,2019-08-08,152.54,152.63,149.99
IWM,2019-08-09,150.62,152.15,150.03
IWM,2019-08-12,148.67,150.12,148.33
IWM,2019-08-13,150.27,151.79,147.67
IWM,2019-08-14,146.07,147.98,145.72
IWM,2019-08-15,145.49,146.67,144.791
IWM,2019-08-16,148.63,148.91,146.11
IWM,2019-08-19,150.13,150.89,149.95
IWM,2019-08-20,149.15,150.01,148.99
IWM,2019-08-21,150.38,150.65,149.79
IWM,2019-08-22,150.03,151.08,149.14
IWM,2019-08-23,145.43,150.11,144.93
IWM,2019-08-26,147.03,147.05,145.71
IWM,2019-08-27,144.85,148.02,144.68
IWM,2019-08-28,146.54,147.385,144.25
IWM,2019-08-29,149.11,149.29,147.96
IWM,2019-08-30,148.84,149.97,148.04
IWM,2019-09-03,146.66,148.315,146.0
IWM,2019-09-04,147.84,148.36,147.175
IWM,2019-09-05,150.59,151.91,149.37
IWM,2019-09-06,149.9,151.23,149.83
IWM,2019-09-09,151.91,152.24,150.06
IWM,2019-09-10,153.85,153.95,150.89
IWM,2019-09-11,157.0,157.16,153.91
IWM,2019-09-12,157.04,157.9,155.57
IWM,2019-09-13,157.31,158.92,157.13
IWM,2019-09-16,157.9,158.75,156.7
IWM,2019-09-17,157.49,157.575,156.45
IWM,2019-09-18,156.52,157.5,155.065
IWM,2019-09-19,155.76,157.82,155.525
IWM,2019-09-20,155.43,156.65,154.45
IWM,2019-09-23,155.31,155.95,154.56
IWM,2019-09-24,152.43,155.29,151.84
IWM,2019-09-25,154.1,154.36,151.8
IWM,2019-09-26,152.38,153.92,151.95
IWM,2019-09-27,151.16,153.22,150.5
IWM,2019-09-30,151.34,152.26,150.79
IWM,2019-10-01,148.37,153.35,148.05
IWM,2019-10-02,147.25,147.63,145.86
IWM,2019-10-03,147.74,147.94,144.93
IWM,2019-10-04,149.14,149.25,147.12
IWM,2019-10-07,148.88,150.07,148.12
IWM,2019-10-08,146.46,147.93,146.11
IWM,2019-10-09,147.13,147.6874,146.64
IWM,2019-10-10,147.72,148.5,147.1
IWM,2019-10-11,150.22,151.96,149.75
IWM,2019-10-14,149.67,150.3257,149.1
IWM,2019-10-15,151.39,152.13,149.79
IWM,2019-10-16,151.55,152.27,151.14
IWM,2019-10-17,153.34,153.51,152.05
IWM,2019-10-18,152.61,153.5,151.45
IWM,2019-10-21,154.04,154.98,153.905
IWM,2019-10-22,154.21,155.05,153.74
IWM,2019-10-23,154.4,154.75,153.55
IWM,2019-10-24,154.18,155.06,153.47
IWM,2019-10-25,155.0,155.53,153.9
IWM,2019-10-28,156.34,156.98,155.64
IWM,2019-10-29,156.85,157.34,155.86
IWM,2019-10-30,156.33,156.81,155.28
IWM,2019-10-31,155.45,156.1,154.24
IWM,2019-11-01,158.1,158.185,156.05
IWM,2019-11-04,158.95,159.7,158.47
IWM,2019-11-05,159.15,160.46,158.97
IWM,2019-11-06,158.23,158.99,157.81
IWM,2019-11-07,158.65,160.17,158.17
IWM,2019-11-08,159.08,159.27,157.95
IWM,2019-11-11,158.78,158.9,157.88
IWM,2019-11-12,158.83,159.88,158.485
IWM,2019-11-13,158.15,158.5,157.19
IWM,2019-11-14,158.1,158.91,157.7938
IWM,2019-11-15,158.92,159.29,158.35
IWM,2019-11-18,158.52,158.74,157.94
IWM,2019-11-19,159.11,159.7,158.31
IWM,2019-11-20,158.51,159.595,157.26
IWM,2019-11-21,157.73,158.89,157.23
IWM,2019-11-22,158.22,158.54,157.35
IWM,2019-11-25,161.58,161.83,158.89
IWM,2019-11-26,161.69,162.54,161.29
IWM,2019-11-27,162.83,162.93,162.08
IWM,2019-11-29,161.77,162.795,161.67
IWM,2019-12-02,160.19,162.21,159.91
IWM,2019-12-03,159.68,159.76,158.1
IWM,2019-12-04,160.78,161.22,160.3
IWM,2019-12-05,160.94,161.65,160.45
IWM,2019-12-06,162.82,163.41,162.5
IWM,2019-12-09,162.51,163.155,162.39
IWM,2019-12-10,162.61,162.96,161.94
IWM,2019-12-11,162.56,163.08,161.95
IWM,2019-12-12,163.96,165.1,162.25
IWM,2019-12-13,163.33,164.81,162.55
IWM,2019-12-16,163.88,164.845,163.735
IWM,2019-12-17,164.7,164.7,163.695
IWM,2019-12-18,165.02,165.28,164.32
IWM,2019-12-19,165.73,165.73,164.88
IWM,2019-12-20,165.97,166.41,165.72
IWM,2019-12-23,166.3,166.36,165.36
IWM,2019-12-24,166.68,166.7,166.04
IWM,2019-12-26,166.68,166.98,166.36
IWM,2019-12-27,165.86,167.12,165.43
IWM,2019-12-30,165.44,166.205,164.57
IWM,2020-01-02,165.78,166.75,164.2299
IWM,2020-01-03,165.13,165.41,163.7
IWM,2020-01-06,165.35,165.54,163.54
IWM,2020-01-07,164.8,165.335,164.21
IWM,2020-01-08,165.31,166.025,164.72
IWM,2020-01-09,165.51,166.45,165.26
IWM,2020-01-10,164.89,165.69,164.2
IWM,2020-01-13,165.96,166.04,164.07
IWM,2020-01-14,166.57,167.59,164.98
IWM,2020-01-15,167.37,167.95,166.14
IWM,2020-01-16,169.53,169.865,168.43
IWM,2020-01-17,169.07,170.36,168.67
IWM,2020-01-21,167.67,168.52,167.27
IWM,2020-01-22,167.56,168.62,167.18
IWM,2020-01-23,167.45,167.965,165.45
IWM,2020-01-24,165.39,168.01,164.23
IWM,2020-01-27,163.51,164.49,162.42
IWM,2020-01-28,164.87,165.4,164.185
IWM,2020-01-29,163.93,165.56,163.9
IWM,2020-01-30,163.93,164.135,161.93
IWM,2020-01-31,160.53,163.51,160.03
IWM,2020-02-03,162.32,162.93,161.49
IWM,2020-02-04,164.77,165.31,164.16
IWM,2020-02-05,167.31,167.53,165.685
IWM,2020-02-06,166.93,168.15,166.76
IWM,2020-02-07,164.88,166.36,164.4
IWM,2020-02-10,165.81,165.89,164.46
IWM,2020-02-11,166.96,167.96,166.2679
IWM,2020-02-12,168.11,168.29,167.28
IWM,2020-02-13,168.55,168.95,167.11
IWM,2020-02-14,167.9,168.78,167.34
IWM,2020-02-18,167.54,168.06,166.43
IWM,2020-02-19,168.4,169.14,167.835
IWM,2020-02-20,168.81,169.105,166.59
IWM,2020-02-21,167.1,168.44,166.3295
IWM,2020-02-24,162.07,162.905,161.095
IWM,2020-02-25,156.31,162.76,155.96
IWM,2020-02-26,154.5,158.49,154.215
IWM,2020-02-27,149.06,155.01,148.815
IWM,2020-02-28,146.33,147.98,143.91
IWM,2020-03-02,151.03,151.23,145.39
IWM,2020-03-03,147.95,154.2,146.31
IWM,2020-03-04,152.16,152.45,148.52
IWM,2020-03-05,147.32,149.85,145.485
IWM,2020-03-06,144.4,145.98,140.99
IWM,2020-03-09,130.36,136.17,130.26
IWM,2020-03-10,134.43,134.8,128.02
IWM,2020-03-11,125.88,132.27,124.17
IWM,2020-03-12,111.97,119.9,111.6
IWM,2020-03-13,119.47,119.96,109.55
IWM,2020-03-16,103.62,111.3,101.43
IWM,2020-03-17,108.37,110.5,100.61
IWM,2020-03-18,99.97,106.775,96.25
IWM,2020-03-19,103.87,106.8,95.69
IWM,2020-03-20,101.4,108.76,100.45
IWM,2020-03-23,99.9,102.18,95.91
IWM,2020-03-24,109.04,109.33,104.25
IWM,2020-03-25,109.97,114.0,106.02
IWM,2020-03-26,116.81,117.6,111.2
IWM,2020-03-27,112.56,116.02,110.87
IWM,2020-03-30,115.04,115.26,110.8
IWM,2020-03-31,114.46,116.17,111.955
IWM,2020-04-01,106.66,110.38,105.525
IWM,2020-04-02,107.67,110.39,104.565
IWM,2020-04-03,104.62,108.0,102.6
IWM,2020-04-06,112.63,113.34,109.02
IWM,2020-04-07,112.92,118.64,112.39
IWM,2020-04-08,118.07,119.24,113.55
IWM,2020-04-09,123.72,124.61,121.325
IWM,2020-04-13,120.37,123.51,119.115
IWM,2020-04-14,122.81,124.88,121.3
IWM,2020-04-15,117.8,119.11,116.66
IWM,2020-04-16,116.91,118.42,114.555
IWM,2020-04-17,122.06,122.72,120.06
IWM,2020-04-20,120.62,122.9,119.04
IWM,2020-04-21,117.74,119.24,116.48
IWM,2020-04-22,119.17,120.99,118.77
IWM,2020-04-23,120.34,122.9,119.68
IWM,2020-04-24,122.41,123.32,120.09
IWM,2020-04-27,127.26,128.44,123.86
IWM,2020-04-28,129.11,131.46,127.28
IWM,2020-04-29,135.46,136.845,131.875
IWM,2020-04-30,130.31,132.94,130.14
IWM,2020-05-01,125.14,127.46,123.29
IWM,2020-05-04,125.68,125.9,122.25
IWM,2020-05-05,126.65,129.92,126.1
IWM,2020-05-06,125.72,128.2,125.0
IWM,2020-05-07,127.44,128.5,126.55
IWM,2020-05-08,132.36,132.75,129.19
IWM,2020-05-11,131.7,132.95,129.332
IWM,2020-05-12,126.97,132.29,126.84
IWM,2020-05-13,122.72,126.08,120.41
IWM,2020-05-14,123.12,123.27,117.18
IWM,2020-05-15,125.08,125.53,121.46
IWM,2020-05-18,132.68,133.39,130.83
IWM,2020-05-19,130.06,133.45,130.055
IWM,2020-05-20,134.0,134.98,132.3826
IWM,2020-05-21,134.24,135.06,132.5787
IWM,2020-05-22,134.89,135.05,133.02
IWM,2020-05-26,138.78,140.375,138.465
IWM,2020-05-27,143.09,143.5,137.33
IWM,2020-05-28,139.7,144.74,137.58
IWM,2020-05-29,138.9,139.28,136.41
IWM,2020-06-01,140.23,141.67,138.61
IWM,2020-06-02,141.39,141.855,139.56
IWM,2020-06-03,144.8,146.07,143.11
IWM,2020-06-04,144.59,145.6,143.182
IWM,2020-06-05,150.18,152.315,149.55
IWM,2020-06-08,153.09,153.39,151.63
IWM,2020-06-09,150.26,151.77,149.06
IWM,2020-06-10,146.18,150.26,145.9
IWM,2020-06-11,135.03,141.0323,134.77
IWM,2020-06-12,138.27,141.02,134.15
IWM,2020-06-15,140.99,142.06,133.28
IWM,2020-06-16,144.38,146.69,141.03
IWM,2020-06-17,141.77,144.99,141.32
IWM,2020-06-18,141.72,143.31,139.81
IWM,2020-06-19,140.99,144.51,139.84
IWM,2020-06-22,142.4,142.56,138.83
IWM,2020-06-23,143.0,144.66,142.65
IWM,2020-06-24,138.36,141.6,136.31
IWM,2020-06-25,140.45,140.58,136.29
IWM,2020-06-26,136.67,139.83,136.49
IWM,2020-06-29,141.14,141.985,137.1
IWM,2020-06-30,143.18,143.62,140.59
IWM,2020-07-01,141.82,144.51,141.24
IWM,2020-07-02,142.4,145.28,141.8909
IWM,2020-07-06,143.43,145.6966,142.93
IWM,2020-07-07,140.89,143.435,140.48
IWM,2020-07-08,141.94,142.5,139.1
IWM,2020-07-09,139.07,142.35,137.24
IWM,2020-07-10,141.31,141.5,138.455
IWM,2020-07-13,139.52,144.64,139.39
IWM,2020-07-14,141.83,141.98,138.64
IWM,2020-07-15,147.03,147.78,144.79
IWM,2020-07-16,146.16,146.67,144.88
IWM,2020-07-17,146.59,147.59,145.51
IWM,2020-07-20,145.96,146.85,145.15
IWM,2020-07-21,148.03,149.16,147.2
IWM,2020-07-22,148.11,148.67,147.03
IWM,2020-07-23,148.26,150.2,146.7
IWM,2020-07-24,146.08,147.665,145.56
IWM,2020-07-27,147.6,147.69,145.39
IWM,2020-07-28,146.13,148.04,146.06
IWM,2020-07-29,149.35,149.4486,146.98
IWM,2020-07-30,148.76,149.12,146.33
IWM,2020-07-31,147.36,148.42,144.67
IWM,2020-08-03,149.76,149.97,147.22
IWM,2020-08-04,150.79,150.93,149.045
IWM,2020-08-05,153.79,153.89,151.78
IWM,2020-08-06,153.73,154.44,152.91
IWM,2020-08-07,156.17,156.25,153.15
IWM,2020-08-10,157.79,158.83,156.65
IWM,2020-08-11,156.88,159.82,156.16
IWM,2020-08-12,157.52,158.89,156.49
IWM,2020-08-13,157.19,158.53,156.65
IWM,2020-08-14,157.09,157.7585,155.87
IWM,2020-08-17,157.9,158.03,156.74
IWM,2020-08-18,156.39,157.85,155.71
IWM,2020-08-19,156.4,158.04,156.19
IWM,2020-08-20,155.76,156.485,154.54
IWM,2020-08-21,154.61,155.66,153.6
IWM,2020-08-24,156.23,156.27,154.33
IWM,2020-08-25,156.4,156.82,154.79
IWM,2020-08-26,155.42,156.77,155.1822
IWM,2020-08-27,155.8,157.0,154.6301
IWM,2020-08-28,157.12,157.2,155.73
IWM,2020-08-31,155.43,157.37,155.3
IWM,2020-09-01,157.21,157.31,154.45
IWM,2020-09-02,158.46,158.98,156.175
IWM,2020-09-03,153.78,158.29,152.96
IWM,2020-09-04,152.8,155.89,149.29
IWM,2020-09-08,149.86,152.48,149.0
IWM,2020-09-09,152.13,152.7787,150.57
IWM,2020-09-10,150.15,153.875,150.055
IWM,2020-09-11,149.15,151.05,147.675
IWM,2020-09-14,153.08,153.43,150.37
IWM,2020-09-15,153.37,154.695,152.86
IWM,2020-09-16,154.82,156.85,153.84
IWM,2020-09-17,153.69,154.4,151.75
IWM,2020-09-18,153.29,155.29,151.14
IWM,2020-09-21,147.92,150.255,146.33
IWM,2020-09-22,149.06,149.3,146.56
IWM,2020-09-23,144.07,149.43,143.98
IWM,2020-09-24,144.07,146.53,142.09
IWM,2020-09-25,146.41,146.85,143.35
IWM,2020-09-28,150.02,150.44,148.2
IWM,2020-09-29,149.34,150.28,148.0
IWM,2020-09-30,149.79,151.97,148.49
IWM,2020-10-01,152.18,152.2,149.49
IWM,2020-10-02,152.85,153.58,148.99
IWM,2020-10-05,157.07,157.305,154.48
IWM,2020-10-06,156.62,161.01,156.34
IWM,2020-10-07,160.04,160.56,158.4638
IWM,2020-10-08,161.86,162.28,160.58
IWM,2020-10-09,162.7,163.71,161.805
IWM,2020-10-12,163.79,164.24,162.6
IWM,2020-10-13,162.7,163.22,161.48
IWM,2020-10-14,161.09,163.909,160.935
IWM,2020-10-15,162.75,163.18,158.81
IWM,2020-10-16,162.35,163.7,162.31
IWM,2020-10-19,160.41,164.03,160.03
IWM,2020-10-20,160.76,162.45,160.34
IWM,2020-10-21,159.38,161.365,159.29
IWM,2020-10-22,162.13,162.19,159.18
IWM,2020-10-23,163.07,163.33,161.25
IWM,2020-10-26,159.55,161.37,157.38
IWM,2020-10-27,158.18,160.06,157.94
IWM,2020-10-28,153.31,155.44,153.045
IWM,2020-10-29,155.14,155.79,151.67
IWM,2020-10-30,153.09,155.28,151.39
IWM,2020-11-02,155.82,155.89,153.665
IWM,2020-11-03,160.24,161.2301,158.06
IWM,2020-11-04,160.42,162.35,157.71
IWM,2020-11-05,164.91,165.58,161.91
IWM,2020-11-06,163.62,165.71,163.3
IWM,2020-11-09,169.55,178.1,169.33
IWM,2020-11-10,172.7,173.33,169.75
IWM,2020-11-11,172.63,173.48,170.86
IWM,2020-11-12,169.98,171.975,168.34
IWM,2020-11-13,173.5,174.1264,171.31
IWM,2020-11-16,177.63,177.78,175.4
IWM,2020-11-17,178.46,178.8,174.28
IWM,2020-11-18,175.96,179.715,175.86
IWM,2020-11-19,177.31,177.59,175.07
IWM,2020-11-20,177.5,177.94,175.83
IWM,2020-11-23,180.82,181.99,178.73
IWM,2020-11-24,184.22,185.44,182.36
IWM,2020-11-25,183.59,184.08,181.89
IWM,2020-11-27,184.37,184.49,183.22
IWM,2020-11-30,181.02,184.32,180.32
IWM,2020-12-01,182.7,184.22,181.79
IWM,2020-12-02,182.89,183.48,180.76
IWM,2020-12-03,183.92,185.18,182.94
IWM,2020-12-04,188.2,188.45,185.02
IWM,2020-12-07,188.38,188.9528,187.44
IWM,2020-12-08,190.8,190.98,187.08
IWM,2020-12-09,189.41,192.81,187.9
IWM,2020-12-10,191.24,191.65,187.305
IWM,2020-12-11,190.3,191.72,188.3
IWM,2020-12-14,189.93,193.12,189.88
IWM,2020-12-15,194.68,194.9,190.73
IWM,2020-12-16,193.98,195.21,192.96
IWM,2020-12-17,196.29,196.38,194.055
IWM,2020-12-18,195.34,197.83,194.8
IWM,2020-12-21,195.24,195.78,191.48
IWM,2020-12-22,197.46,197.72,195.39
IWM,2020-12-23,199.14,199.645,197.9045
IWM,2020-12-24,199.01,199.94,198.06
IWM,2020-12-28,198.27,201.18,198.13
IWM,2020-12-29,194.43,199.0,193.44
IWM,2020-12-30,196.41,197.48,195.025
IWM,2020-12-31,196.06,196.8399,194.62
IWM,2021-01-04,193.5,197.89,190.94
IWM,2021-01-05,196.49,197.615,193.07
IWM,2021-01-06,204.53,206.78,199.16
IWM,2021-01-07,208.17,208.52,205.7
IWM,2021-01-08,207.72,209.77,204.6581
IWM,2021-01-11,207.54,208.12,204.83
IWM,2021-01-12,211.26,211.39,208.49
IWM,2021-01-13,209.75,211.73,209.19
IWM,2021-01-14,213.94,215.0,211.15
IWM,2021-01-15,210.75,212.35,208.26
IWM,2021-01-19,213.45,213.61,211.72
IWM,2021-01-20,214.39,215.98,213.07
IWM,2021-01-21,212.53,215.155,211.95
IWM,2021-01-22,215.0,215.33,209.55
IWM,2021-01-25,214.79,217.91,211.6
IWM,2021-01-26,213.3,216.69,212.77
IWM,2021-01-27,209.39,212.985,207.29
IWM,2021-01-28,208.72,212.37,207.63
IWM,2021-01-29,205.56,210.99,204.84
IWM,2021-02-01,210.61,211.57,205.76
IWM,2021-02-02,213.61,214.05,210.89
IWM,2021-02-03,214.25,214.74,211.59
IWM,2021-02-04,218.62,218.83,215.08
IWM,2021-02-05,221.65,221.84,218.77
IWM,2021-02-08,227.31,227.33,223.4019
IWM,2021-02-09,228.38,229.62,226.31
IWM,2021-02-10,226.88,230.315,224.945
IWM,2021-02-11,226.62,229.0,223.42
IWM,2021-02-12,227.26,227.74,224.64
IWM,2021-02-16,225.83,229.63,224.79
IWM,2021-02-17,224.06,224.74,220.96
IWM,2021-02-18,220.59,222.9,219.385
IWM,2021-02-19,225.19,226.3,222.17
IWM,2021-02-22,223.73,226.385,222.98
IWM,2021-02-23,221.76,222.975,215.56
IWM,2021-02-24,227.0,227.45,221.71
IWM,2021-02-25,218.61,227.585,218.01
IWM,2021-02-26,218.31,222.23,214.81
IWM,2021-03-01,226.07,226.71,222.94
IWM,2021-03-02,221.72,225.96,221.55
IWM,2021-03-03,219.32,224.26,219.21
IWM,2021-03-04,213.19,220.685,209.43
IWM,2021-03-05,217.71,218.15,207.21
IWM,2021-03-08,218.74,222.27,217.67
IWM,2021-03-09,223.34,224.99,220.92
IWM,2021-03-10,227.22,228.97,225.2
IWM,2021-03-11,232.22,232.28,228.79
IWM,2021-03-12,233.59,234.15,231.37
IWM,2021-03-15,234.42,234.53,231.91
IWM,2021-03-16,230.5,234.09,229.12
IWM,2021-03-17,232.31,232.82,227.36
IWM,2021-03-18,225.24,232.93,224.61
IWM,2021-03-19,226.94,228.6,222.95
IWM,2021-03-22,225.23,228.1,224.1
IWM,2021-03-23,217.06,223.86,216.03
IWM,2021-03-24,212.04,221.33,212.04
IWM,2021-03-25,216.66,217.52,208.03
IWM,2021-03-26,220.61,220.68,215.96
IWM,2021-03-29,214.4,220.93,214.08
IWM,2021-03-30,218.01,218.68,213.1399
IWM,2021-03-31,220.94,222.3999,219.12
IWM,2021-04-01,223.74,223.9,222.02
IWM,2021-04-05,224.97,226.535,223.57
IWM,2021-04-06,224.31,226.69,223.84
IWM,2021-04-07,220.69,224.37,219.94
IWM,2021-04-08,222.56,222.82,219.39
IWM,2021-04-09,222.59,223.09,221.24
IWM,2021-04-12,221.72,222.93,220.4
IWM,2021-04-13,221.14,222.57,218.83
IWM,2021-04-14,223.32,226.0,221.8
IWM,2021-04-15,224.29,225.12,222.26
IWM,2021-04-16,224.65,225.678,223.01
IWM,2021-04-19,221.73,224.25,219.94
IWM,2021-04-20,217.19,221.43,215.24
IWM,2021-04-21,222.5,222.62,215.5
IWM,2021-04-22,221.58,225.33,220.78
IWM,2021-04-23,225.76,226.65,222.02
IWM,2021-04-26,228.11,228.69,226.75
IWM,2021-04-27,228.45,229.39,227.51
IWM,2021-04-28,228.84,229.49,227.1
IWM,2021-04-29,227.99,230.95,225.79
IWM,2021-04-30,224.89,227.8,224.14
IWM,2021-05-03,225.99,227.407,224.92
IWM,2021-05-04,223.29,224.9,220.955
IWM,2021-05-05,222.4,224.54,221.36
IWM,2021-05-06,222.59,222.81,218.64
IWM,2021-05-07,225.39,225.93,222.16
IWM,2021-05-10,219.66,225.67,219.59
IWM,2021-05-11,218.96,220.3888,214.42
IWM,2021-05-12,211.85,218.77,211.54
IWM,2021-05-13,215.75,217.44,211.8
IWM,2021-05-14,221.02,221.41,216.88
IWM,2021-05-17,221.32,221.39,217.9
IWM,2021-05-18,219.64,223.24,219.47
IWM,2021-05-19,217.95,218.16,214.05
IWM,2021-05-20,219.4,219.87,216.33
IWM,2021-05-21,219.97,222.37,219.51
IWM,2021-05-24,221.4,222.45,220.0
IWM,2021-05-25,219.26,223.71,219.19
IWM,2021-05-26,223.35,223.69,220.12
IWM,2021-05-27,225.65,226.36,224.18
IWM,2021-05-28,225.5,227.18,225.05
IWM,2021-06-01,228.06,228.5598,225.96
IWM,2021-06-02,228.33,228.92,226.825
IWM,2021-06-03,226.42,227.62,224.04
IWM,2021-06-04,227.4,228.055,226.21
IWM,2021-06-07,230.45,230.775,227.89
IWM,2021-06-08,232.89,233.4818,229.98
IWM,2021-06-09,231.34,233.64,230.98
IWM,2021-06-10,229.28,232.18,228.71
IWM,2021-06-11,231.7,231.8,230.07
IWM,2021-06-14,231.02,233.35,230.14
IWM,2021-06-15,230.36,231.47,228.475
IWM,2021-06-16,229.87,230.68,227.64
IWM,2021-06-17,227.29,230.2,224.52
IWM,2021-06-18,222.13,225.7375,221.13
IWM,2021-06-21,226.88,227.5,223.28
IWM,2021-06-22,227.91,228.41,224.72
IWM,2021-06-23,228.66,229.96,227.99
IWM,2021-06-24,231.89,231.91,229.49
IWM,2021-06-25,232.28,233.41,231.75
IWM,2021-06-28,230.44,232.59,228.77
IWM,2021-06-29,229.34,231.73,228.77
IWM,2021-06-30,229.37,230.32,227.76
IWM,2021-07-01,231.39,231.85,229.71
IWM,2021-07-02,229.19,232.08,228.56
IWM,2021-07-06,225.86,229.46,223.87
IWM,2021-07-07,223.76,226.67,221.8
IWM,2021-07-08,221.7,224.075,217.85
IWM,2021-07-09,226.38,226.45,223.34
IWM,2021-07-12,226.57,226.8881,224.55
IWM,2021-07-13,222.3,225.74,222.22
IWM,2021-07-14,218.87,224.355,218.55
IWM,2021-07-15,217.63,219.0598,214.94
IWM,2021-07-16,214.95,219.88,214.47
IWM,2021-07-19,211.73,214.445,209.05
IWM,2021-07-20,218.3,219.27,211.26
IWM,2021-07-21,222.06,222.22,219.36
IWM,2021-07-22,218.53,221.565,217.58
IWM,2021-07-23,219.55,219.95,216.91
IWM,2021-07-26,220.19,222.05,219.15
IWM,2021-07-27,217.62,219.08,215.3819
IWM,2021-07-28,220.82,222.59,217.4
IWM,2021-07-29,222.52,224.435,222.14
IWM,2021-07-30,221.05,224.05,220.275
IWM,2021-08-02,219.95,224.55,219.64
IWM,2021-08-03,220.86,221.12,217.1
IWM,2021-08-04,218.11,221.2,217.89
IWM,2021-08-05,222.03,222.435,218.68
IWM,2021-08-06,223.39,225.21,222.14
IWM,2021-08-09,222.16,223.19,221.21
IWM,2021-08-10,222.6,223.22,221.19
IWM,2021-08-11,223.69,223.73,220.47
IWM,2021-08-12,223.16,223.84,221.71
IWM,2021-08-13,221.13,223.3,220.7
IWM,2021-08-16,219.07,220.26,217.65
IWM,2021-08-17,216.4,217.44,213.75
IWM,2021-08-18,214.51,218.04,214.37
IWM,2021-08-19,211.94,214.07,210.6825
LQD,2002-07-26,102.15,102.75,101.97
LQD,2002-07-29,101.35,102.0,101.0
LQD,2002-07-30,101.37,102.0,101.25
LQD,2002-07-31,101.99,102.25,101.55
LQD,2002-08-01,102.99,103.1,102.3
LQD,2002-08-02,103.2,103.3,102.45
LQD,2002-08-05,102.95,103.65,102.51
LQD,2002-08-06,102.6,102.65,102.1
LQD,2002-08-07,102.89,103.1,102.2
LQD,2002-08-08,102.59,103.0,102.33
LQD,2002-08-09,103.0,103.18,102.61
LQD,2002-08-12,103.14,103.31,102.95
LQD,2002-08-13,103.99,103.99,103.15
LQD,2002-08-14,104.03,104.7,104.0
LQD,2002-08-15,103.72,104.25,103.5
LQD,2002-08-16,103.22,104.4,103.2
LQD,2002-08-19,103.8,104.04,103.6
LQD,2002-08-20,104.91,104.95,104.44
LQD,2002-08-21,105.05,105.15,104.7
LQD,2002-08-22,104.9,105.25,104.77
LQD,2002-08-23,105.2,105.3,104.85
LQD,2002-08-26,105.31,105.4,105.0
LQD,2002-08-27,105.05,105.25,104.75
LQD,2002-08-28,105.25,105.69,105.15
LQD,2002-08-29,105.64,105.9,105.3
LQD,2002-08-30,105.7,106.0,105.3
LQD,2002-09-03,105.65,106.05,105.65
LQD,2002-09-04,106.04,106.15,105.75
LQD,2002-09-05,106.34,106.7,105.82
LQD,2002-09-06,105.62,106.33,105.2
LQD,2002-09-09,105.69,106.0,105.25
LQD,2002-09-10,106.14,106.35,105.25
LQD,2002-09-11,106.0,106.0,105.22
LQD,2002-09-12,106.55,106.74,105.9
LQD,2002-09-13,106.73,106.92,106.25
LQD,2002-09-16,107.15,107.59,106.92
LQD,2002-09-17,107.23,108.23,106.75
LQD,2002-09-18,107.1,107.4,106.84
LQD,2002-09-19,107.1,107.46,106.85
LQD,2002-09-20,107.15,107.15,106.7
LQD,2002-09-23,106.82,107.5,106.8
LQD,2002-09-24,106.8,107.7,106.4
LQD,2002-09-25,106.58,106.95,106.12
LQD,2002-09-26,106.7,106.76,105.8
LQD,2002-09-27,107.55,107.55,106.56
LQD,2002-09-30,107.35,107.85,107.15
LQD,2002-10-01,106.83,107.0,106.5
LQD,2002-10-02,106.8,107.0,106.48
LQD,2002-10-03,106.75,107.05,106.5
LQD,2002-10-04,106.5,106.65,105.65
LQD,2002-10-07,106.0,106.4,106.0
LQD,2002-10-08,105.01,105.8,105.0
LQD,2002-10-09,104.62,105.0,104.15
LQD,2002-10-10,104.6,104.6,103.7
LQD,2002-10-11,104.9,105.35,104.48
LQD,2002-10-14,105.09,105.27,104.77
LQD,2002-10-15,103.85,104.65,103.8
LQD,2002-10-16,103.6,104.7,103.4
LQD,2002-10-17,102.82,103.25,102.4
LQD,2002-10-18,103.09,103.1,101.9
LQD,2002-10-21,102.48,103.4,102.31
LQD,2002-10-22,102.9,103.09,102.45
LQD,2002-10-23,103.1,103.5,102.6
LQD,2002-10-24,103.49,103.5,102.7
LQD,2002-10-25,104.2,104.2,103.44
LQD,2002-10-28,104.49,104.5,104.2
LQD,2002-10-29,105.1,105.48,104.5
LQD,2002-10-30,105.12,105.48,104.75
LQD,2002-10-31,106.25,106.25,105.43
LQD,2002-11-01,104.98,105.73,104.7
LQD,2002-11-04,105.2,105.2,104.35
LQD,2002-11-05,105.09,105.7,104.65
LQD,2002-11-06,105.41,106.28,105.02
LQD,2002-11-07,106.9,106.9,106.22
LQD,2002-11-08,107.04,107.15,102.58
LQD,2002-11-11,107.33,107.5,107.16
LQD,2002-11-12,106.44,107.3,106.44
LQD,2002-11-13,106.85,106.97,106.43
LQD,2002-11-14,106.14,106.82,106.01
LQD,2002-11-15,106.75,106.8,106.15
LQD,2002-11-18,107.49,107.55,106.61
LQD,2002-11-19,107.29,107.64,107.03
LQD,2002-11-20,106.94,107.93,106.94
LQD,2002-11-21,106.94,106.99,106.35
LQD,2002-11-22,106.5,106.89,106.5
LQD,2002-11-25,106.49,106.84,106.41
LQD,2002-11-26,107.09,107.09,106.6
LQD,2002-11-27,106.49,106.99,106.2
LQD,2002-11-29,106.49,106.8,106.02
LQD,2002-12-02,106.21,106.39,105.3
LQD,2002-12-03,106.4,106.59,106.16
LQD,2002-12-04,106.4,106.54,106.1
LQD,2002-12-05,106.64,106.84,106.1
LQD,2002-12-06,106.7,107.34,106.11
LQD,2002-12-09,106.7,107.1,106.5
LQD,2002-12-10,106.9,106.99,106.51
LQD,2002-12-11,107.35,107.45,106.81
LQD,2002-12-12,107.35,107.59,106.93
LQD,2002-12-13,106.8,107.39,106.76
LQD,2002-12-16,106.75,107.35,106.75
LQD,2002-12-17,107.15,107.6,106.81
LQD,2002-12-18,107.69,107.72,107.25
LQD,2002-12-19,108.38,108.38,107.55
LQD,2002-12-20,108.41,108.45,108.01
LQD,2002-12-23,108.43,108.5,108.04
LQD,2002-12-24,108.66,109.0,108.4
LQD,2002-12-26,109.02,109.02,108.33
LQD,2002-12-27,109.65,109.67,109.0
LQD,2002-12-30,109.98,110.1,109.5
LQD,2002-12-31,109.69,109.91,109.35
LQD,2003-01-02,107.33,108.97,107.01
LQD,2003-01-03,107.94,107.94,107.26
LQD,2003-01-06,107.89,107.89,107.15
LQD,2003-01-07,108.3,108.42,107.41
LQD,2003-01-08,108.41,108.75,108.2
LQD,2003-01-09,107.54,108.0,107.03
LQD,2003-01-10,107.82,108.2,107.32
LQD,2003-01-13,107.7,108.25,107.54
LQD,2003-01-14,108.0,108.7,107.82
LQD,2003-01-15,108.0,108.25,107.72
LQD,2003-01-16,107.75,108.04,107.25
LQD,2003-01-17,108.25,108.3,107.76
LQD,2003-01-21,108.32,108.38,107.75
LQD,2003-01-22,108.54,108.65,108.1
LQD,2003-01-23,108.59,108.75,108.27
LQD,2003-01-24,109.08,109.36,108.66
LQD,2003-01-27,108.44,109.05,108.14
LQD,2003-01-28,108.77,108.78,108.17
LQD,2003-01-29,108.13,108.9,108.05
LQD,2003-01-30,108.5,108.68,108.01
LQD,2003-01-31,108.8,108.85,108.2
LQD,2003-02-03,108.45,108.52,107.75
LQD,2003-02-04,108.66,108.8,108.13
LQD,2003-02-05,108.5,108.79,108.01
LQD,2003-02-06,108.69,108.78,108.26
LQD,2003-02-07,108.93,109.01,108.25
LQD,2003-02-10,108.26,108.9,108.06
LQD,2003-02-11,108.66,108.66,108.21
LQD,2003-02-12,108.51,108.94,108.5
LQD,2003-02-13,108.51,109.25,108.51
LQD,2003-02-14,108.46,108.95,108.25
LQD,2003-02-18,108.8,108.84,108.25
LQD,2003-02-19,109.15,109.31,108.7
LQD,2003-02-20,109.43,109.68,109.0
LQD,2003-02-21,109.13,109.75,109.0
LQD,2003-02-24,109.49,109.72,109.31
LQD,2003-02-25,109.69,109.99,109.46
LQD,2003-02-26,109.99,110.0,109.55
LQD,2003-02-27,110.45,110.49,109.72
LQD,2003-02-28,110.49,110.78,109.98
LQD,2003-03-03,110.7,110.87,110.11
LQD,2003-03-04,110.76,110.84,110.25
LQD,2003-03-05,110.7,110.9,110.25
LQD,2003-03-06,110.51,110.9,110.25
LQD,2003-03-07,110.54,110.96,110.24
LQD,2003-03-10,110.85,111.06,110.53
LQD,2003-03-11,110.6,110.98,110.35
LQD,2003-03-12,110.4,110.85,110.2
LQD,2003-03-13,109.7,109.98,109.27
LQD,2003-03-14,109.57,109.94,109.35
LQD,2003-03-17,109.0,110.09,108.85
LQD,2003-03-18,108.57,109.62,108.28
LQD,2003-03-19,108.0,108.73,107.83
LQD,2003-03-20,108.19,108.79,107.75
LQD,2003-03-21,107.64,108.35,107.57
LQD,2003-03-24,108.5,108.69,107.98
LQD,2003-03-25,108.62,108.8,108.35
LQD,2003-03-26,109.1,109.19,108.65
LQD,2003-03-27,109.25,109.44,109.01
LQD,2003-03-28,109.69,109.99,109.4
LQD,2003-03-31,110.2,110.25,109.7
LQD,2003-04-01,110.06,110.14,109.3
LQD,2003-04-02,109.74,109.81,109.21
LQD,2003-04-03,109.75,110.09,109.5
LQD,2003-04-04,109.48,109.83,109.31
LQD,2003-04-07,109.28,109.52,108.57
LQD,2003-04-08,109.68,109.74,109.14
LQD,2003-04-09,110.04,110.09,109.41
LQD,2003-04-10,109.64,110.0,109.5
LQD,2003-04-11,109.25,109.58,109.06
LQD,2003-04-14,109.31,109.49,108.7
LQD,2003-04-15,109.51,110.01,109.32
LQD,2003-04-16,110.25,110.3,109.75
LQD,2003-04-17,110.02,110.61,110.01
LQD,2003-04-21,110.25,110.38,109.88
LQD,2003-04-22,110.3,110.85,110.2
LQD,2003-04-23,110.94,111.05,110.35
LQD,2003-04-24,111.59,111.8,111.14
LQD,2003-04-25,111.6,111.89,111.3
LQD,2003-04-28,111.66,111.73,111.21
LQD,2003-04-29,111.26,111.67,111.02
LQD,2003-04-30,112.05,112.28,111.21
LQD,2003-05-01,111.83,112.38,111.47
LQD,2003-05-02,111.45,112.09,111.24
LQD,2003-05-05,111.95,111.95,111.22
LQD,2003-05-06,112.54,112.86,111.66
LQD,2003-05-07,113.29,113.35,112.81
LQD,2003-05-08,113.3,113.89,113.16
LQD,2003-05-09,113.1,113.45,112.76
LQD,2003-05-12,113.49,113.99,113.16
LQD,2003-05-13,113.5,113.53,113.02
LQD,2003-05-14,114.0,114.18,113.5
LQD,2003-05-15,113.96,114.25,113.51
LQD,2003-05-16,114.72,114.73,113.6
LQD,2003-05-19,114.25,114.9,113.98
LQD,2003-05-20,114.6,114.9,113.85
LQD,2003-05-21,114.6,114.99,114.12
LQD,2003-05-22,115.37,115.37,114.6
LQD,2003-05-23,115.53,115.8,115.13
LQD,2003-05-27,115.13,115.64,114.64
LQD,2003-05-28,114.67,115.17,114.3
LQD,2003-05-29,115.5,115.73,115.02
LQD,2003-05-30,115.55,115.58,114.86
LQD,2003-06-02,114.35,114.83,114.02
LQD,2003-06-03,115.4,115.47,114.53
LQD,2003-06-04,115.55,115.74,114.91
LQD,2003-06-05,115.36,116.0,115.01
LQD,2003-06-06,115.55,115.61,115.0
LQD,2003-06-09,115.8,116.16,115.49
LQD,2003-06-10,116.7,116.7,116.12
LQD,2003-06-11,116.57,116.95,116.31
LQD,2003-06-12,116.99,117.15,116.48
LQD,2003-06-13,117.48,117.7,116.99
LQD,2003-06-16,117.05,117.96,116.75
LQD,2003-06-17,116.68,117.04,116.2
LQD,2003-06-18,115.6,116.44,115.6
LQD,2003-06-19,115.8,116.13,115.35
LQD,2003-06-20,115.25,115.8,115.15
LQD,2003-06-23,115.83,115.97,115.26
LQD,2003-06-24,116.0,116.25,115.61
LQD,2003-06-25,115.41,116.83,115.23
LQD,2003-06-26,114.4,115.22,114.15
LQD,2003-06-27,114.1,114.87,113.81
LQD,2003-06-30,114.63,114.63,114.01
LQD,2003-07-01,113.35,114.35,113.28
LQD,2003-07-02,113.75,114.1,112.87
LQD,2003-07-03,113.05,114.09,113.0
LQD,2003-07-07,112.5,112.99,112.33
LQD,2003-07-08,112.6,113.0,112.1
LQD,2003-07-09,113.0,113.31,112.65
LQD,2003-07-10,113.23,113.6,113.0
LQD,2003-07-11,113.37,113.49,113.2
LQD,2003-07-14,113.07,113.95,113.07
LQD,2003-07-15,111.78,113.25,111.43
LQD,2003-07-16,111.74,111.94,111.0
LQD,2003-07-17,111.22,111.76,111.0
LQD,2003-07-18,111.69,111.84,111.21
LQD,2003-07-21,110.34,111.6,110.01
LQD,2003-07-22,110.25,110.72,109.83
LQD,2003-07-23,110.98,111.32,110.7
LQD,2003-07-24,110.5,110.74,110.13
LQD,2003-07-25,110.25,111.17,109.95
LQD,2003-07-28,109.15,110.12,109.15
LQD,2003-07-29,108.15,110.0,108.12
LQD,2003-07-30,108.7,109.25,108.37
LQD,2003-07-31,107.35,108.43,107.0
LQD,2003-08-01,106.95,107.32,106.2
LQD,2003-08-04,107.58,107.75,106.72
LQD,2003-08-05,107.09,107.85,106.73
LQD,2003-08-06,107.5,107.94,106.8
LQD,2003-08-07,108.09,108.28,107.4
LQD,2003-08-08,108.15,108.74,107.8
LQD,2003-08-11,107.73,108.17,107.41
LQD,2003-08-12,107.61,108.21,107.4
LQD,2003-08-13,106.4,107.4,106.29
LQD,2003-08-14,106.54,106.97,105.77
LQD,2003-08-15,106.75,107.75,106.4
LQD,2003-08-18,107.1,107.36,106.6
LQD,2003-08-19,108.05,108.06,106.92
LQD,2003-08-20,107.72,108.39,107.42
LQD,2003-08-21,107.2,108.0,107.1
LQD,2003-08-22,107.72,107.91,107.22
LQD,2003-08-25,107.24,107.89,107.01
LQD,2003-08-26,107.45,107.63,106.77
LQD,2003-08-27,107.43,107.92,107.06
LQD,2003-08-28,108.22,108.4,107.51
LQD,2003-08-29,108.18,108.68,107.8
LQD,2003-09-02,107.16,107.63,106.89
LQD,2003-09-03,107.47,107.52,106.81
LQD,2003-09-04,107.84,107.97,107.06
LQD,2003-09-05,108.66,109.0,107.93
LQD,2003-09-08,108.26,109.35,108.25
LQD,2003-09-09,108.6,108.82,107.86
LQD,2003-09-10,109.47,109.47,108.65
LQD,2003-09-11,108.9,109.33,108.7
LQD,2003-09-12,109.7,110.14,109.36
LQD,2003-09-15,109.74,109.85,109.08
LQD,2003-09-16,109.98,109.99,109.26
LQD,2003-09-17,110.65,110.77,109.7
LQD,2003-09-18,110.5,110.8,110.01
LQD,2003-09-19,110.61,110.78,110.28
LQD,2003-09-22,110.2,110.28,109.52
LQD,2003-09-23,110.36,110.38,109.51
LQD,2003-09-24,110.78,110.94,110.11
LQD,2003-09-25,111.16,111.16,110.57
LQD,2003-09-26,111.85,111.85,111.11
LQD,2003-09-29,111.55,111.74,111.2
LQD,2003-09-30,112.29,112.33,111.43
LQD,2003-10-01,111.88,112.0,111.39
LQD,2003-10-02,111.45,111.75,110.8
LQD,2003-10-03,109.9,110.71,109.72
LQD,2003-10-06,110.01,110.2,109.56
LQD,2003-10-07,109.64,110.43,109.62
LQD,2003-10-08,110.04,110.34,109.55
LQD,2003-10-09,109.66,109.78,109.05
LQD,2003-10-10,110.2,110.41,109.6
LQD,2003-10-13,110.13,110.15,109.65
LQD,2003-10-14,109.68,110.14,109.51
LQD,2003-10-15,109.69,109.74,109.24
LQD,2003-10-16,109.34,109.84,109.07
LQD,2003-10-17,109.94,109.98,109.07
LQD,2003-10-20,110.04,110.28,109.54
LQD,2003-10-21,110.08,110.44,109.58
LQD,2003-10-22,110.4,110.5,110.1
LQD,2003-10-23,109.8,110.5,109.44
LQD,2003-10-24,110.6,110.6,110.13
LQD,2003-10-27,110.35,110.65,110.05
LQD,2003-10-28,111.08,111.09,109.9
LQD,2003-10-29,110.3,111.08,110.22
LQD,2003-10-30,110.15,110.15,109.5
LQD,2003-10-31,110.15,110.43,109.91
LQD,2003-11-03,109.78,110.3,109.17
LQD,2003-11-04,109.95,109.97,109.5
LQD,2003-11-05,109.18,109.95,109.18
LQD,2003-11-06,108.58,109.19,108.57
LQD,2003-11-07,108.79,108.86,108.12
LQD,2003-11-10,108.47,109.03,108.3
LQD,2003-11-11,108.94,108.99,108.11
LQD,2003-11-12,109.0,109.2,108.86
LQD,2003-11-13,110.03,110.35,109.4
LQD,2003-11-14,110.63,110.69,110.0
LQD,2003-11-17,110.84,111.28,110.79
LQD,2003-11-18,111.33,111.33,110.48
LQD,2003-11-19,110.35,111.56,110.35
LQD,2003-11-20,110.88,111.23,110.3
LQD,2003-11-21,111.25,111.43,110.85
LQD,2003-11-24,110.5,110.97,110.28
LQD,2003-11-25,110.85,111.08,110.5
LQD,2003-11-26,110.61,111.18,110.52
LQD,2003-11-28,110.06,110.65,110.0
LQD,2003-12-01,109.39,109.44,108.75
LQD,2003-12-02,109.69,109.81,108.7
LQD,2003-12-03,109.5,110.0,109.13
LQD,2003-12-04,109.59,109.85,109.08
LQD,2003-12-05,110.73,110.93,109.97
LQD,2003-12-08,109.9,110.79,109.72
LQD,2003-12-09,109.55,110.49,109.1
LQD,2003-12-10,109.8,110.35,109.3
LQD,2003-12-11,110.3,110.32,109.1
LQD,2003-12-12,110.6,110.73,110.25
LQD,2003-12-15,110.35,110.7,110.02
LQD,2003-12-16,110.6,110.75,110.06
LQD,2003-12-17,110.85,111.24,110.55
LQD,2003-12-18,111.49,111.49,110.86
LQD,2003-12-19,111.56,111.57,111.0
LQD,2003-12-22,111.35,112.0,111.01
LQD,2003-12-23,110.71,111.4,110.64
LQD,2003-12-24,111.37,111.37,110.76
LQD,2003-12-26,111.4,111.78,111.2
LQD,2003-12-29,111.18,111.65,110.75
LQD,2003-12-30,110.75,111.14,110.53
LQD,2003-12-31,110.57,110.85,110.2
LQD,2004-01-02,109.78,110.57,109.65
LQD,2004-01-05,109.9,110.15,109.65
LQD,2004-01-06,110.89,110.95,110.0
LQD,2004-01-07,110.98,111.29,110.7
LQD,2004-01-08,111.16,111.3,110.8
LQD,2004-01-09,112.06,112.2,111.59
LQD,2004-01-12,112.25,112.72,112.0
LQD,2004-01-13,112.55,112.88,111.85
LQD,2004-01-14,112.79,113.11,112.3
LQD,2004-01-15,113.3,113.3,112.7
LQD,2004-01-16,112.8,113.44,112.78
LQD,2004-01-20,112.57,113.18,112.43
LQD,2004-01-21,112.83,112.99,112.3
LQD,2004-01-22,113.4,113.62,112.64
LQD,2004-01-23,112.5,113.87,112.48
LQD,2004-01-26,111.88,112.75,111.88
LQD,2004-01-27,112.56,112.78,112.2
LQD,2004-01-28,111.67,113.12,111.5
LQD,2004-01-29,111.65,111.96,111.3
LQD,2004-01-30,111.92,112.36,111.52
LQD,2004-02-02,111.45,111.88,111.4
LQD,2004-02-03,111.68,111.95,111.34
LQD,2004-02-04,111.59,111.85,111.3
LQD,2004-02-05,111.4,111.9,111.14
LQD,2004-02-06,111.73,112.1,111.5
LQD,2004-02-09,112.2,112.3,111.67
LQD,2004-02-10,111.87,112.25,111.72
LQD,2004-02-11,112.55,112.86,111.51
LQD,2004-02-12,112.35,112.83,112.08
LQD,2004-02-13,112.99,113.01,112.47
LQD,2004-02-17,112.66,113.03,112.6
LQD,2004-02-18,112.4,113.1,112.23
LQD,2004-02-19,112.8,113.51,112.36
LQD,2004-02-20,112.25,112.96,112.22
LQD,2004-02-23,112.56,112.84,112.3
LQD,2004-02-24,112.67,113.08,112.36
LQD,2004-02-25,112.75,113.24,112.45
LQD,2004-02-26,112.83,112.95,112.53
LQD,2004-02-27,113.16,113.31,112.82
LQD,2004-03-01,112.69,113.05,112.43
LQD,2004-03-02,112.47,112.84,112.01
LQD,2004-03-03,112.42,112.5,111.79
LQD,2004-03-04,112.6,112.65,111.9
LQD,2004-03-05,113.8,114.35,113.52
LQD,2004-03-08,114.12,114.48,113.92
LQD,2004-03-09,114.35,114.76,114.07
LQD,2004-03-10,114.72,114.75,114.3
LQD,2004-03-11,114.23,114.79,113.82
LQD,2004-03-12,114.1,114.7,113.89
LQD,2004-03-15,114.23,114.43,113.86
LQD,2004-03-16,114.75,114.85,113.78
LQD,2004-03-17,114.81,115.0,114.6
LQD,2004-03-18,114.33,114.98,114.2
LQD,2004-03-19,114.15,114.57,113.92
LQD,2004-03-22,114.59,114.83,114.18
LQD,2004-03-23,114.8,114.8,114.26
LQD,2004-03-24,114.69,114.91,114.5
LQD,2004-03-25,114.38,114.7,114.28
LQD,2004-03-26,113.53,114.48,113.52
LQD,2004-03-29,113.71,113.71,113.13
LQD,2004-03-30,113.43,113.91,113.41
LQD,2004-03-31,113.84,114.2,113.33
LQD,2004-04-01,113.36,113.9,113.1
LQD,2004-04-02,111.59,111.99,111.38
LQD,2004-04-05,111.03,111.34,110.75
LQD,2004-04-06,111.55,111.69,111.21
LQD,2004-04-07,111.58,112.1,111.32
LQD,2004-04-08,111.69,111.8,111.15
LQD,2004-04-12,111.01,111.42,110.81
LQD,2004-04-13,110.31,110.84,110.2
LQD,2004-04-14,110.16,110.32,109.73
LQD,2004-04-15,109.7,110.4,109.64
LQD,2004-04-16,110.33,110.49,110.01
LQD,2004-04-19,110.13,110.5,109.85
LQD,2004-04-20,109.41,110.15,109.38
LQD,2004-04-21,109.5,109.8,109.18
LQD,2004-04-22,110.1,110.22,109.56
LQD,2004-04-23,109.63,109.84,109.3
LQD,2004-04-26,109.64,109.95,109.44
LQD,2004-04-27,110.16,110.16,109.45
LQD,2004-04-28,109.49,110.06,109.27
LQD,2004-04-29,109.0,109.74,108.62
LQD,2004-04-30,109.0,109.5,108.71
LQD,2004-05-03,108.71,108.89,108.41
LQD,2004-05-04,108.35,109.15,108.34
LQD,2004-05-05,108.19,108.72,107.81
LQD,2004-05-06,107.7,107.98,107.58
LQD,2004-05-07,106.3,106.9,106.15
LQD,2004-05-10,105.51,106.2,105.5
LQD,2004-05-11,105.72,105.94,105.57
LQD,2004-05-12,105.76,106.24,105.5
LQD,2004-05-13,105.2,105.5,105.13
LQD,2004-05-14,105.84,106.28,105.36
LQD,2004-05-17,106.35,106.5,106.15
LQD,2004-05-18,106.5,106.73,106.01
LQD,2004-05-19,106.15,106.5,105.97
LQD,2004-05-20,106.74,106.75,106.26
LQD,2004-05-21,106.65,106.9,106.42
LQD,2004-05-24,107.08,107.11,106.71
LQD,2004-05-25,107.19,107.37,106.78
LQD,2004-05-26,107.67,107.67,106.99
LQD,2004-05-27,108.16,108.18,107.49
LQD,2004-05-28,108.0,108.23,107.78
LQD,2004-06-01,106.99,107.29,106.7
LQD,2004-06-02,106.71,107.01,106.6
LQD,2004-06-03,106.99,107.06,106.55
LQD,2004-06-04,106.61,107.0,106.42
LQD,2004-06-07,106.75,106.77,106.39
LQD,2004-06-08,106.76,106.81,106.21
LQD,2004-06-09,106.29,106.86,106.16
LQD,2004-06-10,106.35,106.5,105.95
LQD,2004-06-14,105.81,106.46,105.8
LQD,2004-06-15,107.01,107.25,106.13
LQD,2004-06-16,107.02,107.14,106.5
LQD,2004-06-17,107.23,107.33,106.65
LQD,2004-06-18,107.1,107.49,106.86
LQD,2004-06-21,107.29,107.5,107.11
LQD,2004-06-22,107.14,107.55,106.67
LQD,2004-06-23,107.07,107.6,106.86
LQD,2004-06-24,107.42,107.92,107.42
LQD,2004-06-25,107.5,107.73,107.2
LQD,2004-06-28,106.75,107.54,106.72
LQD,2004-06-29,107.5,107.5,106.57
LQD,2004-06-30,107.7,107.98,107.21
LQD,2004-07-01,107.8,107.84,107.1
LQD,2004-07-02,108.55,108.65,108.25
LQD,2004-07-06,108.3,108.67,108.0
LQD,2004-07-07,108.39,108.53,108.3
LQD,2004-07-08,108.45,108.65,108.35
LQD,2004-07-09,108.49,108.55,108.1
LQD,2004-07-12,108.71,108.82,108.53
LQD,2004-07-13,108.5,108.6,108.25
LQD,2004-07-14,108.55,108.69,108.35
LQD,2004-07-15,108.33,108.73,108.25
LQD,2004-07-16,109.38,109.38,108.5
LQD,2004-07-19,109.45,109.5,109.16
LQD,2004-07-20,108.7,109.4,108.67
LQD,2004-07-21,108.68,108.72,108.17
LQD,2004-07-22,108.43,108.93,108.43
LQD,2004-07-23,108.9,109.0,108.57
LQD,2004-07-26,108.84,108.9,108.5
LQD,2004-07-27,108.08,108.7,107.83
LQD,2004-07-28,107.76,108.05,107.56
LQD,2004-07-29,108.17,108.25,107.55
LQD,2004-07-30,108.94,108.94,108.43
LQD,2004-08-02,108.73,108.84,108.45
LQD,2004-08-03,108.61,108.98,108.14
LQD,2004-08-04,108.9,109.09,108.56
LQD,2004-08-05,109.1,109.3,108.8
LQD,2004-08-06,110.08,110.42,109.96
LQD,2004-08-09,110.1,110.4,109.99
LQD,2004-08-10,109.74,110.19,109.45
LQD,2004-08-11,109.66,109.97,109.37
LQD,2004-08-12,109.81,110.2,109.4
LQD,2004-08-13,110.25,110.6,109.95
LQD,2004-08-16,110.14,110.24,109.73
LQD,2004-08-17,110.74,110.74,110.1
LQD,2004-08-18,110.42,111.04,110.22
LQD,2004-08-19,110.81,110.93,110.33
LQD,2004-08-20,110.41,110.88,110.4
LQD,2004-08-23,110.2,110.35,109.96
LQD,2004-08-24,110.1,110.23,109.75
LQD,2004-08-25,110.62,110.76,110.3
LQD,2004-08-26,110.69,110.9,110.38
LQD,2004-08-27,110.95,111.0,110.64
LQD,2004-08-30,111.38,111.38,110.71
LQD,2004-08-31,111.85,112.0,111.25
LQD,2004-09-01,111.2,111.64,111.03
LQD,2004-09-02,110.73,111.35,110.55
LQD,2004-09-03,109.86,110.55,109.84
LQD,2004-09-07,110.48,110.48,110.0
LQD,2004-09-08,110.95,111.18,110.29
LQD,2004-09-09,111.18,111.49,110.9
LQD,2004-09-10,111.12,111.47,111.0
LQD,2004-09-13,111.5,111.54,110.96
LQD,2004-09-14,111.53,111.69,111.31
LQD,2004-09-15,111.53,111.66,111.32
LQD,2004-09-16,112.17,112.3,111.54
LQD,2004-09-17,111.75,112.19,111.71
LQD,2004-09-20,112.36,112.38,111.88
LQD,2004-09-21,112.4,112.53,111.92
LQD,2004-09-22,112.8,112.95,112.14
LQD,2004-09-23,112.35,112.95,112.34
LQD,2004-09-24,112.31,112.43,112.01
LQD,2004-09-27,112.7,112.77,112.35
LQD,2004-09-28,112.62,112.82,112.32
LQD,2004-09-29,112.09,112.23,111.67
LQD,2004-09-30,111.76,111.92,111.39
LQD,2004-10-01,110.84,111.48,110.67
LQD,2004-10-04,110.77,111.19,110.5
LQD,2004-10-05,111.23,111.24,110.75
LQD,2004-10-06,110.91,111.2,110.9
LQD,2004-10-07,110.67,110.95,110.56
LQD,2004-10-08,111.75,111.9,111.26
LQD,2004-10-11,111.85,111.85,111.47
LQD,2004-10-12,111.91,112.12,111.7
LQD,2004-10-13,112.34,112.61,111.76
LQD,2004-10-14,112.8,112.8,112.01
LQD,2004-10-15,112.3,112.79,111.85
LQD,2004-10-18,112.49,112.52,112.11
LQD,2004-10-19,112.47,112.6,112.0
LQD,2004-10-20,112.84,112.84,112.54
LQD,2004-10-21,112.74,112.89,112.58
LQD,2004-10-22,112.65,112.85,112.37
LQD,2004-10-25,112.9,113.14,112.71
LQD,2004-10-26,112.78,113.0,112.7
LQD,2004-10-27,112.1,113.16,112.0
LQD,2004-10-28,112.29,112.55,111.91
LQD,2004-10-29,112.65,112.85,112.3
LQD,2004-11-01,111.75,112.29,111.75
LQD,2004-11-02,111.92,112.12,111.75
LQD,2004-11-03,111.7,112.59,111.54
LQD,2004-11-04,112.18,112.71,112.14
LQD,2004-11-05,111.7,111.77,111.14
LQD,2004-11-08,111.23,111.6,110.81
LQD,2004-11-09,111.25,111.65,111.11
LQD,2004-11-10,111.15,111.45,111.01
LQD,2004-11-11,111.16,111.5,111.0
LQD,2004-11-12,111.72,111.95,111.15
LQD,2004-11-15,111.76,111.95,111.35
LQD,2004-11-16,111.7,111.81,110.96
LQD,2004-11-17,112.32,112.41,111.7
LQD,2004-11-18,112.5,112.61,111.85
LQD,2004-11-19,111.91,112.44,111.31
LQD,2004-11-22,111.86,112.14,111.7
LQD,2004-11-23,112.0,112.13,111.63
LQD,2004-11-24,111.99,112.24,111.86
LQD,2004-11-26,111.59,111.86,111.57
LQD,2004-11-29,110.71,111.3,110.69
LQD,2004-11-30,110.85,111.1,110.56
LQD,2004-12-01,110.36,110.81,110.05
LQD,2004-12-02,110.01,110.3,109.82
LQD,2004-12-03,110.63,111.46,110.63
LQD,2004-12-06,110.94,111.2,110.71
LQD,2004-12-07,111.2,111.35,110.8
LQD,2004-12-08,111.58,111.94,111.39
LQD,2004-12-09,111.84,112.0,111.5
LQD,2004-12-10,111.89,112.23,111.51
LQD,2004-12-13,112.11,112.16,111.82
LQD,2004-12-14,112.16,112.16,111.6
LQD,2004-12-15,112.76,112.76,112.2
LQD,2004-12-16,111.79,112.6,111.61
LQD,2004-12-17,111.91,111.91,111.52
LQD,2004-12-20,111.83,112.06,111.52
LQD,2004-12-21,111.88,112.29,111.35
LQD,2004-12-22,112.0,112.11,111.71
LQD,2004-12-23,112.2,112.21,111.88
LQD,2004-12-27,111.6,111.93,111.31
LQD,2004-12-28,111.72,111.74,111.22
LQD,2004-12-29,111.55,111.83,111.4
LQD,2004-12-30,111.95,111.96,111.48
LQD,2004-12-31,111.53,111.98,111.53
LQD,2005-01-03,112.25,112.25,111.5
LQD,2005-01-04,111.62,112.29,111.5
LQD,2005-01-05,111.71,111.91,111.46
LQD,2005-01-06,111.79,111.95,111.55
LQD,2005-01-07,111.74,111.92,111.43
LQD,2005-01-10,111.55,111.76,111.4
LQD,2005-01-11,111.81,112.13,111.38
LQD,2005-01-12,111.92,112.05,111.35
LQD,2005-01-13,112.22,112.41,111.9
LQD,2005-01-14,112.35,112.54,111.87
LQD,2005-01-18,112.41,112.43,111.91
LQD,2005-01-19,112.58,112.6,112.11
LQD,2005-01-20,112.38,112.69,112.26
LQD,2005-01-21,112.63,112.73,112.15
LQD,2005-01-24,112.83,112.88,112.52
LQD,2005-01-25,112.45,112.92,112.36
LQD,2005-01-26,112.49,112.71,112.45
LQD,2005-01-27,112.25,112.59,111.67
LQD,2005-01-28,112.9,113.02,112.61
LQD,2005-01-31,112.9,112.99,112.53
LQD,2005-02-01,112.45,112.7,112.35
LQD,2005-02-02,112.35,112.63,112.21
LQD,2005-02-03,112.43,112.49,112.02
LQD,2005-02-04,112.85,113.2,112.34
LQD,2005-02-07,112.89,113.16,112.84
LQD,2005-02-08,113.3,113.31,112.91
LQD,2005-02-09,113.7,113.8,113.24
LQD,2005-02-10,113.3,113.57,113.01
LQD,2005-02-11,112.97,113.19,112.74
LQD,2005-02-14,113.07,113.07,112.92
LQD,2005-02-15,112.99,113.19,112.76
LQD,2005-02-16,112.43,112.79,112.43
LQD,2005-02-17,112.37,112.37,112.37
LQD,2005-02-18,111.95,111.95,111.95
LQD,2005-02-22,111.9,111.97,111.9
LQD,2005-02-23,112.19,112.4,112.03
LQD,2005-02-24,111.85,112.4,111.85
LQD,2005-02-25,112.06,112.18,112.02
LQD,2005-02-28,111.48,111.86,111.4
LQD,2005-03-01,110.98,111.05,110.76
LQD,2005-03-02,111.11,111.11,110.99
LQD,2005-03-03,110.91,111.15,110.91
LQD,2005-03-04,111.55,111.55,111.25
LQD,2005-03-07,111.67,111.67,111.67
LQD,2005-03-08,111.2,111.29,111.06
LQD,2005-03-09,110.36,110.36,110.36
LQD,2005-03-10,110.33,110.55,110.11
LQD,2005-03-11,110.09,110.19,110.09
LQD,2005-03-14,110.07,110.2,109.72
LQD,2005-03-15,109.85,110.15,109.83
LQD,2005-03-16,109.95,110.41,109.95
LQD,2005-03-17,109.76,110.16,109.76
LQD,2005-03-18,109.59,109.59,109.59
LQD,2005-03-21,109.29,109.68,109.21
LQD,2005-03-22,109.0,109.75,109.0
LQD,2005-03-23,108.67,108.79,108.35
LQD,2005-03-24,108.89,108.89,108.89
LQD,2005-03-28,108.8,108.89,108.76
LQD,2005-03-29,109.08,109.08,109.08
LQD,2005-03-30,109.16,109.16,109.16
LQD,2005-03-31,109.59,109.61,109.27
LQD,2005-04-01,109.44,109.44,109.2
LQD,2005-04-04,108.54,108.54,108.54
LQD,2005-04-05,108.91,108.98,108.3
LQD,2005-04-06,108.7,109.1,108.7
LQD,2005-04-07,108.3,109.03,108.3
LQD,2005-04-08,108.67,108.67,108.49
LQD,2005-04-11,109.0,109.0,109.0
LQD,2005-04-12,109.47,109.47,109.13
LQD,2005-04-13,109.57,109.72,109.56
LQD,2005-04-14,109.35,109.41,109.35
LQD,2005-04-15,109.59,109.59,109.43
LQD,2005-04-18,110.0,110.0,109.95
LQD,2005-04-19,110.03,110.03,110.03
LQD,2005-04-20,110.29,110.32,109.8
LQD,2005-04-21,109.82,109.82,109.82
LQD,2005-04-22,110.27,110.27,110.27
LQD,2005-04-25,110.32,110.32,110.27
LQD,2005-04-26,109.69,110.32,109.69
LQD,2005-04-27,110.79,110.79,109.69
LQD,2005-04-28,110.97,110.97,110.79
LQD,2005-04-29,111.02,111.02,110.97
LQD,2005-05-02,110.29,111.02,110.29
LQD,2005-05-03,110.59,110.59,110.59
LQD,2005-05-04,110.34,110.56,109.6
LQD,2005-05-05,110.64,110.64,110.46
LQD,2005-05-06,109.26,109.26,109.26
LQD,2005-05-09,109.15,109.15,109.15
LQD,2005-05-10,109.5,110.02,109.41
LQD,2005-05-11,109.6,109.98,109.55
LQD,2005-05-12,109.25,109.62,108.65
LQD,2005-05-13,109.86,109.98,109.28
LQD,2005-05-16,109.54,109.8,109.54
LQD,2005-05-17,109.37,109.37,109.37
LQD,2005-05-18,109.86,109.86,109.86
LQD,2005-05-19,109.72,109.72,109.72
LQD,2005-05-20,109.65,109.65,109.65
LQD,2005-05-23,110.3,110.3,110.3
LQD,2005-05-24,110.42,110.42,110.42
LQD,2005-05-25,110.64,110.76,110.34
LQD,2005-05-26,110.22,110.55,110.22
LQD,2005-05-27,110.7,110.8,110.51
LQD,2005-05-31,111.18,111.28,110.97
LQD,2005-06-01,111.51,111.65,110.99
LQD,2005-06-02,111.94,111.95,111.35
LQD,2005-06-03,111.5,111.5,111.5
LQD,2005-06-06,111.66,111.69,111.36
LQD,2005-06-07,111.89,112.55,111.75
LQD,2005-06-08,111.22,112.55,111.13
LQD,2005-06-09,111.36,111.36,111.36
LQD,2005-06-10,110.95,111.44,110.85
LQD,2005-06-13,110.69,111.04,110.59
LQD,2005-06-14,110.57,110.71,110.35
LQD,2005-06-15,110.36,110.59,110.18
LQD,2005-06-16,110.26,110.49,109.78
LQD,2005-06-17,110.47,110.47,110.47
LQD,2005-06-20,110.32,110.42,110.14
LQD,2005-06-21,110.32,110.47,110.25
LQD,2005-06-22,111.34,111.34,111.34
LQD,2005-06-23,111.51,111.51,111.51
LQD,2005-06-24,111.5,111.5,111.5
LQD,2005-06-27,111.62,111.62,111.62
LQD,2005-06-28,111.75,111.75,111.75
LQD,2005-06-29,111.65,111.65,111.65
LQD,2005-06-30,112.06,112.06,112.06
LQD,2005-07-01,111.29,111.29,111.29
LQD,2005-07-05,110.0,110.0,110.0
LQD,2005-07-06,111.04,111.12,110.81
LQD,2005-07-07,110.56,110.56,110.56
LQD,2005-07-08,111.34,111.34,111.34
LQD,2005-07-11,110.3,110.3,110.3
LQD,2005-07-12,110.26,110.26,110.26
LQD,2005-07-13,110.54,110.54,110.54
LQD,2005-07-14,109.99,109.99,109.99
LQD,2005-07-15,110.05,110.05,110.05
LQD,2005-07-18,110.5,110.5,110.5
LQD,2005-07-19,110.65,110.8,110.32
LQD,2005-07-20,110.92,110.92,110.92
LQD,2005-07-21,110.29,110.29,110.29
LQD,2005-07-22,110.7,110.7,110.7
LQD,2005-07-25,110.72,110.72,110.72
LQD,2005-07-26,110.72,110.99,110.64
LQD,2005-07-27,109.87,109.87,109.87
LQD,2005-07-28,110.48,110.48,110.48
LQD,2005-07-29,110.52,110.52,110.52
LQD,2005-08-01,110.04,110.3,109.61
LQD,2005-08-02,109.84,110.19,109.68
LQD,2005-08-03,110.25,110.25,110.25
LQD,2005-08-04,109.15,109.15,109.15
LQD,2005-08-05,109.92,109.92,109.92
LQD,2005-08-08,109.47,109.47,109.47
LQD,2005-08-09,109.45,109.45,109.45
LQD,2005-08-10,109.78,109.78,109.78
LQD,2005-08-11,110.0,110.0,110.0
LQD,2005-08-12,110.32,110.32,110.32
LQD,2005-08-15,109.52,109.52,109.52
LQD,2005-08-16,110.68,111.0,110.47
LQD,2005-08-17,109.8,109.8,109.8
LQD,2005-08-18,109.7,109.7,109.7
LQD,2005-08-19,110.0,110.0,110.0
LQD,2005-08-22,110.55,110.74,110.15
LQD,2005-08-23,110.64,110.75,110.36
LQD,2005-08-24,110.75,110.75,110.75
LQD,2005-08-25,110.81,111.24,110.61
LQD,2005-08-26,110.99,110.99,110.65
LQD,2005-08-29,111.0,111.0,111.0
LQD,2005-08-30,110.77,110.77,110.77
LQD,2005-08-31,111.3,111.3,111.3
LQD,2005-09-01,110.7,110.7,110.7
LQD,2005-09-02,110.55,110.55,110.55
LQD,2005-09-06,110.86,110.86,110.86
LQD,2005-09-07,110.65,110.65,110.65
LQD,2005-09-08,110.65,110.65,110.65
LQD,2005-09-09,110.67,110.67,110.67
LQD,2005-09-12,110.4,110.4,110.4
LQD,2005-09-13,110.58,110.75,110.43
LQD,2005-09-14,109.85,109.85,109.85
LQD,2005-09-15,110.05,110.05,110.05
LQD,2005-09-16,109.1,109.1,109.1
LQD,2005-09-19,109.85,109.85,109.85
LQD,2005-09-20,109.65,109.65,109.65
LQD,2005-09-21,109.44,109.44,109.44
LQD,2005-09-22,109.51,109.51,109.51
LQD,2005-09-23,109.88,109.88,109.88
LQD,2005-09-26,109.67,109.67,109.67
LQD,2005-09-27,109.67,109.67,109.67
LQD,2005-09-28,109.84,109.95,109.52
LQD,2005-09-29,109.81,109.81,109.81
LQD,2005-09-30,109.85,109.85,109.85
LQD,2005-10-03,107.93,107.93,107.93
LQD,2005-10-04,108.05,108.05,108.05
LQD,2005-10-05,108.26,108.26,108.26
LQD,2005-10-06,108.23,108.23,108.23
LQD,2005-10-07,108.79,108.79,108.79
LQD,2005-10-10,108.48,108.48,108.48
LQD,2005-10-11,107.93,107.93,107.93
LQD,2005-10-12,107.61,107.61,107.61
LQD,2005-10-13,107.31,107.31,107.31
LQD,2005-10-14,107.8,107.8,107.8
LQD,2005-10-17,107.2,107.2,107.2
LQD,2005-10-18,107.27,107.27,107.27
LQD,2005-10-19,108.1,108.1,108.1
LQD,2005-10-20,107.75,107.75,107.75
LQD,2005-10-21,108.55,108.55,108.55
LQD,2005-10-24,108.22,108.22,108.22
LQD,2005-10-25,107.6,107.6,107.6
LQD,2005-10-26,107.32,107.32,107.32
LQD,2005-10-27,106.61,106.61,106.61
LQD,2005-10-28,107.51,107.51,107.51
LQD,2005-10-31,106.74,106.74,106.74
LQD,2005-11-01,106.15,106.15,106.15
LQD,2005-11-02,106.61,107.02,106.61
LQD,2005-11-03,106.41,106.41,106.41
LQD,2005-11-04,105.57,105.57,105.57
LQD,2005-11-07,106.56,106.56,106.56
LQD,2005-11-08,107.07,107.07,107.07
LQD,2005-11-09,106.59,106.59,106.59
LQD,2005-11-10,106.99,106.99,106.99
LQD,2005-11-11,107.0,107.0,107.0
LQD,2005-11-14,105.95,105.95,105.95
LQD,2005-11-15,106.36,106.36,106.36
LQD,2005-11-16,106.85,106.85,106.85
LQD,2005-11-17,107.52,107.7,107.09
LQD,2005-11-18,106.8,106.8,106.8
LQD,2005-11-21,106.94,106.94,106.94
LQD,2005-11-22,107.9,107.9,107.9
LQD,2005-11-23,107.63,107.63,107.63
LQD,2005-11-25,107.17,107.17,107.17
LQD,2005-11-28,108.26,108.35,107.86
LQD,2005-11-29,107.03,107.03,107.03
LQD,2005-11-30,107.64,107.64,107.64
LQD,2005-12-01,106.95,106.95,106.95
LQD,2005-12-02,107.0,107.0,107.0
LQD,2005-12-05,106.75,106.75,106.75
LQD,2005-12-06,106.92,106.92,106.92
LQD,2005-12-07,106.71,106.71,106.71
LQD,2005-12-08,106.7,106.7,106.7
LQD,2005-12-09,106.82,107.01,106.71
LQD,2005-12-12,106.76,106.76,106.76
LQD,2005-12-13,106.68,106.89,106.53
LQD,2005-12-14,107.23,107.23,107.23
LQD,2005-12-15,106.99,106.99,106.99
LQD,2005-12-16,107.74,107.74,107.74
LQD,2005-12-19,107.59,107.59,107.59
LQD,2005-12-20,107.64,107.64,107.64
LQD,2005-12-21,107.5,107.5,107.5
LQD,2005-12-22,107.48,107.48,107.48
LQD,2005-12-23,107.95,107.95,107.95
LQD,2005-12-27,108.53,108.53,108.53
LQD,2005-12-28,108.14,108.14,108.14
LQD,2005-12-29,107.72,107.72,107.72
LQD,2005-12-30,107.73,107.73,107.73
LQD,2006-01-03,108.21,108.21,108.21
LQD,2006-01-04,108.31,108.31,108.31
LQD,2006-01-05,108.3,108.3,108.3
LQD,2006-01-06,108.22,108.22,108.22
LQD,2006-01-09,108.21,108.21,108.21
LQD,2006-01-10,107.95,107.95,107.95
LQD,2006-01-11,107.78,107.78,107.78
LQD,2006-01-12,108.08,108.08,108.08
LQD,2006-01-13,108.4,108.4,108.4
LQD,2006-01-17,108.47,108.47,108.47
LQD,2006-01-18,108.41,108.41,108.41
LQD,2006-01-19,108.41,108.41,108.41
LQD,2006-01-20,108.46,108.46,108.46
LQD,2006-01-23,108.68,108.68,108.68
LQD,2006-01-24,108.55,108.55,108.55
LQD,2006-01-25,107.85,107.85,107.85
LQD,2006-01-26,107.54,107.54,107.54
LQD,2006-01-27,107.85,107.85,107.85
LQD,2006-01-30,107.61,107.61,107.61
LQD,2006-01-31,107.34,107.34,107.34
LQD,2006-02-01,106.83,106.83,106.83
LQD,2006-02-02,106.78,106.78,106.78
LQD,2006-02-03,106.95,106.95,106.95
LQD,2006-02-06,107.11,107.11,107.11
LQD,2006-02-07,106.92,106.92,106.92
LQD,2006-02-08,106.87,106.87,106.87
LQD,2006-02-09,107.04,107.04,107.04
LQD,2006-02-10,106.82,106.82,106.82
LQD,2006-02-13,106.99,106.99,106.99
LQD,2006-02-14,106.88,106.88,106.88
LQD,2006-02-15,106.97,106.97,106.97
LQD,2006-02-16,107.14,107.14,107.14
LQD,2006-02-17,107.41,107.41,107.41
LQD,2006-02-21,107.48,107.48,107.48
LQD,2006-02-22,107.64,107.64,107.64
LQD,2006-02-23,107.54,107.54,107.54
LQD,2006-02-24,107.48,107.48,107.48
LQD,2006-02-27,107.35,107.35,107.35
LQD,2006-02-28,107.55,107.55,107.55
LQD,2006-03-01,106.69,106.69,106.69
LQD,2006-03-02,106.32,106.32,106.32
LQD,2006-03-03,105.91,105.91,105.91
LQD,2006-03-06,105.45,105.45,105.45
LQD,2006-03-07,105.4,105.4,105.4
LQD,2006-03-08,105.58,105.58,105.58
LQD,2006-03-09,105.49,105.49,105.49
LQD,2006-03-10,105.7,105.7,105.16
LQD,2006-03-13,105.74,105.74,105.74
LQD,2006-03-14,106.24,106.24,106.24
LQD,2006-03-15,106.16,106.16,106.16
LQD,2006-03-16,106.79,106.79,106.79
LQD,2006-03-17,106.65,106.65,106.65
LQD,2006-03-20,106.67,106.67,106.67
LQD,2006-03-21,106.29,106.29,106.29
LQD,2006-03-22,106.25,106.25,106.25
LQD,2006-03-23,106.12,106.12,106.12
LQD,2006-03-24,106.5,106.5,106.5
LQD,2006-03-27,106.47,106.47,106.47
LQD,2006-03-28,106.08,106.08,106.08
LQD,2006-03-29,105.75,105.75,105.75
LQD,2006-03-30,105.44,105.44,105.44
LQD,2006-03-31,105.31,105.31,105.31
LQD,2006-04-03,105.05,105.05,105.05
LQD,2006-04-04,105.08,105.08,105.08
LQD,2006-04-05,105.35,105.35,105.35
LQD,2006-04-06,105.01,105.01,105.01
LQD,2006-04-07,104.65,104.65,104.65
LQD,2006-04-10,104.26,104.26,104.26
LQD,2006-04-11,104.75,104.75,104.75
LQD,2006-04-12,104.26,104.26,104.26
LQD,2006-04-13,104.17,104.17,104.17
LQD,2006-04-17,104.34,104.34,104.34
LQD,2006-04-18,104.38,104.38,104.38
LQD,2006-04-19,104.48,104.48,104.48
LQD,2006-04-20,104.44,104.44,104.44
LQD,2006-04-21,104.52,104.52,104.52
LQD,2006-04-24,104.87,104.87,104.87
LQD,2006-04-25,104.46,104.46,104.46
LQD,2006-04-26,104.25,104.25,104.25
LQD,2006-04-27,104.4,104.4,104.4
LQD,2006-04-28,104.65,104.65,104.65
LQD,2006-05-01,103.66,103.66,103.66
LQD,2006-05-02,103.91,103.91,103.91
LQD,2006-05-03,103.85,103.85,103.85
LQD,2006-05-04,103.78,103.78,103.78
LQD,2006-05-05,104.06,104.06,104.06
LQD,2006-05-08,104.13,104.13,104.13
LQD,2006-05-09,104.06,104.06,104.06
LQD,2006-05-10,104.11,104.11,104.11
LQD,2006-05-11,103.91,103.91,103.91
LQD,2006-05-12,103.73,103.73,103.73
LQD,2006-05-15,103.73,103.73,103.73
LQD,2006-05-16,104.07,104.07,104.07
LQD,2006-05-17,103.83,103.83,103.83
LQD,2006-05-18,104.41,104.41,104.41
LQD,2006-05-19,104.55,104.55,104.55
LQD,2006-05-22,104.84,104.84,104.84
LQD,2006-05-23,104.42,104.42,104.42
LQD,2006-05-24,104.49,104.49,104.49
LQD,2006-05-25,104.44,104.44,104.44
LQD,2006-05-26,104.4,104.4,104.4
LQD,2006-05-30,104.19,104.19,104.19
LQD,2006-05-31,103.94,103.94,103.94
LQD,2006-06-01,103.73,103.73,103.73
LQD,2006-06-02,104.3,104.3,104.3
LQD,2006-06-05,104.17,104.17,104.17
LQD,2006-06-06,104.29,104.29,104.29
LQD,2006-06-07,104.02,104.02,104.02
LQD,2006-06-08,104.35,104.35,104.35
LQD,2006-06-09,104.46,104.46,104.46
LQD,2006-06-12,104.19,104.19,104.19
LQD,2006-06-13,104.4,104.4,104.4
LQD,2006-06-14,103.8,103.8,103.8
LQD,2006-06-15,103.57,103.57,103.57
LQD,2006-06-16,103.5,103.5,103.5
LQD,2006-06-19,103.35,103.35,103.35
LQD,2006-06-20,103.3,103.3,103.3
LQD,2006-06-21,103.16,103.16,103.16
LQD,2006-06-22,102.9,102.9,102.9
LQD,2006-06-23,102.76,102.76,102.76
LQD,2006-06-26,102.75,102.75,102.75
LQD,2006-06-27,102.41,102.41,102.41
LQD,2006-06-28,102.36,102.36,102.36
LQD,2006-06-29,102.85,102.85,102.85
LQD,2006-06-30,103.31,103.31,103.31
LQD,2006-07-03,103.09,103.09,103.09
LQD,2006-07-05,102.25,102.25,102.25
LQD,2006-07-06,102.74,102.74,102.74
LQD,2006-07-07,103.14,103.14,103.14
LQD,2006-07-10,103.19,103.19,103.19
LQD,2006-07-11,103.35,103.35,103.35
LQD,2006-07-12,103.43,103.43,103.43
LQD,2006-07-13,103.69,103.69,103.69
LQD,2006-07-14,103.6,103.6,103.6
LQD,2006-07-17,103.79,103.79,103.79
LQD,2006-07-18,103.15,103.15,103.15
LQD,2006-07-19,103.66,103.66,103.66
LQD,2006-07-20,104.16,104.16,104.16
LQD,2006-07-21,104.2,104.2,104.2
LQD,2006-07-24,104.14,104.14,104.14
LQD,2006-07-25,104.04,104.04,104.04
LQD,2006-07-26,104.25,104.25,104.25
LQD,2006-07-27,104.13,104.13,104.13
LQD,2006-07-28,104.52,104.52,104.52
LQD,2006-07-31,104.52,104.52,104.52
LQD,2006-08-01,104.19,104.19,104.19
LQD,2006-08-02,104.39,104.39,104.39
LQD,2006-08-03,104.46,104.46,104.46
LQD,2006-08-04,104.93,104.93,104.93
LQD,2006-08-07,104.74,104.74,104.74
LQD,2006-08-08,104.82,104.82,104.82
LQD,2006-08-09,104.73,104.73,104.73
LQD,2006-08-10,104.72,104.72,104.72
LQD,2006-08-11,104.51,104.51,104.51
LQD,2006-08-14,104.25,104.25,104.25
LQD,2006-08-15,104.83,104.83,104.83
LQD,2006-08-16,105.36,105.36,105.36
LQD,2006-08-17,105.4,105.4,105.4
LQD,2006-08-18,105.6,105.6,105.6
LQD,2006-08-21,105.67,105.67,105.67
LQD,2006-08-22,105.7,105.7,105.7
LQD,2006-08-23,105.7,105.7,105.7
LQD,2006-08-24,105.77,105.77,105.77
LQD,2006-08-25,105.97,105.97,105.97
LQD,2006-08-28,105.88,105.88,105.88
LQD,2006-08-29,105.77,105.77,105.77
LQD,2006-08-30,106.15,106.15,106.15
LQD,2006-08-31,106.37,106.37,106.37
LQD,2006-09-01,105.85,105.85,105.85
LQD,2006-09-05,105.51,105.51,105.51
LQD,2006-09-06,105.5,105.5,105.5
LQD,2006-09-07,105.65,105.65,105.65
LQD,2006-09-08,105.73,105.73,105.73
LQD,2006-09-11,105.58,105.58,105.58
LQD,2006-09-12,105.67,105.67,105.67
LQD,2006-09-13,106.08,106.08,106.08
LQD,2006-09-14,105.8,105.8,105.8
LQD,2006-09-15,105.79,105.79,105.79
LQD,2006-09-18,105.65,105.65,105.65
LQD,2006-09-19,106.27,106.27,106.27
LQD,2006-09-20,106.37,106.37,106.37
LQD,2006-09-21,106.98,106.98,106.98
LQD,2006-09-22,107.08,107.08,107.08
LQD,2006-09-25,107.1,107.1,107.1
LQD,2006-09-26,106.9,106.9,106.9
LQD,2006-09-27,106.93,106.93,106.93
LQD,2006-09-28,106.98,106.98,106.98
LQD,2006-09-29,106.93,106.93,106.93
LQD,2006-10-02,106.6,106.6,106.6
LQD,2006-10-03,106.59,106.59,106.59
LQD,2006-10-04,107.1,107.1,107.1
LQD,2006-10-05,106.72,106.72,106.72
LQD,2006-10-06,106.08,106.08,106.08
LQD,2006-10-09,106.28,106.28,106.28
LQD,2006-10-10,105.81,105.81,105.81
LQD,2006-10-11,105.55,105.55,105.55
LQD,2006-10-12,105.7,105.7,105.7
LQD,2006-10-13,105.38,105.38,105.38
LQD,2006-10-16,105.65,105.65,105.65
LQD,2006-10-17,105.81,105.81,105.81
LQD,2006-10-18,105.96,105.96,105.96
LQD,2006-10-19,105.67,105.67,105.67
LQD,2006-10-20,105.84,105.84,105.84
LQD,2006-10-23,105.56,105.56,105.56
LQD,2006-10-24,105.71,105.71,105.71
LQD,2006-10-25,106.16,106.17,105.65
LQD,2006-10-26,106.5,106.51,106.3
LQD,2006-10-27,106.84,107.09,106.64
LQD,2006-10-30,106.98,106.98,106.98
LQD,2006-10-31,107.41,107.41,107.41
LQD,2006-11-01,107.44,107.44,107.44
LQD,2006-11-02,107.2,107.2,107.2
LQD,2006-11-03,106.4,106.4,106.4
LQD,2006-11-06,106.5,106.5,106.5
LQD,2006-11-07,106.98,106.98,106.98
LQD,2006-11-08,106.96,106.96,106.96
LQD,2006-11-09,107.1,107.1,107.1
LQD,2006-11-10,107.5,107.5,107.5
LQD,2006-11-13,107.38,107.38,107.38
LQD,2006-11-14,107.56,107.79,107.56
LQD,2006-11-15,107.32,107.32,107.32
LQD,2006-11-16,107.13,107.13,107.13
LQD,2006-11-17,107.51,107.51,107.51
LQD,2006-11-20,107.6,107.6,107.6
LQD,2006-11-21,107.8,107.8,107.8
LQD,2006-11-22,107.83,107.88,107.67
LQD,2006-11-24,108.09,108.09,108.09
LQD,2006-11-27,108.01,108.01,108.01
LQD,2006-11-28,108.32,108.32,108.32
LQD,2006-11-29,108.22,108.22,108.22
LQD,2006-11-30,108.55,108.55,108.55
LQD,2006-12-01,108.46,108.46,108.46
LQD,2006-12-04,108.49,108.49,108.49
LQD,2006-12-05,108.34,108.34,108.34
LQD,2006-12-06,107.95,107.95,107.95
LQD,2006-12-07,108.21,108.21,108.21
LQD,2006-12-08,107.8,107.8,107.8
LQD,2006-12-11,108.05,108.05,108.05
LQD,2006-12-12,108.24,108.24,108.24
LQD,2006-12-13,107.8,107.8,107.8
LQD,2006-12-14,107.61,107.61,107.61
LQD,2006-12-15,107.57,107.57,107.57
LQD,2006-12-18,107.6,107.6,107.6
LQD,2006-12-19,107.63,107.63,107.63
LQD,2006-12-20,107.68,107.68,107.68
LQD,2006-12-21,107.92,107.92,107.92
LQD,2006-12-22,107.65,107.65,107.65
LQD,2006-12-26,107.72,107.72,107.72
LQD,2006-12-27,106.95,106.95,106.95
LQD,2006-12-28,106.83,106.83,106.83
LQD,2006-12-29,106.71,106.71,106.71
LQD,2007-01-03,106.38,106.38,106.38
LQD,2007-01-04,107.24,107.24,107.24
LQD,2007-01-05,107.15,107.15,107.15
LQD,2007-01-08,107.15,107.15,107.15
LQD,2007-01-09,107.18,107.18,107.18
LQD,2007-01-10,107.0,107.0,107.0
LQD,2007-01-11,106.78,106.78,106.78
LQD,2007-01-12,106.59,106.67,106.51
LQD,2007-01-16,106.68,106.68,106.68
LQD,2007-01-17,106.56,106.78,106.43
LQD,2007-01-18,106.79,106.79,106.79
LQD,2007-01-19,106.75,106.75,106.75
LQD,2007-01-22,106.88,106.88,106.76
LQD,2007-01-23,106.59,106.8,106.42
LQD,2007-01-24,106.64,106.65,106.51
LQD,2007-01-25,106.3,106.56,106.2
LQD,2007-01-26,106.23,106.39,106.14
LQD,2007-01-29,106.13,106.13,106.13
LQD,2007-01-30,106.25,106.25,106.25
LQD,2007-01-31,106.78,106.81,106.26
LQD,2007-02-01,106.32,106.32,106.32
LQD,2007-02-02,106.38,106.61,106.28
LQD,2007-02-05,106.52,106.53,106.41
LQD,2007-02-06,106.8,106.8,106.8
LQD,2007-02-07,106.89,106.89,106.89
LQD,2007-02-08,107.03,107.03,107.03
LQD,2007-02-09,106.67,106.67,106.67
LQD,2007-02-12,106.64,106.74,105.75
LQD,2007-02-13,106.58,106.58,106.58
LQD,2007-02-14,107.17,107.17,107.17
LQD,2007-02-15,107.38,107.49,107.21
LQD,2007-02-16,107.5,107.5,107.5
LQD,2007-02-20,107.67,107.67,107.67
LQD,2007-02-21,107.68,107.68,107.68
LQD,2007-02-22,107.43,107.43,107.43
LQD,2007-02-23,107.74,107.74,107.74
LQD,2007-02-26,108.23,108.23,108.23
LQD,2007-02-27,108.76,108.76,108.76
LQD,2007-02-28,108.5,108.5,108.5
LQD,2007-03-01,108.15,108.15,108.15
LQD,2007-03-02,108.25,108.25,108.25
LQD,2007-03-05,108.17,108.17,108.17
LQD,2007-03-06,107.65,107.65,107.65
LQD,2007-03-07,108.02,108.02,108.02
LQD,2007-03-08,107.86,107.86,107.86
LQD,2007-03-09,107.76,107.76,107.76
LQD,2007-03-12,107.96,107.96,107.96
LQD,2007-03-13,108.0,108.0,108.0
LQD,2007-03-14,107.94,107.94,107.94
LQD,2007-03-15,107.89,107.89,107.89
LQD,2007-03-16,107.35,107.35,107.35
LQD,2007-03-19,107.3,107.3,107.3
LQD,2007-03-20,107.64,107.64,107.64
LQD,2007-03-21,107.98,107.98,107.98
LQD,2007-03-22,107.62,107.62,107.62
LQD,2007-03-23,107.26,107.26,107.26
LQD,2007-03-26,107.53,107.8,107.33
LQD,2007-03-27,107.43,107.43,107.43
LQD,2007-03-28,107.4,107.4,107.4
LQD,2007-03-29,107.25,107.25,107.25
LQD,2007-03-30,107.25,107.25,107.25
LQD,2007-04-02,106.81,106.81,106.81
LQD,2007-04-03,106.78,106.78,106.78
LQD,2007-04-04,106.86,106.86,106.86
LQD,2007-04-05,106.59,106.59,106.59
LQD,2007-04-09,106.33,106.33,106.33
LQD,2007-04-10,106.51,106.51,106.51
LQD,2007-04-11,106.45,106.45,106.45
LQD,2007-04-12,106.51,106.51,106.51
LQD,2007-04-13,106.37,106.37,106.37
LQD,2007-04-16,106.41,106.41,106.41
LQD,2007-04-17,106.82,106.82,106.82
LQD,2007-04-18,107.0,107.0,107.0
LQD,2007-04-19,107.01,107.01,107.01
LQD,2007-04-20,107.08,107.08,107.08
LQD,2007-04-23,107.35,107.39,107.0
LQD,2007-04-24,107.61,107.61,107.61
LQD,2007-04-25,107.53,107.53,107.53
LQD,2007-04-26,107.24,107.45,107.14
LQD,2007-04-27,107.21,107.35,107.16
LQD,2007-04-30,107.73,107.76,107.31
LQD,2007-05-01,107.19,107.33,106.91
LQD,2007-05-02,107.16,107.25,107.0
LQD,2007-05-03,107.01,107.11,106.8
LQD,2007-05-04,107.27,107.35,107.1
LQD,2007-05-07,107.4,107.4,107.21
LQD,2007-05-08,107.34,107.5,107.2
LQD,2007-05-09,107.17,107.39,107.08
LQD,2007-05-10,107.22,107.31,107.13
LQD,2007-05-11,107.11,107.49,107.01
LQD,2007-05-14,107.0,107.17,106.87
LQD,2007-05-15,106.76,107.14,106.67
LQD,2007-05-16,107.01,107.03,106.7
LQD,2007-05-17,106.69,106.86,106.62
LQD,2007-05-18,106.39,106.66,106.3
LQD,2007-05-21,106.53,106.56,106.24
LQD,2007-05-22,106.19,106.52,106.12
LQD,2007-05-23,106.09,106.33,105.91
LQD,2007-05-24,106.22,106.22,105.77
LQD,2007-05-25,106.15,106.38,105.94
LQD,2007-05-29,105.94,106.12,105.79
LQD,2007-05-30,106.02,106.21,105.88
LQD,2007-05-31,105.93,106.04,105.59
LQD,2007-06-01,105.03,105.25,104.92
LQD,2007-06-04,105.2,105.22,104.92
LQD,2007-06-05,104.86,105.0,104.76
LQD,2007-06-06,104.95,105.02,104.8
LQD,2007-06-07,103.83,104.55,103.73
LQD,2007-06-08,103.88,103.95,103.35
LQD,2007-06-11,103.56,103.96,103.52
LQD,2007-06-12,103.0,103.45,102.96
LQD,2007-06-13,103.45,103.62,103.06
LQD,2007-06-14,103.42,103.61,103.2
LQD,2007-06-15,103.83,103.95,103.47
LQD,2007-06-18,103.82,103.95,103.47
LQD,2007-06-19,104.49,104.49,103.9
LQD,2007-06-20,103.99,104.23,103.86
LQD,2007-06-21,103.72,104.04,103.64
LQD,2007-06-22,104.0,104.01,103.5
LQD,2007-06-25,104.12,104.38,103.97
LQD,2007-06-26,104.1,104.35,103.99
LQD,2007-06-27,104.1,104.49,104.07
LQD,2007-06-28,103.99,104.3,103.87
LQD,2007-06-29,104.58,104.75,104.18
LQD,2007-07-02,103.85,104.2,103.7
LQD,2007-07-03,103.87,104.29,103.67
LQD,2007-07-05,103.2,103.65,103.18
LQD,2007-07-06,103.0,103.26,102.82
LQD,2007-07-09,103.21,103.34,103.03
LQD,2007-07-10,103.92,104.11,103.51
LQD,2007-07-11,103.45,104.07,103.39
LQD,2007-07-12,103.04,103.67,102.95
LQD,2007-07-13,103.49,103.54,103.07
LQD,2007-07-16,103.76,103.83,103.4
LQD,2007-07-17,103.54,103.93,103.38
LQD,2007-07-18,103.84,104.15,103.53
LQD,2007-07-19,103.62,103.89,103.34
LQD,2007-07-20,103.91,104.34,103.86
LQD,2007-07-23,103.79,104.13,103.75
LQD,2007-07-24,103.66,104.2,103.6
LQD,2007-07-25,103.74,104.1,103.74
LQD,2007-07-26,103.52,104.6,103.52
LQD,2007-07-27,103.14,104.3,103.0
LQD,2007-07-30,103.3,103.84,102.85
LQD,2007-07-31,103.25,103.87,103.25
LQD,2007-08-01,103.09,103.75,102.92
LQD,2007-08-02,102.95,103.53,102.89
LQD,2007-08-03,103.46,103.92,103.2
LQD,2007-08-06,103.1,104.0,103.04
LQD,2007-08-07,103.38,103.69,103.1
LQD,2007-08-08,103.49,103.76,102.76
LQD,2007-08-09,103.4,103.77,103.1
LQD,2007-08-10,102.94,104.44,102.74
LQD,2007-08-13,103.3,103.72,103.01
LQD,2007-08-14,103.95,104.0,103.26
LQD,2007-08-15,103.66,103.97,103.43
LQD,2007-08-16,102.66,104.02,102.59
LQD,2007-08-17,102.84,103.39,102.6
LQD,2007-08-20,103.58,103.71,102.86
LQD,2007-08-21,103.79,103.91,103.47
LQD,2007-08-22,104.0,104.1,103.56
LQD,2007-08-23,104.05,104.25,103.67
LQD,2007-08-24,104.28,104.36,103.77
LQD,2007-08-27,104.0,104.56,104.0
LQD,2007-08-28,104.89,104.89,104.21
LQD,2007-08-29,104.41,105.15,104.41
LQD,2007-08-30,104.72,104.8,104.43
LQD,2007-08-31,105.21,105.32,103.89
LQD,2007-09-04,104.49,104.6,104.17
LQD,2007-09-05,104.9,104.92,104.06
LQD,2007-09-06,104.82,104.83,104.48
LQD,2007-09-07,105.23,105.31,104.61
LQD,2007-09-10,105.54,105.67,104.9001
LQD,2007-09-11,104.93,105.435,104.92
LQD,2007-09-12,104.5,104.97,104.48
LQD,2007-09-13,104.3501,104.59,104.2
LQD,2007-09-14,104.64,104.86,104.2101
LQD,2007-09-17,104.6,104.64,104.0
LQD,2007-09-18,104.85,104.9604,104.1
LQD,2007-09-19,104.27,104.72,104.11
LQD,2007-09-20,104.08,104.68,103.8
LQD,2007-09-21,104.79,104.81,104.1
LQD,2007-09-24,105.09,105.09,104.32
LQD,2007-09-25,105.03,105.34,104.91
LQD,2007-09-26,105.29,105.4,104.76
LQD,2007-09-27,105.56,105.65,104.84
LQD,2007-09-28,105.49,105.85,105.2
LQD,2007-10-01,104.33,105.82,104.27
LQD,2007-10-02,104.31,104.65,104.07
LQD,2007-10-03,104.7,104.82,104.24
LQD,2007-10-04,105.53,105.53,104.81
LQD,2007-10-05,105.1,105.27,104.61
LQD,2007-10-08,105.47,105.52,104.51
LQD,2007-10-09,105.01,105.4499,104.96
LQD,2007-10-10,105.38,105.52,104.9401
LQD,2007-10-11,105.6,105.63,104.93
LQD,2007-10-12,105.02,105.51,104.77
LQD,2007-10-15,105.35,105.35,104.9
LQD,2007-10-16,105.526,105.61,105.11
LQD,2007-10-17,106.03,106.2399,105.34
LQD,2007-10-18,106.04,106.25,105.86
LQD,2007-10-19,106.73,106.73,105.89
LQD,2007-10-22,106.73,106.73,106.34
LQD,2007-10-23,106.1,106.65,106.06
LQD,2007-10-24,106.75,107.0,106.43
LQD,2007-10-25,106.5,106.91,106.5
LQD,2007-10-26,106.33,106.77,106.15
LQD,2007-10-29,106.56,106.6,106.05
LQD,2007-10-30,106.57,106.59,106.2401
LQD,2007-10-31,106.02,106.68,105.8801
LQD,2007-11-01,106.27,106.35,105.3
LQD,2007-11-02,105.73,106.46,105.61
LQD,2007-11-05,105.95,106.23,105.85
LQD,2007-11-06,105.3,105.776,105.3
LQD,2007-11-07,105.23,105.65,105.16
LQD,2007-11-08,105.4,105.602,105.21
LQD,2007-11-09,105.87,105.9,105.31
LQD,2007-11-12,105.83,105.84,104.87
LQD,2007-11-13,105.1,105.76,105.02
LQD,2007-11-14,105.09,105.36,104.85
LQD,2007-11-15,105.25,105.48,105.01
LQD,2007-11-16,105.26,105.57,105.12
LQD,2007-11-19,106.07,106.23,105.3
LQD,2007-11-20,105.4,105.898,105.4
LQD,2007-11-21,106.14,106.3,105.79
LQD,2007-11-23,105.61,106.03,105.61
LQD,2007-11-26,107.36,107.49,105.7545
LQD,2007-11-27,106.44,106.75,105.93
LQD,2007-11-28,105.7,106.8,105.67
LQD,2007-11-29,106.17,106.75,105.98
LQD,2007-11-30,106.62,106.62,105.22
LQD,2007-12-03,106.2,107.25,105.99
LQD,2007-12-04,106.25,106.79,105.86
LQD,2007-12-05,105.85,106.0,105.46
LQD,2007-12-06,105.07,105.62,105.05
LQD,2007-12-07,104.17,105.08,104.13
LQD,2007-12-10,104.24,104.56,103.92
LQD,2007-12-11,105.25,105.6,104.05
LQD,2007-12-12,104.92,105.21,103.61
LQD,2007-12-13,104.32,104.72,104.01
LQD,2007-12-14,103.14,104.24,103.14
LQD,2007-12-17,104.1452,104.3,103.67
LQD,2007-12-18,104.46,104.9,104.18
LQD,2007-12-19,105.28,105.53,104.46
LQD,2007-12-20,104.77,105.59,104.77
LQD,2007-12-21,104.66,105.31,104.44
LQD,2007-12-24,104.13,104.59,104.12
LQD,2007-12-26,104.16,104.66,104.03
LQD,2007-12-27,104.312,104.47,103.72
LQD,2007-12-28,104.64,105.42,104.53
LQD,2007-12-31,104.84,105.56,104.8
LQD,2008-01-02,106.08,106.22,105.06
LQD,2008-01-03,105.73,106.04,105.36
LQD,2008-01-04,106.6,106.61,106.046
LQD,2008-01-07,106.47,106.71,106.25
LQD,2008-01-08,106.27,106.61,105.99
LQD,2008-01-09,106.05,106.5,105.86
LQD,2008-01-10,105.7379,106.17,105.59
LQD,2008-01-11,106.51,106.54,105.75
LQD,2008-01-14,106.07,106.56,104.98
LQD,2008-01-15,106.64,106.79,106.07
LQD,2008-01-16,106.48,107.1,106.11
LQD,2008-01-17,106.98,106.98,106.06
LQD,2008-01-18,106.8,107.68,106.23
LQD,2008-01-22,107.03,107.27,106.16
LQD,2008-01-23,107.17,108.26,106.78
LQD,2008-01-24,106.26,107.0,106.26
LQD,2008-01-25,107.41,107.5,105.83
LQD,2008-01-28,107.38,107.65,106.55
LQD,2008-01-29,107.2,107.34,106.75
LQD,2008-01-30,107.18,107.26,106.62
LQD,2008-01-31,107.53,107.6,106.94
LQD,2008-02-01,107.49,107.68,107.0
LQD,2008-02-04,107.2,107.35,107.0
LQD,2008-02-05,107.57,107.89,107.23
LQD,2008-02-06,106.99,107.48,106.81
LQD,2008-02-07,105.76,107.06,105.5
LQD,2008-02-08,106.16,106.38,105.82
LQD,2008-02-11,106.48,106.97,106.09
LQD,2008-02-12,106.33,106.46,105.73
LQD,2008-02-13,105.26,106.21,105.25
LQD,2008-02-14,105.03,105.62,104.74
LQD,2008-02-15,105.37,105.56,104.99
LQD,2008-02-19,104.33,105.21,104.2
LQD,2008-02-20,104.56,104.61,104.0
LQD,2008-02-21,105.28,105.37,104.6
LQD,2008-02-22,104.866,105.39,104.48
LQD,2008-02-25,104.2,104.92,104.2
LQD,2008-02-26,104.95,104.95,104.2
LQD,2008-02-27,104.85,105.23,104.32
LQD,2008-02-28,105.61,105.68,105.01
LQD,2008-02-29,106.28,106.28,105.51
LQD,2008-03-03,105.83,106.37,105.31
LQD,2008-03-04,105.21,106.02,104.86
LQD,2008-03-05,104.47,105.08,104.21
LQD,2008-03-06,104.33,104.86,104.188
LQD,2008-03-07,104.11,104.84,103.685
LQD,2008-03-10,104.09,104.51,103.72
LQD,2008-03-11,102.9,104.0,102.9
LQD,2008-03-12,104.14,104.25,102.77
LQD,2008-03-13,103.01,104.08,102.8
LQD,2008-03-14,102.95,103.89,102.7101
LQD,2008-03-17,103.79,105.0,103.48
LQD,2008-03-18,103.6,104.14,103.04
LQD,2008-03-19,104.05,104.44,103.87
LQD,2008-03-20,104.6,104.75,103.99
LQD,2008-03-24,104.4,105.0,104.0
LQD,2008-03-25,104.87,104.98,104.1
LQD,2008-03-26,104.998,105.17,104.63
LQD,2008-03-27,104.36,104.79,104.06
LQD,2008-03-28,104.92,105.05,104.08
LQD,2008-03-31,105.2,105.7,105.0
LQD,2008-04-01,104.52,105.19,104.03
LQD,2008-04-02,104.7,105.12,104.5
LQD,2008-04-03,104.75,104.98,104.5
LQD,2008-04-04,106.02,106.03,105.31
LQD,2008-04-07,106.14,106.23,105.405
LQD,2008-04-08,105.762,106.35,105.26
LQD,2008-04-09,105.45,106.14,105.39
LQD,2008-04-10,105.548,105.64,105.0426
LQD,2008-04-11,105.65,106.05,105.24
LQD,2008-04-14,105.0,105.74,104.9
LQD,2008-04-15,104.78,105.09,104.4716
LQD,2008-04-16,104.18,104.95,104.06
LQD,2008-04-17,104.45,104.6,103.8301
LQD,2008-04-18,104.91,104.92,103.79
LQD,2008-04-21,104.57,105.03,104.33
LQD,2008-04-22,104.34,104.95,104.34
LQD,2008-04-23,104.66,105.05,104.52
LQD,2008-04-24,104.52,104.91,104.17
LQD,2008-04-25,104.57,104.71,104.23
LQD,2008-04-28,105.07,105.07,104.57
LQD,2008-04-29,105.4,105.74,105.05
LQD,2008-04-30,105.99,105.99,105.24
LQD,2008-05-01,106.15,106.2899,105.8
LQD,2008-05-02,105.53,106.52,105.0
LQD,2008-05-05,105.68,105.99,105.51
LQD,2008-05-06,105.0,106.0224,105.0
LQD,2008-05-07,105.28,105.38,104.54
LQD,2008-05-08,105.745,105.83,105.26
LQD,2008-05-09,105.75,105.98,105.5401
LQD,2008-05-12,105.654,106.38,105.5896
LQD,2008-05-13,105.05,105.5,104.93
LQD,2008-05-14,105.1099,105.35,104.7101
LQD,2008-05-15,105.81,105.81,105.06
LQD,2008-05-16,105.67,106.24,105.44
LQD,2008-05-19,105.6944,106.0,105.45
LQD,2008-05-20,105.73,106.02,105.522
LQD,2008-05-21,105.265,105.751,105.14
LQD,2008-05-22,104.11,105.0,103.78
LQD,2008-05-23,104.59,104.62,104.08
LQD,2008-05-27,103.96,104.5,103.8704
LQD,2008-05-28,103.295,103.87,103.23
LQD,2008-05-29,102.79,103.16,102.67
LQD,2008-05-30,103.2,103.39,103.03
LQD,2008-06-02,103.08,103.51,102.29
LQD,2008-06-03,103.48,103.6,102.6
LQD,2008-06-04,103.16,103.84,103.0078
LQD,2008-06-05,102.61,103.01,102.6
LQD,2008-06-06,103.12,103.61,103.03
LQD,2008-06-09,103.03,103.39,102.724
LQD,2008-06-10,102.44,103.16,102.2456
LQD,2008-06-11,102.4,102.84,101.92
LQD,2008-06-12,101.53,102.2,101.52
LQD,2008-06-13,101.0,102.0,100.91
LQD,2008-06-16,101.36,101.65,101.07
LQD,2008-06-17,101.69,101.95,101.47
LQD,2008-06-18,102.2,102.25,101.77
LQD,2008-06-19,101.67,102.11,101.39
LQD,2008-06-20,101.73,102.07,101.5
LQD,2008-06-23,101.69,102.02,101.42
LQD,2008-06-24,101.63,102.03,101.46
LQD,2008-06-25,101.708,102.112,100.91
LQD,2008-06-26,101.79,102.5,101.681
LQD,2008-06-27,101.69,102.01,101.47
LQD,2008-06-30,101.4,102.04,101.4
LQD,2008-07-01,100.92,101.73,100.84
LQD,2008-07-02,100.85,101.38,100.72
LQD,2008-07-03,100.72,101.1,100.61
LQD,2008-07-07,101.19,101.37,100.6
LQD,2008-07-08,101.74,101.76,100.78
LQD,2008-07-09,101.81,102.066,101.23
LQD,2008-07-10,101.23,101.9,100.9
LQD,2008-07-11,100.55,101.53,100.36
LQD,2008-07-14,100.36,101.45,100.36
LQD,2008-07-15,100.44,100.95,100.1
LQD,2008-07-16,99.5,100.6,99.5
LQD,2008-07-17,99.24,100.16,98.91
LQD,2008-07-18,98.98,99.8,98.91
LQD,2008-07-21,99.41,99.88,99.02
LQD,2008-07-22,99.9,100.05,99.34
LQD,2008-07-23,99.56,99.95,99.26
LQD,2008-07-24,100.35,100.47,99.67
LQD,2008-07-25,99.91,100.22,99.7
LQD,2008-07-28,100.48,100.74,100.09
LQD,2008-07-29,100.17,100.339,99.95
LQD,2008-07-30,100.64,100.8099,100.03
LQD,2008-07-31,101.34,101.36,100.55
LQD,2008-08-01,100.525,101.1,100.11
LQD,2008-08-04,100.32,100.74,100.13
LQD,2008-08-05,100.1,100.46,100.1
LQD,2008-08-06,100.21,100.4,100.03
LQD,2008-08-07,101.03,101.14,100.22
LQD,2008-08-08,101.176,101.2,100.73
LQD,2008-08-11,100.72,101.44,100.29
LQD,2008-08-12,101.33,101.33,100.75
LQD,2008-08-13,100.8,101.3,100.5
LQD,2008-08-14,101.09,101.28,100.56
LQD,2008-08-15,101.32,101.4,100.92
LQD,2008-08-18,101.36,101.36,101.0
LQD,2008-08-19,101.2,101.41,101.0
LQD,2008-08-20,101.21,101.28,100.62
LQD,2008-08-21,100.61,101.31,100.53
LQD,2008-08-22,100.65,101.15,100.08
LQD,2008-08-25,101.3,101.37,101.04
LQD,2008-08-26,101.42,101.51,100.91
LQD,2008-08-27,101.26,101.31,100.72
LQD,2008-08-28,101.24,101.28,100.84
LQD,2008-08-29,101.04,101.57,100.07
LQD,2008-09-02,100.98,101.26,100.34
LQD,2008-09-03,101.1799,101.37,100.897
LQD,2008-09-04,101.21,101.38,100.7265
LQD,2008-09-05,101.1059,101.69,101.01
LQD,2008-09-08,101.28,101.6599,100.82
LQD,2008-09-09,101.63,101.84,101.06
LQD,2008-09-10,101.59,101.92,100.81
LQD,2008-09-11,100.8,101.18,100.44
LQD,2008-09-12,100.03,100.53,99.72
LQD,2008-09-15,99.29,100.09,98.06
LQD,2008-09-16,92.99,98.93,90.89
LQD,2008-09-17,88.68,93.7282,85.04
LQD,2008-09-18,89.94,92.93,87.0
LQD,2008-09-19,92.75,93.49,91.75
LQD,2008-09-22,93.3,94.16,92.01
LQD,2008-09-23,92.34,93.95,92.19
LQD,2008-09-24,92.1,93.64,91.73
LQD,2008-09-25,92.5,92.694,91.75
LQD,2008-09-26,90.0,92.0,87.25
LQD,2008-09-29,81.8,89.49,80.0
LQD,2008-09-30,89.79,89.79,85.1
LQD,2008-10-01,90.21,90.3006,87.53
LQD,2008-10-02,88.9,89.71,88.0
LQD,2008-10-03,88.86,90.15,88.11
LQD,2008-10-06,88.3,88.9,84.45
LQD,2008-10-07,89.4719,91.36,88.0
LQD,2008-10-08,88.83,89.98,86.3
LQD,2008-10-09,86.465,89.9,84.75
LQD,2008-10-10,81.7,87.0,76.05
LQD,2008-10-13,86.2,87.2,79.57
LQD,2008-10-14,84.85,91.24,84.03
LQD,2008-10-15,84.85,86.97,83.53
LQD,2008-10-16,85.74,88.07,84.95
LQD,2008-10-17,85.01,86.87,84.24
LQD,2008-10-20,87.6,87.84,85.5
LQD,2008-10-21,88.47,88.9,86.51
LQD,2008-10-22,87.45,88.37,86.01
LQD,2008-10-23,88.0,88.69,87.6474
LQD,2008-10-24,88.352,88.5,86.0
LQD,2008-10-27,87.78,87.99,86.93
LQD,2008-10-28,87.2,88.16,86.54
LQD,2008-10-29,88.67,89.24,86.0
LQD,2008-10-30,88.01,89.05,88.0
LQD,2008-10-31,87.41,88.74,87.1
LQD,2008-11-03,87.93,88.094,87.2
LQD,2008-11-04,88.53,89.14,88.0
LQD,2008-11-05,90.25,90.45,88.65
LQD,2008-11-06,90.8685,91.12,90.01
LQD,2008-11-07,90.23,91.18,90.1
LQD,2008-11-10,90.27,90.66,89.74
LQD,2008-11-11,90.56,91.62,90.3
LQD,2008-11-12,90.54,90.65,90.18
LQD,2008-11-13,89.92,90.45,89.5
LQD,2008-11-14,89.9,90.23,87.0
LQD,2008-11-17,90.55,90.6,90.0
LQD,2008-11-18,90.66,91.17,90.22
LQD,2008-11-19,90.8,91.1144,90.31
LQD,2008-11-20,89.81,91.928,89.65
LQD,2008-11-21,90.85,91.39,89.9
LQD,2008-11-24,90.45,92.03,90.01
LQD,2008-11-25,90.8838,91.44,90.14
LQD,2008-11-26,90.4,91.33,90.01
LQD,2008-11-28,90.14,91.1,90.1
LQD,2008-12-01,91.09,91.15,89.52
LQD,2008-12-02,91.78,92.1,90.85
LQD,2008-12-03,92.42,92.42,91.3
LQD,2008-12-04,92.51,92.78,91.72
LQD,2008-12-05,91.88,92.42,91.51
LQD,2008-12-08,92.83,93.19,92.0
LQD,2008-12-09,93.46,93.52,92.75
LQD,2008-12-10,93.68,93.68,92.88
LQD,2008-12-11,94.0,94.13,93.25
LQD,2008-12-12,94.51,94.53,93.26
LQD,2008-12-15,94.48,94.52,94.1
LQD,2008-12-16,96.42,96.47,94.29
LQD,2008-12-17,97.85,98.32,97.0
LQD,2008-12-18,100.22,100.98,98.67
LQD,2008-12-19,98.73,100.07,98.1
LQD,2008-12-22,100.01,100.1,99.0
LQD,2008-12-23,100.25,100.4254,99.4
LQD,2008-12-24,100.5,101.75,99.61
LQD,2008-12-26,100.69,100.92,100.1
LQD,2008-12-29,100.58,100.99,100.09
LQD,2008-12-30,101.46,101.46,100.17
LQD,2008-12-31,101.65,101.75,100.41
LQD,2009-01-02,100.61,101.66,100.49
LQD,2009-01-05,101.3,101.74,100.1
LQD,2009-01-06,101.47,101.87,100.7
LQD,2009-01-07,100.62,101.29,100.25
LQD,2009-01-08,101.34,101.35,100.55
LQD,2009-01-09,101.35,102.6,101.35
LQD,2009-01-12,102.07,102.43,101.6
LQD,2009-01-13,101.85,101.89,101.4001
LQD,2009-01-14,101.4,101.95,100.52
LQD,2009-01-15,101.6,101.68,100.9
LQD,2009-01-16,101.6,101.63,100.51
LQD,2009-01-20,100.1,101.45,100.01
LQD,2009-01-21,99.6,100.22,99.1
LQD,2009-01-22,99.23,99.71,98.29
LQD,2009-01-23,98.57,98.89,98.06
LQD,2009-01-26,97.69,98.75,97.32
LQD,2009-01-27,99.53,99.88,98.05
LQD,2009-01-28,100.32,101.0,99.6622
LQD,2009-01-29,99.1177,100.59,99.09
LQD,2009-01-30,99.82,100.4,99.3
LQD,2009-02-02,98.85,99.6,98.8
LQD,2009-02-03,98.52,98.99,98.25
LQD,2009-02-04,98.56,98.79,98.4
LQD,2009-02-05,97.7,98.71,97.6
LQD,2009-02-06,98.28,98.41,97.51
LQD,2009-02-09,98.4604,98.52,97.7
LQD,2009-02-10,98.9385,99.17,98.16
LQD,2009-02-11,99.28,99.66,99.0
LQD,2009-02-12,99.36,99.73,99.1164
LQD,2009-02-13,98.6,99.33,98.2
LQD,2009-02-17,99.14,99.44,98.58
LQD,2009-02-18,98.65,99.38,98.56
LQD,2009-02-19,97.84,98.64,97.22
LQD,2009-02-20,97.43,97.65,96.64
LQD,2009-02-23,97.1,97.2,96.6
LQD,2009-02-24,96.75,97.73,96.52
LQD,2009-02-25,95.43,96.94,95.0
LQD,2009-02-26,94.82,95.43,94.82
LQD,2009-02-27,94.16,95.05,94.0
LQD,2009-03-02,93.69,94.49,93.04
LQD,2009-03-03,93.18,93.98,92.85
LQD,2009-03-04,93.15,93.44,93.0
LQD,2009-03-05,92.9,93.648,92.51
LQD,2009-03-06,93.1,94.04,92.8
LQD,2009-03-09,90.54,93.2444,90.51
LQD,2009-03-10,91.85,91.99,91.0
LQD,2009-03-11,91.88,92.01,91.0
LQD,2009-03-12,91.8,91.99,91.3901
LQD,2009-03-13,92.65,92.72,91.79
LQD,2009-03-16,92.78,92.9,92.15
LQD,2009-03-17,92.53,92.95,92.23
LQD,2009-03-18,94.5,95.37,92.24
LQD,2009-03-19,94.7,97.71,94.33
LQD,2009-03-20,93.74,95.58,93.55
LQD,2009-03-23,94.03,94.27,93.65
LQD,2009-03-24,93.1,93.69,93.1
LQD,2009-03-25,92.65,93.52,92.47
LQD,2009-03-26,93.13,93.35,92.44
LQD,2009-03-27,93.42,93.81,93.3
LQD,2009-03-30,93.35,93.71,93.11
LQD,2009-03-31,94.12,94.14,93.5
LQD,2009-04-01,93.46,93.96,93.26
LQD,2009-04-02,93.49,93.97,93.26
LQD,2009-04-03,92.91,93.65,92.82
LQD,2009-04-06,92.86,93.1587,92.71
LQD,2009-04-07,92.82,92.94,92.48
LQD,2009-04-08,93.75,93.79,92.97
LQD,2009-04-09,94.38,94.6455,93.61
LQD,2009-04-13,95.29,95.35,94.33
LQD,2009-04-14,95.54,95.58,94.907
LQD,2009-04-15,96.28,96.28,95.2399
LQD,2009-04-16,96.69,96.7,96.0399
LQD,2009-04-17,96.57,96.95,96.05
LQD,2009-04-20,96.04,97.0,95.24
LQD,2009-04-21,96.34,96.43,95.68
LQD,2009-04-22,96.1,96.3,95.73
LQD,2009-04-23,96.02,96.358,95.6
LQD,2009-04-24,96.23,96.48,95.87
LQD,2009-04-27,96.11,96.3499,95.65
LQD,2009-04-28,95.8,96.4,95.75
LQD,2009-04-29,96.26,96.75,95.81
LQD,2009-04-30,96.2,96.4,95.84
LQD,2009-05-01,95.97,96.04,95.45
LQD,2009-05-04,96.2,96.2,95.5973
LQD,2009-05-05,96.51,96.63,96.0
LQD,2009-05-06,96.94,97.04,96.33
LQD,2009-05-07,96.01,97.2,96.0
LQD,2009-05-08,96.62,96.85,96.22
LQD,2009-05-11,96.91,97.0,96.26
LQD,2009-05-12,97.18,97.39,96.8556
LQD,2009-05-13,97.0,97.54,96.93
LQD,2009-05-14,97.22,97.64,96.68
LQD,2009-05-15,97.2,97.27,96.7
LQD,2009-05-18,97.06,97.67,96.92
LQD,2009-05-19,97.45,97.46,96.7
LQD,2009-05-20,98.01,98.14,97.33
LQD,2009-05-21,97.01,98.38,96.7
LQD,2009-05-22,96.88,97.02,96.6013
LQD,2009-05-26,96.84,97.05,96.55
LQD,2009-05-27,96.17,97.29,95.98
LQD,2009-05-28,96.53,96.84,96.04
LQD,2009-05-29,97.95,98.09,96.5
LQD,2009-06-01,97.43,98.05,97.114
LQD,2009-06-02,98.15,98.56,97.65
LQD,2009-06-03,98.65,99.02,98.23
LQD,2009-06-04,98.22,98.79,98.01
LQD,2009-06-05,97.7,98.13,97.2
LQD,2009-06-08,97.5,98.1,97.5
LQD,2009-06-09,98.24,98.32,97.35
LQD,2009-06-10,97.95,98.7336,97.65
LQD,2009-06-11,98.29,98.65,97.74
LQD,2009-06-12,99.02,99.24,98.3
LQD,2009-06-15,99.05,99.42,98.5108
LQD,2009-06-16,98.99,99.7,98.43
LQD,2009-06-17,99.11,99.366,98.6
LQD,2009-06-18,97.85,98.72,97.7018
LQD,2009-06-19,98.59,98.8868,97.69
LQD,2009-06-22,98.95,99.3,98.67
LQD,2009-06-23,99.75,99.75,99.05
LQD,2009-06-24,99.59,100.28,99.45
LQD,2009-06-25,100.37,100.42,99.33
LQD,2009-06-26,100.42,100.5,100.03
LQD,2009-06-29,100.31,100.55,100.15
LQD,2009-06-30,100.28,100.44,99.56
LQD,2009-07-01,99.7,99.786,99.208
LQD,2009-07-02,99.71,99.99,99.43
LQD,2009-07-06,99.95,100.0,99.42
LQD,2009-07-07,99.55,100.02,99.4
LQD,2009-07-08,100.46,100.5,99.6106
LQD,2009-07-09,100.5,100.5,100.06
LQD,2009-07-10,100.9,100.9,100.09
LQD,2009-07-13,100.84,100.99,100.22
LQD,2009-07-14,100.62,100.89,100.33
LQD,2009-07-15,99.69,100.56,99.52
LQD,2009-07-16,100.38,100.38,99.82
LQD,2009-07-17,100.07,100.48,99.79
LQD,2009-07-20,100.48,100.98,99.81
LQD,2009-07-21,101.9,101.95,100.572
LQD,2009-07-22,101.63,102.15,101.34
LQD,2009-07-23,101.46,101.86,101.0
LQD,2009-07-24,101.74,101.74,101.06
LQD,2009-07-27,101.51,101.52,101.1
LQD,2009-07-28,101.9,102.237,101.33
LQD,2009-07-29,102.54,102.55,101.75
LQD,2009-07-30,103.1,103.346,102.16
LQD,2009-07-31,104.46,104.6,103.19
LQD,2009-08-03,103.0,103.9525,102.9473
LQD,2009-08-04,102.48,103.57,102.3006
LQD,2009-08-05,102.5,103.15,102.25
LQD,2009-08-06,102.22,102.98,102.1
LQD,2009-08-07,102.2,102.34,101.54
LQD,2009-08-10,102.52,102.94,102.06
LQD,2009-08-11,103.05,103.25,102.5
LQD,2009-08-12,102.15,103.0,101.8
LQD,2009-08-13,103.14,103.27,102.1
LQD,2009-08-14,103.12,103.54,103.07
LQD,2009-08-17,103.29,103.53,102.6
LQD,2009-08-18,103.03,103.36,102.73
LQD,2009-08-19,103.36,103.75,103.27
LQD,2009-08-20,103.85,104.0,103.26
LQD,2009-08-21,103.38,104.0,103.26
LQD,2009-08-24,103.91,104.03,103.2703
LQD,2009-08-25,104.09,104.41,103.75
LQD,2009-08-26,104.78,104.79,104.22
LQD,2009-08-27,104.3,104.58,104.13
LQD,2009-08-28,104.82,104.84,104.13
LQD,2009-08-31,105.33,105.34,104.37
LQD,2009-09-01,104.31,104.96,104.15
LQD,2009-09-02,104.62,105.13,104.04
LQD,2009-09-03,104.8,105.17,104.45
LQD,2009-09-04,104.87,105.1528,104.8
LQD,2009-09-08,104.6,105.1,104.5
LQD,2009-09-09,104.57,104.6628,104.33
LQD,2009-09-10,105.26,105.56,104.04
LQD,2009-09-11,106.21,106.38,105.5
LQD,2009-09-14,105.67,106.21,105.49
LQD,2009-09-15,105.61,105.85,105.52
LQD,2009-09-16,105.94,106.15,105.53
LQD,2009-09-17,106.46,106.47,105.75
LQD,2009-09-18,105.79,106.39,105.79
LQD,2009-09-21,106.04,106.287,105.88
LQD,2009-09-22,106.29,106.32,105.75
LQD,2009-09-23,106.34,106.4,105.85
LQD,2009-09-24,106.51,106.66,106.13
LQD,2009-09-25,106.92,106.94,106.3
LQD,2009-09-28,107.19,107.19,106.72
LQD,2009-09-29,106.77,107.018,106.55
LQD,2009-09-30,106.68,106.84,106.36
LQD,2009-10-01,105.12,106.22,104.79
LQD,2009-10-02,104.44,105.4,104.3
LQD,2009-10-05,105.0,105.0,104.37
LQD,2009-10-06,104.78,105.39,104.72
LQD,2009-10-07,105.45,105.5,104.78
LQD,2009-10-08,104.86,105.65,104.85
LQD,2009-10-09,103.94,104.88,103.75
LQD,2009-10-12,104.3,104.39,103.61
LQD,2009-10-13,104.5,104.64,104.2
LQD,2009-10-14,104.0,104.57,104.0
LQD,2009-10-15,103.98,104.21,103.58
LQD,2009-10-16,104.06,104.22,103.76
LQD,2009-10-19,104.59,104.88,104.11
LQD,2009-10-20,105.26,105.59,105.13
LQD,2009-10-21,104.82,105.17,104.73
LQD,2009-10-22,105.44,105.44,104.82
LQD,2009-10-23,104.86,105.37,104.85
LQD,2009-10-26,104.42,105.06,104.36
LQD,2009-10-27,105.32,105.47,104.55
LQD,2009-10-28,104.61,105.45,104.32
LQD,2009-10-29,104.74,105.0564,104.38
LQD,2009-10-30,105.68,105.68,104.93
LQD,2009-11-02,105.04,105.36,104.76
LQD,2009-11-03,104.56,105.03,104.37
LQD,2009-11-04,104.97,105.01,104.49
LQD,2009-11-05,105.04,105.05,104.73
LQD,2009-11-06,105.32,105.32,104.65
LQD,2009-11-09,105.38,105.52,105.26
LQD,2009-11-10,105.31,105.67,105.2854
LQD,2009-11-11,105.7,106.0,105.4742
LQD,2009-11-12,105.7,105.93,105.07
LQD,2009-11-13,106.01,106.01,105.548
LQD,2009-11-16,106.51,106.51,105.85
LQD,2009-11-17,106.67,106.67,106.15
LQD,2009-11-18,106.32,106.85,106.13
LQD,2009-11-19,106.45,106.63,106.18
LQD,2009-11-20,105.95,106.61,105.93
LQD,2009-11-23,105.95,105.99,105.4399
LQD,2009-11-24,106.36,106.54,105.95
LQD,2009-11-25,106.75,106.79,106.21
LQD,2009-11-27,106.72,106.73,106.0
LQD,2009-11-30,107.25,107.25,106.51
LQD,2009-12-01,106.26,106.72,106.26
LQD,2009-12-02,106.28,106.43,106.0
LQD,2009-12-03,106.25,106.32,106.08
LQD,2009-12-04,105.81,106.0315,105.5
LQD,2009-12-07,105.76,105.95,105.5
LQD,2009-12-08,106.21,106.4781,106.166
LQD,2009-12-09,105.6,106.48,105.55
LQD,2009-12-10,105.69,105.92,105.33
LQD,2009-12-11,105.19,105.75,105.07
LQD,2009-12-14,105.77,105.78,105.34
LQD,2009-12-15,105.01,105.47,105.01
LQD,2009-12-16,105.41,105.84,105.17
LQD,2009-12-17,105.86,105.9,105.33
LQD,2009-12-18,105.69,106.19,105.64
LQD,2009-12-21,105.18,105.63,105.064
LQD,2009-12-22,104.74,105.43,104.5
LQD,2009-12-23,105.07,105.22,104.85
LQD,2009-12-24,104.58,105.0,104.55
LQD,2009-12-28,104.3,104.66,104.06
LQD,2009-12-29,104.18,104.19,103.8
LQD,2009-12-30,104.3,104.53,104.08
LQD,2010-01-04,104.7,104.77,104.34
LQD,2010-01-05,105.2,105.4472,104.86
LQD,2010-01-06,104.89,105.45,104.82
LQD,2010-01-07,105.02,105.217,104.87
LQD,2010-01-08,105.25,105.25,104.97
LQD,2010-01-11,105.36,105.38,105.0
LQD,2010-01-12,105.56,105.65,105.315
LQD,2010-01-13,105.12,105.57,105.0
LQD,2010-01-14,105.5,105.5,105.03
LQD,2010-01-15,105.46,105.8,105.43
LQD,2010-01-19,105.55,105.57,105.02
LQD,2010-01-20,105.48,105.84,105.43
LQD,2010-01-21,105.76,106.27,105.7
LQD,2010-01-22,105.6,105.8,105.5
LQD,2010-01-25,105.59,105.63,105.43
LQD,2010-01-26,105.31,105.7,105.24
LQD,2010-01-27,104.93,105.44,104.685
LQD,2010-01-28,104.78,105.25,104.76
LQD,2010-01-29,105.45,105.46,104.9
LQD,2010-02-01,104.53,105.08,104.42
LQD,2010-02-02,104.86,105.07,104.65
LQD,2010-02-03,104.75,104.9,104.52
LQD,2010-02-04,104.74,104.89,104.54
LQD,2010-02-05,104.42,104.72,104.22
LQD,2010-02-08,104.46,104.68,104.31
LQD,2010-02-09,104.28,104.7,104.28
LQD,2010-02-10,103.47,104.3199,103.38
LQD,2010-02-11,103.708,103.77,103.34
LQD,2010-02-12,103.83,103.98,103.68
LQD,2010-02-16,104.24,104.24,103.5001
LQD,2010-02-17,103.891,104.21,103.63
LQD,2010-02-18,103.82,104.07,103.5
LQD,2010-02-19,104.19,104.19,103.66
LQD,2010-02-22,104.25,104.25,104.01
LQD,2010-02-23,104.5,104.54,104.19
LQD,2010-02-24,104.986,105.0,104.55
LQD,2010-02-25,104.84,105.12,104.83
LQD,2010-02-26,105.53,105.564,104.9925
LQD,2010-03-01,105.22,105.29,104.9
LQD,2010-03-02,105.44,105.55,105.0
LQD,2010-03-03,105.66,105.66,105.19
LQD,2010-03-04,105.71,105.81,105.375
LQD,2010-03-05,105.58,105.64,105.11
LQD,2010-03-08,105.75,105.75,105.38
LQD,2010-03-09,105.65,105.82,105.59
LQD,2010-03-10,105.75,105.75,105.37
LQD,2010-03-11,105.71,105.75,105.44
LQD,2010-03-12,105.93,105.98,105.5
LQD,2010-03-15,105.91,105.98,105.6701
LQD,2010-03-16,106.4,106.4,105.855
LQD,2010-03-17,106.79,106.855,106.4
LQD,2010-03-18,106.58,106.81,106.58
LQD,2010-03-19,106.5,106.76,106.4
LQD,2010-03-22,106.67,106.75,106.38
LQD,2010-03-23,106.6,106.85,106.6
LQD,2010-03-24,105.81,106.27,105.59
LQD,2010-03-25,105.43,105.7899,105.24
LQD,2010-03-26,105.75,105.75,105.31
LQD,2010-03-29,105.66,105.79,105.37
LQD,2010-03-30,105.72,105.79,105.45
LQD,2010-03-31,105.77,106.01,105.73
LQD,2010-04-01,105.53,105.62,105.29
LQD,2010-04-05,104.56,105.12,104.44
LQD,2010-04-06,104.81,105.14,104.74
LQD,2010-04-07,105.34,105.49,104.93
LQD,2010-04-08,105.14,105.65,105.14
LQD,2010-04-09,105.21,105.4,105.03
LQD,2010-04-12,105.51,105.6,105.3
LQD,2010-04-13,105.89,105.92,105.58
LQD,2010-04-14,105.8,106.0,105.65
LQD,2010-04-15,105.98,106.14,105.661
LQD,2010-04-16,106.23,106.46,105.9819
LQD,2010-04-19,105.96,106.36,105.96
LQD,2010-04-20,106.19,106.21,106.02
LQD,2010-04-21,106.56,106.72,106.27
LQD,2010-04-22,106.32,106.75,106.3
LQD,2010-04-23,106.3,106.38,106.1575
LQD,2010-04-26,106.35,106.56,106.21
LQD,2010-04-27,106.42,106.93,106.25
LQD,2010-04-28,106.6,106.85,106.25
LQD,2010-04-29,106.91,106.95,106.63
LQD,2010-04-30,107.318,107.54,106.87
LQD,2010-05-03,106.89,106.95,106.68
LQD,2010-05-04,107.02,107.35,106.95
LQD,2010-05-05,106.56,107.19,106.13
LQD,2010-05-06,104.8,106.61,102.47
LQD,2010-05-07,105.14,106.12,104.83
LQD,2010-05-10,105.8,105.975,105.4
LQD,2010-05-11,105.91,105.96,105.37
LQD,2010-05-12,105.87,106.044,105.6
LQD,2010-05-13,106.18,106.23,105.71
LQD,2010-05-14,106.15,106.68,105.97
LQD,2010-05-17,106.33,106.79,106.0
LQD,2010-05-18,106.67,106.9,106.29
LQD,2010-05-19,106.73,107.0,106.41
LQD,2010-05-20,106.49,106.93,106.26
LQD,2010-05-21,106.24,106.66,105.93
LQD,2010-05-24,106.52,106.68,106.35
LQD,2010-05-25,106.08,106.48,105.96
LQD,2010-05-26,106.15,106.202,105.76
LQD,2010-05-27,105.6,105.74,105.38
LQD,2010-05-28,105.46,106.03,105.4
LQD,2010-06-01,104.93,105.33,104.87
LQD,2010-06-02,105.3,105.3,104.93
LQD,2010-06-03,105.04,105.55,104.96
LQD,2010-06-04,105.6,105.66,105.1
LQD,2010-06-07,106.09,106.13,105.5
LQD,2010-06-08,106.04,106.27,105.76
LQD,2010-06-09,106.08,106.23,105.66
LQD,2010-06-10,105.62,105.95,105.46
LQD,2010-06-11,106.03,106.08,105.62
LQD,2010-06-14,105.83,105.83,105.44
LQD,2010-06-15,105.7,105.92,105.52
LQD,2010-06-16,105.81,105.9,105.55
LQD,2010-06-17,106.51,106.59,106.0
LQD,2010-06-18,106.5,106.67,106.36
LQD,2010-06-21,106.75,106.7901,106.26
LQD,2010-06-22,107.28,107.33,106.61
LQD,2010-06-23,107.74,107.79,107.13
LQD,2010-06-24,107.27,107.83,107.25
LQD,2010-06-25,107.49,107.74,107.21
LQD,2010-06-28,108.1,108.12,107.73
LQD,2010-06-29,108.01,108.26,107.94
LQD,2010-06-30,108.4,108.46,108.1801
LQD,2010-07-01,108.11,108.46,108.01
LQD,2010-07-02,107.83,108.2163,107.77
LQD,2010-07-06,108.31,108.6,108.004
LQD,2010-07-07,108.32,108.54,108.2135
LQD,2010-07-08,108.05,108.15,107.87
LQD,2010-07-09,107.95,108.12,107.86
LQD,2010-07-12,108.08,108.26,107.94
LQD,2010-07-13,108.12,108.3,107.96
LQD,2010-07-14,108.53,108.72,108.2002
LQD,2010-07-15,108.81,108.919,108.62
LQD,2010-07-16,109.0,109.37,108.89
LQD,2010-07-19,108.98,109.14,108.88
LQD,2010-07-20,109.1,109.37,108.7501
LQD,2010-07-21,109.57,109.63,108.94
LQD,2010-07-22,109.5001,109.68,109.181
LQD,2010-07-23,109.63,109.69,109.37
LQD,2010-07-26,109.73,109.75,109.35
LQD,2010-07-27,109.376,109.8,109.36
LQD,2010-07-28,109.75,109.77,109.24
LQD,2010-07-29,109.78,109.9,109.54
LQD,2010-07-30,110.28,110.42,110.03
LQD,2010-08-02,109.63,109.95,109.56
LQD,2010-08-03,109.9,110.04,109.7
LQD,2010-08-04,109.58,109.95,109.55
LQD,2010-08-05,109.76,109.89,109.59
LQD,2010-08-06,110.39,110.48,110.06
LQD,2010-08-09,110.75,110.78,110.3
LQD,2010-08-10,110.2368,110.73,110.2368
LQD,2010-08-11,110.6,110.94,110.54
LQD,2010-08-12,110.21,110.6959,110.18
LQD,2010-08-13,110.5004,110.78,110.34
LQD,2010-08-16,111.2401,111.97,111.2401
LQD,2010-08-17,111.67,111.98,111.47
LQD,2010-08-18,111.78,111.99,111.6002
LQD,2010-08-19,111.9721,112.38,111.58
LQD,2010-08-20,112.0531,112.25,111.8
LQD,2010-08-23,111.8329,112.36,111.83
LQD,2010-08-24,112.6,112.7999,112.35
LQD,2010-08-25,112.81,113.0,112.4
LQD,2010-08-26,112.91,112.96,112.58
LQD,2010-08-27,111.89,112.91,111.82
LQD,2010-08-30,112.62,112.72,111.98
LQD,2010-08-31,113.0,113.05,112.4
LQD,2010-09-01,111.73,112.39,111.45
LQD,2010-09-02,111.59,111.67,111.33
LQD,2010-09-03,110.75,111.15,110.67
LQD,2010-09-07,111.57,111.74,111.0
LQD,2010-09-08,111.35,111.5,110.8019
LQD,2010-09-09,110.77,111.2,110.56
LQD,2010-09-10,110.85,110.9422,110.42
LQD,2010-09-13,111.0,111.3,110.1905
LQD,2010-09-14,111.52,111.6,111.13
LQD,2010-09-15,111.34,111.56,110.9724
LQD,2010-09-16,110.99,111.05,110.71
LQD,2010-09-17,111.35,111.46,110.638
LQD,2010-09-20,111.49,111.59,111.31
LQD,2010-09-21,112.33,112.4807,110.7284
LQD,2010-09-22,112.2999,112.59,112.18
LQD,2010-09-23,112.36,112.7,111.9389
LQD,2010-09-24,112.08,112.34,112.01
LQD,2010-09-27,112.65,112.75,111.8815
LQD,2010-09-28,112.95,113.19,111.9031
LQD,2010-09-29,112.76,112.99,112.3919
LQD,2010-09-30,113.09,113.1476,112.2
LQD,2010-10-01,112.09,112.54,108.98
LQD,2010-10-04,112.3,112.36,112.12
LQD,2010-10-05,112.52,112.72,112.38
LQD,2010-10-06,113.25,113.98,113.07
LQD,2010-10-07,113.22,113.49,112.842
LQD,2010-10-08,113.11,113.59,113.07
LQD,2010-10-11,113.21,113.4,113.07
LQD,2010-10-12,113.04,113.49,112.96
LQD,2010-10-13,112.98,113.2402,112.7
LQD,2010-10-14,112.1,112.95,112.05
LQD,2010-10-15,111.38,112.5982,111.36
LQD,2010-10-18,112.13,112.15,111.76
LQD,2010-10-19,112.14,112.375,111.7227
LQD,2010-10-20,112.33,112.62,111.91
LQD,2010-10-21,112.06,112.57,112.04
LQD,2010-10-22,112.18,112.34,112.0
LQD,2010-10-25,112.58,112.91,112.1189
LQD,2010-10-26,111.98,112.44,111.98
LQD,2010-10-27,111.7,112.1643,111.66
LQD,2010-10-28,112.14,112.34,111.91
LQD,2010-10-29,112.36,112.5,112.12
LQD,2010-11-01,111.89,112.57,111.77
LQD,2010-11-02,112.41,112.46,112.08
LQD,2010-11-03,112.07,112.9,111.7999
LQD,2010-11-04,112.99,113.19,112.2864
LQD,2010-11-05,112.74,113.0295,112.61
LQD,2010-11-08,112.8,112.98,112.57
LQD,2010-11-09,111.96,112.92,111.91
LQD,2010-11-10,111.7,111.93,110.81
LQD,2010-11-11,111.23,111.75,111.22
LQD,2010-11-12,110.45,111.255,110.42
LQD,2010-11-15,109.24,110.28,109.24
LQD,2010-11-16,109.9,109.9004,109.02
LQD,2010-11-17,109.82,110.37,109.77
LQD,2010-11-18,109.9,110.08,109.48
LQD,2010-11-19,110.28,110.36,109.9
LQD,2010-11-22,110.89,110.91,110.5
LQD,2010-11-23,110.94,111.19,110.75
LQD,2010-11-24,110.04,110.46,109.86
LQD,2010-11-26,110.21,110.34,109.96
LQD,2010-11-29,110.29,110.5,110.19
LQD,2010-11-30,110.12,110.7396,110.08
LQD,2010-12-01,109.41,109.56,109.07
LQD,2010-12-02,109.21,109.49,108.92
LQD,2010-12-03,108.91,109.6685,108.86
LQD,2010-12-06,109.65,109.66,109.31
LQD,2010-12-07,108.64,109.35,108.275
LQD,2010-12-08,107.94,108.27,107.23
LQD,2010-12-09,108.15,108.4,107.78
LQD,2010-12-10,107.7,108.24,107.57
LQD,2010-12-13,108.1,108.38,107.57
LQD,2010-12-14,107.39,107.93,107.01
LQD,2010-12-15,106.77,107.82,106.68
LQD,2010-12-16,107.29,107.34,106.34
LQD,2010-12-17,108.27,108.32,107.36
LQD,2010-12-20,108.19,108.64,108.06
LQD,2010-12-21,108.43,108.47,107.93
LQD,2010-12-22,108.34,108.56,108.2
LQD,2010-12-23,108.38,108.39,108.09
LQD,2010-12-27,108.6,108.69,107.9699
LQD,2010-12-28,107.31,108.19,107.2232
LQD,2010-12-29,108.14,108.4,107.17
LQD,2010-12-30,108.17,108.21,107.69
LQD,2010-12-31,108.46,108.75,108.25
LQD,2011-01-04,109.0,109.19,108.75
LQD,2011-01-05,108.2,108.58,108.0
LQD,2011-01-06,108.365,108.64,108.2
LQD,2011-01-07,108.91,109.06,108.2
LQD,2011-01-10,109.1,109.2,108.775
LQD,2011-01-11,109.05,109.17,108.58
LQD,2011-01-12,108.97,109.0244,108.67
LQD,2011-01-13,109.44,109.46,108.77
LQD,2011-01-14,108.93,109.43,108.89
LQD,2011-01-18,108.87,109.08,108.4
LQD,2011-01-19,108.79,108.97,108.68
LQD,2011-01-20,108.32,108.749,107.7
LQD,2011-01-21,108.48,108.55,108.145
LQD,2011-01-24,108.539,108.82,108.46
LQD,2011-01-25,109.07,109.18,108.42
LQD,2011-01-26,108.46,108.99,108.46
LQD,2011-01-27,108.65,108.7937,108.34
LQD,2011-01-28,108.78,109.02,108.34
LQD,2011-01-31,108.48,109.0,108.44
LQD,2011-02-01,107.91,108.11,107.725
LQD,2011-02-02,107.7,108.15,107.555
LQD,2011-02-03,107.4375,107.77,107.42
LQD,2011-02-04,107.11,107.442,106.88
LQD,2011-02-07,107.2401,107.35,106.88
LQD,2011-02-08,106.84,107.47,106.79
LQD,2011-02-09,107.53,107.66,106.82
LQD,2011-02-10,107.03,107.39,106.94
LQD,2011-02-11,107.59,107.66,107.23
LQD,2011-02-14,107.66,107.86,107.33
LQD,2011-02-15,107.89,107.9,107.53
LQD,2011-02-16,107.77,108.17,107.65
LQD,2011-02-17,107.97,108.2,107.9
LQD,2011-02-18,108.13,108.13,107.66
LQD,2011-02-22,108.45,108.68,107.99
LQD,2011-02-23,108.35,108.75,108.25
LQD,2011-02-24,108.42,108.752,108.36
LQD,2011-02-25,108.93,108.96,108.54
LQD,2011-02-28,109.22,109.22,108.94
LQD,2011-03-01,108.79,108.8,108.38
LQD,2011-03-02,108.21,108.82,108.21
LQD,2011-03-03,107.75,108.15,107.69
LQD,2011-03-04,108.16,108.27,107.8201
LQD,2011-03-07,107.89,108.28,107.74
LQD,2011-03-08,107.75,108.01,107.66
LQD,2011-03-09,108.31,108.39,107.8
LQD,2011-03-10,108.73,108.84,108.13
LQD,2011-03-11,108.65,109.0,108.53
LQD,2011-03-14,108.77,109.1,108.7
LQD,2011-03-15,108.74,109.07,108.62
LQD,2011-03-16,109.43,109.99,109.06
LQD,2011-03-17,109.34,109.46,108.97
LQD,2011-03-18,109.41,109.485,108.93
LQD,2011-03-21,109.06,109.36,108.9356
LQD,2011-03-22,109.27,109.29,108.83
LQD,2011-03-23,109.19,109.48,109.0
LQD,2011-03-24,108.83,109.14,108.78
LQD,2011-03-25,108.67,109.08,108.55
LQD,2011-03-28,108.71,108.86,108.3601
LQD,2011-03-29,108.18,108.74,108.12
LQD,2011-03-30,108.54,108.55,108.19
LQD,2011-03-31,108.2,108.61,108.11
LQD,2011-04-01,108.28,108.39,107.52
LQD,2011-04-04,108.53,108.64,108.3
LQD,2011-04-05,108.59,108.61,108.25
LQD,2011-04-06,108.24,108.57,108.18
LQD,2011-04-07,108.08,108.34,108.0
LQD,2011-04-08,108.02,108.23,107.9
LQD,2011-04-11,108.03,108.18,107.91
LQD,2011-04-12,108.41,108.58,108.25
LQD,2011-04-13,108.6,108.67,108.24
LQD,2011-04-14,108.33,108.76,108.26
LQD,2011-04-15,108.9,109.0,108.73
LQD,2011-04-18,109.05,109.16,108.56
LQD,2011-04-19,109.28,109.44,109.08
LQD,2011-04-20,109.33,109.43,109.21
LQD,2011-04-21,109.43,109.7,109.26
LQD,2011-04-25,109.54,109.61,109.34
LQD,2011-04-26,110.06,110.08,109.61
LQD,2011-04-27,109.91,110.0,109.68
LQD,2011-04-28,110.26,110.29,109.85
LQD,2011-04-29,110.47,110.48,110.16
LQD,2011-05-02,110.31,110.43,109.96
LQD,2011-05-03,110.25,110.4,110.09
LQD,2011-05-04,110.41,110.59,110.31
LQD,2011-05-05,110.79,110.88,110.51
LQD,2011-05-06,110.79,111.03,110.42
LQD,2011-05-09,110.93,111.0,110.73
LQD,2011-05-10,110.41,110.83,110.4
LQD,2011-05-11,110.63,110.77,110.31
LQD,2011-05-12,110.37,110.7,110.18
LQD,2011-05-13,110.7,110.93,110.55
LQD,2011-05-16,111.02,111.0799,110.6
LQD,2011-05-17,111.17,111.349,110.9901
LQD,2011-05-18,110.93,111.36,110.87
LQD,2011-05-19,111.088,111.1,110.5
LQD,2011-05-20,111.0,111.09,110.8
LQD,2011-05-23,110.96,111.35,110.9
LQD,2011-05-24,111.07,111.19,110.81
LQD,2011-05-25,110.87,111.22,110.78
LQD,2011-05-26,111.33,111.34,110.98
LQD,2011-05-27,111.43,111.45,111.11
LQD,2011-05-31,111.46,111.58,111.3
LQD,2011-06-01,111.57,111.9,111.31
LQD,2011-06-02,110.56,111.25,110.54
LQD,2011-06-03,110.8,111.24,110.53
LQD,2011-06-06,110.61,110.7844,110.45
LQD,2011-06-07,110.99,111.03,110.47
LQD,2011-06-08,111.06,111.2355,110.91
LQD,2011-06-09,110.76,111.25,110.56
LQD,2011-06-10,110.63,110.9899,110.53
LQD,2011-06-13,110.77,110.87,110.48
LQD,2011-06-14,110.42,110.55,110.31
LQD,2011-06-15,111.03,111.05,110.3
LQD,2011-06-16,110.82,111.09,110.73
LQD,2011-06-17,110.86,111.05,110.76
LQD,2011-06-20,110.88,111.0,110.62
LQD,2011-06-21,110.85,111.06,110.65
LQD,2011-06-22,111.0,111.1,110.703
LQD,2011-06-23,111.29,111.43,111.0
LQD,2011-06-24,111.35,111.56,111.19
LQD,2011-06-27,110.99,111.4204,110.91
LQD,2011-06-28,110.22,110.82,110.13
LQD,2011-06-29,109.97,110.338,109.8
LQD,2011-06-30,110.13,110.21,109.57
LQD,2011-07-01,109.71,109.96,109.39
LQD,2011-07-05,110.1,110.38,109.72
LQD,2011-07-06,110.33,110.34,110.01
LQD,2011-07-07,110.36,110.43,110.0
LQD,2011-07-08,111.07,111.15,110.51
LQD,2011-07-11,111.44,111.5,111.0
LQD,2011-07-12,111.53,111.75,111.34
LQD,2011-07-13,111.81,111.85,111.41
LQD,2011-07-14,111.12,111.65,111.07
LQD,2011-07-15,111.37,111.38,110.971
LQD,2011-07-18,110.91,111.34,110.82
LQD,2011-07-19,111.48,111.57,110.934
LQD,2011-07-20,111.22,111.59,111.12
LQD,2011-07-21,111.05,111.2583,110.85
LQD,2011-07-22,111.5,111.53,111.182
LQD,2011-07-25,110.97,111.44,110.82
LQD,2011-07-26,111.46,111.68,111.09
LQD,2011-07-27,111.13,111.43,110.99
LQD,2011-07-28,111.37,111.53,111.29
LQD,2011-07-29,112.37,112.44,111.54
LQD,2011-08-01,112.28,112.83,112.13
LQD,2011-08-02,113.22,113.24,112.35
LQD,2011-08-03,113.18,113.71,113.15
LQD,2011-08-04,114.0,114.168,113.29
LQD,2011-08-05,112.59,113.92,112.38
LQD,2011-08-08,111.52,112.47,111.51
LQD,2011-08-09,112.516,113.64,111.55
LQD,2011-08-10,113.53,113.74,112.79
LQD,2011-08-11,111.2,113.3,110.81
LQD,2011-08-12,112.47,112.63,111.52
LQD,2011-08-15,112.68,112.81,112.3
LQD,2011-08-16,113.2,113.31,112.411
LQD,2011-08-17,113.4,113.73,112.98
LQD,2011-08-18,113.55,114.0,113.21
LQD,2011-08-19,113.41,113.61,113.18
LQD,2011-08-22,112.99,113.65,112.91
LQD,2011-08-23,111.7,112.5,111.45
LQD,2011-08-24,110.44,111.62,110.2
LQD,2011-08-25,110.99,111.18,110.67
LQD,2011-08-26,111.04,111.62,110.89
LQD,2011-08-29,111.4,111.47,110.85
LQD,2011-08-30,112.03,112.16,111.66
LQD,2011-08-31,112.25,112.74,112.2
LQD,2011-09-01,112.1,112.56,111.53
LQD,2011-09-02,112.69,113.0,112.25
LQD,2011-09-06,113.35,113.96,112.51
LQD,2011-09-07,113.57,113.82,113.26
LQD,2011-09-08,113.47,113.74,113.15
LQD,2011-09-09,113.59,113.9,113.0808
LQD,2011-09-12,112.9,113.52,112.82
LQD,2011-09-13,112.88,112.98,112.5
LQD,2011-09-14,112.85,113.11,112.6801
LQD,2011-09-15,112.44,112.625,112.25
LQD,2011-09-16,112.44,112.82,112.3
LQD,2011-09-19,113.05,113.2,112.92
LQD,2011-09-20,113.11,113.3157,113.0
LQD,2011-09-21,113.37,113.55,112.75
LQD,2011-09-22,113.59,113.81,112.9
LQD,2011-09-23,112.89,113.52,112.89
LQD,2011-09-26,112.68,113.02,112.45
LQD,2011-09-27,112.32,112.55,112.04
LQD,2011-09-28,111.87,112.18,111.66
LQD,2011-09-29,111.75,112.27,111.75
LQD,2011-09-30,112.31,112.43,111.9
LQD,2011-10-03,112.1,112.1852,111.69
LQD,2011-10-04,111.12,112.15,110.75
LQD,2011-10-05,111.58,111.6,110.69
LQD,2011-10-06,111.13,111.82,111.08
LQD,2011-10-07,111.03,111.49,110.95
LQD,2011-10-10,111.24,111.36,110.65
LQD,2011-10-11,111.54,111.75,111.14
LQD,2011-10-12,111.71,111.88,111.21
LQD,2011-10-13,111.81,112.01,111.66
LQD,2011-10-14,111.74,111.92,111.08
LQD,2011-10-17,111.66,111.95,111.63
LQD,2011-10-18,112.05,112.28,111.8
LQD,2011-10-19,112.34,112.5,112.0
LQD,2011-10-20,112.59,112.65,112.07
LQD,2011-10-21,112.96,113.02,112.64
LQD,2011-10-24,113.54,113.54,113.2
LQD,2011-10-25,114.1,114.2,113.43
LQD,2011-10-26,114.02,114.31,113.77
LQD,2011-10-27,114.0,114.64,113.9
LQD,2011-10-28,114.44,114.72,114.04
LQD,2011-10-31,114.7,114.95,114.35
LQD,2011-11-01,114.87,114.99,114.36
LQD,2011-11-02,115.29,115.32,114.6
LQD,2011-11-03,115.35,115.53,114.86
LQD,2011-11-04,115.58,115.6775,115.02
LQD,2011-11-07,115.12,115.68,115.07
LQD,2011-11-08,114.41,115.24,114.37
LQD,2011-11-09,114.11,114.88,114.06
LQD,2011-11-10,113.54,113.87,113.06
LQD,2011-11-11,113.34,113.58,112.9792
LQD,2011-11-14,113.33,113.61,113.2
LQD,2011-11-15,113.22,113.55,113.01
LQD,2011-11-16,112.86,113.37,112.75
LQD,2011-11-17,111.97,112.93,111.9
LQD,2011-11-18,112.15,112.2,111.78
LQD,2011-11-21,111.69,112.12,111.58
LQD,2011-11-22,111.4,111.72,111.4
LQD,2011-11-23,110.83,111.2,110.651
LQD,2011-11-25,110.39,110.83,110.33
LQD,2011-11-28,110.44,110.81,109.81
LQD,2011-11-29,110.19,110.43,109.93
LQD,2011-11-30,110.69,110.9,110.4385
LQD,2011-12-01,110.56,110.64,110.11
LQD,2011-12-02,111.5,111.55,110.57
LQD,2011-12-05,112.33,112.33,111.45
LQD,2011-12-06,111.73,112.372,111.67
LQD,2011-12-07,112.43,112.47,111.99
LQD,2011-12-08,112.05,112.34,111.96
LQD,2011-12-09,111.62,112.44,111.5
LQD,2011-12-12,111.63,111.96,111.47
LQD,2011-12-13,112.01,112.2868,111.65
LQD,2011-12-14,112.2,112.29,111.9
LQD,2011-12-15,112.38,112.5,112.186
LQD,2011-12-16,113.01,113.049,112.45
LQD,2011-12-19,113.41,113.49,112.87
LQD,2011-12-20,113.33,113.58,113.2
LQD,2011-12-21,112.85,113.44,112.85
LQD,2011-12-22,113.44,113.5,113.1101
LQD,2011-12-23,113.09,113.35,112.95
LQD,2011-12-27,113.13,113.14,112.43
LQD,2011-12-28,113.336,113.5,113.05
LQD,2011-12-29,113.28,113.5,113.02
LQD,2011-12-30,113.76,113.85,113.33
LQD,2012-01-03,113.67,114.0,113.5
LQD,2012-01-04,113.76,113.95,113.44
LQD,2012-01-05,113.27,113.76,113.2
LQD,2012-01-06,113.71,113.82,113.39
LQD,2012-01-09,113.54,113.93,113.54
LQD,2012-01-10,113.86,113.92,113.6152
LQD,2012-01-11,113.84,114.05,113.807
LQD,2012-01-12,114.1,114.38,114.01
LQD,2012-01-13,114.51,114.82,114.35
LQD,2012-01-17,114.86,114.885,114.61
LQD,2012-01-18,114.63,115.04,114.59
LQD,2012-01-19,114.6,114.93,114.423
LQD,2012-01-20,114.31,114.61,114.21
LQD,2012-01-23,114.14,114.4,114.14
LQD,2012-01-24,114.55,114.57,114.16
LQD,2012-01-25,114.94,115.53,114.39
LQD,2012-01-26,115.84,115.87,115.51
LQD,2012-01-27,116.01,116.21,115.75
LQD,2012-01-30,115.86,116.41,115.84
LQD,2012-01-31,116.2,116.38,115.95
LQD,2012-02-01,116.27,116.32,115.74
LQD,2012-02-02,116.51,116.57,116.2
LQD,2012-02-03,116.34,116.385,115.9
LQD,2012-02-06,116.64,116.84,116.24
LQD,2012-02-07,116.42,116.56,116.2
LQD,2012-02-08,116.54,116.65,116.32
LQD,2012-02-09,116.17,116.51,115.98
LQD,2012-02-10,116.06,116.25,115.83
LQD,2012-02-13,116.46,116.53,116.29
LQD,2012-02-14,116.55,116.739,116.4
LQD,2012-02-15,116.39,116.86,116.35
LQD,2012-02-16,116.19,116.43,116.02
LQD,2012-02-17,116.01,116.14,115.83
LQD,2012-02-21,115.82,116.3,115.82
LQD,2012-02-22,116.54,116.58,115.94
LQD,2012-02-23,116.7,116.72,116.22
LQD,2012-02-24,116.79,116.99,116.53
LQD,2012-02-27,117.22,117.3,116.97
LQD,2012-02-28,117.59,117.8,117.41
LQD,2012-02-29,117.7,117.87,117.4
LQD,2012-03-01,117.02,117.19,116.79
LQD,2012-03-02,117.06,117.37,117.01
LQD,2012-03-05,116.85,117.31,116.69
LQD,2012-03-06,116.67,116.91,116.5
LQD,2012-03-07,116.62,116.85,116.52
LQD,2012-03-08,116.64,116.83,116.53
LQD,2012-03-09,116.58,116.6,116.27
LQD,2012-03-12,116.35,116.78,116.3395
LQD,2012-03-13,116.03,116.4,115.92
LQD,2012-03-14,114.65,115.74,114.6
LQD,2012-03-15,114.4,115.12,114.29
LQD,2012-03-16,114.57,114.59,114.0
LQD,2012-03-19,114.41,114.63,114.1601
LQD,2012-03-20,114.34,114.5,114.05
LQD,2012-03-21,114.86,114.9,114.46
LQD,2012-03-22,114.67,114.84,114.6
LQD,2012-03-23,114.76,115.1,114.76
LQD,2012-03-26,115.01,115.28,114.82
LQD,2012-03-27,115.9,115.95,115.02
LQD,2012-03-28,115.68,116.0,115.52
LQD,2012-03-29,115.91,116.04,115.62
LQD,2012-03-30,115.63,116.18,115.48
LQD,2012-04-02,115.53,115.6,115.16
LQD,2012-04-03,114.43,115.8,114.39
LQD,2012-04-04,114.65,114.99,114.64
LQD,2012-04-05,114.84,115.13,114.6
LQD,2012-04-09,115.59,115.74,115.39
LQD,2012-04-10,115.52,115.81,115.47
LQD,2012-04-11,115.4,115.58,114.99
LQD,2012-04-12,115.45,115.7,115.39
LQD,2012-04-13,116.0,116.04,115.7
LQD,2012-04-16,116.0,116.291,115.9
LQD,2012-04-17,116.15,116.17,115.81
LQD,2012-04-18,116.13,116.28,116.05
LQD,2012-04-19,116.21,116.4,116.13
LQD,2012-04-20,116.18,116.27,115.935
LQD,2012-04-23,116.2,116.41,116.15
LQD,2012-04-24,115.99,116.21,115.94
LQD,2012-04-25,116.19,116.23,115.75
LQD,2012-04-26,116.38,116.54,116.24
LQD,2012-04-27,116.52,116.6,116.27
LQD,2012-04-30,116.48,116.76,116.42
LQD,2012-05-01,115.87,116.51,115.83
LQD,2012-05-02,116.25,116.29,116.06
LQD,2012-05-03,116.32,116.45,116.11
LQD,2012-05-04,116.45,116.58,116.44
LQD,2012-05-07,116.65,116.7,116.405
LQD,2012-05-08,116.94,117.0,116.62
LQD,2012-05-09,116.74,116.99,116.57
LQD,2012-05-10,116.5,116.68,116.3
LQD,2012-05-11,116.85,117.0,116.75
LQD,2012-05-14,116.88,117.18,116.76
LQD,2012-05-15,116.73,117.06,116.62
LQD,2012-05-16,116.79,116.91,116.22
LQD,2012-05-17,115.92,116.45,115.9
LQD,2012-05-18,115.47,115.77,115.39
LQD,2012-05-21,115.6,115.66,115.25
LQD,2012-05-22,115.29,115.6,115.22
LQD,2012-05-23,115.57,115.8,115.37
LQD,2012-05-24,115.59,115.64,115.43
LQD,2012-05-25,115.88,115.91,115.6
LQD,2012-05-29,116.05,116.29,115.95
LQD,2012-05-30,116.15,116.57,116.13
LQD,2012-05-31,116.97,117.0,116.25
LQD,2012-06-01,117.29,117.3,116.33
LQD,2012-06-04,116.4,116.91,116.36
LQD,2012-06-05,116.15,116.49,116.07
LQD,2012-06-06,115.81,116.27,115.57
LQD,2012-06-07,116.05,116.1,115.73
LQD,2012-06-08,116.48,116.67,116.2
LQD,2012-06-11,116.46,116.73,116.28
LQD,2012-06-12,116.12,116.43,115.9309
LQD,2012-06-13,116.54,116.55,116.04
LQD,2012-06-14,116.4,116.56,116.17
LQD,2012-06-15,116.88,116.96,116.62
LQD,2012-06-18,116.83,117.0,116.7
LQD,2012-06-19,116.72,117.31,116.67
LQD,2012-06-20,116.77,116.9831,116.4801
LQD,2012-06-21,116.95,117.27,116.92
LQD,2012-06-22,116.86,117.12,116.8
LQD,2012-06-25,117.16,117.34,116.96
LQD,2012-06-26,117.28,117.42,117.02
LQD,2012-06-27,117.44,117.61,117.32
LQD,2012-06-28,117.62,117.86,117.61
LQD,2012-06-29,117.59,117.8107,117.4
LQD,2012-07-02,117.82,118.0,117.45
LQD,2012-07-03,117.92,117.99,117.74
LQD,2012-07-05,118.22,118.34,117.93
LQD,2012-07-06,118.52,118.57,118.02
LQD,2012-07-09,118.6,118.76,118.38
LQD,2012-07-10,118.57,118.86,118.57
LQD,2012-07-11,118.77,119.11,118.75
LQD,2012-07-12,119.37,119.41,118.82
LQD,2012-07-13,119.41,119.52,119.051
LQD,2012-07-16,119.74,119.86,119.59
LQD,2012-07-17,119.74,119.9,119.53
LQD,2012-07-18,120.4,120.49,120.07
LQD,2012-07-19,120.61,120.87,120.41
LQD,2012-07-20,120.7,120.92,120.66
LQD,2012-07-23,120.31,120.8,120.25
LQD,2012-07-24,120.5,120.63,120.17
LQD,2012-07-25,120.73,120.86,120.54
LQD,2012-07-26,120.92,120.97,120.73
LQD,2012-07-27,120.35,120.65,119.74
LQD,2012-07-30,120.66,120.78,120.22
LQD,2012-07-31,121.28,121.29,120.84
LQD,2012-08-01,120.76,120.97,120.4
LQD,2012-08-02,120.84,121.0598,120.2
LQD,2012-08-03,120.55,120.68,120.1944
LQD,2012-08-06,120.71,120.79,120.6
LQD,2012-08-07,120.08,120.34,120.0
LQD,2012-08-08,119.74,120.27,119.7
LQD,2012-08-09,119.66,119.77,119.3
LQD,2012-08-10,120.0,120.0976,119.79
LQD,2012-08-13,119.75,120.07,119.73
LQD,2012-08-14,119.21,119.47,119.18
LQD,2012-08-15,118.65,119.065,118.65
LQD,2012-08-16,118.3,118.9,118.13
LQD,2012-08-17,118.46,118.79,118.4
LQD,2012-08-20,118.79,118.8185,118.26
LQD,2012-08-21,118.99,118.99,118.48
LQD,2012-08-22,119.67,119.7,119.19
LQD,2012-08-23,119.76,119.91,119.72
LQD,2012-08-24,119.89,119.95,119.73
LQD,2012-08-27,120.04,120.26,120.0
LQD,2012-08-28,120.21,120.28,120.06
LQD,2012-08-29,119.96,120.19,119.88
LQD,2012-08-30,120.0,120.13,119.95
LQD,2012-08-31,120.83,120.83,120.04
LQD,2012-09-04,120.16,120.57,120.05
LQD,2012-09-05,120.21,120.8,120.06
LQD,2012-09-06,119.68,119.9199,119.61
LQD,2012-09-07,119.93,120.62,119.9
LQD,2012-09-10,119.92,120.01,119.72
LQD,2012-09-11,120.02,120.12,119.8
LQD,2012-09-12,119.78,119.8274,119.57
LQD,2012-09-13,120.42,120.59,119.6501
LQD,2012-09-14,119.7,120.1,119.36
LQD,2012-09-17,120.11,120.339,119.92
LQD,2012-09-18,120.48,120.65,120.32
LQD,2012-09-19,120.68,120.94,120.6517
LQD,2012-09-20,120.5818,121.06,120.5517
LQD,2012-09-21,120.8,120.86,120.45
LQD,2012-09-24,120.98,121.03,120.84
LQD,2012-09-25,121.22,121.22,120.83
LQD,2012-09-26,121.56,121.57,121.2
LQD,2012-09-27,121.5,121.74,121.43
LQD,2012-09-28,121.77,121.91,121.56
LQD,2012-10-01,121.71,121.76,121.4
LQD,2012-10-02,121.75,121.79,121.56
LQD,2012-10-03,121.83,121.83,121.53
LQD,2012-10-04,121.73,121.92,121.67
LQD,2012-10-05,121.54,121.69,121.5
LQD,2012-10-08,121.86,121.95,121.73
LQD,2012-10-09,121.99,122.224,121.65
LQD,2012-10-10,122.21,122.355,121.76
LQD,2012-10-11,122.61,122.69,122.03
LQD,2012-10-12,122.75,122.96,122.66
LQD,2012-10-15,123.13,123.15,122.73
LQD,2012-10-16,123.05,123.2,122.93
LQD,2012-10-17,122.81,123.15,122.76
LQD,2012-10-18,122.58,123.0,122.5
LQD,2012-10-19,122.8,123.01,122.595
LQD,2012-10-22,122.51,122.71,122.46
LQD,2012-10-23,122.72,122.755,122.37
LQD,2012-10-24,122.39,122.76,122.37
LQD,2012-10-25,122.04,122.43,122.0
LQD,2012-10-26,122.64,122.66,122.22
LQD,2012-10-31,123.02,123.1799,122.693
LQD,2012-11-01,122.48,122.77,122.39
LQD,2012-11-02,122.24,122.49,122.03
LQD,2012-11-05,122.3,122.51,122.26
LQD,2012-11-06,121.71,122.229,121.65
LQD,2012-11-07,121.96,122.45,121.96
LQD,2012-11-08,121.84,122.0,121.6
LQD,2012-11-09,121.54,121.83,121.38
LQD,2012-11-12,121.56,121.78,121.5001
LQD,2012-11-13,121.61,121.98,121.55
LQD,2012-11-14,121.86,121.93,121.38
LQD,2012-11-15,121.62,121.71,121.52
LQD,2012-11-16,121.66,121.8499,121.6
LQD,2012-11-19,122.04,122.07,121.55
LQD,2012-11-20,121.66,122.04,121.63
LQD,2012-11-21,121.75,121.8,121.55
LQD,2012-11-23,121.802,121.94,121.75
LQD,2012-11-26,122.0,122.18,121.91
LQD,2012-11-27,122.07,122.15,121.97
LQD,2012-11-28,122.05,122.3,122.02
LQD,2012-11-29,122.14,122.2149,122.051
LQD,2012-11-30,122.13,122.37,122.1
LQD,2012-12-03,121.89,121.99,121.53
LQD,2012-12-04,122.0,122.1,121.89
LQD,2012-12-05,122.25,122.3101,122.02
LQD,2012-12-06,122.2302,122.48,122.2
LQD,2012-12-07,121.94,122.09,121.93
LQD,2012-12-10,122.05,122.15,121.966
LQD,2012-12-11,121.6,122.02,121.56
LQD,2012-12-12,121.23,121.8,121.15
LQD,2012-12-13,121.0396,121.2199,120.87
LQD,2012-12-14,121.13,121.29,121.1
LQD,2012-12-17,120.74,121.2,120.74
LQD,2012-12-18,120.44,120.89,120.3
LQD,2012-12-19,120.91,120.95,120.65
LQD,2012-12-20,121.03,121.25,120.94
LQD,2012-12-21,121.24,121.33,121.09
LQD,2012-12-24,121.16,121.28,121.06
LQD,2012-12-26,120.97,121.14,120.95
LQD,2012-12-27,121.36,121.42,120.97
LQD,2012-12-28,121.63,121.63,121.41
LQD,2012-12-31,120.99,121.5,120.9
LQD,2013-01-02,121.27,121.31,120.81
LQD,2013-01-03,120.61,121.18,120.56
LQD,2013-01-04,120.55,120.649,120.26
LQD,2013-01-07,120.75,120.8,120.51
LQD,2013-01-08,120.86,120.94,120.76
LQD,2013-01-09,120.82,121.0,120.79
LQD,2013-01-10,120.88,120.97,120.63
LQD,2013-01-11,121.1,121.11,120.66
LQD,2013-01-14,120.86,121.19,120.83
LQD,2013-01-15,120.76,121.14,120.67
LQD,2013-01-16,120.76,120.94,120.71
LQD,2013-01-17,120.55,120.61,120.3
LQD,2013-01-18,120.67,120.7925,120.48
LQD,2013-01-22,120.67,120.78,120.38
LQD,2013-01-23,120.82,120.94,120.76
LQD,2013-01-24,120.65,120.8,120.58
LQD,2013-01-25,120.1,120.44,120.025
LQD,2013-01-28,120.0,120.03,119.0
LQD,2013-01-29,119.73,120.0498,119.62
LQD,2013-01-30,119.33,119.6,119.22
LQD,2013-01-31,119.42,119.48,119.24
LQD,2013-02-01,118.74,119.65,118.73
LQD,2013-02-04,119.14,119.298,118.97
LQD,2013-02-05,118.9,119.08,118.87
LQD,2013-02-06,119.21,119.279,118.96
LQD,2013-02-07,119.25,119.5,119.1101
LQD,2013-02-08,119.51,119.51,119.1645
LQD,2013-02-11,119.45,119.52,119.41
LQD,2013-02-12,119.33,119.45,119.161
LQD,2013-02-13,119.05,119.165,118.93
LQD,2013-02-14,119.38,119.46,119.07
LQD,2013-02-15,119.33,119.42,119.2
LQD,2013-02-19,119.3,119.6,119.21
LQD,2013-02-20,119.5,119.52,119.16
LQD,2013-02-21,119.69,119.82,119.61
LQD,2013-02-22,119.77,119.8499,119.67
LQD,2013-02-25,120.48,120.53,119.41
LQD,2013-02-26,120.33,120.59,120.26
LQD,2013-02-27,120.29,120.5828,120.17
LQD,2013-02-28,120.33,120.39,120.11
LQD,2013-03-01,120.23,120.29,119.99
LQD,2013-03-04,120.14,120.23,120.04
LQD,2013-03-05,119.94,120.15,119.85
LQD,2013-03-06,119.59,119.81,119.54
LQD,2013-03-07,119.2,119.4,119.2
LQD,2013-03-08,118.78,119.03,118.65
LQD,2013-03-11,118.86,118.96,118.78
LQD,2013-03-12,119.1,119.17,118.95
LQD,2013-03-13,118.99,119.11,118.89
LQD,2013-03-14,119.04,119.13,118.82
LQD,2013-03-15,119.2,119.29,118.98
LQD,2013-03-18,119.49,119.52,119.3315
LQD,2013-03-19,119.69,119.82,119.57
LQD,2013-03-20,119.34,119.58,119.334
LQD,2013-03-21,119.46,119.6,119.3211
LQD,2013-03-22,119.47,119.62,119.34
LQD,2013-03-25,119.47,119.58,119.25
LQD,2013-03-26,119.55,119.57,119.26
LQD,2013-03-27,119.97,120.05,119.65
LQD,2013-03-28,119.9,119.94,119.73
LQD,2013-04-01,119.36,119.77,119.29
LQD,2013-04-02,119.35,119.47,119.284
LQD,2013-04-03,119.83,119.83,119.49
LQD,2013-04-04,120.47,120.49,119.96
LQD,2013-04-05,120.84,121.05,120.742
LQD,2013-04-08,120.95,121.04,120.89
LQD,2013-04-09,121.07,121.18,120.98
LQD,2013-04-10,120.75,120.95,120.66
LQD,2013-04-11,120.83,120.98,120.76
LQD,2013-04-12,121.43,121.5,121.05
LQD,2013-04-15,121.47,121.53,121.3165
LQD,2013-04-16,121.25,121.37,121.23
LQD,2013-04-17,121.42,121.63,121.32
LQD,2013-04-18,121.53,121.66,121.45
LQD,2013-04-19,121.71,121.77,121.47
LQD,2013-04-22,121.75,121.805,121.67
LQD,2013-04-23,121.91,122.09,121.812
LQD,2013-04-24,121.96,122.04,121.81
LQD,2013-04-25,121.89,122.02,121.83
LQD,2013-04-26,122.33,122.35,122.15
LQD,2013-04-29,122.34,122.55,122.3
LQD,2013-04-30,122.13,122.57,122.1
LQD,2013-05-01,122.31,122.39,121.95
LQD,2013-05-02,122.31,122.4,122.09
LQD,2013-05-03,121.16,121.89,121.15
LQD,2013-05-06,121.14,121.4,121.08
LQD,2013-05-07,121.046,121.26,120.99
LQD,2013-05-08,121.16,121.27,120.96
LQD,2013-05-09,120.9,121.41,120.9
LQD,2013-05-10,120.27,120.86,120.05
LQD,2013-05-13,119.96,120.16,119.9
LQD,2013-05-14,119.64,120.305,119.61
LQD,2013-05-15,120.06,120.15,119.672
LQD,2013-05-16,120.61,120.75,120.28
LQD,2013-05-17,120.09,120.55,120.04
LQD,2013-05-20,119.95,120.31,119.87
LQD,2013-05-21,120.4,120.41,119.73
LQD,2013-05-22,119.45,120.6,119.44
LQD,2013-05-23,119.57,119.809,119.23
LQD,2013-05-24,119.49,119.81,119.46
LQD,2013-05-28,118.34,119.49,118.33
LQD,2013-05-29,118.29,118.58,118.15
LQD,2013-05-30,118.44,118.6,118.25
LQD,2013-05-31,117.85,118.45,117.48
LQD,2013-06-03,117.18,117.75,116.93
LQD,2013-06-04,116.72,117.25,116.71
LQD,2013-06-05,116.55,117.0,116.48
LQD,2013-06-06,117.05,117.46,116.42
LQD,2013-06-07,116.59,117.2,116.394
LQD,2013-06-10,116.23,116.48,116.07
LQD,2013-06-11,116.01,116.05,115.23
LQD,2013-06-12,115.61,116.1,115.5
LQD,2013-06-13,116.85,116.91,115.79
LQD,2013-06-14,116.77,117.15,116.7407
LQD,2013-06-17,116.6,117.11,116.55
LQD,2013-06-18,116.37,116.56,116.16
LQD,2013-06-19,114.72,116.56,114.67
LQD,2013-06-20,113.135,113.89,112.79
LQD,2013-06-21,112.21,113.48,112.2
LQD,2013-06-24,111.48,112.0999,110.91
LQD,2013-06-25,111.85,112.47,111.66
LQD,2013-06-26,112.7,113.0,112.51
LQD,2013-06-27,113.72,113.79,113.24
LQD,2013-06-28,113.65,113.7,112.8801
LQD,2013-07-01,113.58,113.94,113.08
LQD,2013-07-02,113.94,114.168,113.662
LQD,2013-07-03,113.61,114.08,113.57
LQD,2013-07-05,112.17,112.43,111.7
LQD,2013-07-08,113.09,113.09,112.54
LQD,2013-07-09,113.19,113.51,113.05
LQD,2013-07-10,112.86,113.45,112.8001
LQD,2013-07-11,114.19,114.2,113.6
LQD,2013-07-12,113.87,114.5,113.74
LQD,2013-07-15,114.6,114.62,113.95
LQD,2013-07-16,114.43,114.6,114.29
LQD,2013-07-17,114.86,115.15,114.74
LQD,2013-07-18,114.56,114.95,114.421
LQD,2013-07-19,115.19,115.21,114.73
LQD,2013-07-22,115.45,115.47,115.29
LQD,2013-07-23,115.27,115.38,115.007
LQD,2013-07-24,114.71,114.88,114.29
LQD,2013-07-25,114.57,114.57,114.1298
LQD,2013-07-26,114.69,114.79,114.49
LQD,2013-07-29,114.5,114.68,114.44
LQD,2013-07-30,114.53,114.78,114.364
LQD,2013-07-31,114.54,114.65,113.7
LQD,2013-08-01,113.28,113.95,113.122
LQD,2013-08-02,113.84,113.9699,113.62
LQD,2013-08-05,113.41,113.83,113.38
LQD,2013-08-06,113.48,113.6,113.28
LQD,2013-08-07,113.73,113.86,113.595
LQD,2013-08-08,113.97,114.17,113.89
LQD,2013-08-09,113.97,114.08,113.75
LQD,2013-08-12,113.91,114.18,113.85
LQD,2013-08-13,113.1,113.41,113.0
LQD,2013-08-14,112.91,113.15,112.87
LQD,2013-08-15,112.11,112.42,111.99
LQD,2013-08-16,111.55,112.21,111.364
LQD,2013-08-19,110.94,111.44,110.93
LQD,2013-08-20,111.62,111.74,111.29
LQD,2013-08-21,110.95,111.66,110.89
LQD,2013-08-22,111.46,111.5,111.05
LQD,2013-08-23,112.21,112.22,111.38
LQD,2013-08-26,112.44,112.465,112.26
LQD,2013-08-27,112.92,112.97,112.45
LQD,2013-08-28,112.94,112.94,112.55
LQD,2013-08-29,113.05,113.07,112.52
LQD,2013-08-30,113.05,113.29,112.81
LQD,2013-09-03,112.24,112.27,111.51
LQD,2013-09-04,111.83,112.3749,111.79
LQD,2013-09-05,110.91,111.425,110.73
LQD,2013-09-06,111.07,111.65,110.9948
LQD,2013-09-09,111.36,111.6,111.27
LQD,2013-09-10,110.87,111.32,110.82
LQD,2013-09-11,111.39,111.39,110.82
LQD,2013-09-12,111.31,111.76,111.23
LQD,2013-09-13,111.38,111.54,111.32
LQD,2013-09-16,111.51,112.44,111.44
LQD,2013-09-17,111.81,111.84,111.56
LQD,2013-09-18,113.45,113.71,111.42
LQD,2013-09-19,112.73,113.56,112.66
LQD,2013-09-20,112.832,113.09,112.75
LQD,2013-09-23,113.5,113.515,112.89
LQD,2013-09-24,113.79,113.93,113.403
LQD,2013-09-25,114.145,114.18,113.63
LQD,2013-09-26,113.86,113.95,113.73
LQD,2013-09-27,113.77,113.85,113.66
LQD,2013-09-30,113.52,113.78,113.42
LQD,2013-10-01,113.04,113.18,112.93
LQD,2013-10-02,113.38,113.565,113.19
LQD,2013-10-03,113.44,113.6299,113.29
LQD,2013-10-04,113.33,113.43,113.19
LQD,2013-10-07,113.53,113.685,113.4301
LQD,2013-10-08,113.51,113.62,113.28
LQD,2013-10-09,113.27,113.53,113.21
LQD,2013-10-10,113.43,113.49,113.02
LQD,2013-10-11,113.58,113.81,113.53
LQD,2013-10-14,113.23,113.641,113.11
LQD,2013-10-15,113.25,113.58,113.2
LQD,2013-10-16,114.09,114.15,113.21
LQD,2013-10-17,114.93,115.0,114.34
LQD,2013-10-18,115.08,115.27,114.99
LQD,2013-10-21,114.78,115.18,114.74
LQD,2013-10-22,115.48,115.49,115.26
LQD,2013-10-23,115.45,115.6739,115.41
LQD,2013-10-24,115.33,115.64,115.265
LQD,2013-10-25,115.32,115.53,115.3001
LQD,2013-10-28,115.43,115.5201,115.25
LQD,2013-10-29,115.59,115.6,115.26
LQD,2013-10-30,115.36,115.75,115.08
LQD,2013-10-31,115.2,115.5015,115.09
LQD,2013-11-01,114.51,114.9299,114.29
LQD,2013-11-04,114.54,114.79,114.52
LQD,2013-11-05,114.05,114.33,113.92
LQD,2013-11-06,114.18,114.24,114.08
LQD,2013-11-07,114.41,114.49,114.21
LQD,2013-11-08,113.29,113.5101,113.28
LQD,2013-11-11,113.1,113.28,113.01
LQD,2013-11-12,113.18,113.2201,113.0
LQD,2013-11-13,113.44,113.57,113.3017
LQD,2013-11-14,114.06,114.14,113.66
LQD,2013-11-15,114.06,114.15,113.93
LQD,2013-11-18,114.57,114.57,114.12
LQD,2013-11-19,114.17,114.46,114.165
LQD,2013-11-20,113.68,114.44,113.52
LQD,2013-11-21,113.9,113.93,113.3345
LQD,2013-11-22,114.3,114.3,114.0
LQD,2013-11-25,114.5,114.54,114.27
LQD,2013-11-26,114.73,114.7755,114.52
LQD,2013-11-27,114.75,114.81,114.2807
LQD,2013-11-29,114.66,114.75,114.3425
LQD,2013-12-02,113.75,114.2,113.74
LQD,2013-12-03,114.04,114.136,113.89
LQD,2013-12-04,113.67,113.7199,113.42
LQD,2013-12-05,113.42,113.59,113.2382
LQD,2013-12-06,113.66,113.69,113.34
LQD,2013-12-09,113.83,113.85,113.66
LQD,2013-12-10,114.29,114.31,113.99
LQD,2013-12-11,113.97,114.29,113.9401
LQD,2013-12-12,113.78,113.92,113.7101
LQD,2013-12-13,114.09,114.1261,113.82
LQD,2013-12-16,114.18,114.35,114.06
LQD,2013-12-17,114.52,114.52,114.09
LQD,2013-12-18,114.52,114.9013,114.0401
LQD,2013-12-19,114.35,114.5,114.17
LQD,2013-12-20,114.88,114.88,114.505
LQD,2013-12-23,114.7,115.04,114.69
LQD,2013-12-24,114.67,115.0,114.51
LQD,2013-12-26,114.24,114.39,114.17
LQD,2013-12-27,114.14,114.24,114.04
LQD,2013-12-30,114.48,114.49,114.2
LQD,2013-12-31,114.188,114.4932,114.02
LQD,2014-01-02,114.41,114.46,114.11
LQD,2014-01-03,114.58,114.74,114.22
LQD,2014-01-06,114.83,114.89,114.65
LQD,2014-01-07,114.74,114.935,114.66
LQD,2014-01-08,114.25,114.53,114.15
LQD,2014-01-09,114.51,114.51,114.18
LQD,2014-01-10,115.13,115.25,114.89
LQD,2014-01-13,115.35,115.45,115.17
LQD,2014-01-14,115.01,115.299,115.0042
LQD,2014-01-15,115.04,115.09,114.74
LQD,2014-01-16,115.31,115.32,115.17
LQD,2014-01-17,115.44,115.44,115.11
LQD,2014-01-21,115.28,115.4,115.27
LQD,2014-01-22,115.0,115.29,114.99
LQD,2014-01-23,115.44,115.6,115.2
LQD,2014-01-24,115.36,115.63,115.27
LQD,2014-01-27,115.14,115.59,115.14
LQD,2014-01-28,115.7,115.7,115.3
LQD,2014-01-29,115.93,115.99,115.5801
LQD,2014-01-30,115.99,116.02,115.6701
LQD,2014-01-31,116.34,116.34,116.01
LQD,2014-02-03,116.74,116.75,115.83
LQD,2014-02-04,116.18,116.34,116.1
LQD,2014-02-05,115.81,116.01,115.775
LQD,2014-02-06,115.7,115.83,115.62
LQD,2014-02-07,116.06,116.17,115.7801
LQD,2014-02-10,116.11,116.12,115.88
LQD,2014-02-11,115.87,115.93,115.71
LQD,2014-02-12,115.52,115.72,115.46
LQD,2014-02-13,116.0,116.1,115.85
LQD,2014-02-14,116.22,116.22,115.98
LQD,2014-02-18,116.46,116.65,116.29
LQD,2014-02-19,116.33,116.7,116.26
LQD,2014-02-20,116.18,116.31,116.0
LQD,2014-02-21,116.3,116.34,116.04
LQD,2014-02-24,116.36,116.46,116.23
LQD,2014-02-25,116.81,116.81,116.45
LQD,2014-02-26,117.19,117.2,116.79
LQD,2014-02-27,117.39,117.44,117.26
LQD,2014-02-28,117.32,117.36,117.03
LQD,2014-03-03,117.28,117.29,116.9632
LQD,2014-03-04,116.65,117.04,116.65
LQD,2014-03-05,116.59,116.85,116.55
LQD,2014-03-06,116.24,116.38,116.115
LQD,2014-03-07,115.82,116.0,115.64
LQD,2014-03-10,115.64,115.79,115.62
LQD,2014-03-11,115.68,115.81,115.61
LQD,2014-03-12,116.09,116.14,115.93
LQD,2014-03-13,116.5,116.56,115.82
LQD,2014-03-14,116.37,116.77,116.37
LQD,2014-03-17,116.22,116.43,116.17
LQD,2014-03-18,116.58,116.58,116.19
LQD,2014-03-19,115.74,116.54,115.69
LQD,2014-03-20,115.9,115.96,115.7111
LQD,2014-03-21,116.3,116.39,116.01
LQD,2014-03-24,116.52,116.6554,116.25
LQD,2014-03-25,116.56,116.6,116.28
LQD,2014-03-26,117.01,117.03,116.6
LQD,2014-03-27,117.04,117.26,116.8101
LQD,2014-03-28,116.95,117.11,116.83
LQD,2014-03-31,116.94,116.97,116.57
LQD,2014-04-01,116.31,116.526,116.3
LQD,2014-04-02,116.15,116.26,116.08
LQD,2014-04-03,116.37,116.505,116.25
LQD,2014-04-04,116.83,117.03,116.72
LQD,2014-04-07,117.11,117.2,116.96
LQD,2014-04-08,117.42,117.42,117.025
LQD,2014-04-09,117.52,117.59,117.13
LQD,2014-04-10,117.68,118.04,117.39
LQD,2014-04-11,117.76,118.0,117.76
LQD,2014-04-14,117.84,117.93,117.7
LQD,2014-04-15,118.09,118.23,117.77
LQD,2014-04-16,118.14,118.15,117.75
LQD,2014-04-17,117.46,118.12,117.42
LQD,2014-04-21,117.62,117.7897,117.51
LQD,2014-04-22,117.68,117.74,117.4
LQD,2014-04-23,117.94,118.01,117.76
LQD,2014-04-24,117.96,118.01,117.7
LQD,2014-04-25,117.94,118.27,117.94
LQD,2014-04-28,117.8,118.075,117.7
LQD,2014-04-29,117.82,117.87,117.6
LQD,2014-04-30,118.15,118.28,117.786
LQD,2014-05-01,118.3,118.32,117.8175
LQD,2014-05-02,118.55,118.68,117.94
LQD,2014-05-05,118.25,118.64,118.24
LQD,2014-05-06,118.45,118.55,118.3668
LQD,2014-05-07,118.47,118.58,118.29
LQD,2014-05-08,118.5,118.83,118.37
LQD,2014-05-09,118.37,118.48,118.23
LQD,2014-05-12,118.07,118.1965,117.97
LQD,2014-05-13,118.51,118.52,118.3
LQD,2014-05-14,119.1,119.22,118.835
LQD,2014-05-15,119.31,119.56,119.1
LQD,2014-05-16,119.17,119.356,119.07
LQD,2014-05-19,119.06,119.455,118.97
LQD,2014-05-20,119.06,119.32,118.95
LQD,2014-05-21,118.84,118.89,118.67
LQD,2014-05-22,118.8,118.87,118.68
LQD,2014-05-23,118.93,119.04,118.83
LQD,2014-05-27,119.35,119.35,118.81
LQD,2014-05-28,119.92,119.92,119.51
LQD,2014-05-29,119.57,120.13,119.57
LQD,2014-05-30,119.59,119.69,119.34
LQD,2014-06-02,118.59,119.08,118.55
LQD,2014-06-03,118.05,118.49,118.05
LQD,2014-06-04,117.99,118.225,117.97
LQD,2014-06-05,118.24,118.35,117.9101
LQD,2014-06-06,118.49,118.7603,118.37
LQD,2014-06-09,118.25,118.33,118.11
LQD,2014-06-10,118.03,118.1699,118.0
LQD,2014-06-11,118.12,118.28,118.032
LQD,2014-06-12,118.5,118.5956,118.06
LQD,2014-06-13,118.48,118.59,118.08
LQD,2014-06-16,118.47,118.62,118.3831
LQD,2014-06-17,118.07,118.38,118.06
LQD,2014-06-18,118.75,118.75,118.172
LQD,2014-06-19,118.33,118.9,118.21
LQD,2014-06-20,118.56,118.61,118.1801
LQD,2014-06-23,118.55,118.78,118.49
LQD,2014-06-24,119.05,119.06,118.59
LQD,2014-06-25,119.17,119.43,119.14
LQD,2014-06-26,119.39,119.52,119.24
LQD,2014-06-27,119.37,119.61,119.37
LQD,2014-06-30,119.26,119.455,119.172
LQD,2014-07-01,118.47,118.85,118.46
LQD,2014-07-02,118.05,118.32,117.97
LQD,2014-07-03,117.93,118.0,117.66
LQD,2014-07-07,118.14,118.22,117.95
LQD,2014-07-08,118.58,118.66,118.46
LQD,2014-07-09,118.77,118.87,118.37
LQD,2014-07-10,118.68,118.97,118.65
LQD,2014-07-11,119.05,119.11,118.84
LQD,2014-07-14,118.8,118.93,118.73
LQD,2014-07-15,118.67,119.04,118.5
LQD,2014-07-16,118.95,118.99,118.69
LQD,2014-07-17,119.4,119.49,119.06
LQD,2014-07-18,119.24,119.39,119.07
LQD,2014-07-21,119.24,119.47,119.21
LQD,2014-07-22,119.33,119.4,119.175
LQD,2014-07-23,119.47,119.55,119.41
LQD,2014-07-24,119.0,119.17,118.98
LQD,2014-07-25,119.46,119.46,119.22
LQD,2014-07-28,119.32,119.51,119.231
LQD,2014-07-29,119.43,119.55,119.28
LQD,2014-07-30,118.88,119.18,118.7
LQD,2014-07-31,118.55,118.73,118.36
LQD,2014-08-01,118.82,118.88,118.08
LQD,2014-08-04,118.85,119.01,118.72
LQD,2014-08-05,118.97,118.99,118.5
LQD,2014-08-06,118.76,119.116,118.74
LQD,2014-08-07,119.07,119.12,118.79
LQD,2014-08-08,119.04,119.41,119.0
LQD,2014-08-11,119.09,119.28,119.0201
LQD,2014-08-12,119.03,119.21,118.98
LQD,2014-08-13,119.27,119.33,119.0
LQD,2014-08-14,119.4,119.5,119.19
LQD,2014-08-15,119.82,120.18,119.51
LQD,2014-08-18,119.55,119.74,119.46
LQD,2014-08-19,119.47,119.775,119.3
LQD,2014-08-20,119.2,119.47,119.11
LQD,2014-08-21,119.61,119.64,119.38
LQD,2014-08-22,119.76,119.88,119.34
LQD,2014-08-25,119.95,119.95,119.7235
LQD,2014-08-26,120.03,120.09,119.85
LQD,2014-08-27,120.23,120.29,120.02
LQD,2014-08-28,120.49,120.6,120.32
LQD,2014-08-29,120.58,120.68,120.3896
LQD,2014-09-02,119.67,119.88,119.58
LQD,2014-09-03,119.83,119.83,119.41
LQD,2014-09-04,118.98,119.66,118.95
LQD,2014-09-05,119.0,119.4,118.89
LQD,2014-09-08,118.8,119.3,118.77
LQD,2014-09-09,118.48,118.71,118.47
LQD,2014-09-10,118.29,118.41,118.2
LQD,2014-09-11,118.2,118.55,118.2
LQD,2014-09-12,117.63,118.025,117.6
LQD,2014-09-15,117.66,117.94,117.61
LQD,2014-09-16,117.64,117.92,117.575
LQD,2014-09-17,117.32,117.9107,117.26
LQD,2014-09-18,117.53,117.58,117.328
LQD,2014-09-19,117.99,118.02,117.5001
LQD,2014-09-22,118.1,118.17,117.91
LQD,2014-09-23,118.29,118.29,118.06
LQD,2014-09-24,118.01,118.24,117.94
LQD,2014-09-25,118.36,118.44,118.05
LQD,2014-09-26,118.1,118.14,117.4
LQD,2014-09-29,118.05,118.23,117.88
LQD,2014-09-30,118.22,118.418,118.05
LQD,2014-10-01,118.6,118.81,118.25
LQD,2014-10-02,118.59,118.79,118.37
LQD,2014-10-03,118.93,118.95,118.37
LQD,2014-10-06,118.99,119.1499,118.87
LQD,2014-10-07,119.42,119.63,119.16
LQD,2014-10-08,120.03,120.08,119.23
LQD,2014-10-09,119.53,119.94,119.51
LQD,2014-10-10,119.63,119.67,119.41
LQD,2014-10-13,119.94,120.18,119.8
LQD,2014-10-14,120.21,120.25,119.89
LQD,2014-10-15,120.3,122.43,120.13
LQD,2014-10-16,120.03,120.7899,119.8401
LQD,2014-10-17,119.98,120.2,119.75
LQD,2014-10-20,120.2,120.29,119.97
LQD,2014-10-21,120.13,120.24,119.95
LQD,2014-10-22,119.93,120.02,119.78
LQD,2014-10-23,119.7,119.85,119.45
LQD,2014-10-24,119.75,119.95,119.6
LQD,2014-10-27,119.9,119.91,119.66
LQD,2014-10-28,119.5,119.75,119.44
LQD,2014-10-29,119.28,119.498,118.86
LQD,2014-10-30,119.36,119.7,119.3
LQD,2014-10-31,119.34,119.44,119.03
LQD,2014-11-03,118.77,118.97,118.63
LQD,2014-11-04,118.94,119.13,118.77
LQD,2014-11-05,118.72,118.85,118.6082
LQD,2014-11-06,118.36,118.71,118.33
LQD,2014-11-07,119.1,119.12,118.5
LQD,2014-11-10,118.51,119.0,118.5
LQD,2014-11-11,118.5,118.59,118.4
LQD,2014-11-12,118.49,118.98,118.35
LQD,2014-11-13,118.36,118.56,118.3116
LQD,2014-11-14,118.51,118.71,118.186
LQD,2014-11-17,118.23,118.68,118.17
LQD,2014-11-18,118.33,118.36,118.16
LQD,2014-11-19,117.7,118.08,117.7
LQD,2014-11-20,118.15,118.3,117.865
LQD,2014-11-21,118.66,118.75,118.3
LQD,2014-11-24,118.85,118.89,118.6
LQD,2014-11-25,119.36,119.45,118.95
LQD,2014-11-26,119.77,119.85,119.66
LQD,2014-11-28,120.09,120.11,119.91
LQD,2014-12-01,119.34,119.88,118.95
LQD,2014-12-02,118.54,118.96,118.54
LQD,2014-12-03,118.66,118.83,118.55
LQD,2014-12-04,118.85,119.0,118.58
LQD,2014-12-05,118.36,118.81,118.3
LQD,2014-12-08,118.92,119.06,118.418
LQD,2014-12-09,119.02,119.27,118.8986
LQD,2014-12-10,118.98,119.27,118.93
LQD,2014-12-11,118.86,119.145,118.68
LQD,2014-12-12,119.05,119.63,119.0
LQD,2014-12-15,119.33,119.49,118.86
LQD,2014-12-16,119.29,119.6,119.14
LQD,2014-12-17,119.32,119.89,119.13
LQD,2014-12-18,119.44,119.51,118.88
LQD,2014-12-19,119.38,119.47,119.03
LQD,2014-12-22,119.76,119.81,119.3303
LQD,2014-12-23,118.85,119.61,118.77
LQD,2014-12-24,118.91,118.99,118.42
LQD,2014-12-26,119.0,119.13,118.86
LQD,2014-12-29,119.23,119.42,119.11
LQD,2014-12-30,119.33,119.72,119.3
LQD,2014-12-31,119.41,119.79,119.31
LQD,2015-01-02,119.83,120.24,119.55
LQD,2015-01-05,120.32,120.68,120.09
LQD,2015-01-06,120.81,121.17,120.47
LQD,2015-01-07,120.97,121.05,120.505
LQD,2015-01-08,120.58,120.67,120.37
LQD,2015-01-09,120.9,121.02,120.3901
LQD,2015-01-12,121.13,121.19,120.87
LQD,2015-01-13,121.24,121.28,120.911
LQD,2015-01-14,121.45,121.8242,121.35
LQD,2015-01-15,122.08,122.27,121.45
LQD,2015-01-16,121.4,121.91,121.23
LQD,2015-01-20,121.68,122.06,121.63
LQD,2015-01-21,121.63,122.11,121.32
LQD,2015-01-22,121.57,121.96,121.25
LQD,2015-01-23,122.28,122.4099,122.04
LQD,2015-01-26,122.25,122.47,122.0
LQD,2015-01-27,122.34,122.83,122.2
LQD,2015-01-28,123.17,123.34,122.37
LQD,2015-01-29,122.88,123.03,122.6901
LQD,2015-01-30,123.89,123.9,123.4289
LQD,2015-02-02,123.67,123.72,123.05
LQD,2015-02-03,122.67,123.19,122.52
LQD,2015-02-04,122.84,122.87,122.194
LQD,2015-02-05,122.45,122.6899,122.36
LQD,2015-02-06,121.17,122.0887,121.14
LQD,2015-02-09,121.25,121.6199,121.11
LQD,2015-02-10,120.92,121.2999,120.89
LQD,2015-02-11,121.0,121.05,120.64
LQD,2015-02-12,121.31,121.44,120.9
LQD,2015-02-13,120.83,121.36,120.8201
LQD,2015-02-17,120.27,120.78,120.06
LQD,2015-02-18,120.7,121.0,120.2101
LQD,2015-02-19,120.68,121.075,120.54
LQD,2015-02-20,120.86,121.317,120.47
LQD,2015-02-23,121.27,121.28,121.062
LQD,2015-02-24,122.06,122.1,120.8
LQD,2015-02-25,122.17,122.2,121.74
LQD,2015-02-26,121.51,122.1499,121.4401
LQD,2015-02-27,121.8,121.86,121.31
LQD,2015-03-02,120.42,121.36,120.4
LQD,2015-03-03,120.35,120.7698,120.34
LQD,2015-03-04,120.27,120.6664,120.2
LQD,2015-03-05,120.43,120.575,120.13
LQD,2015-03-06,119.15,119.81,119.1101
LQD,2015-03-09,119.63,119.68,119.38
LQD,2015-03-10,119.82,120.19,119.79
LQD,2015-03-11,120.43,120.44,119.875
LQD,2015-03-12,120.31,120.7199,120.08
LQD,2015-03-13,119.97,120.3,119.9
LQD,2015-03-16,120.09,120.42,119.9144
LQD,2015-03-17,120.29,120.37,119.8824
LQD,2015-03-18,121.77,121.89,120.36
LQD,2015-03-19,121.15,121.61,121.05
LQD,2015-03-20,121.49,121.71,121.36
LQD,2015-03-23,121.77,121.83,121.5535
LQD,2015-03-24,121.95,122.0,121.7
LQD,2015-03-25,121.55,122.3,121.44
LQD,2015-03-26,120.8,121.38,120.72
LQD,2015-03-27,121.28,121.54,121.03
LQD,2015-03-30,121.49,121.59,121.28
LQD,2015-03-31,121.71,121.76,121.3201
LQD,2015-04-01,121.73,122.17,121.6053
LQD,2015-04-02,121.53,122.12,121.5
LQD,2015-04-06,121.69,122.16,121.4
LQD,2015-04-07,122.13,122.14,121.4748
LQD,2015-04-08,122.09,122.13,121.7
LQD,2015-04-09,121.47,122.07,121.355
LQD,2015-04-10,121.64,121.9,121.56
LQD,2015-04-13,121.6,121.8498,121.54
LQD,2015-04-14,121.88,122.31,121.85
LQD,2015-04-15,121.96,122.29,121.96
LQD,2015-04-16,121.89,122.14,121.57
LQD,2015-04-17,122.22,122.35,121.6501
LQD,2015-04-20,121.93,122.347,121.8424
LQD,2015-04-21,121.9,122.1,121.78
LQD,2015-04-22,121.11,121.94,121.0862
LQD,2015-04-23,121.42,121.59,121.035
LQD,2015-04-24,121.65,121.83,121.51
LQD,2015-04-27,121.56,121.76,121.3199
LQD,2015-04-28,120.84,121.38,120.76
LQD,2015-04-29,119.84,120.15,119.6
LQD,2015-04-30,119.94,120.01,119.1702
LQD,2015-05-01,118.95,119.47,118.8
LQD,2015-05-04,118.57,119.155,118.56
LQD,2015-05-05,118.37,118.69,118.05
LQD,2015-05-06,117.86,118.3,117.68
LQD,2015-05-07,118.33,118.414,117.86
LQD,2015-05-08,119.01,119.23,118.83
LQD,2015-05-11,117.81,118.65,117.69
LQD,2015-05-12,117.64,117.98,117.2
LQD,2015-05-13,117.53,118.28,117.49
LQD,2015-05-14,117.93,118.14,117.61
LQD,2015-05-15,118.75,118.82,118.1
LQD,2015-05-18,117.84,118.48,117.75
LQD,2015-05-19,117.21,117.8,117.2
LQD,2015-05-20,117.35,117.68,117.11
LQD,2015-05-21,117.91,117.945,117.42
LQD,2015-05-22,117.83,117.85,117.51
LQD,2015-05-26,118.35,118.41,117.81
LQD,2015-05-27,118.47,118.55,118.09
LQD,2015-05-28,118.22,118.49,118.19
LQD,2015-05-29,118.27,118.57,118.13
LQD,2015-06-01,117.28,117.99,117.22
LQD,2015-06-02,116.68,116.99,116.59
LQD,2015-06-03,115.93,116.44,115.71
LQD,2015-06-04,116.53,116.67,116.12
LQD,2015-06-05,115.94,116.21,115.5
LQD,2015-06-08,115.86,116.2,115.86
LQD,2015-06-09,115.34,115.67,115.24
LQD,2015-06-10,115.03,115.28,114.9312
LQD,2015-06-11,116.05,116.07,115.2901
LQD,2015-06-12,115.85,116.33,115.7301
LQD,2015-06-15,115.83,116.25,115.68
LQD,2015-06-16,116.12,116.12,115.66
LQD,2015-06-17,116.11,116.2,115.47
LQD,2015-06-18,115.9,115.998,115.53
LQD,2015-06-19,116.52,116.619,116.0601
LQD,2015-06-22,115.6,116.25,115.54
LQD,2015-06-23,115.34,115.64,115.09
LQD,2015-06-24,115.66,115.72,115.3002
LQD,2015-06-25,115.47,115.64,115.26
LQD,2015-06-26,114.94,115.13,114.73
LQD,2015-06-29,115.94,116.09,115.15
LQD,2015-06-30,115.72,116.18,115.6001
LQD,2015-07-01,115.02,115.29,115.02
LQD,2015-07-02,115.46,115.66,115.28
LQD,2015-07-06,115.92,116.07,115.59
LQD,2015-07-07,116.4,116.86,116.26
LQD,2015-07-08,116.56,116.705,116.23
LQD,2015-07-09,115.79,116.2,115.7238
LQD,2015-07-10,115.05,115.36,114.81
LQD,2015-07-13,114.8,115.0798,114.58
LQD,2015-07-14,114.9,115.0,114.655
LQD,2015-07-15,115.2,115.3706,114.77
LQD,2015-07-16,115.38,115.46,114.92
LQD,2015-07-17,115.46,115.616,115.388
LQD,2015-07-20,115.19,115.45,115.1501
LQD,2015-07-21,115.43,115.48,115.0
LQD,2015-07-22,115.58,115.75,115.3401
LQD,2015-07-23,115.92,116.02,115.3968
LQD,2015-07-24,115.87,116.11,115.67
LQD,2015-07-27,115.88,116.18,115.81
LQD,2015-07-28,115.79,115.82,115.5
LQD,2015-07-29,115.69,115.8136,115.52
LQD,2015-07-30,115.75,115.918,115.6
LQD,2015-07-31,116.35,116.41,116.1001
LQD,2015-08-03,116.29,116.38,115.83
LQD,2015-08-04,115.7,116.05,115.64
LQD,2015-08-05,115.25,115.51,115.09
LQD,2015-08-06,115.47,115.59,115.33
LQD,2015-08-07,115.87,115.94,115.55
LQD,2015-08-10,115.41,115.68,115.35
LQD,2015-08-11,115.89,116.21,115.8201
LQD,2015-08-12,115.71,116.26,115.65
LQD,2015-08-13,115.31,115.66,115.22
LQD,2015-08-14,115.42,115.53,115.165
LQD,2015-08-17,115.79,116.1,115.5901
LQD,2015-08-18,115.35,115.64,115.28
LQD,2015-08-19,115.91,115.989,115.0001
LQD,2015-08-20,115.98,116.1071,115.81
LQD,2015-08-21,116.01,116.29,115.815
LQD,2015-08-24,115.69,116.59,115.63
LQD,2015-08-25,115.1,115.558,114.87
LQD,2015-08-26,115.03,115.23,114.68
LQD,2015-08-27,115.14,115.39,114.7
LQD,2015-08-28,115.35,115.76,115.27
LQD,2015-08-31,115.06,115.82,115.06
LQD,2015-09-01,115.42,115.49,114.84
LQD,2015-09-02,115.25,115.46,114.97
LQD,2015-09-03,115.8,115.94,115.42
LQD,2015-09-04,116.06,116.2,115.775
LQD,2015-09-08,115.52,115.816,115.5
LQD,2015-09-09,115.77,115.839,115.2
LQD,2015-09-10,115.54,115.65,115.36
LQD,2015-09-11,115.62,115.89,115.57
LQD,2015-09-14,115.61,115.82,115.48
LQD,2015-09-15,114.74,115.48,114.64
LQD,2015-09-16,114.95,115.05,114.76
LQD,2015-09-17,115.9,115.94,114.8891
LQD,2015-09-18,116.25,116.38,116.0
LQD,2015-09-21,115.66,116.1,115.61
LQD,2015-09-22,116.16,116.347,115.94
LQD,2015-09-23,116.09,116.215,115.93
LQD,2015-09-24,116.11,116.515,116.08
LQD,2015-09-25,115.76,115.95,115.645
LQD,2015-09-28,115.96,116.155,115.6952
LQD,2015-09-29,116.11,116.15,115.82
LQD,2015-09-30,116.09,116.13,115.83
LQD,2015-10-01,115.73,115.92,115.57
LQD,2015-10-02,116.24,116.49,116.02
LQD,2015-10-05,115.93,116.07,115.801
LQD,2015-10-06,116.16,116.22,115.65
LQD,2015-10-07,116.57,116.595,115.92
LQD,2015-10-08,116.11,116.57,115.975
LQD,2015-10-09,116.16,116.275,115.9885
LQD,2015-10-12,116.63,116.7,116.32
LQD,2015-10-13,116.54,116.64,116.24
LQD,2015-10-14,117.0,117.01,116.57
LQD,2015-10-15,116.95,116.95,116.61
LQD,2015-10-16,116.99,117.03,116.83
LQD,2015-10-19,116.98,116.99,116.6351
LQD,2015-10-20,116.76,116.85,116.55
LQD,2015-10-21,117.34,117.37,117.05
LQD,2015-10-22,117.59,117.78,117.2203
LQD,2015-10-23,117.16,117.41,117.16
LQD,2015-10-26,117.37,117.43,117.13
LQD,2015-10-27,117.4,117.69,117.37
LQD,2015-10-28,116.94,117.3583,116.8178
LQD,2015-10-29,116.12,116.63,116.0
LQD,2015-10-30,116.42,116.44,116.08
LQD,2015-11-02,115.59,115.8799,115.56
LQD,2015-11-03,115.6,115.71,115.43
LQD,2015-11-04,115.47,115.79,115.45
LQD,2015-11-05,115.5,115.72,115.23
LQD,2015-11-06,114.75,114.875,114.64
LQD,2015-11-09,114.56,114.81,114.43
LQD,2015-11-10,114.85,115.06,114.57
LQD,2015-11-11,114.84,114.9,114.73
LQD,2015-11-12,114.8,115.1998,114.7401
LQD,2015-11-13,115.14,115.19,114.9801
LQD,2015-11-16,115.16,115.2999,115.0171
LQD,2015-11-17,115.28,115.5025,114.86
LQD,2015-11-18,115.31,115.41,115.065
LQD,2015-11-19,115.65,115.765,115.4401
LQD,2015-11-20,115.63,115.76,115.48
LQD,2015-11-23,115.67,115.75,115.47
LQD,2015-11-24,115.71,115.82,115.5785
LQD,2015-11-25,115.82,115.91,115.68
LQD,2015-11-27,115.86,116.0,115.86
LQD,2015-11-30,115.91,115.95,115.8
LQD,2015-12-01,116.45,116.47,115.5608
LQD,2015-12-02,116.17,116.33,116.0499
LQD,2015-12-03,114.63,115.686,114.56
LQD,2015-12-04,115.25,115.28,114.79
LQD,2015-12-07,115.45,115.83,115.19
LQD,2015-12-08,115.3,115.61,115.22
LQD,2015-12-09,115.27,115.415,114.93
LQD,2015-12-10,115.0,115.47,115.0
LQD,2015-12-11,115.2,115.41,114.805
LQD,2015-12-14,114.35,115.0,114.18
LQD,2015-12-15,114.36,114.6299,113.94
LQD,2015-12-16,114.34,114.63,113.7
LQD,2015-12-17,114.47,114.74,114.34
LQD,2015-12-18,114.47,114.758,114.426
LQD,2015-12-21,114.55,114.8999,114.4574
LQD,2015-12-22,114.4,114.59,114.291
LQD,2015-12-23,114.5,114.52,114.21
LQD,2015-12-24,114.55,114.55,114.2
LQD,2015-12-28,114.41,114.56,114.21
LQD,2015-12-29,113.82,114.38,113.81
LQD,2015-12-30,113.82,114.05,113.73
LQD,2015-12-31,114.01,114.27,114.0
LQD,2016-01-04,113.95,114.4075,113.89
LQD,2016-01-05,114.01,114.23,113.91
LQD,2016-01-06,114.46,114.53,114.3
LQD,2016-01-07,114.55,114.68,114.245
LQD,2016-01-08,114.64,114.9156,114.44
LQD,2016-01-11,114.27,114.61,114.23
LQD,2016-01-12,114.53,114.91,114.3
LQD,2016-01-13,114.88,115.0,114.54
LQD,2016-01-14,114.31,114.9243,114.26
LQD,2016-01-15,114.14,114.49,113.98
LQD,2016-01-19,113.63,114.12,113.61
LQD,2016-01-20,113.8,113.94,113.51
LQD,2016-01-21,113.47,113.99,113.36
LQD,2016-01-22,113.54,113.7599,113.35
LQD,2016-01-25,113.42,113.705,113.19
LQD,2016-01-26,113.74,113.782,113.44
LQD,2016-01-27,113.43,113.71,113.21
LQD,2016-01-28,113.56,113.748,113.27
LQD,2016-01-29,114.15,114.22,113.9
LQD,2016-02-01,113.45,113.5899,113.11
LQD,2016-02-02,113.66,113.74,113.3676
LQD,2016-02-03,113.38,113.94,113.24
LQD,2016-02-04,113.43,113.676,113.3285
LQD,2016-02-05,113.41,113.5,113.12
LQD,2016-02-08,114.0,114.08,113.5
LQD,2016-02-09,113.61,114.08,113.585
LQD,2016-02-10,113.75,113.93,113.6199
LQD,2016-02-11,114.13,114.49,113.9
LQD,2016-02-12,113.49,113.83,113.17
LQD,2016-02-16,112.95,113.53,112.88
LQD,2016-02-17,112.92,113.14,112.674
LQD,2016-02-18,113.84,113.88,113.084
LQD,2016-02-19,113.76,113.97,113.57
LQD,2016-02-22,113.99,114.04,113.78
LQD,2016-02-23,114.22,114.3,113.55
LQD,2016-02-24,114.33,114.82,114.2749
LQD,2016-02-25,114.97,115.11,114.58
LQD,2016-02-26,114.93,114.9575,114.5697
LQD,2016-02-29,115.01,115.07,114.7792
LQD,2016-03-01,114.05,115.11,113.92
LQD,2016-03-02,114.28,114.3,113.82
LQD,2016-03-03,114.82,114.9,114.28
LQD,2016-03-04,114.8,114.82,114.45
LQD,2016-03-07,114.93,114.96,114.49
LQD,2016-03-08,115.54,115.86,115.45
LQD,2016-03-09,115.41,115.54,115.18
LQD,2016-03-10,115.89,116.09,115.4
LQD,2016-03-11,116.22,116.3825,115.97
LQD,2016-03-14,116.56,116.6,116.21
LQD,2016-03-15,116.52,116.83,116.39
LQD,2016-03-16,117.08,117.12,116.26
LQD,2016-03-17,117.44,117.69,117.08
LQD,2016-03-18,117.71,117.9125,117.5
LQD,2016-03-21,117.57,117.84,117.42
LQD,2016-03-22,117.35,117.8,117.28
LQD,2016-03-23,117.94,117.94,117.31
LQD,2016-03-24,117.89,118.26,117.8
LQD,2016-03-28,117.96,118.19,117.86
LQD,2016-03-29,118.49,118.6,118.105
LQD,2016-03-30,118.35,118.49,118.1899
LQD,2016-03-31,118.82,118.86,118.29
LQD,2016-04-01,118.87,118.96,118.19
LQD,2016-04-04,118.88,118.92,118.66
LQD,2016-04-05,119.26,119.27,118.56
LQD,2016-04-06,119.16,119.18,118.91
LQD,2016-04-07,119.48,119.54,119.25
LQD,2016-04-08,119.21,119.39,119.14
LQD,2016-04-11,119.2,119.335,118.975
LQD,2016-04-12,118.73,119.04,118.605
LQD,2016-04-13,119.14,119.16,118.7001
LQD,2016-04-14,119.06,119.23,118.91
LQD,2016-04-15,119.56,119.62,119.14
LQD,2016-04-18,119.69,119.69,119.34
LQD,2016-04-19,119.91,119.92,119.57
LQD,2016-04-20,119.58,120.39,119.55
LQD,2016-04-21,119.53,119.69,119.33
LQD,2016-04-22,119.66,119.91,119.55
LQD,2016-04-25,119.38,119.69,119.3
LQD,2016-04-26,119.33,119.5,119.12
LQD,2016-04-27,120.09,120.09,119.422
LQD,2016-04-28,120.2,120.27,119.82
LQD,2016-04-29,120.33,120.42,119.85
LQD,2016-05-02,119.85,120.0475,119.77
LQD,2016-05-03,120.06,120.24,119.9006
LQD,2016-05-04,119.86,120.01,119.721
LQD,2016-05-05,120.1,120.13,119.62
LQD,2016-05-06,119.84,120.05,119.69
LQD,2016-05-09,119.72,119.95,119.61
LQD,2016-05-10,119.92,119.97,119.67
LQD,2016-05-11,120.05,120.24,119.75
LQD,2016-05-12,119.8,120.1,119.67
LQD,2016-05-13,120.02,120.06,119.78
LQD,2016-05-16,119.62,120.02,119.6
LQD,2016-05-17,119.58,119.8,119.51
LQD,2016-05-18,118.56,119.45,118.44
LQD,2016-05-19,118.84,118.92,118.62
LQD,2016-05-20,118.92,118.9899,118.69
LQD,2016-05-23,118.92,118.98,118.71
LQD,2016-05-24,118.72,118.99,118.56
LQD,2016-05-25,118.93,118.96,118.7
LQD,2016-05-26,119.27,119.4461,118.96
LQD,2016-05-27,119.18,119.41,119.03
LQD,2016-05-31,119.39,119.495,118.91
LQD,2016-06-01,119.14,119.42,119.04
LQD,2016-06-02,119.38,119.5999,119.225
LQD,2016-06-03,120.34,120.34,119.93
LQD,2016-06-06,120.05,120.31,120.02
LQD,2016-06-07,120.23,120.45,120.18
LQD,2016-06-08,120.63,120.64,120.33
LQD,2016-06-09,120.8,120.97,120.73
LQD,2016-06-10,120.94,121.15,120.88
LQD,2016-06-13,120.76,121.15,120.68
LQD,2016-06-14,120.49,121.02,120.45
LQD,2016-06-15,120.94,121.09,120.645
LQD,2016-06-16,121.12,121.26,120.86
LQD,2016-06-17,120.76,121.08,120.69
LQD,2016-06-20,120.61,120.7,120.475
LQD,2016-06-21,120.5,120.765,120.41
LQD,2016-06-22,120.72,120.73,120.5
LQD,2016-06-23,120.6,120.7,120.495
LQD,2016-06-24,121.17,121.5,120.88
LQD,2016-06-27,121.68,121.99,121.59
LQD,2016-06-28,122.35,122.39,121.82
LQD,2016-06-29,122.31,122.69,122.22
LQD,2016-06-30,122.735,122.84,122.3
LQD,2016-07-01,123.05,123.17,122.755
LQD,2016-07-05,123.47,123.58,123.2
LQD,2016-07-06,123.69,123.75,123.4
LQD,2016-07-07,123.71,123.86,123.46
LQD,2016-07-08,124.4,124.42,123.86
LQD,2016-07-11,124.08,124.48,124.06
LQD,2016-07-12,123.38,123.8424,123.37
LQD,2016-07-13,123.86,124.0577,123.725
LQD,2016-07-14,123.56,123.68,123.21
LQD,2016-07-15,123.09,123.5,123.0
LQD,2016-07-18,123.09,123.45,122.83
LQD,2016-07-19,123.31,123.41,123.02
LQD,2016-07-20,123.27,123.31,122.94
LQD,2016-07-21,123.41,123.45,122.7961
LQD,2016-07-22,123.34,123.6068,123.1
LQD,2016-07-25,123.27,123.52,123.2
LQD,2016-07-26,123.15,123.56,122.97
LQD,2016-07-27,123.66,123.74,123.2
LQD,2016-07-28,123.54,123.62,123.25
LQD,2016-07-29,123.99,124.04,123.5
LQD,2016-08-01,122.97,123.44,122.95
LQD,2016-08-02,122.28,122.67,122.11
LQD,2016-08-03,122.44,122.65,122.18
LQD,2016-08-04,122.96,123.23,122.73
LQD,2016-08-05,122.46,122.96,122.41
LQD,2016-08-08,122.54,122.77,122.23
LQD,2016-08-09,123.26,123.32,122.75
LQD,2016-08-10,123.61,123.7168,123.28
LQD,2016-08-11,123.2,123.76,123.055
LQD,2016-08-12,123.76,124.06,123.675
LQD,2016-08-15,123.38,123.64,123.38
LQD,2016-08-16,123.16,123.53,123.11
LQD,2016-08-17,123.5,123.66,123.178
LQD,2016-08-18,123.8,123.935,123.5
LQD,2016-08-19,123.43,123.7,123.26
LQD,2016-08-22,123.85,123.97,123.64
LQD,2016-08-23,123.99,124.23,123.9
LQD,2016-08-24,123.91,124.248,123.899
LQD,2016-08-25,123.79,124.0735,123.76
LQD,2016-08-26,123.4,124.45,123.32
LQD,2016-08-29,124.1,124.25,123.71
LQD,2016-08-30,123.94,124.1,123.81
LQD,2016-08-31,123.89,124.045,123.77
LQD,2016-09-01,123.57,123.6265,123.08
LQD,2016-09-02,123.35,123.59,123.1
LQD,2016-09-06,123.78,123.9,123.18
LQD,2016-09-07,123.61,124.0399,123.61
LQD,2016-09-08,122.74,123.395,122.665
LQD,2016-09-09,121.82,122.38,121.75
LQD,2016-09-12,121.83,122.06,121.5513
LQD,2016-09-13,121.43,121.99,121.05
LQD,2016-09-14,121.51,121.72,121.345
LQD,2016-09-15,121.59,121.7,121.2
LQD,2016-09-16,121.73,121.82,121.5
LQD,2016-09-19,121.69,121.91,121.61
LQD,2016-09-20,121.85,122.21,121.805
LQD,2016-09-21,122.47,122.5,121.62
LQD,2016-09-22,122.97,123.11,122.7
LQD,2016-09-23,122.88,123.04,122.84
LQD,2016-09-26,123.07,123.21,122.895
LQD,2016-09-27,123.37,123.44,123.07
LQD,2016-09-28,123.45,123.51,123.245
LQD,2016-09-29,123.4,123.44,123.08
LQD,2016-09-30,123.18,123.45,122.84
LQD,2016-10-03,122.51,122.95,122.51
LQD,2016-10-04,121.94,122.57,121.94
LQD,2016-10-05,121.81,122.15,121.67
LQD,2016-10-06,121.82,122.13,121.65
LQD,2016-10-07,122.11,122.2,121.6899
LQD,2016-10-10,122.11,122.115,121.77
LQD,2016-10-11,121.73,122.01,121.69
LQD,2016-10-12,121.89,121.93,121.58
LQD,2016-10-13,122.19,122.33,122.06
LQD,2016-10-14,121.62,122.1,121.61
LQD,2016-10-17,122.02,122.0661,121.8
LQD,2016-10-18,122.32,122.32,121.9099
LQD,2016-10-19,122.48,122.57,122.16
LQD,2016-10-20,122.44,122.77,122.42
LQD,2016-10-21,122.51,122.58,122.3
LQD,2016-10-24,122.16,122.55,122.02
LQD,2016-10-25,122.07,122.29,121.98
LQD,2016-10-26,121.56,121.92,121.545
LQD,2016-10-27,121.01,121.32,120.73
LQD,2016-10-28,120.87,121.14,120.84
LQD,2016-10-31,120.98,121.2,120.94
LQD,2016-11-01,120.51,120.67,120.18
LQD,2016-11-02,120.69,120.81,120.51
LQD,2016-11-03,120.45,120.605,120.36
LQD,2016-11-04,120.81,120.8967,120.63
LQD,2016-11-07,120.73,120.77,120.56
LQD,2016-11-08,120.46,120.78,120.33
LQD,2016-11-09,118.69,119.69,118.51
LQD,2016-11-10,118.59,119.08,118.41
LQD,2016-11-11,118.08,118.65,118.02
LQD,2016-11-14,117.47,118.01,117.1785
LQD,2016-11-15,117.83,118.045,117.57
LQD,2016-11-16,118.0,118.0637,117.65
LQD,2016-11-17,117.25,117.776,117.12
LQD,2016-11-18,116.59,117.45,116.52
LQD,2016-11-21,116.71,116.95,116.59
LQD,2016-11-22,117.01,117.11,116.78
LQD,2016-11-23,116.58,116.76,116.04
LQD,2016-11-25,116.59,116.87,116.46
LQD,2016-11-28,117.12,117.17,116.87
LQD,2016-11-29,117.28,117.32,116.945
LQD,2016-11-30,116.84,116.925,116.481
LQD,2016-12-01,115.87,116.16,115.6
LQD,2016-12-02,116.4,116.69,116.16
LQD,2016-12-05,116.65,116.865,116.11
LQD,2016-12-06,116.64,116.78,116.61
LQD,2016-12-07,117.13,117.27,116.86
LQD,2016-12-08,116.65,116.85,116.57
LQD,2016-12-09,116.2,116.7,116.05
LQD,2016-12-12,116.09,116.215,115.87
LQD,2016-12-13,116.35,116.57,116.14
LQD,2016-12-14,115.61,116.87,115.58
LQD,2016-12-15,115.69,116.05,115.56
LQD,2016-12-16,115.6,116.0,115.55
LQD,2016-12-19,116.16,116.22,115.95
LQD,2016-12-20,116.09,116.125,115.82
LQD,2016-12-21,116.46,116.48,116.12
LQD,2016-12-22,116.15,116.21,115.89
LQD,2016-12-23,116.33,116.38,116.22
LQD,2016-12-27,116.12,116.17,116.0
LQD,2016-12-28,116.55,116.68,116.13
LQD,2016-12-29,117.0,117.138,116.66
LQD,2016-12-30,117.18,117.36,116.95
LQD,2017-01-03,117.28,117.4,116.521
LQD,2017-01-04,117.68,117.68,117.33
LQD,2017-01-05,118.31,118.34,117.71
LQD,2017-01-06,117.69,117.98,117.62
LQD,2017-01-09,117.92,118.07,117.87
LQD,2017-01-10,117.85,117.97,117.77
LQD,2017-01-11,118.03,118.39,117.69
LQD,2017-01-12,118.02,118.43,118.01
LQD,2017-01-13,117.78,117.9699,117.39
LQD,2017-01-17,118.29,118.54,118.1
LQD,2017-01-18,117.51,118.01,117.415
LQD,2017-01-19,117.11,117.3499,116.915
LQD,2017-01-20,117.32,117.36,116.9
LQD,2017-01-23,117.86,118.05,117.32
LQD,2017-01-24,117.51,117.76,117.34
LQD,2017-01-25,117.06,117.25,116.8584
LQD,2017-01-26,117.2,117.25,116.82
LQD,2017-01-27,117.34,117.42,117.2169
LQD,2017-01-30,117.14,117.34,117.1
LQD,2017-01-31,117.35,117.56,117.08
LQD,2017-02-01,116.89,117.05,116.53
LQD,2017-02-02,116.92,117.29,116.88
LQD,2017-02-03,117.05,117.43,116.8
LQD,2017-02-06,117.42,117.53,117.17
LQD,2017-02-07,117.62,117.83,117.29
LQD,2017-02-08,118.03,118.14,117.84
LQD,2017-02-09,117.56,117.91,117.48
LQD,2017-02-10,117.53,117.62,117.26
LQD,2017-02-13,117.48,117.48,117.2601
LQD,2017-02-14,117.2,117.52,116.805
LQD,2017-02-15,117.11,117.11,116.87
LQD,2017-02-16,117.44,117.57,117.21
LQD,2017-02-17,117.74,117.8651,117.63
LQD,2017-02-21,117.79,117.92,117.5
LQD,2017-02-22,117.88,118.169,117.54
LQD,2017-02-23,118.18,118.21,118.05
LQD,2017-02-24,118.78,118.87,118.4438
LQD,2017-02-27,118.5,118.76,118.455
LQD,2017-02-28,118.58,118.775,118.5
LQD,2017-03-01,117.56,117.62,117.39
LQD,2017-03-02,117.38,117.48,117.25
LQD,2017-03-03,117.5,117.53,117.13
LQD,2017-03-06,117.29,117.5,117.21
LQD,2017-03-07,116.71,117.13,116.6036
LQD,2017-03-08,116.35,116.48,116.16
LQD,2017-03-09,115.72,116.02,115.66
LQD,2017-03-10,116.01,116.07,115.76
LQD,2017-03-13,115.62,116.0,115.62
LQD,2017-03-14,115.72,115.8,115.63
LQD,2017-03-15,116.72,116.805,115.91
LQD,2017-03-16,116.55,116.74,116.5
LQD,2017-03-17,116.82,116.919,116.675
LQD,2017-03-20,117.1044,117.13,116.82
LQD,2017-03-21,117.38,117.47,117.03
LQD,2017-03-22,117.68,117.799,117.47
LQD,2017-03-23,117.6,117.78,117.45
LQD,2017-03-24,117.72,117.82,117.52
LQD,2017-03-27,117.97,118.09,117.8
LQD,2017-03-28,117.72,118.09,117.69
LQD,2017-03-29,118.1,118.1,117.82
LQD,2017-03-30,117.79,118.0399,117.74
LQD,2017-03-31,117.91,117.94,117.79
LQD,2017-04-03,118.12,118.12,117.61
LQD,2017-04-04,117.81,118.03,117.81
LQD,2017-04-05,117.96,118.07,117.7
LQD,2017-04-06,118.07,118.12,117.8065
LQD,2017-04-07,117.78,118.4401,117.75
LQD,2017-04-10,118.0,118.15,117.91
LQD,2017-04-11,118.55,118.62,118.26
LQD,2017-04-12,118.94,118.94,118.51
LQD,2017-04-13,119.14,119.21,118.89
LQD,2017-04-17,118.91,119.21,118.85
LQD,2017-04-18,119.61,119.66,119.1528
LQD,2017-04-19,119.25,119.43,119.16
LQD,2017-04-20,119.08,119.19,118.9
LQD,2017-04-21,119.08,119.29,119.07
LQD,2017-04-24,118.92,119.03,118.7389
LQD,2017-04-25,118.45,118.81,118.41
LQD,2017-04-26,118.74,118.779,118.435
LQD,2017-04-27,118.85,118.94,118.605
LQD,2017-04-28,118.99,119.01,118.595
LQD,2017-05-01,118.3,118.71,118.18
LQD,2017-05-02,118.65,118.68,118.29
LQD,2017-05-03,118.59,118.9,118.5
LQD,2017-05-04,118.36,118.36,118.17
LQD,2017-05-05,118.4,118.4,118.13
LQD,2017-05-08,118.19,118.37,118.101
LQD,2017-05-09,118.21,118.21,118.05
LQD,2017-05-10,118.37,118.53,118.23
LQD,2017-05-11,118.43,118.47,118.15
LQD,2017-05-12,119.03,119.06,118.78
LQD,2017-05-15,119.02,119.08,118.88
LQD,2017-05-16,119.19,119.3576,119.05
LQD,2017-05-17,119.92,119.979,119.59
LQD,2017-05-18,119.9,119.95,119.7
LQD,2017-05-19,119.97,119.97,119.7
LQD,2017-05-22,119.87,119.93,119.8
LQD,2017-05-23,119.5,120.01,119.46
LQD,2017-05-24,119.69,119.76,119.38
LQD,2017-05-25,119.74,119.77,119.545
LQD,2017-05-26,119.83,119.91,119.72
LQD,2017-05-30,120.11,120.12,119.96
LQD,2017-05-31,120.25,120.26,120.0235
LQD,2017-06-01,119.96,119.97,119.67
LQD,2017-06-02,120.52,120.58,120.3
LQD,2017-06-05,120.18,120.37,120.17
LQD,2017-06-06,120.53,120.66,120.45
LQD,2017-06-07,120.38,120.6,120.32
LQD,2017-06-08,120.17,120.39,120.0
LQD,2017-06-09,120.05,120.14,119.85
LQD,2017-06-12,120.08,120.28,119.92
LQD,2017-06-13,120.21,120.21,119.96
LQD,2017-06-14,121.03,121.31,120.79
LQD,2017-06-15,120.74,120.87,120.59
LQD,2017-06-16,120.84,120.91,120.755
LQD,2017-06-19,120.69,120.85,120.63
LQD,2017-06-20,120.96,121.08,120.74
LQD,2017-06-21,121.02,121.08,120.83
LQD,2017-06-22,121.12,121.2288,120.98
LQD,2017-06-23,121.18,121.19,121.05
LQD,2017-06-26,121.4,121.56,121.3701
LQD,2017-06-27,120.85,121.1472,120.82
LQD,2017-06-28,120.98,120.98,120.63
LQD,2017-06-29,120.61,120.705,120.34
LQD,2017-06-30,120.51,120.69,120.47
LQD,2017-07-03,119.93,120.34,119.93
LQD,2017-07-05,120.13,120.15,119.9
LQD,2017-07-06,119.82,119.89,119.5
LQD,2017-07-07,119.72,119.77,119.6
LQD,2017-07-10,119.92,119.95,119.74
LQD,2017-07-11,119.97,119.9872,119.73
LQD,2017-07-12,120.5,120.62,120.38
LQD,2017-07-13,120.29,120.4275,120.12
LQD,2017-07-14,120.57,120.8,120.38
LQD,2017-07-17,120.68,120.75,120.45
LQD,2017-07-18,121.2,121.2,120.92
LQD,2017-07-19,121.16,121.3,121.09
LQD,2017-07-20,121.27,121.4678,121.19
LQD,2017-07-21,121.55,121.61,121.4328
LQD,2017-07-24,121.41,121.495,121.31
LQD,2017-07-25,120.69,120.975,120.66
LQD,2017-07-26,121.09,121.19,120.6425
LQD,2017-07-27,120.79,120.93,120.7
LQD,2017-07-28,121.11,121.11,120.79
LQD,2017-07-31,121.11,121.12,120.91
LQD,2017-08-01,121.23,121.23,120.57
LQD,2017-08-02,121.04,121.29,121.0
LQD,2017-08-03,121.21,121.27,121.09
LQD,2017-08-04,120.74,120.92,120.58
LQD,2017-08-07,120.77,120.83,120.59
LQD,2017-08-08,120.19,120.67,120.17
LQD,2017-08-09,120.31,120.62,120.295
LQD,2017-08-10,120.27,120.44,120.06
LQD,2017-08-11,120.49,120.51,120.09
LQD,2017-08-14,120.41,120.645,120.36
LQD,2017-08-15,120.27,120.35,120.11
LQD,2017-08-16,120.61,120.7969,120.29
LQD,2017-08-17,120.73,120.84,120.48
LQD,2017-08-18,120.65,121.04,120.61
LQD,2017-08-21,120.82,120.87,120.72
LQD,2017-08-22,120.7,120.79,120.64
LQD,2017-08-23,121.16,121.17,120.87
LQD,2017-08-24,120.93,121.13,120.885
LQD,2017-08-25,121.21,121.29,120.95
LQD,2017-08-28,121.21,121.26,121.0
LQD,2017-08-29,121.3,121.7,121.23
LQD,2017-08-30,121.4,121.4,121.24
LQD,2017-08-31,121.61,121.66,121.445
LQD,2017-09-01,120.81,121.22,120.8
LQD,2017-09-05,121.56,121.655,121.17
LQD,2017-09-06,121.13,121.6,121.08
LQD,2017-09-07,121.6,121.81,121.35
LQD,2017-09-08,121.24,121.52,121.23
LQD,2017-09-11,120.87,121.185,120.85
LQD,2017-09-12,120.74,120.82,120.55
LQD,2017-09-13,120.62,120.84,120.6
LQD,2017-09-14,120.92,120.92,120.56
LQD,2017-09-15,121.02,121.05,120.79
LQD,2017-09-18,120.9,120.98,120.76
LQD,2017-09-19,120.97,121.06,120.844
LQD,2017-09-20,120.82,121.09,120.54
LQD,2017-09-21,120.82,121.0665,120.81
LQD,2017-09-22,120.98,121.12,120.895
LQD,2017-09-25,121.43,121.46,121.07
LQD,2017-09-26,121.41,121.4599,121.205
LQD,2017-09-27,120.94,121.0092,120.64
LQD,2017-09-28,121.12,121.14,120.75
LQD,2017-09-29,121.23,121.3,120.95
LQD,2017-10-02,121.02,121.105,120.7743
LQD,2017-10-03,121.29,121.29,120.9201
LQD,2017-10-04,121.22,121.3,120.98
LQD,2017-10-05,121.05,121.15,120.915
LQD,2017-10-06,120.95,120.99,120.57
LQD,2017-10-09,121.05,121.07,120.87
LQD,2017-10-10,121.13,121.4,121.05
LQD,2017-10-11,121.07,121.31,121.0
LQD,2017-10-12,121.1,121.19,120.95
LQD,2017-10-13,121.58,121.65,121.4
LQD,2017-10-16,121.41,121.56,121.29
LQD,2017-10-17,121.39,121.49,121.26
LQD,2017-10-18,121.21,121.285,121.04
LQD,2017-10-19,121.39,121.55,121.3
LQD,2017-10-20,121.06,121.16,120.9
LQD,2017-10-23,121.18,121.31,121.14
LQD,2017-10-24,120.88,121.06,120.851
LQD,2017-10-25,120.56,120.64,120.4
LQD,2017-10-26,120.55,120.8,120.54
LQD,2017-10-27,120.91,120.945,120.675
LQD,2017-10-30,121.31,121.35,121.09
LQD,2017-10-31,121.14,121.36,121.12
LQD,2017-11-01,121.01,121.15,120.85
LQD,2017-11-02,120.99,121.15,120.9
LQD,2017-11-03,121.13,121.19,120.91
LQD,2017-11-06,121.16,121.25,121.05
LQD,2017-11-07,121.06,121.11,120.96
LQD,2017-11-08,120.9,121.11,120.88
LQD,2017-11-09,120.58,120.75,120.51
LQD,2017-11-10,119.89,120.15,119.78
LQD,2017-11-13,119.91,120.12,119.905
LQD,2017-11-14,119.94,120.095,119.875
LQD,2017-11-15,120.45,120.48,119.85
LQD,2017-11-16,120.31,120.52,120.27
LQD,2017-11-17,120.46,120.58,120.38
LQD,2017-11-20,120.46,120.6,120.38
LQD,2017-11-21,120.86,120.94,120.665
LQD,2017-11-22,121.33,121.365,120.975
LQD,2017-11-24,121.19,121.37,121.17
LQD,2017-11-27,121.12,121.26,121.04
LQD,2017-11-28,121.29,121.39,121.17
LQD,2017-11-29,120.81,120.87,120.62
LQD,2017-11-30,120.67,120.94,120.471
LQD,2017-12-01,120.72,121.38,120.4
LQD,2017-12-04,120.91,120.92,120.58
LQD,2017-12-05,121.14,121.17,120.83
LQD,2017-12-06,121.37,121.54,121.34
LQD,2017-12-07,121.13,121.57,120.94
LQD,2017-12-08,120.98,121.105,120.91
LQD,2017-12-11,121.07,121.215,121.03
LQD,2017-12-12,120.98,120.99,120.78
LQD,2017-12-13,121.4,121.54,121.09
LQD,2017-12-14,121.62,121.66,121.22
LQD,2017-12-15,121.79,121.85,121.49
LQD,2017-12-18,121.43,121.77,121.41
LQD,2017-12-19,120.81,121.19,120.65
LQD,2017-12-20,120.49,120.7,120.4
LQD,2017-12-21,120.56,120.59,120.27
LQD,2017-12-22,120.65,120.67,120.485
LQD,2017-12-26,120.81,120.86,120.6
LQD,2017-12-27,121.48,121.49,120.95
LQD,2017-12-28,121.4,121.48,121.22
LQD,2017-12-29,121.56,121.625,121.26
LQD,2018-01-02,120.75,121.46,120.5
LQD,2018-01-03,120.97,121.05,120.7
LQD,2018-01-04,120.93,121.01,120.73
LQD,2018-01-05,120.89,121.09,120.76
LQD,2018-01-08,120.88,121.03,120.7732
LQD,2018-01-09,120.44,120.77,120.42
LQD,2018-01-10,120.52,120.65,119.91
LQD,2018-01-11,120.81,120.95,120.49
LQD,2018-01-12,120.83,120.91,120.55
LQD,2018-01-16,120.94,121.18,120.82
LQD,2018-01-17,120.61,121.02,120.4949
LQD,2018-01-18,120.14,120.41,120.01
LQD,2018-01-19,119.77,120.11,119.715
LQD,2018-01-22,119.66,120.0,119.63
LQD,2018-01-23,120.18,120.19,119.91
LQD,2018-01-24,120.1,120.12,119.83
LQD,2018-01-25,120.71,120.71,120.0
LQD,2018-01-26,120.55,120.62,120.34
LQD,2018-01-29,120.23,120.38,120.0
LQD,2018-01-30,119.82,120.08,119.7
LQD,2018-01-31,120.07,120.2236,119.705
LQD,2018-02-01,119.22,119.96,119.14
LQD,2018-02-02,118.61,119.0,118.47
LQD,2018-02-05,118.68,119.33,118.22
LQD,2018-02-06,118.44,118.82,118.39
LQD,2018-02-07,118.11,118.8462,118.08
LQD,2018-02-08,117.6,118.1,117.56
LQD,2018-02-09,117.22,117.47,117.2
LQD,2018-02-12,117.22,117.62,117.2
LQD,2018-02-13,117.18,117.21,116.79
LQD,2018-02-14,116.75,117.0011,116.66
LQD,2018-02-15,117.3,117.4567,117.06
LQD,2018-02-16,117.65,117.76,117.4638
LQD,2018-02-20,117.15,117.41,117.13
LQD,2018-02-21,116.51,117.31,116.44
LQD,2018-02-22,116.67,117.065,116.6421
LQD,2018-02-23,117.21,117.24,116.88
LQD,2018-02-26,117.36,117.75,117.33
LQD,2018-02-27,116.85,117.52,116.7
LQD,2018-02-28,117.07,117.16,116.95
LQD,2018-03-01,116.62,116.81,116.3737
LQD,2018-03-02,116.25,116.49,116.1908
LQD,2018-03-05,116.21,116.58,116.1
LQD,2018-03-06,116.31,116.68,116.29
LQD,2018-03-07,116.27,116.53,116.23
LQD,2018-03-08,116.5,116.7,116.34
LQD,2018-03-09,116.09,116.37,116.04
LQD,2018-03-12,116.24,116.28,116.095
LQD,2018-03-13,116.25,116.4,116.1126
LQD,2018-03-14,116.51,116.695,116.26
LQD,2018-03-15,116.63,116.71,116.44
LQD,2018-03-16,116.76,116.83,116.36
LQD,2018-03-19,116.37,116.6,116.36
LQD,2018-03-20,115.96,116.19,115.92
LQD,2018-03-21,115.89,116.23,115.52
LQD,2018-03-22,116.09,116.29,115.99
LQD,2018-03-23,115.72,116.025,115.71
LQD,2018-03-26,116.13,116.2,116.0
LQD,2018-03-27,116.55,116.62,116.06
LQD,2018-03-28,116.86,116.98,116.66
LQD,2018-03-29,117.39,117.47,116.95
LQD,2018-04-02,116.99,117.07,116.715
LQD,2018-04-03,116.68,116.94,116.63
LQD,2018-04-04,116.68,116.86,116.64
LQD,2018-04-05,116.72,116.75,116.5
LQD,2018-04-06,117.07,117.07,116.81
LQD,2018-04-09,117.13,117.18,116.85
LQD,2018-04-10,117.16,117.44,117.01
LQD,2018-04-11,117.24,117.4,117.114
LQD,2018-04-12,116.92,117.2,116.9
LQD,2018-04-13,116.96,117.0562,116.84
LQD,2018-04-16,116.97,116.99,116.71
LQD,2018-04-17,116.98,117.15,116.91
LQD,2018-04-18,116.38,116.945,116.36
LQD,2018-04-19,115.94,116.07,115.76
LQD,2018-04-20,115.47,115.83,115.46
LQD,2018-04-23,115.42,115.47,115.25
LQD,2018-04-24,115.08,115.44,114.99
LQD,2018-04-25,114.72,114.84,114.55
LQD,2018-04-26,115.06,115.18,114.92
LQD,2018-04-27,115.32,115.37,115.2247
LQD,2018-04-30,115.22,115.4599,115.17
LQD,2018-05-01,114.58,114.8745,114.49
LQD,2018-05-02,114.49,114.75,114.49
LQD,2018-05-03,114.51,114.82,114.47
LQD,2018-05-04,114.67,114.86,114.47
LQD,2018-05-07,114.54,114.75,114.5
LQD,2018-05-08,114.5,114.535,114.2601
LQD,2018-05-09,114.48,114.6262,114.28
LQD,2018-05-10,115.06,115.07,114.72
LQD,2018-05-11,115.26,115.28,115.08
LQD,2018-05-14,115.05,115.27,115.05
LQD,2018-05-15,114.18,114.76,114.0
LQD,2018-05-16,114.03,114.35,113.99
LQD,2018-05-17,113.81,114.06,113.7231
LQD,2018-05-18,114.28,114.33,113.96
LQD,2018-05-21,114.35,114.35,114.1
LQD,2018-05-22,114.23,114.39,114.13
LQD,2018-05-23,114.72,114.795,114.33
LQD,2018-05-24,115.04,115.08,114.89
LQD,2018-05-25,115.38,115.4194,115.23
LQD,2018-05-29,115.99,116.205,115.26
LQD,2018-05-30,115.54,115.82,115.27
LQD,2018-05-31,115.49,115.77,115.355
LQD,2018-06-01,114.91,115.14,114.81
LQD,2018-06-04,114.65,114.97,114.65
LQD,2018-06-05,114.73,114.95,114.69
LQD,2018-06-06,114.31,114.47,114.16
LQD,2018-06-07,114.69,115.06,114.25
LQD,2018-06-08,114.5,114.65,114.4308
LQD,2018-06-11,114.39,114.4,114.23
LQD,2018-06-12,114.4,114.5,114.22
LQD,2018-06-13,114.29,114.575,113.98
LQD,2018-06-14,114.81,114.82,114.49
LQD,2018-06-15,114.65,115.06,114.5901
LQD,2018-06-18,114.53,114.66,114.42
LQD,2018-06-19,114.59,114.6632,114.47
LQD,2018-06-20,113.95,114.61,113.9
LQD,2018-06-21,113.86,114.09,113.86
LQD,2018-06-22,114.0,114.09,113.75
LQD,2018-06-25,113.89,114.11,113.87
LQD,2018-06-26,114.27,114.29,113.89
LQD,2018-06-27,114.66,114.66,114.48
LQD,2018-06-28,114.51,114.57,114.27
LQD,2018-06-29,114.57,114.84,114.51
LQD,2018-07-02,114.24,114.41,114.16
LQD,2018-07-03,114.66,114.73,114.31
LQD,2018-07-05,115.02,115.03,114.75
LQD,2018-07-06,115.18,115.28,115.09
LQD,2018-07-09,115.26,115.3,115.03
LQD,2018-07-10,115.13,115.37,115.11
LQD,2018-07-11,115.36,115.39,115.12
LQD,2018-07-12,115.61,115.61,115.32
LQD,2018-07-13,115.7,115.81,115.63
LQD,2018-07-16,115.51,115.63,115.29
LQD,2018-07-17,115.43,115.58,115.38
LQD,2018-07-18,115.41,115.541,115.35
LQD,2018-07-19,115.59,115.74,115.37
LQD,2018-07-20,115.25,115.39,115.12
LQD,2018-07-23,114.79,115.12,114.715
LQD,2018-07-24,115.15,115.17,114.81
LQD,2018-07-25,115.3,115.4,115.2
LQD,2018-07-26,115.41,115.55,115.28
LQD,2018-07-27,115.56,115.75,115.46
LQD,2018-07-30,115.4,115.49,115.31
LQD,2018-07-31,115.76,115.86,115.64
LQD,2018-08-01,115.01,115.15,114.85
LQD,2018-08-02,115.15,115.166,114.88
LQD,2018-08-03,115.51,115.545,115.16
LQD,2018-08-06,115.62,115.755,115.59
LQD,2018-08-07,115.26,115.59,115.195
LQD,2018-08-08,115.08,115.23,115.075
LQD,2018-08-09,115.17,115.36,115.09
LQD,2018-08-10,115.36,115.5,115.03
LQD,2018-08-13,115.33,115.375,115.22
LQD,2018-08-14,115.48,115.53,115.41
LQD,2018-08-15,115.72,115.76,115.55
LQD,2018-08-16,115.87,115.89,115.7
LQD,2018-08-17,115.97,116.0658,115.885
LQD,2018-08-20,116.27,116.37,116.18
LQD,2018-08-21,115.98,116.22,115.96
LQD,2018-08-22,115.97,116.24,115.95
LQD,2018-08-23,116.01,116.18,115.94
LQD,2018-08-24,116.24,116.29,115.85
LQD,2018-08-27,116.06,116.16,116.01
LQD,2018-08-28,115.62,115.98,115.601
LQD,2018-08-29,115.5,115.75,115.41
LQD,2018-08-30,115.61,115.81,115.52
LQD,2018-08-31,115.44,115.835,115.43
LQD,2018-09-04,114.88,114.99,114.68
LQD,2018-09-05,114.81,114.879,114.78
LQD,2018-09-06,115.13,115.21,114.95
LQD,2018-09-07,114.65,114.76,114.63
LQD,2018-09-10,115.03,115.03,114.74
LQD,2018-09-11,114.77,114.89,114.72
LQD,2018-09-12,115.0,115.12,114.96
LQD,2018-09-13,115.24,115.33,115.13
LQD,2018-09-14,115.1,115.16,114.95
LQD,2018-09-17,115.03,115.11,114.885
LQD,2018-09-18,114.56,114.81,114.5241
LQD,2018-09-19,114.39,114.54,114.23
LQD,2018-09-20,114.69,114.81,114.39
LQD,2018-09-21,114.71,114.79,114.595
LQD,2018-09-24,114.45,114.6,114.37
LQD,2018-09-25,114.45,114.47,114.23
LQD,2018-09-26,114.86,114.93,114.53
LQD,2018-09-27,115.01,115.035,114.77
LQD,2018-09-28,114.93,115.14,114.895
LQD,2018-10-01,114.42,114.64,114.42
LQD,2018-10-02,114.52,114.75,114.52
LQD,2018-10-03,113.85,114.53,113.655
LQD,2018-10-04,113.38,113.655,113.23
LQD,2018-10-05,112.94,113.2557,112.76
LQD,2018-10-08,112.82,113.01,112.795
LQD,2018-10-09,113.14,113.1667,112.91
LQD,2018-10-10,112.83,113.01,112.59
LQD,2018-10-11,113.3,113.485,113.05
LQD,2018-10-12,113.32,113.5264,113.16
LQD,2018-10-15,113.11,113.3611,113.1
LQD,2018-10-16,113.4,113.48,113.06
LQD,2018-10-17,112.84,113.4,112.84
LQD,2018-10-18,112.84,112.98,112.6
LQD,2018-10-19,112.7,112.86,112.595
LQD,2018-10-22,112.56,112.85,112.53
LQD,2018-10-23,112.72,112.9573,112.66
LQD,2018-10-24,112.88,113.05,112.815
LQD,2018-10-25,112.74,112.85,112.72
LQD,2018-10-26,112.93,113.075,112.92
LQD,2018-10-29,112.8,112.92,112.72
LQD,2018-10-30,112.55,112.67,112.44
LQD,2018-10-31,112.23,112.61,112.23
LQD,2018-11-01,112.2,112.21,111.67
LQD,2018-11-02,111.75,112.18,111.73
LQD,2018-11-05,111.95,112.04,111.85
LQD,2018-11-06,112.14,112.18,112.0104
LQD,2018-11-07,112.43,112.71,112.38
LQD,2018-11-08,112.1,112.46,112.1
LQD,2018-11-09,112.18,112.33,112.09
LQD,2018-11-12,112.17,112.41,112.08
LQD,2018-11-13,112.02,112.12,111.955
LQD,2018-11-14,111.72,111.9399,111.6775
LQD,2018-11-15,111.51,111.67,111.3157
LQD,2018-11-16,111.73,111.76,111.41
LQD,2018-11-19,111.62,111.65,111.42
LQD,2018-11-20,111.35,111.5969,111.33
LQD,2018-11-21,111.59,111.72,111.45
LQD,2018-11-23,111.64,111.98,111.63
LQD,2018-11-26,111.69,111.8189,111.64
LQD,2018-11-27,111.55,111.66,111.52
LQD,2018-11-28,111.85,111.95,111.29
LQD,2018-11-29,111.53,111.865,111.42
LQD,2018-11-30,111.46,111.575,111.25
LQD,2018-12-03,111.52,111.6,111.25
LQD,2018-12-04,111.54,111.9796,111.53
LQD,2018-12-06,111.88,111.99,111.6044
LQD,2018-12-07,111.89,112.06,111.74
LQD,2018-12-10,112.23,112.24,111.91
LQD,2018-12-11,112.43,112.56,112.26
LQD,2018-12-12,112.55,112.68,112.45
LQD,2018-12-13,112.85,112.91,112.725
LQD,2018-12-14,112.73,113.01,112.71
LQD,2018-12-17,112.85,112.985,112.77
LQD,2018-12-18,112.9,112.94,112.61
LQD,2018-12-19,112.81,113.31,112.81
LQD,2018-12-20,112.44,113.1529,112.27
LQD,2018-12-21,112.33,112.68,112.14
LQD,2018-12-24,112.07,112.41,111.99
LQD,2018-12-26,111.98,112.21,111.79
LQD,2018-12-27,111.98,112.2899,111.98
LQD,2018-12-28,112.51,112.53,112.1
LQD,2018-12-31,112.82,112.92,112.43
LQD,2019-01-02,113.17,113.19,112.78
LQD,2019-01-03,113.22,113.3,112.95
LQD,2019-01-04,113.15,113.2,112.81
LQD,2019-01-07,113.16,113.46,113.145
LQD,2019-01-08,113.41,113.44,113.21
LQD,2019-01-09,113.84,113.89,113.5
LQD,2019-01-10,113.54,113.77,113.43
LQD,2019-01-11,113.75,113.79,113.59
LQD,2019-01-14,113.45,113.79,113.415
LQD,2019-01-15,113.52,113.68,113.445
LQD,2019-01-16,113.74,113.9,113.46
LQD,2019-01-17,113.97,113.98,113.66
LQD,2019-01-18,114.17,114.275,113.96
LQD,2019-01-22,114.36,114.58,114.32
LQD,2019-01-23,114.65,114.74,114.39
LQD,2019-01-24,114.95,115.11,114.86
LQD,2019-01-25,115.05,115.05,114.8838
LQD,2019-01-28,115.03,115.12,114.89
LQD,2019-01-29,115.28,115.28,115.07
LQD,2019-01-30,115.81,115.81,115.17
LQD,2019-01-31,116.62,116.7,116.19
LQD,2019-02-01,115.99,116.31,115.92
LQD,2019-02-04,115.83,115.89,115.61
LQD,2019-02-05,116.3,116.475,116.09
LQD,2019-02-06,116.08,116.395,116.04
LQD,2019-02-07,116.06,116.08,115.78
LQD,2019-02-08,116.35,116.38,116.11
LQD,2019-02-11,116.09,116.28,116.0
LQD,2019-02-12,116.25,116.25,116.03
LQD,2019-02-13,115.95,116.095,115.89
LQD,2019-02-14,116.08,116.24,115.94
LQD,2019-02-15,116.22,116.26,116.03
LQD,2019-02-19,116.29,116.44,116.17
LQD,2019-02-20,116.19,116.23,115.99
LQD,2019-02-21,115.86,115.9799,115.735
LQD,2019-02-22,116.38,116.48,115.97
LQD,2019-02-25,116.34,116.445,116.2501
LQD,2019-02-26,116.52,116.59,116.41
LQD,2019-02-27,116.19,116.37,116.105
LQD,2019-02-28,116.03,116.3699,115.96
LQD,2019-03-01,115.47,115.88,115.42
LQD,2019-03-04,115.73,115.86,115.68
LQD,2019-03-05,115.77,115.79,115.57
LQD,2019-03-06,115.88,115.9575,115.74
LQD,2019-03-07,116.26,116.3,116.03
LQD,2019-03-08,116.41,116.43,115.91
LQD,2019-03-11,116.54,116.54,116.31
LQD,2019-03-12,116.86,116.94,116.5601
LQD,2019-03-13,116.67,116.708,116.54
LQD,2019-03-14,116.44,116.64,116.34
LQD,2019-03-15,116.86,117.02,116.7
LQD,2019-03-18,116.8,116.89,116.75
LQD,2019-03-19,116.82,116.93,116.63
LQD,2019-03-20,117.61,117.66,116.78
LQD,2019-03-21,117.83,117.91,117.52
LQD,2019-03-22,118.55,118.64,118.21
LQD,2019-03-25,118.79,119.0,118.37
LQD,2019-03-26,118.84,118.93,118.59
LQD,2019-03-27,119.0,119.22,118.92
LQD,2019-03-28,119.15,119.15,118.91
LQD,2019-03-29,119.06,119.15,118.79
LQD,2019-04-01,118.26,118.62,118.195
LQD,2019-04-02,118.42,118.45,118.19
LQD,2019-04-03,118.17,118.29,118.11
LQD,2019-04-04,118.36,118.36,118.11
LQD,2019-04-05,118.55,118.685,118.26
LQD,2019-04-08,118.38,118.57,118.35
LQD,2019-04-09,118.63,118.83,118.58
LQD,2019-04-10,119.21,119.27,118.86
LQD,2019-04-11,119.09,119.205,119.01
LQD,2019-04-12,119.02,119.12,118.89
LQD,2019-04-15,118.83,119.08,118.83
LQD,2019-04-16,118.5,118.79,118.49
LQD,2019-04-17,118.48,118.72,118.47
LQD,2019-04-18,118.58,118.8,118.55
LQD,2019-04-22,118.39,118.5299,118.34
LQD,2019-04-23,118.88,118.88,118.54
LQD,2019-04-24,119.28,119.4,119.13
LQD,2019-04-25,119.22,119.27,119.025
LQD,2019-04-26,119.64,119.71,119.5
LQD,2019-04-29,119.17,119.43,119.105
LQD,2019-04-30,119.22,119.35,119.1
LQD,2019-05-01,118.83,119.57,118.83
LQD,2019-05-02,118.4,118.74,118.29
LQD,2019-05-03,118.93,118.97,118.65
LQD,2019-05-06,119.09,119.23,118.88
LQD,2019-05-07,119.08,119.29,119.0
LQD,2019-05-08,118.68,119.2,118.64
LQD,2019-05-09,118.79,118.95,118.61
LQD,2019-05-10,118.86,118.92,118.71
LQD,2019-05-13,118.93,119.13,118.78
LQD,2019-05-14,119.1,119.12,118.915
LQD,2019-05-15,119.43,119.45,119.18
LQD,2019-05-16,119.24,119.3401,119.21
LQD,2019-05-17,119.25,119.435,119.23
LQD,2019-05-20,118.97,119.313,118.96
LQD,2019-05-21,119.07,119.11,118.93
LQD,2019-05-22,119.22,119.31,119.04
LQD,2019-05-23,119.48,119.61,119.185
LQD,2019-05-24,119.73,119.75,119.52
LQD,2019-05-28,119.81,120.0,119.77
LQD,2019-05-29,119.86,120.03,119.82
LQD,2019-05-30,120.55,120.59,120.01
LQD,2019-05-31,120.83,120.84,120.39
LQD,2019-06-03,120.83,120.91,120.4131
LQD,2019-06-04,120.87,120.93,120.53
LQD,2019-06-05,120.79,121.18,120.68
LQD,2019-06-06,121.02,121.12,120.82
LQD,2019-06-07,121.56,121.85,121.425
LQD,2019-06-10,121.12,121.47,121.11
LQD,2019-06-11,121.23,121.32,121.03
LQD,2019-06-12,121.41,121.43,121.15
LQD,2019-06-13,121.72,121.75,121.45
LQD,2019-06-14,121.77,121.8201,121.46
LQD,2019-06-17,121.83,121.93,121.62
LQD,2019-06-18,122.64,122.77,122.34
LQD,2019-06-19,123.42,123.45,122.23
LQD,2019-06-20,124.09,124.155,123.7001
LQD,2019-06-21,123.64,123.89,123.4831
LQD,2019-06-24,123.95,124.17,123.78
LQD,2019-06-25,123.58,123.99,123.47
LQD,2019-06-26,123.33,123.84,123.28
LQD,2019-06-27,124.05,124.14,123.54
LQD,2019-06-28,124.37,124.44,124.085
LQD,2019-07-01,124.25,124.54,123.94
LQD,2019-07-02,124.59,124.65,124.2
LQD,2019-07-03,124.93,124.96,124.59
LQD,2019-07-05,123.83,124.15,123.34
LQD,2019-07-08,123.66,124.05,123.66
LQD,2019-07-09,123.4,123.62,123.34
LQD,2019-07-10,123.68,123.84,123.48
LQD,2019-07-11,122.95,123.6361,122.85
LQD,2019-07-12,123.07,123.14,122.84
LQD,2019-07-15,123.28,123.34,123.0932
LQD,2019-07-16,123.02,123.04,122.71
LQD,2019-07-17,123.67,123.68,123.15
LQD,2019-07-18,123.96,124.09,123.36
LQD,2019-07-19,123.77,124.06,123.65
LQD,2019-07-22,124.15,124.27,124.09
LQD,2019-07-23,124.22,124.2401,123.97
LQD,2019-07-24,124.57,124.58,124.22
LQD,2019-07-25,124.17,124.49,123.87
LQD,2019-07-26,124.34,124.49,124.17
LQD,2019-07-29,124.26,124.51,124.245
LQD,2019-07-30,124.22,124.31,123.92
LQD,2019-07-31,124.33,124.73,123.811
LQD,2019-08-01,124.99,125.31,124.22
LQD,2019-08-02,125.12,125.15,124.84
LQD,2019-08-05,125.21,125.51,125.13
LQD,2019-08-06,125.99,126.04,125.33
LQD,2019-08-07,125.97,126.66,125.86
LQD,2019-08-08,126.31,126.36,125.53
LQD,2019-08-09,125.94,126.3506,125.89
LQD,2019-08-12,126.73,126.83,126.26
LQD,2019-08-13,126.63,126.95,126.45
LQD,2019-08-14,127.0,127.2,126.83
LQD,2019-08-15,127.62,128.0,127.05
LQD,2019-08-16,127.85,127.895,127.065
LQD,2019-08-19,127.43,127.615,127.0007
LQD,2019-08-20,128.17,128.22,127.7201
LQD,2019-08-21,128.4,128.73,127.87
LQD,2019-08-22,127.93,128.5,127.88
LQD,2019-08-23,128.4,128.71,127.77
LQD,2019-08-26,128.41,128.715,128.21
LQD,2019-08-27,129.1,129.2,128.75
LQD,2019-08-28,129.1,129.46,129.005
LQD,2019-08-29,128.82,129.1,128.35
LQD,2019-08-30,128.8,128.84,128.42
LQD,2019-09-03,128.33,128.715,127.935
LQD,2019-09-04,128.57,128.71,128.07
LQD,2019-09-05,127.63,128.24,127.42
LQD,2019-09-06,128.09,128.19,127.78
LQD,2019-09-09,127.15,127.56,127.15
LQD,2019-09-10,126.08,126.99,126.08
LQD,2019-09-11,125.98,126.22,125.91
LQD,2019-09-12,125.81,126.76,125.73
LQD,2019-09-13,124.68,125.59,124.68
LQD,2019-09-16,125.31,125.43,124.93
LQD,2019-09-17,125.63,125.805,125.16
LQD,2019-09-18,125.94,126.46,125.53
LQD,2019-09-19,126.3,126.612,126.21
LQD,2019-09-20,127.17,127.23,126.56
LQD,2019-09-23,127.08,127.575,127.05
LQD,2019-09-24,127.48,127.65,127.29
LQD,2019-09-25,126.76,127.36,126.63
LQD,2019-09-26,127.03,127.27,127.0
LQD,2019-09-27,127.06,127.22,126.93
LQD,2019-09-30,127.48,127.51,126.86
LQD,2019-10-01,127.29,127.66,126.56
LQD,2019-10-02,127.24,127.3451,126.9703
LQD,2019-10-03,127.74,127.92,127.43
LQD,2019-10-04,128.27,128.27,127.95
LQD,2019-10-07,127.62,128.0,127.61
LQD,2019-10-08,127.51,127.99,127.475
LQD,2019-10-09,127.56,127.78,127.2831
LQD,2019-10-10,126.81,127.2,126.6623
LQD,2019-10-11,126.58,126.77,126.0546
LQD,2019-10-14,127.0,127.05,126.7
LQD,2019-10-15,126.66,127.05,126.57
LQD,2019-10-16,126.8,126.91,126.51
LQD,2019-10-17,126.98,127.19,126.71
LQD,2019-10-18,127.14,127.34,127.05
LQD,2019-10-21,126.85,127.0,126.8
LQD,2019-10-22,127.07,127.26,126.875
LQD,2019-10-23,127.14,127.3686,127.09
LQD,2019-10-24,127.42,127.56,127.27
LQD,2019-10-25,127.2,127.48,127.03
LQD,2019-10-28,126.82,126.94,126.7201
LQD,2019-10-29,126.49,126.88,126.48
LQD,2019-10-30,126.94,127.01,126.43
LQD,2019-10-31,127.71,127.79,127.26
LQD,2019-11-01,127.49,127.83,127.3
LQD,2019-11-04,126.89,127.18,126.85
LQD,2019-11-05,126.16,126.56,126.02
LQD,2019-11-06,126.87,126.895,126.5
LQD,2019-11-07,125.88,126.44,125.74
LQD,2019-11-08,125.71,126.17,125.71
LQD,2019-11-11,125.75,125.988,125.66
LQD,2019-11-12,125.87,125.97,125.61
LQD,2019-11-13,126.17,126.34,126.11
LQD,2019-11-14,126.83,126.91,126.64
LQD,2019-11-15,126.85,126.9899,126.6
LQD,2019-11-18,126.99,127.17,126.91
LQD,2019-11-19,127.24,127.28,127.04
LQD,2019-11-20,127.42,127.545,127.31
LQD,2019-11-21,127.12,127.3,127.01
LQD,2019-11-22,127.47,127.51,127.23
LQD,2019-11-25,127.91,127.98,127.63
LQD,2019-11-26,128.24,128.33,128.03
LQD,2019-11-27,128.23,128.28,127.98
LQD,2019-11-29,127.97,128.255,127.84
LQD,2019-12-02,127.07,127.15,126.795
LQD,2019-12-03,128.05,128.17,127.51
LQD,2019-12-04,127.88,128.02,127.46
LQD,2019-12-05,127.74,127.85,127.47
LQD,2019-12-06,127.67,127.86,127.3
LQD,2019-12-09,127.65,127.99,127.62
LQD,2019-12-10,127.65,127.93,127.5263
LQD,2019-12-11,128.15,128.29,127.83
LQD,2019-12-12,127.56,128.13,127.165
LQD,2019-12-13,128.39,128.46,127.7
LQD,2019-12-16,128.1,128.31,127.97
LQD,2019-12-17,128.0,128.3481,127.97
LQD,2019-12-18,127.91,128.11,127.81
LQD,2019-12-19,127.7,127.84,127.5
LQD,2019-12-20,127.66,127.73,127.4835
LQD,2019-12-23,127.72,127.855,127.47
LQD,2019-12-24,127.85,127.96,127.5
LQD,2019-12-26,128.08,128.1,127.8
LQD,2019-12-27,128.26,128.3966,128.26
LQD,2019-12-30,128.49,128.5,127.775
LQD,2020-01-02,128.23,128.575,128.06
LQD,2020-01-03,128.67,128.71,128.27
LQD,2020-01-06,128.24,128.86,128.1399
LQD,2020-01-07,127.91,128.18,127.84
LQD,2020-01-08,127.73,128.32,127.67
LQD,2020-01-09,128.34,128.39,127.66
LQD,2020-01-10,128.7,128.845,128.41
LQD,2020-01-13,128.39,128.55,128.33
LQD,2020-01-14,128.55,128.565,128.32
LQD,2020-01-15,128.83,128.87,128.64
LQD,2020-01-16,129.01,129.1133,128.75
LQD,2020-01-17,128.99,129.09,128.6
LQD,2020-01-21,129.61,129.67,129.07
LQD,2020-01-22,129.68,129.88,129.67
LQD,2020-01-23,129.85,130.0,129.74
LQD,2020-01-24,130.07,130.22,129.96
LQD,2020-01-27,130.32,130.45,130.14
LQD,2020-01-28,130.25,130.56,130.12
LQD,2020-01-29,130.67,130.88,130.59
LQD,2020-01-30,130.75,130.95,130.47
LQD,2020-01-31,131.09,131.16,130.7735
LQD,2020-02-03,130.65,130.81,130.42
LQD,2020-02-04,130.33,130.5,130.13
LQD,2020-02-05,130.25,130.31,130.085
LQD,2020-02-06,130.19,130.44,130.18
LQD,2020-02-07,130.69,130.89,130.58
LQD,2020-02-10,131.0,131.06,130.8
LQD,2020-02-11,130.81,131.07,130.79
LQD,2020-02-12,130.75,130.81,130.6
LQD,2020-02-13,130.66,130.905,130.635
LQD,2020-02-14,130.98,131.135,130.85
LQD,2020-02-18,131.23,131.35,131.03
LQD,2020-02-19,131.05,131.29,131.01
LQD,2020-02-20,131.49,131.49,131.14
LQD,2020-02-21,131.75,132.05,131.67
LQD,2020-02-24,131.77,132.16,131.76
LQD,2020-02-25,131.9,132.2,131.75
LQD,2020-02-26,131.41,132.04,131.4
LQD,2020-02-27,130.71,131.9,130.69
LQD,2020-02-28,132.18,132.29,130.76
LQD,2020-03-02,131.7,132.51,131.6
LQD,2020-03-03,133.2,133.99,131.75
LQD,2020-03-04,133.39,134.06,133.25
LQD,2020-03-05,133.34,133.87,133.06
LQD,2020-03-06,134.27,134.53,133.49
LQD,2020-03-09,131.01,132.87,130.35
LQD,2020-03-10,128.06,131.36,128.06
LQD,2020-03-11,123.85,128.2699,123.2
LQD,2020-03-12,117.94,125.8,115.72
LQD,2020-03-13,123.05,124.0,119.24
LQD,2020-03-16,121.3,122.05,115.21
LQD,2020-03-17,116.33,121.05,115.39
LQD,2020-03-18,110.51,114.705,108.32
LQD,2020-03-19,105.05,110.0,104.95
LQD,2020-03-20,106.74,110.64,105.797
LQD,2020-03-23,114.63,115.1399,110.83
LQD,2020-03-24,116.98,118.72,114.8502
LQD,2020-03-25,122.58,123.6,117.1855
LQD,2020-03-26,122.68,123.33,121.25
LQD,2020-03-27,122.43,122.62,120.56
LQD,2020-03-30,123.92,125.0,122.84
LQD,2020-03-31,123.51,124.91,122.99
LQD,2020-04-01,121.41,122.6,121.315
LQD,2020-04-02,121.73,123.5,121.51
LQD,2020-04-03,121.1,122.24,120.68
LQD,2020-04-06,123.49,123.5,122.23
LQD,2020-04-07,123.68,124.4799,123.47
LQD,2020-04-08,125.91,126.01,123.88
LQD,2020-04-09,131.83,131.83,129.1
LQD,2020-04-13,130.55,131.4599,129.81
LQD,2020-04-14,129.91,131.5,129.84
LQD,2020-04-15,130.78,130.88,129.4
LQD,2020-04-16,130.13,131.07,130.04
LQD,2020-04-17,130.56,131.47,129.94
LQD,2020-04-20,129.82,130.13,129.23
LQD,2020-04-21,129.36,130.13,128.69
LQD,2020-04-22,129.44,129.598,128.91
LQD,2020-04-23,129.99,130.24,129.7
LQD,2020-04-24,129.9,130.2,129.214
LQD,2020-04-27,128.85,130.0999,128.82
LQD,2020-04-28,129.2,129.56,129.07
LQD,2020-04-29,130.05,130.23,129.7
LQD,2020-04-30,129.17,130.15,129.11
LQD,2020-05-01,128.34,128.936,127.83
LQD,2020-05-04,128.54,128.95,128.36
LQD,2020-05-05,128.37,128.72,128.16
LQD,2020-05-06,126.93,127.95,126.71
LQD,2020-05-07,127.27,127.5,126.89
LQD,2020-05-08,126.66,127.08,126.368
LQD,2020-05-11,125.55,126.53,125.52
LQD,2020-05-12,126.76,127.2,126.185
LQD,2020-05-13,127.05,127.56,126.94
LQD,2020-05-14,128.1,128.12,127.0
LQD,2020-05-15,128.55,128.61,123.33
LQD,2020-05-18,129.28,130.0,128.86
LQD,2020-05-19,129.38,129.66,128.9
LQD,2020-05-20,130.8,130.86,129.6501
LQD,2020-05-21,130.7,130.995,130.55
LQD,2020-05-22,130.7,130.98,130.52
LQD,2020-05-26,130.52,131.15,130.47
LQD,2020-05-27,131.06,131.11,130.7
LQD,2020-05-28,131.17,131.375,130.6
LQD,2020-05-29,132.02,132.04,131.16
LQD,2020-06-01,131.64,131.65,131.25
LQD,2020-06-02,132.06,132.3098,131.73
LQD,2020-06-03,131.98,132.28,131.5989
LQD,2020-06-04,131.58,132.3,131.5
LQD,2020-06-05,132.26,132.45,131.5
LQD,2020-06-08,132.7,132.92,132.31
LQD,2020-06-09,132.42,132.85,132.35
LQD,2020-06-10,133.29,133.51,132.1
LQD,2020-06-11,131.7,132.81,131.13
LQD,2020-06-12,132.34,132.97,131.79
LQD,2020-06-15,134.22,134.829,131.82
LQD,2020-06-16,133.85,134.9,133.48
LQD,2020-06-17,133.59,134.11,132.81
LQD,2020-06-18,133.89,133.92,133.36
LQD,2020-06-19,133.99,134.195,133.625
LQD,2020-06-22,133.86,134.31,133.6
LQD,2020-06-23,133.61,134.065,133.56
LQD,2020-06-24,133.24,133.4,132.7
LQD,2020-06-25,133.38,133.49,133.08
LQD,2020-06-26,133.5,133.6,133.15
LQD,2020-06-29,134.12,134.12,133.18
LQD,2020-06-30,134.5,134.53,133.82
LQD,2020-07-01,134.72,134.94,133.88
LQD,2020-07-02,135.05,135.11,134.79
LQD,2020-07-06,135.4,135.515,134.9647
LQD,2020-07-07,135.58,135.675,135.225
LQD,2020-07-08,135.36,135.71,135.23
LQD,2020-07-09,136.12,136.25,135.42
LQD,2020-07-10,135.87,136.42,135.68
LQD,2020-07-13,135.51,136.08,135.43
LQD,2020-07-14,136.3,136.438,135.8
LQD,2020-07-15,136.57,136.58,136.24
LQD,2020-07-16,136.95,137.0299,136.6
LQD,2020-07-17,137.32,137.409,136.94
LQD,2020-07-20,137.7,137.7,137.4
LQD,2020-07-21,137.88,138.1,137.7809
LQD,2020-07-22,138.33,138.34,138.1
LQD,2020-07-23,138.43,138.52,138.17
LQD,2020-07-24,138.12,138.39,137.95
LQD,2020-07-27,137.7,138.29,137.61
LQD,2020-07-28,137.56,137.99,137.51
LQD,2020-07-29,138.31,138.31,137.57
LQD,2020-07-30,138.16,138.31,137.96
LQD,2020-07-31,138.35,138.46,137.93
LQD,2020-08-03,138.24,138.34,137.8099
LQD,2020-08-04,138.75,138.75,138.41
LQD,2020-08-05,138.56,138.8,138.43
LQD,2020-08-06,139.15,139.2585,138.93
LQD,2020-08-07,138.76,139.38,138.72
LQD,2020-08-10,138.46,138.99,138.41
LQD,2020-08-11,137.59,138.09,137.485
LQD,2020-08-12,137.25,137.7284,137.1
LQD,2020-08-13,136.01,137.23,135.75
LQD,2020-08-14,135.41,136.12,135.28
LQD,2020-08-17,135.69,135.92,135.5721
LQD,2020-08-18,136.08,136.24,135.74
LQD,2020-08-19,135.72,136.35,135.6
LQD,2020-08-20,136.2,136.35,136.02
LQD,2020-08-21,136.45,136.49,135.98
LQD,2020-08-24,136.21,136.67,136.12
LQD,2020-08-25,135.62,136.0,135.23
LQD,2020-08-26,135.67,135.675,135.13
LQD,2020-08-27,134.59,135.8907,134.56
LQD,2020-08-28,135.0,135.07,134.62
LQD,2020-08-31,135.6,135.79,135.0581
LQD,2020-09-01,136.16,136.2,135.1
LQD,2020-09-02,136.7,136.81,135.9985
LQD,2020-09-03,136.4,136.9,136.33
LQD,2020-09-04,134.95,136.12,134.87
LQD,2020-09-08,135.08,135.43,134.99
LQD,2020-09-09,135.17,135.69,135.01
LQD,2020-09-10,135.27,135.42,134.875
LQD,2020-09-11,135.37,135.6,135.18
LQD,2020-09-14,135.71,135.98,135.5766
LQD,2020-09-15,135.86,135.99,135.73
LQD,2020-09-16,135.95,136.27,135.755
LQD,2020-09-17,135.98,136.3,135.79
LQD,2020-09-18,135.73,136.1163,135.69
LQD,2020-09-21,135.6,135.97,135.47
LQD,2020-09-22,135.68,135.8,135.52
LQD,2020-09-23,134.7,135.73,134.62
LQD,2020-09-24,134.36,134.805,134.23
LQD,2020-09-25,134.22,134.45,134.04
LQD,2020-09-28,134.9,134.92,134.39
LQD,2020-09-29,134.73,135.18,134.71
LQD,2020-09-30,134.71,134.785,134.4219
LQD,2020-10-01,134.79,134.93,134.21
LQD,2020-10-02,134.81,134.89,134.4
LQD,2020-10-05,134.36,134.76,134.32
LQD,2020-10-06,134.25,134.95,133.95
LQD,2020-10-07,134.29,134.74,134.11
LQD,2020-10-08,134.62,134.85,134.51
LQD,2020-10-09,134.93,134.98,134.445
LQD,2020-10-12,135.71,135.75,135.1
LQD,2020-10-13,135.58,135.79,135.39
LQD,2020-10-14,135.71,135.9,135.495
LQD,2020-10-15,135.57,135.76,135.49
LQD,2020-10-16,135.34,135.87,135.32
LQD,2020-10-19,135.08,135.3153,135.01
LQD,2020-10-20,134.8,135.01,134.77
LQD,2020-10-21,134.58,134.875,134.54
LQD,2020-10-22,134.28,134.5358,134.16
LQD,2020-10-23,134.62,134.725,134.295
LQD,2020-10-26,134.9,135.01,134.72
LQD,2020-10-27,135.45,135.46,135.01
LQD,2020-10-28,134.78,135.48,134.74
LQD,2020-10-29,134.43,134.8,134.08
LQD,2020-10-30,133.73,134.54,133.72
LQD,2020-11-02,133.97,134.25,133.875
LQD,2020-11-03,134.1,134.14,133.78
LQD,2020-11-04,136.11,136.23,135.56
LQD,2020-11-05,136.62,136.82,136.35
LQD,2020-11-06,136.19,136.33,135.9401
LQD,2020-11-09,135.16,136.3046,135.14
LQD,2020-11-10,134.81,135.37,134.77
LQD,2020-11-11,135.06,135.09,134.71
LQD,2020-11-12,135.6,135.6,135.07
LQD,2020-11-13,135.76,135.935,135.62
LQD,2020-11-16,136.2,136.25,135.73
LQD,2020-11-17,136.64,136.76,136.26
LQD,2020-11-18,136.93,137.08,136.78
LQD,2020-11-19,137.69,137.85,137.1138
LQD,2020-11-20,137.57,137.75,137.17
LQD,2020-11-23,137.74,137.81,137.55
LQD,2020-11-24,137.43,137.78,137.4
LQD,2020-11-25,137.51,137.63,137.38
LQD,2020-11-27,138.0,138.07,137.75
LQD,2020-11-30,138.48,138.52,137.945
LQD,2020-12-01,137.68,138.27,137.48
LQD,2020-12-02,137.22,137.5,136.98
LQD,2020-12-03,137.76,138.03,137.48
LQD,2020-12-04,137.0,137.3399,136.84
LQD,2020-12-07,137.12,137.49,137.07
LQD,2020-12-08,136.96,137.445,136.9
LQD,2020-12-09,136.46,136.6,136.12
LQD,2020-12-10,137.14,137.16,136.56
LQD,2020-12-11,137.28,137.31,136.9211
LQD,2020-12-14,137.18,137.32,136.87
LQD,2020-12-15,137.45,137.475,137.094
LQD,2020-12-16,137.34,137.6081,136.88
LQD,2020-12-17,137.26,137.58,136.97
LQD,2020-12-18,137.16,137.52,137.01
LQD,2020-12-21,136.89,137.1416,136.665
LQD,2020-12-22,137.27,137.29,136.9871
LQD,2020-12-23,137.3,137.315,136.65
LQD,2020-12-24,137.77,137.83,137.48
LQD,2020-12-28,137.86,137.9,137.5
LQD,2020-12-29,137.92,137.93,137.6
LQD,2020-12-30,138.1,138.11,137.79
LQD,2020-12-31,138.13,138.215,137.96
LQD,2021-01-04,137.43,137.89,137.375
LQD,2021-01-05,136.99,137.06,136.55
LQD,2021-01-06,135.88,135.9789,135.4
LQD,2021-01-07,135.86,135.945,135.54
LQD,2021-01-08,135.76,135.89,135.45
LQD,2021-01-11,135.18,135.49,135.17
LQD,2021-01-12,135.47,135.54,134.7367
LQD,2021-01-13,136.52,136.635,135.73
LQD,2021-01-14,135.93,136.63,135.84
LQD,2021-01-15,136.14,136.51,136.04
LQD,2021-01-19,136.38,136.48,136.0575
LQD,2021-01-20,136.34,136.51,136.27
LQD,2021-01-21,135.8,135.93,135.6022
LQD,2021-01-22,135.7,135.91,135.605
LQD,2021-01-25,136.28,136.365,135.93
LQD,2021-01-26,136.27,136.445,135.96
LQD,2021-01-27,136.03,136.44,135.98
LQD,2021-01-28,135.81,136.1781,135.76
LQD,2021-01-29,135.6,135.9,134.96
LQD,2021-02-01,135.6,135.699,135.31
LQD,2021-02-02,135.24,135.36,135.04
LQD,2021-02-03,134.92,135.08,134.87
LQD,2021-02-04,135.15,135.215,134.6338
LQD,2021-02-05,134.79,135.3781,134.73
LQD,2021-02-08,135.37,135.41,134.87
LQD,2021-02-09,135.16,135.49,134.88
LQD,2021-02-10,135.48,135.55,135.29
LQD,2021-02-11,135.12,135.56,135.04
LQD,2021-02-12,134.68,134.94,134.57
LQD,2021-02-16,133.73,134.29,133.71
LQD,2021-02-17,134.4,134.43,134.03
LQD,2021-02-18,134.14,134.355,133.84
LQD,2021-02-19,133.17,133.9,133.15
LQD,2021-02-22,132.34,133.2181,132.25
LQD,2021-02-23,132.44,132.47,131.76
LQD,2021-02-24,132.64,132.67,131.35
LQD,2021-02-25,130.54,131.91,129.78
LQD,2021-02-26,132.27,132.32,130.99
LQD,2021-03-01,132.13,132.17,131.64
LQD,2021-03-02,131.98,132.11,131.77
LQD,2021-03-03,131.0,131.85,130.935
LQD,2021-03-04,129.93,131.16,129.81
LQD,2021-03-05,129.76,129.925,129.27
LQD,2021-03-08,128.55,129.62,128.525
LQD,2021-03-09,129.52,129.62,129.16
LQD,2021-03-10,130.13,130.29,129.71
LQD,2021-03-11,130.21,130.55,130.06
LQD,2021-03-12,128.71,129.29,128.66
LQD,2021-03-15,129.15,129.28,128.83
LQD,2021-03-16,129.06,129.39,128.87
LQD,2021-03-17,129.18,129.46,128.305
LQD,2021-03-18,128.44,128.62,127.91
LQD,2021-03-19,128.63,128.72,128.24
LQD,2021-03-22,129.09,129.46,128.93
LQD,2021-03-23,129.47,129.59,129.09
LQD,2021-03-24,129.86,129.92,129.21
LQD,2021-03-25,129.71,130.02,129.45
LQD,2021-03-26,129.62,129.82,129.33
LQD,2021-03-29,129.31,129.71,129.11
LQD,2021-03-30,129.71,129.785,128.98
LQD,2021-03-31,130.05,130.38,129.83
LQD,2021-04-01,130.61,130.65,130.15
LQD,2021-04-05,129.97,130.3,129.9211
LQD,2021-04-06,130.84,130.875,130.16
LQD,2021-04-07,130.58,130.92,130.405
LQD,2021-04-08,131.06,131.08,130.672
LQD,2021-04-09,130.79,131.095,130.535
LQD,2021-04-12,130.76,130.77,130.52
LQD,2021-04-13,131.34,131.35,130.56
LQD,2021-04-14,131.16,131.29,130.935
LQD,2021-04-15,131.97,132.32,131.65
LQD,2021-04-16,131.07,131.68,131.05
LQD,2021-04-19,130.73,130.9,130.63
LQD,2021-04-20,130.98,131.185,130.65
LQD,2021-04-21,131.43,131.43,130.901
LQD,2021-04-22,131.56,131.67,131.265
LQD,2021-04-23,131.67,131.89,131.49
LQD,2021-04-26,131.61,131.88,131.59
LQD,2021-04-27,131.02,131.64,131.02
LQD,2021-04-28,131.04,131.11,130.58
LQD,2021-04-29,130.88,130.93,130.36
LQD,2021-04-30,131.15,131.235,130.87
LQD,2021-05-03,131.21,131.43,130.87
LQD,2021-05-04,131.29,131.61,131.09
LQD,2021-05-05,131.45,131.5,131.09
LQD,2021-05-06,131.7,131.76,131.37
LQD,2021-05-07,131.75,132.3399,131.53
LQD,2021-05-10,131.04,131.77,131.03
LQD,2021-05-11,130.56,130.79,130.42
LQD,2021-05-12,129.85,130.31,129.78
LQD,2021-05-13,130.34,130.545,130.13
LQD,2021-05-14,131.05,131.08,130.67
LQD,2021-05-17,130.9,131.06,130.82
LQD,2021-05-18,130.47,130.7289,130.45
LQD,2021-05-19,130.24,130.68,129.98
LQD,2021-05-20,131.13,131.17,130.64
LQD,2021-05-21,131.22,131.42,131.085
LQD,2021-05-24,131.58,131.65,131.36
LQD,2021-05-25,132.07,132.11,131.66
LQD,2021-05-26,132.0,132.125,131.74
LQD,2021-05-27,131.6,131.825,131.02
LQD,2021-05-28,131.71,132.06,131.66
LQD,2021-06-01,131.47,131.5,131.11
LQD,2021-06-02,131.68,131.76,131.55
LQD,2021-06-03,131.16,131.385,131.125
LQD,2021-06-04,132.09,132.1,131.54
LQD,2021-06-07,131.98,132.05,131.86
LQD,2021-06-08,132.48,132.53,132.32
LQD,2021-06-09,132.96,133.16,132.78
LQD,2021-06-10,133.56,133.57,132.64
LQD,2021-06-11,133.67,133.8,133.43
LQD,2021-06-14,133.18,133.51,133.0
LQD,2021-06-15,133.28,133.315,132.9619
LQD,2021-06-16,132.9,133.71,132.53
LQD,2021-06-17,133.64,134.26,133.22
LQD,2021-06-18,134.34,134.565,133.77
LQD,2021-06-21,133.56,133.92,133.47
LQD,2021-06-22,133.78,133.79,133.11
LQD,2021-06-23,133.57,133.8,133.45
LQD,2021-06-24,133.83,133.88,133.64
LQD,2021-06-25,133.48,133.93,133.14
LQD,2021-06-28,134.05,134.12,133.76
LQD,2021-06-29,134.21,134.22,133.77
LQD,2021-06-30,134.36,134.6188,134.27
LQD,2021-07-01,133.99,134.16,133.74
LQD,2021-07-02,134.37,134.38,133.95
LQD,2021-07-06,134.86,135.18,134.53
LQD,2021-07-07,135.32,135.495,134.98
LQD,2021-07-08,135.39,135.595,135.16
LQD,2021-07-09,134.82,134.88,134.72
LQD,2021-07-12,134.75,135.015,134.65
LQD,2021-07-13,134.25,134.96,134.025
LQD,2021-07-14,134.87,134.9,134.62
LQD,2021-07-15,135.16,135.29,134.77
LQD,2021-07-16,134.97,135.1281,134.8
LQD,2021-07-19,135.94,136.0801,135.59
LQD,2021-07-20,135.75,136.5395,135.565
LQD,2021-07-21,135.27,135.435,135.025
LQD,2021-07-22,135.83,135.895,135.27
LQD,2021-07-23,135.77,135.78,135.25
LQD,2021-07-26,135.47,135.89,135.38
LQD,2021-07-27,136.05,136.05,135.67
LQD,2021-07-28,136.29,136.3,135.63
LQD,2021-07-29,135.9,136.01,135.77
LQD,2021-07-30,136.01,136.18,135.93
LQD,2021-08-02,136.16,136.51,135.85
LQD,2021-08-03,136.3,136.4,136.14
LQD,2021-08-04,136.33,136.78,135.72
LQD,2021-08-05,135.77,136.135,135.74
LQD,2021-08-06,134.66,135.16,134.64
LQD,2021-08-09,134.08,134.805,134.08
LQD,2021-08-10,133.78,134.25,133.775
LQD,2021-08-11,133.99,134.33,133.57
LQD,2021-08-12,134.18,134.205,133.87
LQD,2021-08-13,135.08,135.12,134.4
LQD,2021-08-16,135.16,135.66,135.13
LQD,2021-08-17,134.92,135.13,134.825
LQD,2021-08-18,134.83,135.1051,134.6
LQD,2021-08-19,135.14,135.25,134.84
QQQ,2000-01-03,94.75,96.1875,90.0
QQQ,2000-01-04,88.25,99.375,87.9375
QQQ,2000-01-05,86.0,90.03125,84.25
QQQ,2000-01-06,80.09375,88.0,79.75
QQQ,2000-01-07,90.0,90.0,82.5
QQQ,2000-01-10,92.5,93.9375,89.9375
QQQ,2000-01-11,88.0,92.875,87.0
QQQ,2000-01-12,86.0625,89.242205,86.0
QQQ,2000-01-13,91.25,91.5,87.07815
QQQ,2000-01-14,93.375,93.625,92.0
QQQ,2000-01-18,93.875,94.4375,91.4375
QQQ,2000-01-19,96.0,96.0,92.429705
QQQ,2000-01-20,95.0625,96.875,94.007795
QQQ,2000-01-21,96.25,96.5625,95.0625
QQQ,2000-01-24,91.625,97.625,90.96875
QQQ,2000-01-25,93.0,94.117205,89.40625
QQQ,2000-01-26,89.25,93.3125,89.0
QQQ,2000-01-27,90.5625,98.75,87.625
QQQ,2000-01-28,86.0,90.46875,84.75
QQQ,2000-01-31,89.6875,90.0,83.5
QQQ,2000-02-01,92.09375,92.5,88.4375
QQQ,2000-02-02,92.875,94.71875,92.09375
QQQ,2000-02-03,96.5,96.625,92.28125
QQQ,2000-02-04,97.15625,98.242205,96.21875
QQQ,2000-02-07,98.5,98.625,96.25
QQQ,2000-02-08,102.625,102.875,99.375
QQQ,2000-02-09,99.0,102.195295,98.75
QQQ,2000-02-10,102.25,102.25,98.554705
QQQ,2000-02-11,99.1875,102.0625,98.0
QQQ,2000-02-14,99.75,100.0,97.75
QQQ,2000-02-15,100.46875,100.625,95.875
QQQ,2000-02-16,100.0,101.6875,99.3125
QQQ,2000-02-17,102.125,103.25,99.625
QQQ,2000-02-18,98.4375,103.0,98.4375
QQQ,2000-02-22,98.75,99.9375,96.25
QQQ,2000-02-23,104.25,105.0,99.15625
QQQ,2000-02-24,106.5,106.804705,102.0
QQQ,2000-02-25,104.0625,107.5,103.875
QQQ,2000-02-28,104.0,105.6875,100.5
QQQ,2000-02-29,106.75,107.09375,104.9375
QQQ,2000-03-01,107.625,108.5625,106.5
QQQ,2000-03-02,105.132795,108.1875,104.75
QQQ,2000-03-03,111.0625,111.125,107.0
QQQ,2000-03-06,111.9375,113.21875,110.25
QQQ,2000-03-07,110.25,113.875,108.75
QQQ,2000-03-08,111.25,112.0,106.28125
QQQ,2000-03-09,115.0,115.0,109.09375
QQQ,2000-03-10,114.5,116.4375,113.507795
QQQ,2000-03-13,111.5,114.125,109.53125
QQQ,2000-03-14,107.375,113.375,105.0
QQQ,2000-03-15,102.875,107.0,101.875
QQQ,2000-03-16,108.75,109.25,101.0
QQQ,2000-03-17,110.8125,111.0625,107.9375
QQQ,2000-03-20,107.6875,111.5,106.25
QQQ,2000-03-21,111.75,111.9375,103.5625
QQQ,2000-03-22,114.0,115.9688,111.125
QQQ,2000-03-23,116.0,117.75,113.5625
QQQ,2000-03-24,117.5625,120.5,115.0156
QQQ,2000-03-27,117.75,119.5,117.125
QQQ,2000-03-28,114.75,117.8125,113.125
QQQ,2000-03-29,110.0,115.4375,110.0
QQQ,2000-03-30,107.25,112.75,103.5
QQQ,2000-03-31,109.5,110.625,104.0
QQQ,2000-04-03,102.9375,109.125,100.75
QQQ,2000-04-04,101.9375,103.9375,88.3125
QQQ,2000-04-05,100.125,103.9375,96.25
QQQ,2000-04-06,102.5,103.875,99.75
QQQ,2000-04-07,106.625,107.375,102.625
QQQ,2000-04-10,100.125,107.6875,99.25
QQQ,2000-04-11,97.75,101.5,95.75
QQQ,2000-04-12,92.375,98.75,90.25
QQQ,2000-04-13,88.0,96.0,88.0
QQQ,2000-04-14,80.375,88.5,78.0
QQQ,2000-04-17,89.625,90.0,78.0
QQQ,2000-04-18,92.0,93.0,87.375
QQQ,2000-04-19,89.1875,93.625,89.0625
QQQ,2000-04-20,87.25,90.96875,86.0625
QQQ,2000-04-24,84.75,85.25,79.875
QQQ,2000-04-25,90.46875,90.5,86.0
QQQ,2000-04-26,87.375,92.42188,87.125
QQQ,2000-04-27,91.25,92.48438,82.25
QQQ,2000-04-28,94.75,94.75,92.125
QQQ,2000-05-01,95.625,96.875,94.25
QQQ,2000-05-02,90.125,95.625,89.75
QQQ,2000-05-03,89.125,90.25,85.51563
QQQ,2000-05-04,89.3125,90.75,87.625
QQQ,2000-05-05,91.4375,92.3125,88.03125
QQQ,2000-05-08,87.875,90.75,87.75
QQQ,2000-05-09,86.0,89.125,84.3125
QQQ,2000-05-10,79.75,85.4375,79.5
QQQ,2000-05-11,84.625,85.25,80.875
QQQ,2000-05-12,84.625,87.5625,84.0
QQQ,2000-05-15,88.3125,88.625,82.625
QQQ,2000-05-16,90.8125,91.5,88.0625
QQQ,2000-05-17,88.9375,90.5,87.75
QQQ,2000-05-18,85.75,89.875,85.375
QQQ,2000-05-19,81.6875,85.0,81.3125
QQQ,2000-05-22,81.625,82.25,75.57813
QQQ,2000-05-23,74.8125,82.625,74.25
QQQ,2000-05-24,79.5,79.875,72.25
QQQ,2000-05-25,77.75,82.25,76.5
QQQ,2000-05-26,77.75,79.25,75.75
QQQ,2000-05-30,85.5625,85.9375,80.0
QQQ,2000-05-31,83.125,86.67188,82.75
QQQ,2000-06-01,87.375,88.375,83.1875
QQQ,2000-06-02,93.625,94.10938,91.875
QQQ,2000-06-05,93.85938,95.3125,91.875
QQQ,2000-06-06,91.25,95.0,90.875
QQQ,2000-06-07,93.6875,94.0,89.5625
QQQ,2000-06-08,93.25,94.875,91.625
QQQ,2000-06-09,93.313269,94.467866,92.128813
QQQ,2000-06-12,90.327245,93.870661,89.580739
QQQ,2000-06-13,93.81094,94.18917,88.923813
QQQ,2000-06-14,92.125,94.875,91.375
QQQ,2000-06-15,93.75,93.875,90.875
QQQ,2000-06-16,94.25,95.3125,93.0625
QQQ,2000-06-19,98.0,98.25,92.6875
QQQ,2000-06-20,97.625,99.6875,97.1875
QQQ,2000-06-21,98.875,99.71875,96.6875
QQQ,2000-06-22,95.25,99.0,94.5
QQQ,2000-06-23,91.5,95.5,91.375
QQQ,2000-06-26,94.0,94.42188,92.0
QQQ,2000-06-27,92.875,95.0625,92.375
QQQ,2000-06-28,94.0,95.5,92.5
QQQ,2000-06-29,91.64063,93.375,90.625
QQQ,2000-06-30,93.4375,93.95313,91.3125
QQQ,2000-07-03,95.25,95.25,93.25
QQQ,2000-07-05,91.5625,93.96875,90.875
QQQ,2000-07-06,94.0,94.75,90.0625
QQQ,2000-07-07,95.9375,97.0,94.4375
QQQ,2000-07-10,94.48438,95.875,94.0
QQQ,2000-07-11,95.0,95.75,92.8125
QQQ,2000-07-12,97.25,97.75,94.625
QQQ,2000-07-13,98.5,99.75,97.125
QQQ,2000-07-14,100.625,101.125,98.8125
QQQ,2000-07-17,101.75,102.0625,99.875
QQQ,2000-07-18,99.5,100.7813,98.35938
QQQ,2000-07-19,97.25,98.9375,95.65625
QQQ,2000-07-20,100.375,100.5,97.26563
QQQ,2000-07-21,97.0,99.51563,97.0
QQQ,2000-07-24,95.0,99.0,94.25
QQQ,2000-07-25,95.75,97.0,93.8125
QQQ,2000-07-26,95.625,96.125,93.25
QQQ,2000-07-27,91.875,95.0625,91.5625
QQQ,2000-07-28,86.875,92.875,86.0
QQQ,2000-07-31,89.4375,90.125,85.71875
QQQ,2000-08-01,88.25,89.98438,87.6875
QQQ,2000-08-02,86.6875,90.39063,86.5
QQQ,2000-08-03,90.4375,91.25,83.3125
QQQ,2000-08-04,90.125,92.76563,89.125
QQQ,2000-08-07,92.25,93.03125,90.25
QQQ,2000-08-08,94.125,94.25,91.5
QQQ,2000-08-09,91.625,94.4375,91.375
QQQ,2000-08-10,89.8125,92.23438,89.5
QQQ,2000-08-11,91.0625,91.10938,87.875
QQQ,2000-08-14,93.0,93.0,90.20313
QQQ,2000-08-15,93.0,93.98438,92.0
QQQ,2000-08-16,93.9375,94.6875,92.0
QQQ,2000-08-17,95.75,95.875,92.875
QQQ,2000-08-18,95.25,96.625,94.6875
QQQ,2000-08-21,95.5,96.85938,94.375
QQQ,2000-08-22,95.5,97.35938,95.26563
QQQ,2000-08-23,97.125,97.4375,93.82813
QQQ,2000-08-24,98.5625,98.6875,96.0625
QQQ,2000-08-25,98.03125,99.95313,97.0
QQQ,2000-08-28,98.5,99.84375,97.9375
QQQ,2000-08-29,99.0,99.17188,97.85938
QQQ,2000-08-30,98.875,99.5,97.76563
QQQ,2000-08-31,101.625,102.0,98.875
QQQ,2000-09-01,102.625,103.5156,101.1875
QQQ,2000-09-05,99.5,101.75,99.42188
QQQ,2000-09-06,96.0,99.48438,95.5
QQQ,2000-09-07,98.125,99.42188,96.5625
QQQ,2000-09-08,95.125,98.0,94.76563
QQQ,2000-09-11,92.8125,96.125,92.0
QQQ,2000-09-12,91.5625,94.6875,90.84375
QQQ,2000-09-13,93.875,93.875,90.0
QQQ,2000-09-14,93.0,95.9375,92.64063
QQQ,2000-09-15,91.3125,93.625,90.6875
QQQ,2000-09-18,89.875,93.0,88.0
QQQ,2000-09-19,93.1875,93.78125,89.875
QQQ,2000-09-20,94.625,95.23438,91.3125
QQQ,2000-09-21,87.75,94.48438,87.0
QQQ,2000-09-22,92.9375,93.25,87.5
QQQ,2000-09-25,90.46875,94.25,90.0
QQQ,2000-09-26,89.4375,92.5,88.92188
QQQ,2000-09-27,89.5625,91.1875,88.0
QQQ,2000-09-28,91.5625,93.0,88.71875
QQQ,2000-09-29,88.75,92.125,88.6875
QQQ,2000-10-02,86.75,90.25,86.0
QQQ,2000-10-03,84.0,88.8125,83.26563
QQQ,2000-10-04,85.625,86.85938,82.125
QQQ,2000-10-05,85.875,87.1875,84.5625
QQQ,2000-10-06,83.0,86.5625,81.25391
QQQ,2000-10-09,82.625,83.8125,79.375
QQQ,2000-10-10,78.3125,83.3125,77.875
QQQ,2000-10-11,77.0625,80.45313,76.0625
QQQ,2000-10-12,75.125,79.5625,74.3125
QQQ,2000-10-13,81.25,81.625,74.625
QQQ,2000-10-16,82.0,82.3125,79.75
QQQ,2000-10-17,78.25,83.17188,78.0
QQQ,2000-10-18,78.0,81.1875,74.5625
QQQ,2000-10-19,85.0625,85.10938,81.4375
QQQ,2000-10-20,86.3125,87.875,84.39063
QQQ,2000-10-23,86.1875,87.5,84.125
QQQ,2000-10-24,82.4375,87.0,82.375
QQQ,2000-10-25,77.9375,82.0,76.89063
QQQ,2000-10-26,79.875,80.0,73.625
QQQ,2000-10-27,79.71875,81.85938,77.48438
QQQ,2000-10-30,76.76563,79.875,75.70313
QQQ,2000-10-31,81.70313,82.5625,77.875
QQQ,2000-11-01,81.0,82.8125,79.1875
QQQ,2000-11-02,82.0,83.25,81.0625
QQQ,2000-11-03,83.0625,83.9375,81.64063
QQQ,2000-11-06,82.4375,84.125,82.0
QQQ,2000-11-07,82.125,82.46875,80.25
QQQ,2000-11-08,75.70313,82.25,75.625
QQQ,2000-11-09,75.6875,76.9375,73.0
QQQ,2000-11-10,71.75,75.6875,71.75
QQQ,2000-11-13,70.0625,74.1875,68.26563
QQQ,2000-11-14,75.84375,76.0,72.75
QQQ,2000-11-15,77.375,78.0625,74.79688
QQQ,2000-11-16,72.875,77.0,72.875
QQQ,2000-11-17,72.82813,75.1875,71.0
QQQ,2000-11-20,69.85938,72.0625,69.25
QQQ,2000-11-21,69.75,71.125,68.4375
QQQ,2000-11-22,66.625,70.125,66.5
QQQ,2000-11-24,70.4375,70.625,68.17188
QQQ,2000-11-27,69.5625,72.9375,68.75
QQQ,2000-11-28,65.45313,69.9375,65.3125
QQQ,2000-11-29,62.9375,66.75,62.5
QQQ,2000-11-30,62.98438,64.25,60.5
QQQ,2000-12-01,64.0,66.76563,62.125
QQQ,2000-12-04,63.6875,65.35938,61.75
QQQ,2000-12-05,70.6875,71.0,65.5
QQQ,2000-12-06,68.0,72.29688,67.75
QQQ,2000-12-07,66.5,68.98438,65.5
QQQ,2000-12-08,68.0,74.0,67.625
QQQ,2000-12-11,74.375,74.78125,70.95313
QQQ,2000-12-12,71.65625,73.875,71.3125
QQQ,2000-12-13,68.73438,73.5,68.3125
QQQ,2000-12-14,65.375,69.6875,65.25
QQQ,2000-12-15,63.875,65.625,62.5625
QQQ,2000-12-18,64.0,65.96875,62.5625
QQQ,2000-12-19,59.125,65.85938,58.75
QQQ,2000-12-20,55.73438,58.375,54.75
QQQ,2000-12-21,56.0625,58.75,54.25
QQQ,2000-12-22,60.5,60.75,57.625
QQQ,2000-12-26,60.875,61.92188,58.0
QQQ,2000-12-27,61.5625,62.1875,58.9375
QQQ,2000-12-28,61.4375,62.48438,60.25
QQQ,2000-12-29,58.375,62.23438,58.0
QQQ,2001-01-02,53.4375,58.6875,52.4375
QQQ,2001-01-03,62.4375,65.25,52.15625
QQQ,2001-01-04,61.3125,63.625,60.23438
QQQ,2001-01-05,56.625,61.3125,56.0
QQQ,2001-01-08,57.25,57.5,53.51563
QQQ,2001-01-09,57.25,59.125,56.625
QQQ,2001-01-10,60.1875,60.375,55.75
QQQ,2001-01-11,61.9375,63.6875,59.1875
QQQ,2001-01-12,62.73438,64.625,61.5
QQQ,2001-01-16,61.98438,62.92188,60.5625
QQQ,2001-01-17,63.875,65.60938,63.14063
QQQ,2001-01-18,66.5625,66.75,62.6875
QQQ,2001-01-19,66.3125,68.3125,65.5625
QQQ,2001-01-22,66.375,67.0,64.75
QQQ,2001-01-23,67.76563,68.40625,65.3125
QQQ,2001-01-24,67.125,69.125,66.75
QQQ,2001-01-25,64.5,67.67188,64.39063
QQQ,2001-01-26,65.54688,65.9375,63.0
QQQ,2001-01-29,67.0,67.25,64.25
QQQ,2001-01-30,66.75,67.74,63.55
QQQ,2001-01-31,64.3,68.0,64.3
QQQ,2001-02-01,65.15,65.61,63.6
QQQ,2001-02-02,61.55,65.3,60.0
QQQ,2001-02-05,61.5,61.9,60.12
QQQ,2001-02-06,61.6,63.12,61.16
QQQ,2001-02-07,60.6,61.2,58.58
QQQ,2001-02-08,58.79,61.5,58.58
QQQ,2001-02-09,56.4,61.04,56.0
QQQ,2001-02-12,57.08,57.94,55.62
QQQ,2001-02-13,55.3,59.18,54.98
QQQ,2001-02-14,57.45,57.75,54.125
QQQ,2001-02-15,58.4,60.49,58.3
QQQ,2001-02-16,55.13,56.87,54.53
QQQ,2001-02-20,52.99,55.84,52.3
QQQ,2001-02-21,51.5,54.07,50.92
QQQ,2001-02-22,51.0,52.16,48.89
QQQ,2001-02-23,51.18,51.6,48.23
QQQ,2001-02-26,52.15,52.6,50.25
QQQ,2001-02-27,49.0,52.08,48.9
QQQ,2001-02-28,47.45,50.21,46.86
QQQ,2001-03-01,48.8,49.2,45.75
QQQ,2001-03-02,46.7,49.63,45.65
QQQ,2001-03-05,47.55,48.36,47.09
QQQ,2001-03-06,49.4,50.66,49.1
QQQ,2001-03-07,49.42,50.43,48.97
QQQ,2001-03-08,48.5,49.81,48.1
QQQ,2001-03-09,45.1,47.37,44.95
QQQ,2001-03-12,42.3,44.95,41.8
QQQ,2001-03-13,44.45,44.74,42.13
QQQ,2001-03-14,43.75,45.19,42.31
QQQ,2001-03-15,42.15,45.319,42.05
QQQ,2001-03-16,41.1,42.8,40.56
QQQ,2001-03-19,43.26,43.26,40.75
QQQ,2001-03-20,40.35,43.81,40.2
QQQ,2001-03-21,40.35,41.8,39.71
QQQ,2001-03-22,42.8,42.8,39.49
QQQ,2001-03-23,42.8,43.83,41.5
QQQ,2001-03-26,41.81,43.5,41.55
QQQ,2001-03-27,43.25,43.72,41.42
QQQ,2001-03-28,39.7,42.2,39.68
QQQ,2001-03-29,38.95,40.61,38.4
QQQ,2001-03-30,39.15,39.98,38.0
QQQ,2001-04-02,37.4,39.85,37.3
QQQ,2001-04-03,34.66,37.75,34.62
QQQ,2001-04-04,34.05,35.81,33.6
QQQ,2001-04-05,37.31,37.96,35.71
QQQ,2001-04-06,36.3,37.1,35.5
QQQ,2001-04-09,37.05,37.39,35.85
QQQ,2001-04-10,39.8,40.46,37.78
QQQ,2001-04-11,41.0,42.5,40.45
QQQ,2001-04-12,42.8,42.8,40.01
QQQ,2001-04-16,40.25,42.43,40.06
QQQ,2001-04-17,41.25,42.7,39.9
QQQ,2001-04-18,45.55,51.0,43.2
QQQ,2001-04-19,48.3,48.75,45.58
QQQ,2001-04-20,48.4,49.44,47.0
QQQ,2001-04-23,45.15,47.72,44.89
QQQ,2001-04-24,44.3,46.42,43.75
QQQ,2001-04-25,45.1,45.58,43.1
QQQ,2001-04-26,43.95,46.25,43.87
QQQ,2001-04-27,45.15,45.47,44.241
QQQ,2001-04-30,46.15,47.57,45.3
QQQ,2001-05-01,48.05,48.08,45.4
QQQ,2001-05-02,48.98,49.4,47.5
QQQ,2001-05-03,46.8,47.901,46.2
QQQ,2001-05-04,48.2,48.2,45.11
QQQ,2001-05-07,47.2,48.6,47.1
QQQ,2001-05-08,48.2,48.35,46.99
QQQ,2001-05-09,46.55,47.95,46.44
QQQ,2001-05-10,45.77,48.05,45.72
QQQ,2001-05-11,45.55,46.42,45.09
QQQ,2001-05-14,44.82,45.36,44.11
QQQ,2001-05-15,45.15,46.3,44.58
QQQ,2001-05-16,47.15,47.52,44.06
QQQ,2001-05-17,47.9,48.79,47.26
QQQ,2001-05-18,48.04,48.38,47.09
QQQ,2001-05-21,51.05,51.15,47.65
QQQ,2001-05-22,50.9,51.95,50.18
QQQ,2001-05-23,48.65,50.45,48.64
QQQ,2001-05-24,49.9,49.99,48.27
QQQ,2001-05-25,48.99,50.02,48.02
QQQ,2001-05-29,46.12,48.5,46.1
QQQ,2001-05-30,44.43,45.85,44.08
QQQ,2001-05-31,44.73,45.85,44.3
QQQ,2001-06-01,46.05,46.23,44.33
QQQ,2001-06-04,45.83,46.9,45.29
QQQ,2001-06-05,47.85,48.36,46.2
QQQ,2001-06-06,47.48,48.89,47.07
QQQ,2001-06-07,48.7,49.49,47.075
QQQ,2001-06-08,47.35,48.77,46.95
QQQ,2001-06-11,46.05,48.47,45.49
QQQ,2001-06-12,45.8,46.8,44.23
QQQ,2001-06-13,44.55,46.75,44.52
QQQ,2001-06-14,42.25,44.4,42.0
QQQ,2001-06-15,42.6,43.1,41.281
QQQ,2001-06-18,42.03,43.17,41.4
QQQ,2001-06-19,41.82,43.56,41.26
QQQ,2001-06-20,42.77,42.97,41.28
QQQ,2001-06-21,43.35,44.23,42.3
QQQ,2001-06-22,43.25,44.2,42.59
QQQ,2001-06-25,43.36,43.8,42.65
QQQ,2001-06-26,43.51,43.89,42.481
QQQ,2001-06-27,43.79,44.15,43.0
QQQ,2001-06-28,44.35,46.36,44.35
QQQ,2001-06-29,45.7,46.52,44.7
QQQ,2001-07-02,45.45,46.48,45.19
QQQ,2001-07-03,45.64,45.69,44.8
QQQ,2001-07-05,43.45,45.189,43.45
QQQ,2001-07-06,41.65,43.11,41.49
QQQ,2001-07-09,42.01,42.69,41.5
QQQ,2001-07-10,40.5,42.88,40.4
QQQ,2001-07-11,41.0,41.1,39.87
QQQ,2001-07-12,43.6,43.83,42.3
QQQ,2001-07-13,43.15,44.43,42.9
QQQ,2001-07-16,42.35,43.86,41.9
QQQ,2001-07-17,43.3,43.4,41.54
QQQ,2001-07-18,41.65,42.85,41.14
QQQ,2001-07-19,42.64,43.35,41.75
QQQ,2001-07-20,41.65,42.14,41.36
QQQ,2001-07-23,40.61,42.4,40.55
QQQ,2001-07-24,40.15,40.9,39.31
QQQ,2001-07-25,40.5,40.72,39.4
QQQ,2001-07-26,41.1,41.89,39.98
QQQ,2001-07-27,41.95,42.26,40.9
QQQ,2001-07-30,41.7,42.3,41.4
QQQ,2001-07-31,41.76,42.78,41.5
QQQ,2001-08-01,43.1,43.5,42.41
QQQ,2001-08-02,43.91,44.004,42.82
QQQ,2001-08-03,43.18,43.53,42.56
QQQ,2001-08-06,42.5,42.85,42.35
QQQ,2001-08-07,42.28,42.82,41.94
QQQ,2001-08-08,40.5,42.65,40.3
QQQ,2001-08-09,40.67,40.88,39.98
QQQ,2001-08-10,40.28,40.75,39.23
QQQ,2001-08-13,41.1,41.34,40.2
QQQ,2001-08-14,40.6,41.7,40.54
QQQ,2001-08-15,39.1,40.93,39.07
QQQ,2001-08-16,39.56,39.59,38.041
QQQ,2001-08-17,37.76,38.8,37.71
QQQ,2001-08-20,38.28,38.65,37.52
QQQ,2001-08-21,36.69,38.65,36.65
QQQ,2001-08-22,37.69,37.84,36.54
QQQ,2001-08-23,37.32,38.46,37.299
QQQ,2001-08-24,39.3,39.39,37.75
QQQ,2001-08-27,39.35,39.9,38.83
QQQ,2001-08-28,38.12,39.44,38.011
QQQ,2001-08-29,37.56,38.45,37.13
QQQ,2001-08-30,36.17,37.31,35.75
QQQ,2001-08-31,36.17,37.03,35.94
QQQ,2001-09-04,35.47,37.5,35.35
QQQ,2001-09-05,35.33,35.91,34.15
QQQ,2001-09-06,33.9,35.52,33.78
QQQ,2001-09-07,33.7,35.1,33.35
QQQ,2001-09-10,34.1,34.88,33.342
QQQ,2001-09-17,31.2,32.8,31.09
QQQ,2001-09-18,30.5,32.5,30.37
QQQ,2001-09-19,29.97,31.0,28.26
QQQ,2001-09-20,28.97,30.09,28.8
QQQ,2001-09-21,28.19,28.97,27.2
QQQ,2001-09-24,29.61,30.0,28.59
QQQ,2001-09-25,29.7,30.43,28.89
QQQ,2001-09-26,28.67,30.0,28.41
QQQ,2001-09-27,28.48,28.79,27.42
QQQ,2001-09-28,28.98,29.92,28.31
QQQ,2001-10-01,28.73,28.98,27.85
QQQ,2001-10-02,28.82,29.41,28.4
QQQ,2001-10-03,31.0,31.61,28.33
QQQ,2001-10-04,31.3,33.2,30.94
QQQ,2001-10-05,31.76,31.9,30.26
QQQ,2001-10-08,31.86,32.35,30.96
QQQ,2001-10-09,31.09,32.02,30.87
QQQ,2001-10-10,32.5,32.54,30.751
QQQ,2001-10-11,34.7,34.8,33.14
QQQ,2001-10-12,34.55,34.8,33.14
QQQ,2001-10-15,34.4,34.55,33.66
QQQ,2001-10-16,34.96,35.1,34.07
QQQ,2001-10-17,32.45,36.0,32.3
QQQ,2001-10-18,33.33,33.54,32.4
QQQ,2001-10-19,33.55,33.75,32.0
QQQ,2001-10-22,34.45,34.5,33.22
QQQ,2001-10-23,34.63,35.401,34.0
QQQ,2001-10-24,35.38,35.68,34.32
QQQ,2001-10-25,36.8,36.82,34.23
QQQ,2001-10-26,36.01,37.06,36.01
QQQ,2001-10-29,34.04,36.158,34.04
QQQ,2001-10-30,33.38,34.09,32.84
QQQ,2001-10-31,33.9,34.96,33.68
QQQ,2001-11-01,35.34,35.563,33.782
QQQ,2001-11-02,35.6,35.85,34.89
QQQ,2001-11-05,36.76,37.16,36.16
QQQ,2001-11-06,38.19,38.2,36.39
QQQ,2001-11-07,38.14,38.84,37.5
QQQ,2001-11-08,37.75,39.4,37.25
QQQ,2001-11-09,37.73,38.08,37.12
QQQ,2001-11-12,38.0,38.35,36.3
QQQ,2001-11-13,39.36,39.5,38.63
QQQ,2001-11-14,39.64,40.24,38.74
QQQ,2001-11-15,39.48,40.11,38.95
QQQ,2001-11-16,39.37,39.68,38.92
QQQ,2001-11-19,40.49,40.49,39.49
QQQ,2001-11-20,38.62,40.23,38.48
QQQ,2001-11-21,38.64,38.95,37.98
QQQ,2001-11-23,39.28,39.43,38.57
QQQ,2001-11-26,40.25,40.36,39.01
QQQ,2001-11-27,40.2,40.97,39.2
QQQ,2001-11-28,38.75,40.37,38.69
QQQ,2001-11-29,39.95,40.0,38.79
QQQ,2001-11-30,39.65,40.04,39.36
QQQ,2001-12-03,38.97,39.6,38.87
QQQ,2001-12-04,40.83,40.84,38.44
QQQ,2001-12-05,42.85,43.15,41.12
QQQ,2001-12-06,42.91,43.24,42.36
QQQ,2001-12-07,41.73,42.6,41.14
QQQ,2001-12-10,41.0,42.23,40.88
QQQ,2001-12-11,41.23,42.26,41.13
QQQ,2001-12-12,41.56,41.94,40.6
QQQ,2001-12-13,39.76,41.0,39.76
QQQ,2001-12-14,40.11,40.46,39.57
QQQ,2001-12-17,40.8,41.24,40.02
QQQ,2001-12-18,41.26,41.5,40.16
QQQ,2001-12-19,40.51,41.32,40.32
QQQ,2001-12-20,38.79,40.3,38.68
QQQ,2001-12-21,39.48,39.71,39.15
QQQ,2001-12-24,39.32,39.63,39.15
QQQ,2001-12-26,39.69,40.3,39.4
QQQ,2001-12-27,40.01,40.202,39.6
QQQ,2001-12-28,40.33,40.802,40.23
QQQ,2001-12-31,38.91,40.45,38.91
QQQ,2002-01-02,40.11,40.15,38.93
QQQ,2002-01-03,41.5,41.55,40.26
QQQ,2002-01-04,41.67,42.29,40.93
QQQ,2002-01-07,41.21,42.22,40.97
QQQ,2002-01-08,41.49,41.77,40.84
QQQ,2002-01-09,41.11,42.6,40.9
QQQ,2002-01-10,41.38,41.54,40.68
QQQ,2002-01-11,40.85,41.6,40.47
QQQ,2002-01-14,39.96,40.68,39.7
QQQ,2002-01-15,40.34,40.75,39.56
QQQ,2002-01-16,38.78,39.94,38.77
QQQ,2002-01-17,39.65,39.977,39.01
QQQ,2002-01-18,38.59,39.45,38.22
QQQ,2002-01-22,37.4,39.02,37.33
QQQ,2002-01-23,38.43,38.69,37.35
QQQ,2002-01-24,38.94,39.514,38.35
QQQ,2002-01-25,38.83,39.15,38.36
QQQ,2002-01-28,39.05,39.39,38.42
QQQ,2002-01-29,37.98,39.408,37.515
QQQ,2002-01-30,38.27,38.38,36.85
QQQ,2002-01-31,38.51,38.75,38.02
QQQ,2002-02-01,38.14,38.88,37.7
QQQ,2002-02-04,36.92,38.07,36.61
QQQ,2002-02-05,36.31,37.33,36.19
QQQ,2002-02-06,36.06,36.89,35.7
QQQ,2002-02-07,35.19,36.55,35.0
QQQ,2002-02-08,36.17,36.24,34.97
QQQ,2002-02-11,36.63,36.81,35.98
QQQ,2002-02-12,36.33,36.98,36.04
QQQ,2002-02-13,36.95,37.15,36.61
QQQ,2002-02-14,36.88,37.57,36.0
QQQ,2002-02-15,35.78,36.91,35.64
QQQ,2002-02-19,34.68,35.46,34.0
QQQ,2002-02-20,35.15,35.17,33.93
QQQ,2002-02-21,33.48,34.95,33.48
QQQ,2002-02-22,33.65,34.2,33.09
QQQ,2002-02-25,35.01,35.25,33.955
QQQ,2002-02-26,34.88,35.43,34.37
QQQ,2002-02-27,34.4,35.51,34.06
QQQ,2002-02-28,33.78,34.97,33.75
QQQ,2002-03-01,35.74,35.75,34.09
QQQ,2002-03-04,37.15,37.23,35.4
QQQ,2002-03-05,37.42,37.87,36.81
QQQ,2002-03-06,37.6,37.95,36.6
QQQ,2002-03-07,37.68,38.33,37.01
QQQ,2002-03-08,38.67,39.03,38.13
QQQ,2002-03-11,38.53,39.19,38.06
QQQ,2002-03-12,38.0,38.0,37.32
QQQ,2002-03-13,37.08,37.66,36.87
QQQ,2002-03-14,36.86,37.4,36.72
QQQ,2002-03-15,37.23,37.33,36.596
QQQ,2002-03-18,37.44,37.94,37.05
QQQ,2002-03-19,37.38,37.88,37.22
QQQ,2002-03-20,36.06,37.08,36.04
QQQ,2002-03-21,37.02,37.14,35.9
QQQ,2002-03-22,36.68,37.14,36.47
QQQ,2002-03-25,35.56,36.901,35.52
QQQ,2002-03-26,35.89,36.42,35.4
QQQ,2002-03-27,35.61,36.0,35.4
QQQ,2002-03-28,36.06,36.37,35.9
QQQ,2002-04-01,36.75,36.9,35.3
QQQ,2002-04-02,35.09,36.15,35.0
QQQ,2002-04-03,35.03,35.45,34.3
QQQ,2002-04-04,34.76,35.16,34.28
QQQ,2002-04-05,34.37,35.175,34.18
QQQ,2002-04-08,34.8,34.8,33.425
QQQ,2002-04-09,33.59,34.98,33.498
QQQ,2002-04-10,33.84,34.25,33.13
QQQ,2002-04-11,33.0,33.85,32.889
QQQ,2002-04-12,33.52,33.8,32.95
QQQ,2002-04-15,33.79,33.96,33.2
QQQ,2002-04-16,35.2,35.22,34.417
QQQ,2002-04-17,35.02,35.5,34.45
QQQ,2002-04-18,34.35,35.15,34.0
QQQ,2002-04-19,34.46,35.06,34.38
QQQ,2002-04-22,33.59,34.02,33.256
QQQ,2002-04-23,33.01,33.94,32.7
QQQ,2002-04-24,32.5,33.31,32.2
QQQ,2002-04-25,32.42,32.73,32.0
QQQ,2002-04-26,31.04,32.77,31.01
QQQ,2002-04-29,31.12,31.55,30.568
QQQ,2002-04-30,31.73,32.195,30.942
QQQ,2002-05-01,31.56,31.84,30.58
QQQ,2002-05-02,30.51,31.99,30.46
QQQ,2002-05-03,29.74,30.514,29.49
QQQ,2002-05-06,28.97,29.984,28.85
QQQ,2002-05-07,28.7,29.35,28.42
QQQ,2002-05-08,31.77,31.88,30.0
QQQ,2002-05-09,30.95,31.89,30.8
QQQ,2002-05-10,29.56,31.099,29.5
QQQ,2002-05-13,30.76,30.98,29.675
QQQ,2002-05-14,32.57,32.65,31.87
QQQ,2002-05-15,32.81,33.63,31.85
QQQ,2002-05-16,32.86,33.05,32.22
QQQ,2002-05-17,32.93,33.411,32.47
QQQ,2002-05-20,32.21,32.7,31.94
QQQ,2002-05-21,31.33,32.59,31.0
QQQ,2002-05-22,31.4,31.59,30.41
QQQ,2002-05-23,32.03,32.1,30.8
QQQ,2002-05-24,31.24,31.69,31.01
QQQ,2002-05-28,31.1,31.527,30.49
QQQ,2002-05-29,30.28,30.9,30.24
QQQ,2002-05-30,30.54,30.72,29.9
QQQ,2002-05-31,30.04,31.04,30.0
QQQ,2002-06-03,28.98,30.25,28.79
QQQ,2002-06-04,29.36,29.68,28.61
QQQ,2002-06-05,29.66,29.8,28.97
QQQ,2002-06-06,28.88,29.518,27.9
QQQ,2002-06-07,28.3,28.79,27.52
QQQ,2002-06-10,28.25,28.75,28.14
QQQ,2002-06-11,27.46,28.69,27.363
QQQ,2002-06-12,27.86,27.96,26.834
QQQ,2002-06-13,27.68,28.21,27.353
QQQ,2002-06-14,27.62,27.72,26.2
QQQ,2002-06-17,28.56,28.75,27.91
QQQ,2002-06-18,28.33,29.15,28.28
QQQ,2002-06-19,27.34,28.3239,27.25
QQQ,2002-06-20,26.46,27.45,26.3
QQQ,2002-06-21,25.82,26.78,25.65
QQQ,2002-06-24,26.33,26.8,25.21
QQQ,2002-06-25,25.46,26.72,25.3
QQQ,2002-06-26,25.45,25.78,24.39
QQQ,2002-06-27,26.21,26.25,25.05
QQQ,2002-06-28,26.1,26.75,25.85
QQQ,2002-07-01,24.85,26.14,24.78
QQQ,2002-07-02,23.95,24.75,23.89
QQQ,2002-07-03,24.75,24.75,23.62
QQQ,2002-07-05,26.34,26.39,25.05
QQQ,2002-07-08,25.38,26.55,25.08
QQQ,2002-07-09,24.66,25.48,24.59
QQQ,2002-07-10,23.9,25.03,23.83
QQQ,2002-07-11,24.8,24.89,23.53
QQQ,2002-07-12,24.8,25.526,24.55
QQQ,2002-07-15,25.57,25.64,23.75
QQQ,2002-07-16,25.19,26.027,24.9
QQQ,2002-07-17,25.65,26.44,24.89
QQQ,2002-07-18,24.73,25.57,24.52
QQQ,2002-07-19,23.99,24.71,23.8
QQQ,2002-07-22,23.4,24.5,23.09
QQQ,2002-07-23,22.4,23.75,22.28
QQQ,2002-07-24,23.62,23.66,21.64
QQQ,2002-07-25,22.25,23.4,21.8
QQQ,2002-07-26,22.67,22.844,22.01
QQQ,2002-07-29,23.83,24.12,23.08
QQQ,2002-07-30,24.31,24.69,23.59
QQQ,2002-07-31,23.85,24.19,23.36
QQQ,2002-08-01,22.73,23.9,22.66
QQQ,2002-08-02,22.25,22.84,21.82
QQQ,2002-08-05,21.44,22.324,21.3
QQQ,2002-08-06,22.5,23.01,21.79
QQQ,2002-08-07,22.8,23.37,21.96
QQQ,2002-08-08,23.57,23.6,22.3
QQQ,2002-08-09,23.33,23.717,22.88
QQQ,2002-08-12,23.4,23.48,22.9
QQQ,2002-08-13,22.6,23.87,22.55
QQQ,2002-08-14,24.04,24.2,22.47
QQQ,2002-08-15,24.53,24.55,23.72
QQQ,2002-08-16,24.7,25.0,23.731
QQQ,2002-08-19,25.3,25.59,24.68
QQQ,2002-08-20,25.19,25.43,24.85
QQQ,2002-08-21,25.75,25.85,25.0
QQQ,2002-08-22,26.16,26.21,25.42
QQQ,2002-08-23,25.15,25.81,24.95
QQQ,2002-08-26,25.25,25.39,24.61
QQQ,2002-08-27,24.37,25.518,24.15
QQQ,2002-08-28,23.48,24.093,23.39
QQQ,2002-08-29,23.79,24.22,23.02
QQQ,2002-08-30,23.49,24.007,23.38
QQQ,2002-09-03,22.64,23.43,22.34
QQQ,2002-09-04,22.73,23.02,22.24
QQQ,2002-09-05,22.17,22.5,21.93
QQQ,2002-09-06,22.85,23.22,22.6
QQQ,2002-09-09,23.08,23.37,22.39
QQQ,2002-09-10,23.65,23.67,23.03
QQQ,2002-09-11,23.45,24.35,23.42
QQQ,2002-09-12,22.81,23.264,22.71
QQQ,2002-09-13,22.99,23.08,22.52
QQQ,2002-09-16,22.66,23.005,22.37
QQQ,2002-09-17,22.18,23.21,22.18
QQQ,2002-09-18,21.93,22.55,21.78
QQQ,2002-09-19,21.58,22.13,21.55
QQQ,2002-09-20,21.67,21.9,21.48
QQQ,2002-09-23,21.02,21.52,20.81
QQQ,2002-09-24,21.03,21.45,20.65
QQQ,2002-09-25,21.87,22.04,21.1
QQQ,2002-09-26,21.6,22.33,21.37
QQQ,2002-09-27,21.31,22.21,21.31
QQQ,2002-09-30,20.72,21.24,20.49
QQQ,2002-10-01,21.98,21.99,20.47
QQQ,2002-10-02,21.25,21.97,20.97
QQQ,2002-10-03,20.74,21.4,20.68
QQQ,2002-10-04,20.35,21.02,20.1101
QQQ,2002-10-07,20.16,20.59,19.85
QQQ,2002-10-08,20.16,20.61,19.76
QQQ,2002-10-09,20.06,20.53,19.84
QQQ,2002-10-10,21.08,21.21,19.91
QQQ,2002-10-11,22.22,22.38,21.42
QQQ,2002-10-14,22.48,22.5,21.78
QQQ,2002-10-15,23.56,23.634,23.18
QQQ,2002-10-16,22.78,23.16,22.07
QQQ,2002-10-17,23.55,23.81,22.58
QQQ,2002-10-18,23.81,23.85,22.93
QQQ,2002-10-21,24.29,24.45,23.3
QQQ,2002-10-22,24.14,24.34,23.65
QQQ,2002-10-23,24.6,24.63,23.67
QQQ,2002-10-24,23.98,24.86,23.92
QQQ,2002-10-25,24.62,24.751,23.99
QQQ,2002-10-28,24.49,25.04,24.17
QQQ,2002-10-29,23.92,24.47,23.37
QQQ,2002-10-30,24.56,24.79,23.85
QQQ,2002-10-31,24.55,25.04,24.36
QQQ,2002-11-01,25.25,25.4,24.14
QQQ,2002-11-04,25.9,26.82,25.8
QQQ,2002-11-05,26.1,26.17,25.56
QQQ,2002-11-06,26.47,26.61,25.64
QQQ,2002-11-07,25.54,26.1,25.31
QQQ,2002-11-08,25.07,25.87,24.96
QQQ,2002-11-11,24.31,25.02,24.15
QQQ,2002-11-12,24.93,25.4,24.4
QQQ,2002-11-13,25.23,25.7,24.493
QQQ,2002-11-14,26.1,26.42,25.52
QQQ,2002-11-15,26.44,26.45,25.75
QQQ,2002-11-18,26.05,26.77,25.99
QQQ,2002-11-19,25.65,26.05,25.3
QQQ,2002-11-20,26.74,26.75,25.54
QQQ,2002-11-21,27.73,27.85,26.75
QQQ,2002-11-22,27.72,27.94,27.32
QQQ,2002-11-25,27.99,28.205,27.54
QQQ,2002-11-26,27.05,27.93,26.9
QQQ,2002-11-27,27.91,28.2,27.487
QQQ,2002-11-29,27.72,28.29,27.22
QQQ,2002-12-02,28.0,28.79,27.57
QQQ,2002-12-03,27.17,27.58,26.93
QQQ,2002-12-04,26.57,26.95,26.21
QQQ,2002-12-05,26.2,27.0,26.13
QQQ,2002-12-06,26.47,26.72,25.74
QQQ,2002-12-09,25.22,26.55,25.2
QQQ,2002-12-10,25.6,25.95,25.35
QQQ,2002-12-11,25.72,26.07,25.32
QQQ,2002-12-12,25.86,26.17,25.56
QQQ,2002-12-13,25.04,25.57,25.01
QQQ,2002-12-16,25.85,25.96,25.07
QQQ,2002-12-17,25.93,26.2,25.66
QQQ,2002-12-18,25.38,25.6,25.05
QQQ,2002-12-19,25.06,25.78,24.81
QQQ,2002-12-20,25.32,25.45,25.07
QQQ,2002-12-23,25.67,25.76,25.13
QQQ,2002-12-24,25.35,25.73,25.32
QQQ,2002-12-26,25.28,25.91,25.17
QQQ,2002-12-27,24.82,25.33,24.75
QQQ,2002-12-30,24.63,24.97,24.36
QQQ,2002-12-31,24.37,24.71,24.28
QQQ,2003-01-02,25.4,25.55,24.45
QQQ,2003-01-03,25.68,25.71,25.28
QQQ,2003-01-06,26.32,26.59,25.2
QQQ,2003-01-07,26.65,26.93,26.25
QQQ,2003-01-08,25.9,26.48,25.84
QQQ,2003-01-09,26.7,26.98,26.224
QQQ,2003-01-10,27.1,27.26,26.22
QQQ,2003-01-13,26.94,27.47,26.73
QQQ,2003-01-14,27.08,27.32,26.85
QQQ,2003-01-15,26.74,27.353,26.58
QQQ,2003-01-16,26.44,26.98,26.25
QQQ,2003-01-17,25.31,25.94,25.27
QQQ,2003-01-21,25.03,25.55,25.02
QQQ,2003-01-22,24.93,25.53,24.87
QQQ,2003-01-23,25.51,25.84,25.11
QQQ,2003-01-24,24.82,25.531,24.64
QQQ,2003-01-27,24.53,25.03,24.37
QQQ,2003-01-28,24.78,25.05,24.42
QQQ,2003-01-29,25.15,25.45,24.34
QQQ,2003-01-30,24.54,25.42,24.49
QQQ,2003-01-31,24.44,24.76,24.01
QQQ,2003-02-03,24.49,24.796,24.38
QQQ,2003-02-04,24.19,24.49,23.82
QQQ,2003-02-05,24.08,24.86,24.01
QQQ,2003-02-06,24.21,24.35,23.86
QQQ,2003-02-07,23.81,24.45,23.65
QQQ,2003-02-10,24.02,24.25,23.62
QQQ,2003-02-11,24.15,24.61,23.92
QQQ,2003-02-12,23.82,24.33,23.78
QQQ,2003-02-13,23.94,23.98,23.32
QQQ,2003-02-14,24.49,24.5,23.62
QQQ,2003-02-18,25.25,25.34,24.68
QQQ,2003-02-19,25.08,25.24,24.71
QQQ,2003-02-20,24.98,25.27,24.84
QQQ,2003-02-21,25.17,25.37,24.51
QQQ,2003-02-24,24.74,25.212,24.71
QQQ,2003-02-25,24.77,24.95,24.08
QQQ,2003-02-26,24.22,24.94,24.2
QQQ,2003-02-27,24.77,24.92,24.27
QQQ,2003-02-28,25.16,25.22,24.72
QQQ,2003-03-03,24.65,25.48,24.56
QQQ,2003-03-04,24.5,24.77,24.42
QQQ,2003-03-05,24.55,24.78,24.32
QQQ,2003-03-06,24.49,24.68,24.23
QQQ,2003-03-07,24.54,24.95,23.96
QQQ,2003-03-10,24.01,24.457,23.91
QQQ,2003-03-11,23.8,24.24,23.78
QQQ,2003-03-12,24.23,24.24,23.54
QQQ,2003-03-13,25.62,25.65,24.4
QQQ,2003-03-14,25.72,25.98,25.36
QQQ,2003-03-17,26.6,26.8,25.35
QQQ,2003-03-18,26.93,26.97,26.42
QQQ,2003-03-19,26.7,26.98,26.33
QQQ,2003-03-20,26.8,27.14,26.17
QQQ,2003-03-21,27.17,27.38,26.77
QQQ,2003-03-24,26.04,26.6,25.97
QQQ,2003-03-25,26.41,26.76,26.01
QQQ,2003-03-26,26.56,26.77,26.36
QQQ,2003-03-27,26.37,26.65,26.1
QQQ,2003-03-28,26.08,26.43,25.95
QQQ,2003-03-31,25.25,25.69,25.21
QQQ,2003-04-01,25.45,25.67,25.25
QQQ,2003-04-02,26.36,26.56,26.03
QQQ,2003-04-03,26.48,26.85,26.31
QQQ,2003-04-04,26.05,26.6,25.97
QQQ,2003-04-07,26.09,27.2,26.07
QQQ,2003-04-08,26.06,26.29,25.88
QQQ,2003-04-09,25.46,26.28,25.41
QQQ,2003-04-10,25.77,25.77,25.3
QQQ,2003-04-11,25.51,26.168,25.36
QQQ,2003-04-14,26.03,26.14,25.491
QQQ,2003-04-15,26.28,26.46,25.849
QQQ,2003-04-16,26.22,26.83,26.12
QQQ,2003-04-17,26.82,26.98,26.15
QQQ,2003-04-21,26.92,27.106,26.62
QQQ,2003-04-22,27.43,27.46,26.65
QQQ,2003-04-23,27.63,27.75,27.26
QQQ,2003-04-24,27.48,27.75,27.27
QQQ,2003-04-25,26.95,27.42,26.86
QQQ,2003-04-28,27.48,27.63,26.95
QQQ,2003-04-29,27.73,28.06,27.41
QQQ,2003-04-30,27.45,27.79,27.43
QQQ,2003-05-01,27.69,27.87,27.19
QQQ,2003-05-02,28.28,28.29,27.57
QQQ,2003-05-05,28.25,28.71,28.17
QQQ,2003-05-06,28.61,28.9,28.21
QQQ,2003-05-07,28.29,28.69,28.12
QQQ,2003-05-08,27.77,28.19,27.76
QQQ,2003-05-09,28.41,28.48,27.995
QQQ,2003-05-12,28.84,28.96,28.17
QQQ,2003-05-13,28.66,28.99,28.54
QQQ,2003-05-14,28.6,28.97,28.36
QQQ,2003-05-15,28.92,28.98,28.56
QQQ,2003-05-16,28.7,28.94,28.48
QQQ,2003-05-19,27.69,28.68,27.61
QQQ,2003-05-20,27.77,27.96,27.41
QQQ,2003-05-21,27.69,27.75,27.44
QQQ,2003-05-22,28.09,28.32,27.62
QQQ,2003-05-23,28.1,28.25,27.95
QQQ,2003-05-27,29.1,29.22,27.9
QQQ,2003-05-28,29.19,29.4,28.96
QQQ,2003-05-29,29.31,29.8,29.16
QQQ,2003-05-30,29.79,29.87,29.45
QQQ,2003-06-02,29.58,30.2,29.31
QQQ,2003-06-03,29.86,29.88,29.33
QQQ,2003-06-04,30.42,30.58,29.72
QQQ,2003-06-05,30.42,30.68,29.97
QQQ,2003-06-06,30.13,31.47,30.02
QQQ,2003-06-09,29.73,30.22,29.53
QQQ,2003-06-10,30.18,30.2,29.68
QQQ,2003-06-11,30.52,30.64,29.8
QQQ,2003-06-12,30.65,30.75,30.26
QQQ,2003-06-13,29.96,30.73,29.86
QQQ,2003-06-16,30.88,30.9,30.0
QQQ,2003-06-17,30.76,31.11,30.56
QQQ,2003-06-18,30.92,31.225,30.45
QQQ,2003-06-19,30.42,31.24,30.38
QQQ,2003-06-20,30.38,30.78,30.25
QQQ,2003-06-23,29.91,30.371,29.56
QQQ,2003-06-24,29.68,30.13,29.53
QQQ,2003-06-25,29.52,30.18,29.47
QQQ,2003-06-26,30.22,30.28,29.61
QQQ,2003-06-27,29.83,30.57,29.772
QQQ,2003-06-30,29.95,30.34,29.8
QQQ,2003-07-01,30.35,30.38,29.26
QQQ,2003-07-02,30.97,30.99,30.38
QQQ,2003-07-03,30.58,31.1,30.47
QQQ,2003-07-07,31.89,31.9,30.962
QQQ,2003-07-08,32.28,32.31,31.62
QQQ,2003-07-09,32.2,32.49,31.93
QQQ,2003-07-10,31.6,31.99,31.33
QQQ,2003-07-11,31.84,31.99,31.61
QQQ,2003-07-14,32.22,32.75,32.07
QQQ,2003-07-15,32.26,32.65,31.94
QQQ,2003-07-16,32.16,32.5,31.73
QQQ,2003-07-17,31.18,31.84,31.043
QQQ,2003-07-18,31.28,31.55,30.92
QQQ,2003-07-21,30.88,31.3,30.61
QQQ,2003-07-22,31.34,31.5,30.86
QQQ,2003-07-23,31.6,31.64,30.99
QQQ,2003-07-24,31.18,32.02,31.08
QQQ,2003-07-25,31.8,31.84,30.769
QQQ,2003-07-28,31.89,31.988,31.6
QQQ,2003-07-29,31.65,32.02,31.23
QQQ,2003-07-30,31.42,31.74,31.33
QQQ,2003-07-31,31.8,32.33,31.52
QQQ,2003-08-01,31.46,31.79,31.3
QQQ,2003-08-04,31.45,31.92,30.84
QQQ,2003-08-05,30.21,31.48,30.05
QQQ,2003-08-06,30.19,30.77,30.1
QQQ,2003-08-07,30.31,30.51,30.02
QQQ,2003-08-08,30.07,30.55,29.93
QQQ,2003-08-11,30.4,30.6,30.03
QQQ,2003-08-12,30.86,30.9,30.326
QQQ,2003-08-13,30.87,31.066,30.65
QQQ,2003-08-14,30.9,31.19,30.67
QQQ,2003-08-15,31.17,31.29,30.93
QQQ,2003-08-18,31.97,32.01,31.05
QQQ,2003-08-19,32.37,32.38,31.846
QQQ,2003-08-20,32.29,32.52,32.02
QQQ,2003-08-21,32.64,32.82,32.27
QQQ,2003-08-22,32.44,33.37,32.33
QQQ,2003-08-25,32.51,32.58,32.21
QQQ,2003-08-26,32.54,32.59,31.81
QQQ,2003-08-27,32.8,32.83,32.37
QQQ,2003-08-28,33.09,33.12,32.52
QQQ,2003-08-29,33.39,33.46,32.98
QQQ,2003-09-02,33.87,33.89,33.13
QQQ,2003-09-03,33.85,34.2,33.65
QQQ,2003-09-04,34.16,34.22,33.7
QQQ,2003-09-05,33.94,34.34,33.67
QQQ,2003-09-08,34.5,34.53,33.95
QQQ,2003-09-09,34.09,34.386,33.92
QQQ,2003-09-10,33.27,33.89,33.11
QQQ,2003-09-11,33.64,33.78,33.01
QQQ,2003-09-12,33.82,33.84,33.05
QQQ,2003-09-15,33.49,33.91,33.444
QQQ,2003-09-16,34.4,34.43,33.52
QQQ,2003-09-17,34.26,34.501,34.03
QQQ,2003-09-18,34.78,34.86,34.0
QQQ,2003-09-19,34.58,34.86,34.36
QQQ,2003-09-22,33.92,34.2,33.77
QQQ,2003-09-23,34.52,34.56,33.91
QQQ,2003-09-24,33.22,34.52,33.17
QQQ,2003-09-25,32.79,33.74,32.76
QQQ,2003-09-26,32.58,33.17,32.52
QQQ,2003-09-29,33.14,33.17,32.45
QQQ,2003-09-30,32.42,32.96,32.357
QQQ,2003-10-01,33.15,33.23,32.42
QQQ,2003-10-02,33.26,33.43,32.93
QQQ,2003-10-03,34.19,34.47,33.82
QQQ,2003-10-06,34.44,34.45,34.06
QQQ,2003-10-07,34.65,34.65,34.01
QQQ,2003-10-08,34.43,34.84,34.22
QQQ,2003-10-09,34.69,35.27,34.43
QQQ,2003-10-10,35.01,35.03,34.64
QQQ,2003-10-13,35.24,35.37,34.92
QQQ,2003-10-14,35.33,35.43,34.96
QQQ,2003-10-15,35.18,35.85,35.03
QQQ,2003-10-16,35.46,35.53,35.06
QQQ,2003-10-17,34.61,35.49,34.6
QQQ,2003-10-20,34.97,35.02,34.5
QQQ,2003-10-21,35.25,35.45,34.939
QQQ,2003-10-22,34.57,34.93,34.44
QQQ,2003-10-23,34.17,34.507,34.05
QQQ,2003-10-24,34.2,34.23,33.49
QQQ,2003-10-27,34.21,34.45,34.04
QQQ,2003-10-28,35.36,35.41,34.37
QQQ,2003-10-29,35.32,35.41,35.07
QQQ,2003-10-30,35.39,35.84,35.14
QQQ,2003-10-31,35.18,35.49,35.06
QQQ,2003-11-03,35.76,35.98,35.36
QQQ,2003-11-04,35.52,35.87,35.446
QQQ,2003-11-05,35.84,35.89,35.15
QQQ,2003-11-06,35.939,35.966,35.34
QQQ,2003-11-07,35.63,36.18,35.6
QQQ,2003-11-10,35.19,35.743,35.09
QQQ,2003-11-11,35.06,35.3,34.85
QQQ,2003-11-12,35.81,35.963,35.14
QQQ,2003-11-13,35.77,35.9,35.55
QQQ,2003-11-14,35.04,36.02,34.95
QQQ,2003-11-17,34.68,34.91,34.256
QQQ,2003-11-18,33.88,34.97,33.82
QQQ,2003-11-19,34.21,34.4,33.88
QQQ,2003-11-20,33.882,34.68,33.81
QQQ,2003-11-21,34.232,34.265,33.73
QQQ,2003-11-24,35.18,35.25,34.47
QQQ,2003-11-25,35.18,35.45,35.09
QQQ,2003-11-26,35.34,35.52,34.81
QQQ,2003-11-28,35.38,35.5,35.208
QQQ,2003-12-01,35.9,36.01,35.47
QQQ,2003-12-02,35.7,36.05,35.58
QQQ,2003-12-03,35.25,36.12,35.25
QQQ,2003-12-04,35.63,35.71,35.08
QQQ,2003-12-05,35.04,35.5,34.958
QQQ,2003-12-08,35.235,35.33,34.78
QQQ,2003-12-09,34.43,35.46,34.35
QQQ,2003-12-10,34.56,34.7,34.13
QQQ,2003-12-11,35.3,35.39,34.493
QQQ,2003-12-12,35.24,35.34,34.9
QQQ,2003-12-15,34.78,35.99,34.65
QQQ,2003-12-16,34.85,35.023,34.42
QQQ,2003-12-17,34.91,35.0,34.574
QQQ,2003-12-18,35.56,35.64,34.949
QQQ,2003-12-19,35.46,35.65,35.2
QQQ,2003-12-22,35.57,35.68,35.29
QQQ,2003-12-23,35.84,36.02,35.53
QQQ,2003-12-24,35.87,36.02,35.8
QQQ,2003-12-26,35.85,36.09,35.82
QQQ,2003-12-29,36.44,36.53,36.02
QQQ,2003-12-30,36.56,36.58,36.3
QQQ,2003-12-31,36.46,36.64,36.25
QQQ,2004-01-02,36.36,36.79,36.22
QQQ,2004-01-05,37.09,37.158,36.56
QQQ,2004-01-06,37.34,37.42,36.95
QQQ,2004-01-07,37.68,37.68,37.07
QQQ,2004-01-08,37.979,38.0,37.6
QQQ,2004-01-09,37.73,38.35,37.59
QQQ,2004-01-12,38.33,38.35,37.68
QQQ,2004-01-13,37.949,38.36,37.6
QQQ,2004-01-14,38.08,38.25,37.85
QQQ,2004-01-15,38.18,38.46,37.63
QQQ,2004-01-16,38.57,38.63,38.17
QQQ,2004-01-20,38.54,39.0,38.307
QQQ,2004-01-21,38.38,38.66,38.0
QQQ,2004-01-22,38.15,38.69,38.06
QQQ,2004-01-23,38.01,38.46,37.78
QQQ,2004-01-26,38.59,38.65,37.84
QQQ,2004-01-27,37.74,38.63,37.69
QQQ,2004-01-28,37.1,38.06,37.004
QQQ,2004-01-29,37.24,37.31,36.66
QQQ,2004-01-30,37.07,37.44,36.97
QQQ,2004-02-02,36.97,37.48,36.82
QQQ,2004-02-03,36.93,37.24,36.72
QQQ,2004-02-04,36.33,37.76,36.329
QQQ,2004-02-05,36.47,36.71,36.33
QQQ,2004-02-06,37.131,37.28,36.53
QQQ,2004-02-09,37.12,37.38,37.05
QQQ,2004-02-10,37.18,37.41,37.03
QQQ,2004-02-11,37.58,37.67,37.0
QQQ,2004-02-12,37.25,37.7,37.24
QQQ,2004-02-13,36.94,37.97,36.76
QQQ,2004-02-17,37.44,37.62,37.22
QQQ,2004-02-18,37.55,37.67,37.32
QQQ,2004-02-19,36.98,37.9,36.82
QQQ,2004-02-20,36.86,37.14,36.55
QQQ,2004-02-23,36.45,37.03,35.9
QQQ,2004-02-24,36.36,36.67,36.0
QQQ,2004-02-25,36.58,36.67,36.33
QQQ,2004-02-26,36.67,36.84,36.305
QQQ,2004-02-27,36.57,36.94,36.27
QQQ,2004-03-01,37.05,37.07,36.47
QQQ,2004-03-02,36.62,37.18,36.61
QQQ,2004-03-03,36.42,36.63,36.21
QQQ,2004-03-04,36.76,36.83,36.39
QQQ,2004-03-05,36.63,37.15,36.36
QQQ,2004-03-08,35.77,36.82,35.73
QQQ,2004-03-09,35.66,35.98,35.52
QQQ,2004-03-10,35.19,35.999,35.13
QQQ,2004-03-11,34.87,35.53,34.8
QQQ,2004-03-12,35.51,35.59,35.15
QQQ,2004-03-15,34.89,35.4,34.81
QQQ,2004-03-16,34.95,35.25,34.63
QQQ,2004-03-17,35.5,35.62,35.18
QQQ,2004-03-18,35.34,35.46,34.97
QQQ,2004-03-19,34.75,35.456,34.725
QQQ,2004-03-22,34.31,34.55,34.03
QQQ,2004-03-23,34.03,34.65,34.006
QQQ,2004-03-24,34.42,34.63,34.01
QQQ,2004-03-25,35.343,35.46,34.62
QQQ,2004-03-26,35.22,35.584,35.2
QQQ,2004-03-29,35.79,35.96,35.49
QQQ,2004-03-30,35.91,35.943,35.517
QQQ,2004-03-31,35.84,36.0,35.61
QQQ,2004-04-01,36.16,36.25,35.78
QQQ,2004-04-02,37.1,37.16,36.52
QQQ,2004-04-05,37.45,37.5,36.97
QQQ,2004-04-06,36.98,37.4,36.92
QQQ,2004-04-07,36.94,37.11,36.66
QQQ,2004-04-08,36.94,37.39,36.74
QQQ,2004-04-12,37.17,37.24,36.98
QQQ,2004-04-13,36.63,37.36,36.46
QQQ,2004-04-14,36.81,36.95,36.36
QQQ,2004-04-15,36.15,36.86,36.02
QQQ,2004-04-16,35.921876,36.150805,35.623274
QQQ,2004-04-19,36.53,36.53,35.98
QQQ,2004-04-20,35.68,36.79,35.64
QQQ,2004-04-21,35.99,36.92,35.45
QQQ,2004-04-22,36.92,37.01,35.98
QQQ,2004-04-23,37.21,37.26,36.9
QQQ,2004-04-26,36.94,37.76,36.65
QQQ,2004-04-27,36.87,37.19,36.69
QQQ,2004-04-28,36.2,36.72,36.019
QQQ,2004-04-29,35.64,36.99,35.3
QQQ,2004-04-30,34.608025,35.633227,34.558258
QQQ,2004-05-03,35.1,35.52,34.89
QQQ,2004-05-04,35.25,35.75,35.03
QQQ,2004-05-05,35.53,35.7,35.2
QQQ,2004-05-06,35.26,35.523,34.85
QQQ,2004-05-07,34.807094,35.473972,34.747373
QQQ,2004-05-10,34.671,34.9,34.42
QQQ,2004-05-11,35.19,35.38,34.92
QQQ,2004-05-12,35.26,35.3495,34.27
QQQ,2004-05-13,35.01,35.45,34.92
QQQ,2004-05-14,34.75,35.314,34.64
QQQ,2004-05-17,34.42,34.615,34.11
QQQ,2004-05-18,34.73,34.9,34.6
QQQ,2004-05-19,34.69,35.511,34.635
QQQ,2004-05-20,34.85,35.02,34.56
QQQ,2004-05-21,35.019,35.17,34.738
QQQ,2004-05-24,35.26,35.46,35.0
QQQ,2004-05-25,35.96,36.08,34.949
QQQ,2004-05-26,36.19,36.191,35.81
QQQ,2004-05-27,36.42,36.5,36.0
QQQ,2004-05-28,36.55,36.55,36.21
QQQ,2004-06-01,36.5,36.55,36.11
QQQ,2004-06-02,36.42,36.66,36.17
QQQ,2004-06-03,35.98,36.361,35.82
QQQ,2004-06-04,36.02141,36.449407,36.001504
QQQ,2004-06-07,37.05,37.1,36.34
QQQ,2004-06-08,37.102,37.19,36.85
QQQ,2004-06-09,36.579,37.051,36.37
QQQ,2004-06-10,36.668382,36.668382,36.379733
QQQ,2004-06-14,36.32,36.61,36.1
QQQ,2004-06-15,36.79,36.99,36.56
QQQ,2004-06-16,36.73,36.9,36.65
QQQ,2004-06-17,36.39,36.656,36.25
QQQ,2004-06-18,36.44,36.84,36.26
QQQ,2004-06-21,36.15,36.63,36.06
QQQ,2004-06-22,36.68,36.7,36.015
QQQ,2004-06-23,37.12,37.19,36.51
QQQ,2004-06-24,37.05,37.35,36.92
QQQ,2004-06-25,37.1561,37.21582,36.80773
QQQ,2004-06-28,37.021,37.52,36.9
QQQ,2004-06-29,37.37,37.59,37.08
QQQ,2004-06-30,37.74,37.9,37.35
QQQ,2004-07-01,37.04,37.66,36.77
QQQ,2004-07-02,36.82,37.19,36.63
QQQ,2004-07-06,36.03,36.6,35.83
QQQ,2004-07-07,36.096,36.29,35.92
QQQ,2004-07-08,35.7,36.13,35.55
QQQ,2004-07-09,35.75,36.04,35.63
QQQ,2004-07-12,35.6,35.69,34.71
QQQ,2004-07-13,35.55,35.81,35.41
QQQ,2004-07-14,35.19,35.65,35.05
QQQ,2004-07-15,35.07,35.49,35.06
QQQ,2004-07-16,34.508491,35.284858,34.458724
QQQ,2004-07-19,34.6,34.97,34.47
QQQ,2004-07-20,35.43,35.587,34.71
QQQ,2004-07-21,34.4,35.65,34.34
QQQ,2004-07-22,34.87,35.11,34.25
QQQ,2004-07-23,34.21,34.66,34.03
QQQ,2004-07-26,34.06,34.41,33.7
QQQ,2004-07-27,34.53,34.71,34.04
QQQ,2004-07-28,34.38,34.626,33.81
QQQ,2004-07-29,34.78,34.92,34.5
QQQ,2004-07-30,34.89,35.1,34.65
QQQ,2004-08-02,34.96,35.02,34.46
QQQ,2004-08-03,34.23,34.93,34.188
QQQ,2004-08-04,34.24,34.461,34.01
QQQ,2004-08-05,33.6,34.4,33.598
QQQ,2004-08-06,32.72,33.41,32.0
QQQ,2004-08-09,32.8,32.96,32.65
QQQ,2004-08-10,33.21,33.482,32.92
QQQ,2004-08-11,32.92,33.04,32.55
QQQ,2004-08-12,32.47,32.857,32.37
QQQ,2004-08-13,32.52,32.74,32.35
QQQ,2004-08-16,32.887,33.19,32.586
QQQ,2004-08-17,33.26,33.44,32.9878
QQQ,2004-08-18,33.85,33.91,33.01
QQQ,2004-08-19,33.672,33.85,33.41
QQQ,2004-08-20,34.01,34.141,33.51
QQQ,2004-08-23,34.09,34.27,33.91
QQQ,2004-08-24,34.08,34.31,33.81
QQQ,2004-08-25,34.55,34.6,33.9
QQQ,2004-08-26,34.4,34.55,34.31
QQQ,2004-08-27,34.56,34.68,34.44
QQQ,2004-08-30,33.98,34.43,33.944
QQQ,2004-08-31,34.02,34.121,33.65
QQQ,2004-09-01,34.27,34.47,33.8
QQQ,2004-09-02,34.78,34.88,34.16
QQQ,2004-09-03,34.141,34.67,34.05
QQQ,2004-09-07,34.43,34.61,34.12
QQQ,2004-09-08,34.299,34.68,34.18
QQQ,2004-09-09,34.59,34.75,34.13
QQQ,2004-09-10,35.12,35.19,34.47
QQQ,2004-09-13,35.58,35.72,35.14
QQQ,2004-09-14,35.63,35.73,35.36
QQQ,2004-09-15,35.253,35.45,35.1
QQQ,2004-09-16,35.32,35.57,35.13
QQQ,2004-09-17,35.43,35.52,35.16
QQQ,2004-09-20,35.433,35.77,35.18
QQQ,2004-09-21,35.57,35.85,35.42
QQQ,2004-09-22,34.95,35.46,34.87
QQQ,2004-09-23,34.919,35.15,34.877
QQQ,2004-09-24,34.799,35.19,34.75
QQQ,2004-09-27,34.5,34.74,34.38
QQQ,2004-09-28,34.57,34.69,34.23
QQQ,2004-09-29,35.08,35.12,34.53
QQQ,2004-09-30,35.14,35.27,34.89
QQQ,2004-10-01,36.1,36.15,35.36
QQQ,2004-10-04,36.313,36.62,36.25
QQQ,2004-10-05,36.36,36.49,36.16
QQQ,2004-10-06,36.65,36.95,36.11
QQQ,2004-10-07,36.24,36.67,36.17
QQQ,2004-10-08,35.58,36.24,35.5
QQQ,2004-10-11,35.75,35.86,35.6
QQQ,2004-10-12,35.69,35.84,35.2
QQQ,2004-10-13,35.61,36.14,35.43
QQQ,2004-10-14,35.45,35.78,35.33
QQQ,2004-10-15,35.63,35.856,35.28
QQQ,2004-10-18,36.14,36.25,35.4
QQQ,2004-10-19,35.88,36.57,35.79
QQQ,2004-10-20,36.048,36.23,35.65
QQQ,2004-10-21,36.6,36.79,36.1
QQQ,2004-10-22,35.8,36.65,35.74
QQQ,2004-10-25,35.625,35.81,35.49
QQQ,2004-10-26,35.82,35.84,35.41
QQQ,2004-10-27,36.73,36.9,35.71
QQQ,2004-10-28,36.9434,37.12,36.57
QQQ,2004-10-29,36.9,37.24,36.67
QQQ,2004-11-01,37.038,37.18,36.8
QQQ,2004-11-02,37.3225,37.55,37.01
QQQ,2004-11-03,37.41,37.9,37.15
QQQ,2004-11-04,37.4467,37.78,37.11
QQQ,2004-11-05,37.96,38.16,37.61
QQQ,2004-11-08,38.0,38.1,37.85
QQQ,2004-11-09,37.92,38.15,37.81
QQQ,2004-11-10,37.79,38.06,37.64
QQQ,2004-11-11,38.29,38.38,37.86
QQQ,2004-11-12,38.66,38.76,38.17
QQQ,2004-11-15,38.83,38.86,38.5
QQQ,2004-11-16,38.593,38.68,38.32
QQQ,2004-11-17,39.11,39.32,38.83
QQQ,2004-11-18,39.29,39.36,38.887
QQQ,2004-11-19,38.68,39.29,38.59
QQQ,2004-11-22,39.05,39.07,38.48
QQQ,2004-11-23,38.99,39.15,38.61
QQQ,2004-11-24,39.33,39.39,39.07
QQQ,2004-11-26,39.21,39.48,39.17
QQQ,2004-11-29,39.38,39.64,38.97
QQQ,2004-11-30,39.122,39.39,39.06
QQQ,2004-12-01,39.92,39.961,39.22
QQQ,2004-12-02,40.07,40.39,39.76
QQQ,2004-12-03,40.13,40.59,40.08
QQQ,2004-12-06,40.27,40.426,39.91
QQQ,2004-12-07,39.58,40.5,39.53
QQQ,2004-12-08,39.81,39.98,38.81
QQQ,2004-12-09,40.05,40.19,39.24
QQQ,2004-12-10,39.93,40.07,39.74
QQQ,2004-12-13,40.28,40.34,39.98
QQQ,2004-12-14,40.477,40.59,40.25
QQQ,2004-12-15,40.33,40.68,40.155
QQQ,2004-12-16,39.95,40.45,39.82
QQQ,2004-12-17,39.475,39.81,37.21
QQQ,2004-12-20,39.2,39.771,39.09
QQQ,2004-12-21,39.68,39.71,39.278
QQQ,2004-12-22,39.73,39.93,39.488
QQQ,2004-12-23,39.758,39.91,39.54
QQQ,2004-12-27,39.59,40.02,39.4
QQQ,2004-12-28,39.97,40.001,39.61
QQQ,2004-12-29,40.02,40.16,39.9
QQQ,2004-12-30,39.99,40.123,39.93
QQQ,2004-12-31,39.915,40.121,39.78
QQQ,2005-01-03,39.499,40.292,39.37
QQQ,2005-01-04,38.78,39.74,38.55
QQQ,2005-01-05,38.54,38.96,38.47
QQQ,2005-01-06,38.347,38.71,38.34
QQQ,2005-01-07,38.53,38.873,38.21
QQQ,2005-01-10,38.53,38.87,38.389
QQQ,2005-01-11,38.259,38.496,38.069
QQQ,2005-01-12,38.58,38.6,38.01
QQQ,2005-01-13,38.07,38.85,38.01
QQQ,2005-01-14,38.43,38.52,38.19
QQQ,2005-01-18,38.72,38.79,38.22
QQQ,2005-01-19,38.08,38.75,38.06
QQQ,2005-01-20,37.35,37.811,37.32
QQQ,2005-01-21,37.05,37.55,36.99
QQQ,2005-01-24,36.53,37.2,36.46
QQQ,2005-01-25,36.71,37.09,36.66
QQQ,2005-01-26,37.15,37.29,36.824
QQQ,2005-01-27,37.1,37.27,36.87
QQQ,2005-01-28,36.92,37.27,36.62
QQQ,2005-01-31,37.4,37.53,37.26
QQQ,2005-02-01,37.52,37.6482,37.37
QQQ,2005-02-02,37.58,37.73,37.31
QQQ,2005-02-03,37.2,37.413,37.0
QQQ,2005-02-04,37.75,37.82,37.15
QQQ,2005-02-07,37.674,37.91,37.52
QQQ,2005-02-08,37.74,38.01,37.62
QQQ,2005-02-09,37.11,37.8,37.065
QQQ,2005-02-10,37.15,37.32,36.88
QQQ,2005-02-11,37.7,37.85,36.927
QQQ,2005-02-14,37.869,37.94,37.688
QQQ,2005-02-15,38.12,38.48,37.82
QQQ,2005-02-16,37.98,38.16,37.83
QQQ,2005-02-17,37.47,38.14,37.43
QQQ,2005-02-18,37.35,37.57,37.26
QQQ,2005-02-22,36.89,37.5482,36.79
QQQ,2005-02-23,36.94,37.07,36.697
QQQ,2005-02-24,37.41,37.44,36.76
QQQ,2005-02-25,37.62,37.7,37.29
QQQ,2005-02-28,37.22,37.6,36.923
QQQ,2005-03-01,37.63,37.7,37.33
QQQ,2005-03-02,37.61,38.02,37.356
QQQ,2005-03-03,37.3,37.73,37.02
QQQ,2005-03-04,37.52,37.75,37.4
QQQ,2005-03-07,38.06,38.29,37.56
QQQ,2005-03-08,37.68,38.21,37.65
QQQ,2005-03-09,37.57,37.93,37.47
QQQ,2005-03-10,37.52,37.67,37.08
QQQ,2005-03-11,37.17,37.822,37.0199
QQQ,2005-03-14,37.34,37.36,37.0305
QQQ,2005-03-15,37.04,37.48,36.99
QQQ,2005-03-16,36.615,37.18,36.53
QQQ,2005-03-17,36.71,36.89,36.54
QQQ,2005-03-18,36.51,36.785,36.35
QQQ,2005-03-21,36.58,36.75,36.25
QQQ,2005-03-22,36.13,36.75,36.11
QQQ,2005-03-23,36.26,36.494,36.07
QQQ,2005-03-24,36.27,36.65,36.27
QQQ,2005-03-28,36.34,36.611,36.31
QQQ,2005-03-29,36.05,36.58,35.94
QQQ,2005-03-30,36.73,36.78,36.22
QQQ,2005-03-31,36.57,36.75,36.44
QQQ,2005-04-01,36.2,36.884,36.13
QQQ,2005-04-04,36.46,36.6,36.03
QQQ,2005-04-05,36.56,36.669,36.415
QQQ,2005-04-06,36.5,36.905,36.42
QQQ,2005-04-07,36.94,36.952,36.51
QQQ,2005-04-08,36.64,37.07,36.6
QQQ,2005-04-11,36.48,36.78,36.4
QQQ,2005-04-12,36.66,36.74,35.91
QQQ,2005-04-13,36.06,36.6,35.98
QQQ,2005-04-14,35.55,36.1,35.5
QQQ,2005-04-15,34.74,35.37,34.68
QQQ,2005-04-18,34.75,35.1,34.64
QQQ,2005-04-19,34.99,35.1,34.75
QQQ,2005-04-20,34.704,35.29,34.59
QQQ,2005-04-21,35.62,35.71,34.96
QQQ,2005-04-22,35.09,35.47,34.817
QQQ,2005-04-25,35.375,35.463,35.149
QQQ,2005-04-26,35.05,35.7,35.04
QQQ,2005-04-27,35.1,35.25,34.73
QQQ,2005-04-28,34.75,35.15,34.72
QQQ,2005-04-29,34.98,35.064,34.35
QQQ,2005-05-02,35.12,35.2636,34.886
QQQ,2005-05-03,35.3,35.6,35.03
QQQ,2005-05-04,35.728,35.832,35.24
QQQ,2005-05-05,35.76,35.924,35.53
QQQ,2005-05-06,35.857,36.02,35.723
QQQ,2005-05-09,36.03,36.06,35.657
QQQ,2005-05-10,35.766,35.96,35.619
QQQ,2005-05-11,35.95,36.026,35.3
QQQ,2005-05-12,35.85,36.2,35.656
QQQ,2005-05-13,36.24,36.47,35.888
QQQ,2005-05-16,36.484,36.538,36.13
QQQ,2005-05-17,36.7,36.74,36.21
QQQ,2005-05-18,37.2,37.36,36.71
QQQ,2005-05-19,37.512,37.52,37.2
QQQ,2005-05-20,37.66,37.69,37.35
QQQ,2005-05-23,37.85,37.986,37.6
QQQ,2005-05-24,37.96,38.0,37.7
QQQ,2005-05-25,37.81,37.881,37.59
QQQ,2005-05-26,38.19,38.27,37.98
QQQ,2005-05-27,38.21,38.25,38.02
QQQ,2005-05-31,38.08,38.24,37.92
QQQ,2005-06-01,38.39,38.68,38.02
QQQ,2005-06-02,38.66,38.66,38.3
QQQ,2005-06-03,38.1,38.64,38.02
QQQ,2005-06-06,38.11,38.19,37.96
QQQ,2005-06-07,37.79,38.471,37.738
QQQ,2005-06-08,37.71,37.95,37.56
QQQ,2005-06-09,37.95,38.06,37.5
QQQ,2005-06-10,37.547,37.9,37.38
QQQ,2005-06-13,37.73,37.95,37.46
QQQ,2005-06-14,37.58,37.84,37.5
QQQ,2005-06-15,37.7,37.87,37.25
QQQ,2005-06-16,37.9,38.0,37.66
QQQ,2005-06-17,37.87,38.21,37.75
QQQ,2005-06-20,37.87,38.08,37.58
QQQ,2005-06-21,37.85,38.011,37.7
QQQ,2005-06-22,37.81,38.1,37.63
QQQ,2005-06-23,37.39,38.18,37.33
QQQ,2005-06-24,36.97,37.41,36.958
QQQ,2005-06-27,36.8,37.06,36.7
QQQ,2005-06-28,37.15,37.26,36.9
QQQ,2005-06-29,37.068,37.26,36.97
QQQ,2005-06-30,36.78,37.21,36.75
QQQ,2005-07-01,36.725,37.001,36.68
QQQ,2005-07-05,37.11,37.19,36.6
QQQ,2005-07-06,36.93,37.28,36.864
QQQ,2005-07-07,37.06,37.09,36.5498
QQQ,2005-07-08,37.77,37.81,36.993
QQQ,2005-07-11,38.12,38.16,37.8
QQQ,2005-07-12,38.3,38.46,38.01
QQQ,2005-07-13,38.39,38.43,38.17
QQQ,2005-07-14,38.77,38.88,38.52
QQQ,2005-07-15,38.89,39.0,38.649
QQQ,2005-07-18,38.733,38.89,38.688
QQQ,2005-07-19,39.18,39.196,38.84
QQQ,2005-07-20,39.46,39.57,38.9
QQQ,2005-07-21,39.47,39.693,39.21
QQQ,2005-07-22,39.42,39.59,39.22
QQQ,2005-07-25,39.27,39.626,39.2
QQQ,2005-07-26,39.42,39.53,39.19
QQQ,2005-07-27,39.72,39.76,39.226
QQQ,2005-07-28,39.91,39.921,39.64
QQQ,2005-07-29,39.575,39.92,39.52
QQQ,2005-08-01,39.65,39.83,39.52
QQQ,2005-08-02,40.08,40.14,39.654
QQQ,2005-08-03,40.06,40.13,39.88
QQQ,2005-08-04,39.673,39.94,39.57
QQQ,2005-08-05,39.48,39.79,39.427
QQQ,2005-08-08,39.19,39.61,39.14
QQQ,2005-08-09,39.45,39.59,39.306
QQQ,2005-08-10,39.11,39.685,38.97
QQQ,2005-08-11,39.432,39.541,39.1
QQQ,2005-08-12,39.21,39.32,38.97
QQQ,2005-08-15,39.446,39.63,39.077
QQQ,2005-08-16,38.81,39.33,38.74
QQQ,2005-08-17,39.04,39.17,38.79
QQQ,2005-08-18,38.843,39.1,38.77
QQQ,2005-08-19,38.82,39.001,38.79
QQQ,2005-08-22,38.84,39.18,38.597
QQQ,2005-08-23,38.73,38.92,38.61
QQQ,2005-08-24,38.5,39.18,38.46
QQQ,2005-08-25,38.588,38.692,38.49
QQQ,2005-08-26,38.4599,38.6,38.27
QQQ,2005-08-29,38.76,38.85,38.26
QQQ,2005-08-30,38.62,38.655,38.32
QQQ,2005-08-31,38.98,39.01,38.478
QQQ,2005-09-01,38.92,39.15,38.78
QQQ,2005-09-02,38.77,39.031,38.74
QQQ,2005-09-06,39.34,39.41,38.9
QQQ,2005-09-07,39.409,39.479,39.21
QQQ,2005-09-08,39.4,39.57,39.27
QQQ,2005-09-09,39.619,39.69,39.31
QQQ,2005-09-12,39.73,39.863,39.58
QQQ,2005-09-13,39.63,39.91,39.54
QQQ,2005-09-14,39.18,39.68,39.15
QQQ,2005-09-15,39.16,39.34,39.05
QQQ,2005-09-16,39.4,39.46,39.109
QQQ,2005-09-19,39.09,39.38,38.91
QQQ,2005-09-20,38.93,39.541,38.809
QQQ,2005-09-21,38.5,38.87,38.47
QQQ,2005-09-22,38.64,38.73,38.24
QQQ,2005-09-23,38.75,38.88,38.41
QQQ,2005-09-26,38.76,39.03,38.55
QQQ,2005-09-27,38.67,38.9,38.51
QQQ,2005-09-28,38.68,38.95,38.558
QQQ,2005-09-29,39.2,39.211,38.445
QQQ,2005-09-30,39.46,39.48,39.13
QQQ,2005-10-03,39.56,39.75,39.51
QQQ,2005-10-04,39.3,39.88,39.29
QQQ,2005-10-05,38.76,39.34,38.73
QQQ,2005-10-06,38.25,38.86,37.92
QQQ,2005-10-07,38.34,38.57,38.179
QQQ,2005-10-10,38.13,38.461,38.06
QQQ,2005-10-11,37.94,38.24,37.8
QQQ,2005-10-12,37.487,38.056,37.43
QQQ,2005-10-13,37.78,37.91,37.33
QQQ,2005-10-14,38.06,38.07,37.64
QQQ,2005-10-17,38.18,38.19,37.82
QQQ,2005-10-18,37.91,38.18,37.91
QQQ,2005-10-19,38.67,38.672,37.61
QQQ,2005-10-20,38.306,38.85,38.1
QQQ,2005-10-21,38.55,38.86,38.3288
QQQ,2005-10-24,39.16,39.181,38.467
QQQ,2005-10-25,39.01,39.1901,38.77
QQQ,2005-10-26,38.81,39.274,38.76
QQQ,2005-10-27,38.03,38.8,38.03
QQQ,2005-10-28,38.322,38.392,37.92
QQQ,2005-10-31,38.87,39.05,38.42
QQQ,2005-11-01,38.84,39.01,38.71
QQQ,2005-11-02,39.347,39.46,38.71
QQQ,2005-11-03,39.94,40.0901,39.68
QQQ,2005-11-04,40.08,40.23,39.84
QQQ,2005-11-07,40.13,40.29,39.95
QQQ,2005-11-08,40.14,40.35,39.99
QQQ,2005-11-09,40.159,40.33,40.03
QQQ,2005-11-10,40.6,40.69,39.92
QQQ,2005-11-11,40.71,40.918,40.68
QQQ,2005-11-14,40.714,40.86,40.603
QQQ,2005-11-15,40.52,40.9,40.38
QQQ,2005-11-16,40.768,40.78,40.46
QQQ,2005-11-17,41.307,41.32,40.85
QQQ,2005-11-18,41.45,41.651,41.0253
QQQ,2005-11-21,41.549,41.581,41.24
QQQ,2005-11-22,41.7,41.87,41.36
QQQ,2005-11-23,41.8,42.02,41.71
QQQ,2005-11-25,41.89,41.94,41.73
QQQ,2005-11-28,41.54,42.0,41.5
QQQ,2005-11-29,41.343,41.85,41.34
QQQ,2005-11-30,41.24,41.49,41.189
QQQ,2005-12-01,42.007,42.05,41.5
QQQ,2005-12-02,42.107,42.133,41.87
QQQ,2005-12-05,41.8,42.06,41.629
QQQ,2005-12-06,41.936,42.31,41.9
QQQ,2005-12-07,41.86,42.03,41.629
QQQ,2005-12-08,41.561,42.0,41.27
QQQ,2005-12-09,41.715,41.77,41.3799
QQQ,2005-12-12,41.867,41.94,41.68
QQQ,2005-12-13,42.045,42.211,41.76
QQQ,2005-12-14,41.899,42.096,41.708
QQQ,2005-12-15,41.97,42.07,41.608
QQQ,2005-12-16,41.58,41.94,41.549
QQQ,2005-12-19,40.92,41.71,40.9
QQQ,2005-12-20,40.95,41.15,40.75
QQQ,2005-12-21,41.13,41.41,40.95
QQQ,2005-12-22,41.397,41.462,40.98
QQQ,2005-12-23,41.403,41.59,41.299
QQQ,2005-12-27,41.038,41.68,40.97
QQQ,2005-12-28,40.99,41.23,40.87
QQQ,2005-12-29,40.72,41.12,40.65
QQQ,2005-12-30,40.412,40.58,40.36
QQQ,2006-01-03,41.31,41.49,40.16
QQQ,2006-01-04,41.74,41.74,41.3158
QQQ,2006-01-05,41.92,42.0,41.7065
QQQ,2006-01-06,42.68,42.7,42.06
QQQ,2006-01-09,42.8499,42.9201,42.52
QQQ,2006-01-10,42.88,42.92,42.55
QQQ,2006-01-11,43.21,43.31,42.87
QQQ,2006-01-12,43.0,43.29,42.85
QQQ,2006-01-13,42.98,43.05,42.73
QQQ,2006-01-17,42.7,42.79,42.5
QQQ,2006-01-18,42.21,42.46,42.02
QQQ,2006-01-19,42.52,42.82,42.29
QQQ,2006-01-20,41.25,42.49,41.15
QQQ,2006-01-23,41.26,41.45,41.08
QQQ,2006-01-24,41.44,41.7,41.31
QQQ,2006-01-25,41.26,41.67,41.08
QQQ,2006-01-26,41.55,41.69,41.23
QQQ,2006-01-27,42.11,42.39,41.74
QQQ,2006-01-30,42.19,42.32,42.07
QQQ,2006-01-31,42.0,42.27,41.81
QQQ,2006-02-01,42.15,42.17,41.7
QQQ,2006-02-02,41.43,42.08,41.41
QQQ,2006-02-03,40.92,41.23,40.78
QQQ,2006-02-06,40.81,41.01,40.59
QQQ,2006-02-07,40.63,40.93,40.44
QQQ,2006-02-08,41.1,41.15,40.69
QQQ,2006-02-09,40.71,41.37,40.63
QQQ,2006-02-10,40.96,41.06,40.26
QQQ,2006-02-13,40.49,40.74,40.3
QQQ,2006-02-14,40.9,41.02,40.41
QQQ,2006-02-15,41.16,41.26,40.73
QQQ,2006-02-16,41.54,41.55,41.15
QQQ,2006-02-17,41.21,41.46,41.2
QQQ,2006-02-21,40.75,41.27,40.61
QQQ,2006-02-22,41.26,41.54,40.68
QQQ,2006-02-23,41.15,41.54,41.08
QQQ,2006-02-24,41.26,41.29,41.01
QQQ,2006-02-27,41.72,41.87,41.33
QQQ,2006-02-28,41.1,41.72,40.97
QQQ,2006-03-01,41.66,41.7701,41.15
QQQ,2006-03-02,41.69,41.84,41.41
QQQ,2006-03-03,41.45,42.01,41.39
QQQ,2006-03-06,41.09,41.63,40.96
QQQ,2006-03-07,40.85,41.07,40.65
QQQ,2006-03-08,40.87,41.09,40.5
QQQ,2006-03-09,40.52,41.1501,40.47
QQQ,2006-03-10,40.56,40.79,40.19
QQQ,2006-03-13,40.68,40.94,40.62
QQQ,2006-03-14,41.37,41.42,40.64
QQQ,2006-03-15,41.72,41.72,41.32
QQQ,2006-03-16,41.37,41.9201,41.33
QQQ,2006-03-17,41.45,41.59,41.23
QQQ,2006-03-20,41.55,41.68,41.4
QQQ,2006-03-21,41.11,42.01,41.08
QQQ,2006-03-22,41.21,41.28,40.86
QQQ,2006-03-23,41.09,41.22,40.82
QQQ,2006-03-24,41.3,41.5001,41.02
QQQ,2006-03-27,41.31,41.51,41.24
QQQ,2006-03-28,41.14,41.67,40.99
QQQ,2006-03-29,41.92,42.1,41.17
QQQ,2006-03-30,42.05,42.3001,41.79
QQQ,2006-03-31,41.93,42.19,41.84
QQQ,2006-04-03,41.98,42.37,41.9
QQQ,2006-04-04,42.21,42.31,41.93
QQQ,2006-04-05,42.61,42.67,42.21
QQQ,2006-04-06,42.73,42.94,42.4404
QQQ,2006-04-07,42.32,43.05,42.3
QQQ,2006-04-10,42.26,42.5,42.09
QQQ,2006-04-11,41.92,42.43,41.71
QQQ,2006-04-12,41.93,42.08,41.8
QQQ,2006-04-13,42.1,42.33,41.79
QQQ,2006-04-17,41.66,42.21,41.39
QQQ,2006-04-18,42.46,42.56,41.77
QQQ,2006-04-19,42.65,42.65,42.3
QQQ,2006-04-20,42.5,42.82,42.38
QQQ,2006-04-21,42.0,42.86,41.82
QQQ,2006-04-24,41.96,42.07,41.72
QQQ,2006-04-25,41.87,42.1,41.65
QQQ,2006-04-26,41.86,42.06,41.7
QQQ,2006-04-27,42.26,42.49,41.5
QQQ,2006-04-28,41.85,42.22,41.78
QQQ,2006-05-01,41.44,42.3,41.31
QQQ,2006-05-02,41.55,41.73,41.4
QQQ,2006-05-03,41.49,41.64,41.28
QQQ,2006-05-04,41.83,41.99,41.53
QQQ,2006-05-05,42.16,42.2101,41.94
QQQ,2006-05-08,42.2,42.28,42.07
QQQ,2006-05-09,42.04,42.1801,41.97
QQQ,2006-05-10,41.67,41.98,41.55
QQQ,2006-05-11,40.74,41.65,40.63
QQQ,2006-05-12,40.19,40.76,39.96
QQQ,2006-05-15,40.16,40.34,39.79
QQQ,2006-05-16,39.86,40.26,39.77
QQQ,2006-05-17,39.32,39.81,39.23
QQQ,2006-05-18,39.05,39.66,39.0
QQQ,2006-05-19,39.35,39.47,38.75
QQQ,2006-05-22,38.97,39.24,38.62
QQQ,2006-05-23,38.59,39.3801,38.57
QQQ,2006-05-24,38.85,39.04,38.23
QQQ,2006-05-25,39.36,39.38,38.82
QQQ,2006-05-26,39.49,39.58,39.23
QQQ,2006-05-30,38.64,39.33,38.61
QQQ,2006-05-31,38.82,39.06,38.54
QQQ,2006-06-01,39.74,39.74,38.84
QQQ,2006-06-02,39.642,40.0,39.31
QQQ,2006-06-05,38.78,39.56,38.78
QQQ,2006-06-06,38.75,38.95,38.35
QQQ,2006-06-07,38.46,39.17,38.45
QQQ,2006-06-08,38.4,38.56,37.49
QQQ,2006-06-09,38.13,38.74,38.11
QQQ,2006-06-12,37.4,38.26,37.39
QQQ,2006-06-13,37.25,37.8,37.16
QQQ,2006-06-14,37.63,37.71,37.2
QQQ,2006-06-15,38.65,38.79,37.8
QQQ,2006-06-16,38.34,38.68,38.2
QQQ,2006-06-19,38.03,38.54,37.91
QQQ,2006-06-20,38.08,38.48,37.94
QQQ,2006-06-21,38.68,38.99,38.13
QQQ,2006-06-22,38.19,38.68,37.99
QQQ,2006-06-23,38.15,38.53,37.93
QQQ,2006-06-26,38.25,38.39,38.07
QQQ,2006-06-27,37.53,38.33,37.49
QQQ,2006-06-28,37.81,37.84,37.38
QQQ,2006-06-29,38.96,38.96,37.9
QQQ,2006-06-30,38.77,39.14,38.68
QQQ,2006-07-03,39.0,39.0,38.81
QQQ,2006-07-05,38.15,38.68,38.09
QQQ,2006-07-06,38.11,38.48,38.01
QQQ,2006-07-07,37.69,38.17,37.57
QQQ,2006-07-10,37.36,37.93,37.17
QQQ,2006-07-11,37.64,37.74,37.08
QQQ,2006-07-12,36.93,37.64,36.84
QQQ,2006-07-13,36.31,37.04,36.31
QQQ,2006-07-14,35.94,36.38,35.79
QQQ,2006-07-17,36.03,36.25,35.87
QQQ,2006-07-18,36.15,36.33,35.54
QQQ,2006-07-19,36.62,36.83,36.09
QQQ,2006-07-20,36.08,36.8,36.04
QQQ,2006-07-21,35.7,35.96,35.62
QQQ,2006-07-24,36.41,36.4301,35.8
QQQ,2006-07-25,36.62,36.74,36.24
QQQ,2006-07-26,36.59,36.87,36.23
QQQ,2006-07-27,36.35,37.04,36.25
QQQ,2006-07-28,37.11,37.14,36.5
QQQ,2006-07-31,37.1,37.32,36.89
QQQ,2006-08-01,36.48,36.8,36.26
QQQ,2006-08-02,36.89,37.13,36.61
QQQ,2006-08-03,37.12,37.34,36.48
QQQ,2006-08-04,36.95,37.63,36.62
QQQ,2006-08-07,36.71,36.94,36.53
QQQ,2006-08-08,36.48,36.9,36.26
QQQ,2006-08-09,36.53,37.31,36.43
QQQ,2006-08-10,36.79,36.88,36.31
QQQ,2006-08-11,36.53,36.69,36.37
QQQ,2006-08-14,36.77,37.27,36.7
QQQ,2006-08-15,37.7,37.75,37.09
QQQ,2006-08-16,38.58,38.61,37.84
QQQ,2006-08-17,38.73,38.98,38.44
QQQ,2006-08-18,38.79,38.83,38.28
QQQ,2006-08-21,38.42,38.56,38.26
QQQ,2006-08-22,38.43,38.81,38.2
QQQ,2006-08-23,38.14,38.67,37.92
QQQ,2006-08-24,38.25,38.35,37.92
QQQ,2006-08-25,38.32,38.64,38.06
QQQ,2006-08-28,38.61,38.79,38.24
QQQ,2006-08-29,38.73,38.76,38.18
QQQ,2006-08-30,38.91,39.03,38.6
QQQ,2006-08-31,38.87,39.03,38.76
QQQ,2006-09-01,39.08,39.21,38.9
QQQ,2006-09-05,39.46,39.48,38.85
QQQ,2006-09-06,38.67,39.19,38.61
QQQ,2006-09-07,38.4799,38.9,38.36
QQQ,2006-09-08,38.72,38.82,38.46
QQQ,2006-09-11,38.96,39.15,38.3199
QQQ,2006-09-12,39.68,39.8,38.95
QQQ,2006-09-13,39.96,39.982,39.63
QQQ,2006-09-14,39.99,40.22,39.76
QQQ,2006-09-15,40.11,40.46,40.0
QQQ,2006-09-18,40.1101,40.4,39.94
QQQ,2006-09-19,39.85,40.25,39.52
QQQ,2006-09-20,40.43,40.54,40.19
QQQ,2006-09-21,40.18,40.67,40.08
QQQ,2006-09-22,39.87,40.16,39.7
QQQ,2006-09-25,40.57,40.66,39.68
QQQ,2006-09-26,40.77,40.8,40.4
QQQ,2006-09-27,40.72,40.95,40.5
QQQ,2006-09-28,40.83,40.89,40.43
QQQ,2006-09-29,40.65,40.93,40.62
QQQ,2006-10-02,40.14,40.7,40.08
QQQ,2006-10-03,40.31,40.48,39.88
QQQ,2006-10-04,41.3,41.31,40.14
QQQ,2006-10-05,41.5,41.56,41.18
QQQ,2006-10-06,41.41,41.56,41.24
QQQ,2006-10-09,41.55,41.74,41.32
QQQ,2006-10-10,41.62,41.75,41.31
QQQ,2006-10-11,41.54,41.83,41.17
QQQ,2006-10-12,42.23,42.25,41.7
QQQ,2006-10-13,42.43,42.52,42.14
QQQ,2006-10-16,42.45,42.62,42.4
QQQ,2006-10-17,42.0,42.2,41.76
QQQ,2006-10-18,41.8,42.31,41.65
QQQ,2006-10-19,41.9,42.1101,41.59
QQQ,2006-10-20,42.0,42.084,41.64
QQQ,2006-10-23,42.43,42.58,41.82
QQQ,2006-10-24,42.13,42.45,41.92
QQQ,2006-10-25,42.43,42.52,42.05
QQQ,2006-10-26,42.82,42.92,42.22
QQQ,2006-10-27,42.21,42.82,42.08
QQQ,2006-10-30,42.48,42.65,42.06
QQQ,2006-10-31,42.58,42.76,42.31
QQQ,2006-11-01,42.0,42.77,41.82
QQQ,2006-11-02,42.04,42.14,41.74
QQQ,2006-11-03,41.93,42.19,41.61
QQQ,2006-11-06,42.54,42.71,42.06
QQQ,2006-11-07,42.83,43.09,42.47
QQQ,2006-11-08,43.03,43.2,42.47
QQQ,2006-11-09,42.8,43.35,42.67
QQQ,2006-11-10,43.03,43.04,42.67
QQQ,2006-11-13,43.46,43.54,43.0
QQQ,2006-11-14,43.93,43.97,43.24
QQQ,2006-11-15,44.11,44.4,43.92
QQQ,2006-11-16,44.3,44.42,44.02
QQQ,2006-11-17,44.3,44.3,43.95
QQQ,2006-11-20,44.39,44.48,44.01
QQQ,2006-11-21,44.45,44.51,44.25
QQQ,2006-11-22,44.73,44.75,44.26
QQQ,2006-11-24,44.65,44.86,44.38
QQQ,2006-11-27,43.66,44.61,43.64
QQQ,2006-11-28,43.77,43.84,43.34
QQQ,2006-11-29,44.07,44.18,43.66
QQQ,2006-11-30,44.04,44.28,43.79
QQQ,2006-12-01,43.66,44.35,43.26
QQQ,2006-12-04,44.26,44.48,43.79
QQQ,2006-12-05,44.42,44.55,44.19
QQQ,2006-12-06,44.26,44.4,44.07
QQQ,2006-12-07,43.7,44.48,43.7
QQQ,2006-12-08,43.9,44.26,43.47
QQQ,2006-12-11,44.06,44.37,43.75
QQQ,2006-12-12,43.8,44.13,43.56
QQQ,2006-12-13,43.88,44.11,43.62
QQQ,2006-12-14,44.37,44.57,43.94
QQQ,2006-12-15,44.43,44.76,44.35
QQQ,2006-12-18,43.99,44.75,43.8
QQQ,2006-12-19,43.85,44.06,43.38
QQQ,2006-12-20,43.69,44.11,43.67
QQQ,2006-12-21,43.38,43.79,43.21
QQQ,2006-12-22,42.93,43.41,42.93
QQQ,2006-12-26,43.11,43.12,42.88
QQQ,2006-12-27,43.33,43.4,43.1
QQQ,2006-12-28,43.12,43.38,43.05
QQQ,2006-12-29,43.16,43.61,43.12
QQQ,2007-01-03,43.24,44.06,42.52
QQQ,2007-01-04,44.06,44.21,43.15
QQQ,2007-01-05,43.85,43.95,43.48
QQQ,2007-01-08,43.88,44.12,43.64
QQQ,2007-01-09,44.1,44.29,43.63
QQQ,2007-01-10,44.62,44.66,43.82
QQQ,2007-01-11,45.08,45.24,44.65
QQQ,2007-01-12,45.31,45.35,44.97
QQQ,2007-01-16,45.28,45.4,45.13
QQQ,2007-01-17,44.91,45.29,44.83
QQQ,2007-01-18,44.08,44.84,43.95
QQQ,2007-01-19,44.17,44.2801,43.91
QQQ,2007-01-22,43.69,44.23,43.51
QQQ,2007-01-23,43.58,43.9801,43.5
QQQ,2007-01-24,44.3,44.32,43.77
QQQ,2007-01-25,43.73,44.47,43.58
QQQ,2007-01-26,43.57,43.83,43.29
QQQ,2007-01-29,43.61,43.91,43.4
QQQ,2007-01-30,43.63,43.79,43.52
QQQ,2007-01-31,44.07,44.19,43.33
QQQ,2007-02-01,44.02,44.4,43.85
QQQ,2007-02-02,44.16,44.25,43.94
QQQ,2007-02-05,44.12,44.36,43.96
QQQ,2007-02-06,44.05,44.23,43.64
QQQ,2007-02-07,44.46,44.65,44.12
QQQ,2007-02-08,44.45,44.6,44.23
QQQ,2007-02-09,43.84,44.72,43.73
QQQ,2007-02-12,43.7,43.89,43.59
QQQ,2007-02-13,43.65568,43.795028,43.496425
QQQ,2007-02-14,44.6,44.71,44.04
QQQ,2007-02-15,44.86,44.86,44.55
QQQ,2007-02-16,44.71,44.83,44.57
QQQ,2007-02-20,44.68,45.12,44.43
QQQ,2007-02-21,45.19,45.21,44.83
QQQ,2007-02-22,45.42,45.55,45.07
QQQ,2007-02-23,45.049158,45.248226,44.85009
QQQ,2007-02-26,45.04,45.5,43.15
QQQ,2007-02-27,43.19,44.48,43.06
QQQ,2007-02-28,43.33,43.33,42.93
QQQ,2007-03-01,43.13,43.54,42.24
QQQ,2007-03-02,42.48,43.14,42.47
QQQ,2007-03-05,42.15,42.8,42.06
QQQ,2007-03-06,42.85,42.99,42.5
QQQ,2007-03-07,42.68,42.98,42.65
QQQ,2007-03-08,42.97,43.24,42.84
QQQ,2007-03-09,42.98,43.34,42.65
QQQ,2007-03-12,43.23,43.28,42.83
QQQ,2007-03-13,42.37,43.24,42.36
QQQ,2007-03-14,42.99,43.0,42.1
QQQ,2007-03-15,42.89,43.06,42.72
QQQ,2007-03-16,42.83,43.04,42.61
QQQ,2007-03-19,43.27,43.39,42.95
QQQ,2007-03-20,43.58,43.59,43.21
QQQ,2007-03-21,44.42,44.44,43.35
QQQ,2007-03-22,44.26,44.45,44.09
QQQ,2007-03-23,44.12,44.37,44.07
QQQ,2007-03-26,44.3,44.32,43.63
QQQ,2007-03-27,43.99,44.24,43.95
QQQ,2007-03-28,43.52,44.03,43.51
QQQ,2007-03-29,43.57,43.85,43.1
QQQ,2007-03-30,43.53,43.87,43.2215
QQQ,2007-04-02,43.59,43.76,43.3
QQQ,2007-04-03,44.16,44.31,43.79
QQQ,2007-04-04,44.34,44.38,44.13
QQQ,2007-04-05,44.56,44.58,44.23
QQQ,2007-04-09,44.45,44.75,44.38
QQQ,2007-04-10,44.68,44.68,44.41
QQQ,2007-04-11,44.21,44.66,44.07
QQQ,2007-04-12,44.56,44.62,43.95
QQQ,2007-04-13,44.65,44.72,44.29
QQQ,2007-04-16,45.06,45.15,44.83
QQQ,2007-04-17,45.16,45.2,44.96
QQQ,2007-04-18,45.01,45.23,44.83
QQQ,2007-04-19,45.15,45.25,44.72
QQQ,2007-04-20,45.4,45.67,45.2
QQQ,2007-04-23,45.47,45.6,45.34
QQQ,2007-04-24,45.7,45.83,45.33
QQQ,2007-04-25,46.31,46.32,45.7
QQQ,2007-04-26,46.55,46.65,46.33
QQQ,2007-04-27,46.57,46.7,46.29
QQQ,2007-04-30,45.96,46.53,45.92
QQQ,2007-05-01,45.915,46.14,45.66
QQQ,2007-05-02,46.42,46.58,46.05
QQQ,2007-05-03,46.59,46.72,46.43
QQQ,2007-05-04,46.63,46.89,46.42
QQQ,2007-05-07,46.63,46.78,46.57
QQQ,2007-05-08,46.73,46.77,46.3
QQQ,2007-05-09,46.83,46.97,46.46
QQQ,2007-05-10,46.19,46.78,46.07
QQQ,2007-05-11,46.78,46.78,46.18
QQQ,2007-05-14,46.46,46.88,46.19
QQQ,2007-05-15,46.1,46.7,45.99
QQQ,2007-05-16,46.55,46.56,45.91
QQQ,2007-05-17,46.33,46.57,46.29
QQQ,2007-05-18,46.71,46.71,46.38
QQQ,2007-05-21,47.01,47.24,46.67
QQQ,2007-05-22,47.05,47.28,46.87
QQQ,2007-05-23,46.83,47.37,46.8
QQQ,2007-05-24,46.16,47.04,45.97
QQQ,2007-05-25,46.45,46.56,46.18
QQQ,2007-05-29,46.81,46.86,46.41
QQQ,2007-05-30,47.19,47.2,46.35
QQQ,2007-05-31,47.41,47.52,47.21
QQQ,2007-06-01,47.44,47.77,47.37
QQQ,2007-06-04,47.5801,47.64,47.24
QQQ,2007-06-05,47.58,47.58,47.0
QQQ,2007-06-06,47.07,47.38,46.9614
QQQ,2007-06-07,46.3399,47.21,46.32
QQQ,2007-06-08,46.91,46.93,46.16
QQQ,2007-06-11,46.8,47.19,46.76
QQQ,2007-06-12,46.54,47.04,46.45
QQQ,2007-06-13,47.05,47.09,46.54
QQQ,2007-06-14,47.36,47.49,47.09
QQQ,2007-06-15,47.73,47.87,47.65
QQQ,2007-06-18,47.77,47.87,47.67
QQQ,2007-06-19,47.76,47.86,47.51
QQQ,2007-06-20,47.31,47.92,47.24
QQQ,2007-06-21,47.74,47.79,47.08
QQQ,2007-06-22,47.29,47.71,47.14
QQQ,2007-06-25,47.09,47.58,46.82
QQQ,2007-06-26,46.82,47.32,46.74
QQQ,2007-06-27,47.54,47.56,46.7
QQQ,2007-06-28,47.52,47.85,47.47
QQQ,2007-06-29,47.6,47.88,47.21
QQQ,2007-07-02,48.01,48.048,47.68
QQQ,2007-07-03,48.31,48.32,48.04
QQQ,2007-07-05,48.66,48.77,48.29
QQQ,2007-07-06,48.86,48.91,48.5
QQQ,2007-07-09,48.89,48.98,48.72
QQQ,2007-07-10,48.48,48.9,48.43
QQQ,2007-07-11,48.81,48.81,48.32
QQQ,2007-07-12,49.56,49.67,48.92
QQQ,2007-07-13,49.9,49.97,49.5699
QQQ,2007-07-16,49.85,50.08,49.76
QQQ,2007-07-17,50.23,50.3,49.92
QQQ,2007-07-18,50.17,50.17,49.64
QQQ,2007-07-19,50.32,50.66,50.31
QQQ,2007-07-20,50.05,50.36,49.74
QQQ,2007-07-23,50.07,50.31,49.92
QQQ,2007-07-24,49.33,50.1,49.05
QQQ,2007-07-25,49.4,49.67,49.06
QQQ,2007-07-26,48.98,49.47,48.05
QQQ,2007-07-27,47.99,49.12,47.99
QQQ,2007-07-30,48.55,48.73,47.95
QQQ,2007-07-31,47.53,48.99,47.43
QQQ,2007-08-01,47.9,47.93,46.98
QQQ,2007-08-02,48.34,48.43,47.79
QQQ,2007-08-03,47.42,48.31,47.15
QQQ,2007-08-06,47.97,48.02,47.03
QQQ,2007-08-07,48.31,48.62,47.48
QQQ,2007-08-08,48.84,49.06,48.4
QQQ,2007-08-09,47.71,48.97,47.69
QQQ,2007-08-10,47.28,47.83,46.63
QQQ,2007-08-13,47.6,47.88,47.48
QQQ,2007-08-14,46.79,47.74,46.73
QQQ,2007-08-15,45.9,47.09,45.813
QQQ,2007-08-16,45.45,45.91,40.55
QQQ,2007-08-17,46.31,46.5895,45.589
QQQ,2007-08-20,46.53,46.72,46.08
QQQ,2007-08-21,47.02,47.1272,46.39
QQQ,2007-08-22,47.66,47.7,47.27
QQQ,2007-08-23,47.53,47.85,47.23
QQQ,2007-08-24,48.24,48.24,47.32
QQQ,2007-08-27,47.88,48.2,47.84
QQQ,2007-08-28,46.74,47.7,46.71
QQQ,2007-08-29,48.08,48.12,47.05
QQQ,2007-08-30,48.33,48.74,47.75
QQQ,2007-08-31,48.87,49.06,48.61
QQQ,2007-09-04,49.68,50.0,48.91
QQQ,2007-09-05,49.18,49.65,48.87
QQQ,2007-09-06,49.14,49.36,48.81
QQQ,2007-09-07,48.23,48.6,47.95
QQQ,2007-09-10,48.2,48.75,47.81
QQQ,2007-09-11,48.93,48.9885,48.43
QQQ,2007-09-12,48.94,49.37,48.78
QQQ,2007-09-13,49.18,49.35,48.94
QQQ,2007-09-14,49.22,49.31,48.73
QQQ,2007-09-17,48.81,49.1,48.59
QQQ,2007-09-18,50.04,52.77,48.83
QQQ,2007-09-19,50.17,50.59,49.98
QQQ,2007-09-20,50.03,50.26,49.92
QQQ,2007-09-21,50.36,50.52,50.0143
QQQ,2007-09-24,50.59,50.96,50.33
QQQ,2007-09-25,51.07,51.07,50.36
QQQ,2007-09-26,51.32,51.51,51.12
QQQ,2007-09-27,51.58,51.65,51.36
QQQ,2007-09-28,51.41,51.68,51.18
QQQ,2007-10-01,52.0,52.16,51.38
QQQ,2007-10-02,52.01,52.06,51.72
QQQ,2007-10-03,51.65,52.07,51.5
QQQ,2007-10-04,51.77,51.83,51.34
QQQ,2007-10-05,52.87,52.9,52.06
QQQ,2007-10-08,53.15,53.16,52.71
QQQ,2007-10-09,53.3801,53.45,53.03
QQQ,2007-10-10,53.51,53.57,53.21
QQQ,2007-10-11,52.66,53.94,52.28
QQQ,2007-10-12,53.53,53.54,52.8
QQQ,2007-10-15,53.12,53.71,52.7
QQQ,2007-10-16,52.87,53.28,52.68
QQQ,2007-10-17,53.55,53.66,52.68
QQQ,2007-10-18,53.78,53.89,53.12
QQQ,2007-10-19,52.44,53.77,52.39
QQQ,2007-10-22,53.07,53.1185,52.02
QQQ,2007-10-23,54.18,54.21,53.34
QQQ,2007-10-24,53.83,53.94,52.0
QQQ,2007-10-25,53.05,53.98,52.75
QQQ,2007-10-26,53.93,54.2,53.44
QQQ,2007-10-29,54.16,54.33,53.84
QQQ,2007-10-30,54.26,54.56,53.9
QQQ,2007-10-31,55.03,55.07,54.04
QQQ,2007-11-01,54.0,54.77,53.97
QQQ,2007-11-02,54.42,54.5501,53.6
QQQ,2007-11-05,54.07,54.4,53.59
QQQ,2007-11-06,54.68,54.69,53.78
QQQ,2007-11-07,53.35,54.58,53.31
QQQ,2007-11-08,51.73,53.33,50.8
QQQ,2007-11-09,50.0,51.12,50.0
QQQ,2007-11-12,48.73,50.24,48.65
QQQ,2007-11-13,50.74,50.79,49.35
QQQ,2007-11-14,50.09,51.44,49.9
QQQ,2007-11-15,49.82,50.54,49.37
QQQ,2007-11-16,50.28,50.49,49.34
QQQ,2007-11-19,49.7,50.45,49.41
QQQ,2007-11-20,49.93,50.78,48.93
QQQ,2007-11-21,49.31,50.17,48.85
QQQ,2007-11-23,49.84,49.97,49.3724
QQQ,2007-11-26,48.98,50.37,48.9
QQQ,2007-11-27,49.96,50.05,49.1
QQQ,2007-11-28,51.48,51.7,50.6
QQQ,2007-11-29,51.7,51.89,51.2
QQQ,2007-11-30,51.31,52.25,50.95
QQQ,2007-12-03,50.88,51.53,50.82
QQQ,2007-12-04,50.67,50.94,50.38
QQQ,2007-12-05,51.57,52.0,51.16
QQQ,2007-12-06,52.32,52.37,51.61
QQQ,2007-12-07,52.33,52.54,52.08
QQQ,2007-12-10,52.54,52.69,52.32
QQQ,2007-12-11,51.32,52.84,51.21
QQQ,2007-12-12,51.78,52.43,50.89
QQQ,2007-12-13,51.5,51.63,50.98
QQQ,2007-12-14,50.97,51.6,50.92
QQQ,2007-12-17,49.73,50.9881,49.71
QQQ,2007-12-18,49.89,50.27,49.18
QQQ,2007-12-19,49.88,50.2,49.61
QQQ,2007-12-20,50.93,50.96,50.2
QQQ,2007-12-21,51.85,51.9,51.48
QQQ,2007-12-24,52.24,52.4,51.9501
QQQ,2007-12-26,52.5,52.63,52.0
QQQ,2007-12-27,51.93,52.5,51.71
QQQ,2007-12-28,51.86,52.16,51.43
QQQ,2007-12-31,51.22,51.68,51.21
QQQ,2008-01-02,50.45,51.47,50.13
QQQ,2008-01-03,50.62,50.76,50.15
QQQ,2008-01-04,48.4,49.83,48.21
QQQ,2008-01-07,48.17,48.6,47.43
QQQ,2008-01-08,46.92,48.76,46.92
QQQ,2008-01-09,47.92,47.96,46.46
QQQ,2008-01-10,47.99,48.41,47.29
QQQ,2008-01-11,47.05,47.77,46.7
QQQ,2008-01-14,47.87,48.01,47.31
QQQ,2008-01-15,46.55,47.52,46.35
QQQ,2008-01-16,46.05,46.91,45.46
QQQ,2008-01-17,45.38,46.58,45.2
QQQ,2008-01-18,45.35,46.14,44.76
QQQ,2008-01-22,44.18,44.77,42.73
QQQ,2008-01-23,44.0101,44.15,41.61
QQQ,2008-01-24,44.91,44.93,44.06
QQQ,2008-01-25,43.99,45.87,43.94
QQQ,2008-01-28,44.33,44.44,43.57
QQQ,2008-01-29,44.41,44.68,44.04
QQQ,2008-01-30,44.37,45.32,44.18
QQQ,2008-01-31,45.13,45.59,43.82
QQQ,2008-02-01,45.5899,45.88,44.88
QQQ,2008-02-04,44.95,45.61,44.94
QQQ,2008-02-05,43.6699,44.6,43.64
QQQ,2008-02-06,42.81,44.17,42.77
QQQ,2008-02-07,43.11,43.79,42.15
QQQ,2008-02-08,43.6,43.77,42.94
QQQ,2008-02-11,44.07,44.22,43.54
QQQ,2008-02-12,43.82,44.68,43.51
QQQ,2008-02-13,44.78,44.88,44.16
QQQ,2008-02-14,43.97,44.85,43.89
QQQ,2008-02-15,43.82,43.98,43.45
QQQ,2008-02-19,43.74,44.5,43.27
QQQ,2008-02-20,43.94,44.09,43.24
QQQ,2008-02-21,43.52,44.47,43.34
QQQ,2008-02-22,43.68,43.69,42.6
QQQ,2008-02-25,43.9,44.07,43.34
QQQ,2008-02-26,44.07,44.48,43.37
QQQ,2008-02-27,44.29,44.46,43.67
QQQ,2008-02-28,44.12,44.53,43.95
QQQ,2008-02-29,42.95,43.77,42.85
QQQ,2008-03-03,42.67,42.99,42.24
QQQ,2008-03-04,42.91,43.04,42.02
QQQ,2008-03-05,43.1199,43.54,42.75
QQQ,2008-03-06,42.17,43.27,42.1
QQQ,2008-03-07,42.07,42.64,41.38
QQQ,2008-03-10,41.26,42.14,41.17
QQQ,2008-03-11,42.8301,42.85,41.51
QQQ,2008-03-12,42.71,43.44,42.6
QQQ,2008-03-13,43.04,43.33,41.81
QQQ,2008-03-14,42.25,43.38,41.74
QQQ,2008-03-17,41.48,42.01,41.05
QQQ,2008-03-18,43.33,43.34,42.11
QQQ,2008-03-19,42.26,43.6,42.23
QQQ,2008-03-20,43.09,43.1,42.1
QQQ,2008-03-24,44.5799,44.76,43.28
QQQ,2008-03-25,44.83,45.07,44.28
QQQ,2008-03-26,44.7,44.85,44.28
QQQ,2008-03-27,43.71,44.51,43.71
QQQ,2008-03-28,43.49,44.34,43.33
QQQ,2008-03-31,43.72,44.02,43.45
QQQ,2008-04-01,45.59,45.61,44.41
QQQ,2008-04-02,45.49,46.02,45.17
QQQ,2008-04-03,45.59,45.91,45.14
QQQ,2008-04-04,45.86,46.35,45.4
QQQ,2008-04-07,45.76,46.41,45.65
QQQ,2008-04-08,45.41,45.72,45.18
QQQ,2008-04-09,44.9,45.49,44.63
QQQ,2008-04-10,45.54,45.84,44.93
QQQ,2008-04-11,44.28,45.1,44.12
QQQ,2008-04-14,44.08,44.48,43.95
QQQ,2008-04-15,44.14,44.35,43.68
QQQ,2008-04-16,45.37,45.48,44.65
QQQ,2008-04-17,45.75,45.75,44.98
QQQ,2008-04-18,46.71,46.93,45.27
QQQ,2008-04-21,47.04,47.08,46.49
QQQ,2008-04-22,46.34,46.77,45.93
QQQ,2008-04-23,46.85,47.06,46.2736
QQQ,2008-04-24,47.27,47.79,46.39
QQQ,2008-04-25,47.15,47.35,46.57
QQQ,2008-04-28,47.24,47.62,47.13
QQQ,2008-04-29,47.6,47.76,47.06
QQQ,2008-04-30,47.21,48.06,47.03
QQQ,2008-05-01,48.7,48.72,47.22
QQQ,2008-05-02,48.77,49.19,48.34
QQQ,2008-05-05,48.63,49.03,48.4
QQQ,2008-05-06,48.93,49.13,48.14
QQQ,2008-05-07,48.04,49.23,47.872
QQQ,2008-05-08,48.4,48.7,48.06
QQQ,2008-05-09,48.21,48.46,47.9
QQQ,2008-05-12,49.09,49.19,48.2
QQQ,2008-05-13,49.22,49.33,48.76
QQQ,2008-05-14,49.11,49.93,49.04
QQQ,2008-05-15,49.97,50.02,48.98
QQQ,2008-05-16,50.0099,50.11,49.45
QQQ,2008-05-19,49.65,50.47,49.34
QQQ,2008-05-20,49.27,49.47,48.89
QQQ,2008-05-21,48.18,49.6,48.02
QQQ,2008-05-22,48.35,48.69,48.11
QQQ,2008-05-23,48.2,48.3505,47.82
QQQ,2008-05-27,49.05,49.11,48.29
QQQ,2008-05-28,49.25,49.36,48.75
QQQ,2008-05-29,49.69,49.97,49.25
QQQ,2008-05-30,50.01,50.24,49.75
QQQ,2008-06-02,49.4,49.92,48.96
QQQ,2008-06-03,49.13,49.9,48.67
QQQ,2008-06-04,49.76,50.1,48.94
QQQ,2008-06-05,50.55,50.61,49.7
QQQ,2008-06-06,49.03,50.21,49.02
QQQ,2008-06-09,48.77,49.19,47.95
QQQ,2008-06-10,48.54,48.94,48.16
QQQ,2008-06-11,47.38,48.52,47.35
QQQ,2008-06-12,47.42,48.11,47.0
QQQ,2008-06-13,48.37,48.47,47.46
QQQ,2008-06-16,48.8,49.02,48.07
QQQ,2008-06-17,48.54,49.06,48.47
QQQ,2008-06-18,48.02,48.45,47.83
QQQ,2008-06-19,48.77,49.01,47.61
QQQ,2008-06-20,47.42,48.35,47.21
QQQ,2008-06-23,47.05,47.74,46.98
QQQ,2008-06-24,46.81,47.37,46.41
QQQ,2008-06-25,47.57,48.0,46.94
QQQ,2008-06-26,45.65,46.7,45.64
QQQ,2008-06-27,45.65,45.9,44.97
QQQ,2008-06-30,45.17,45.83,45.15
QQQ,2008-07-01,45.81,45.86,44.68
QQQ,2008-07-02,44.71,46.13,44.64
QQQ,2008-07-03,44.63,45.08,44.28
QQQ,2008-07-07,44.9,45.46,44.24
QQQ,2008-07-08,45.97,46.01,44.77
QQQ,2008-07-09,44.75,46.03,44.73
QQQ,2008-07-10,45.28,45.42,44.38
QQQ,2008-07-11,44.56,45.27,43.85
QQQ,2008-07-14,44.23,45.18,44.07
QQQ,2008-07-15,44.24,44.93,43.3
QQQ,2008-07-16,45.34,45.38,43.92
QQQ,2008-07-17,45.64,45.82,44.9799
QQQ,2008-07-18,44.59,45.17,44.59
QQQ,2008-07-21,44.78,45.19,44.49
QQQ,2008-07-22,44.78,44.81,43.86
QQQ,2008-07-23,45.37,45.89,44.72
QQQ,2008-07-24,44.69,45.61,44.65
QQQ,2008-07-25,45.27,45.48,44.76
QQQ,2008-07-28,44.42,45.52,44.21
QQQ,2008-07-29,45.34,45.54,44.57
QQQ,2008-07-30,45.57,45.82,44.88
QQQ,2008-07-31,45.46,46.15,45.02
QQQ,2008-08-01,44.88,45.55,44.4
QQQ,2008-08-04,44.43,44.92,44.3
QQQ,2008-08-05,45.93,45.97,44.84
QQQ,2008-08-06,46.63,46.81,45.58
QQQ,2008-08-07,46.27,46.85,46.08
QQQ,2008-08-08,47.32,47.44,46.15
QQQ,2008-08-11,47.75,48.28,47.14
QQQ,2008-08-12,47.8,48.16,47.51
QQQ,2008-08-13,47.7,48.12,47.25
QQQ,2008-08-14,48.25,48.46,47.49
QQQ,2008-08-15,48.16,48.57,47.96
QQQ,2008-08-18,47.6,48.31,47.26
QQQ,2008-08-19,47.01,47.59,46.75
QQQ,2008-08-20,47.09,47.56,46.74
QQQ,2008-08-21,46.87,47.08,46.38
QQQ,2008-08-22,47.49,47.68,47.08
QQQ,2008-08-25,46.49,47.21,46.37
QQQ,2008-08-26,46.43,46.77,46.12
QQQ,2008-08-27,46.73,47.09,46.29
QQQ,2008-08-28,47.11,47.28,46.83
QQQ,2008-08-29,46.12,47.1217,45.92
QQQ,2008-09-02,45.55,47.08,45.34
QQQ,2008-09-03,45.12,45.6381,44.79
QQQ,2008-09-04,43.66,44.91,43.66
QQQ,2008-09-05,43.45,43.78,42.81
QQQ,2008-09-08,43.31,44.22,42.68
QQQ,2008-09-09,42.45,43.79,42.35
QQQ,2008-09-10,42.8,43.18,42.45
QQQ,2008-09-11,43.6,43.69,42.17
QQQ,2008-09-12,43.43,43.71,42.9
QQQ,2008-09-15,42.08,43.29,42.03
QQQ,2008-09-16,42.41,42.84,41.43
QQQ,2008-09-17,40.35,42.4219,40.19
QQQ,2008-09-18,41.57,41.97,39.5
QQQ,2008-09-19,42.9,43.83,42.1
QQQ,2008-09-22,40.88,42.84,40.8
QQQ,2008-09-23,40.57,41.75,40.44
QQQ,2008-09-24,40.85,41.26,40.52
QQQ,2008-09-25,41.5,42.02,41.03
QQQ,2008-09-26,41.08,41.4902,40.22
QQQ,2008-09-29,37.82,40.38,37.18
QQQ,2008-09-30,38.91,39.3,37.6
QQQ,2008-10-01,38.5,38.97,38.03
QQQ,2008-10-02,36.75,38.25,36.64
QQQ,2008-10-03,36.18,38.18,36.1
QQQ,2008-10-06,34.86,35.53,32.91
QQQ,2008-10-07,32.65,35.2,32.27
QQQ,2008-10-08,32.39,34.12,31.84
QQQ,2008-10-09,31.52,33.68,30.97
QQQ,2008-10-10,31.32,32.48,29.38
QQQ,2008-10-13,35.13,35.25,32.4
QQQ,2008-10-14,33.61,36.15,33.19
QQQ,2008-10-15,30.6,33.35,30.54
QQQ,2008-10-16,30.94,32.27,29.25
QQQ,2008-10-17,32.3,33.65,31.41
QQQ,2008-10-20,33.2,33.26,31.7
QQQ,2008-10-21,31.48,33.2572,31.48
QQQ,2008-10-22,30.61,31.6,29.71
QQQ,2008-10-23,30.49,31.09,28.9
QQQ,2008-10-24,29.68,30.25,28.09
QQQ,2008-10-27,28.69,30.2,28.66
QQQ,2008-10-28,31.86,31.88,28.85
QQQ,2008-10-29,31.78,33.08,31.25
QQQ,2008-10-30,32.84,33.06,31.98
QQQ,2008-10-31,32.89,33.43,32.09
QQQ,2008-11-03,32.82,33.2941,32.51
QQQ,2008-11-04,33.75,34.01,32.98
QQQ,2008-11-05,31.99,33.6,31.92
QQQ,2008-11-06,30.5889,31.87,30.3999
QQQ,2008-11-07,31.19,31.48,30.59
QQQ,2008-11-10,30.77,31.97,30.4
QQQ,2008-11-11,30.1,30.76,29.72
QQQ,2008-11-12,28.71,29.8,28.65
QQQ,2008-11-13,29.53,30.53,27.28
QQQ,2008-11-14,28.98,30.42,28.87
QQQ,2008-11-17,28.37,29.23,28.26
QQQ,2008-11-18,28.34,28.75,27.39
QQQ,2008-11-19,26.86,28.78,26.79
QQQ,2008-11-20,25.56,27.45,25.47
QQQ,2008-11-21,26.67,26.68,25.05
QQQ,2008-11-24,28.3,28.64,26.98
QQQ,2008-11-25,28.17,28.64,27.52
QQQ,2008-11-26,29.35,29.36,27.81
QQQ,2008-11-28,29.12,29.19,28.83
QQQ,2008-12-01,26.93,28.51,26.89
QQQ,2008-12-02,27.83,27.89,26.8404
QQQ,2008-12-03,28.62,28.71,27.07
QQQ,2008-12-04,27.81,28.78,27.32
QQQ,2008-12-05,28.94,29.07,26.95
QQQ,2008-12-08,30.08,30.46,29.44
QQQ,2008-12-09,30.01,30.83,29.57
QQQ,2008-12-10,29.91,30.46,29.62
QQQ,2008-12-11,29.09,30.27,28.94
QQQ,2008-12-12,29.68,29.86,28.47
QQQ,2008-12-15,29.16,29.76,28.74
QQQ,2008-12-16,30.56,30.66,29.0993
QQQ,2008-12-17,30.19,30.6,29.82
QQQ,2008-12-18,29.66,30.4,29.36
QQQ,2008-12-19,29.86,30.37,29.66
QQQ,2008-12-22,29.21,29.92,28.74
QQQ,2008-12-23,29.06,29.62,28.89
QQQ,2008-12-24,29.14,29.21,28.98
QQQ,2008-12-26,29.13,29.23,28.97
QQQ,2008-12-29,28.89,29.24,28.46
QQQ,2008-12-30,29.49,29.59,28.94
QQQ,2008-12-31,29.74,30.08,29.45
QQQ,2009-01-02,31.03,31.13,29.69
QQQ,2009-01-05,31.02,31.33,30.59
QQQ,2009-01-06,31.33,31.63,31.11
QQQ,2009-01-07,30.44,30.9,30.19
QQQ,2009-01-08,30.76,30.8,30.08
QQQ,2009-01-09,30.07,30.79,29.92
QQQ,2009-01-12,29.52,30.15,29.2
QQQ,2009-01-13,29.53,29.98,29.18
QQQ,2009-01-14,28.63,29.28,28.47
QQQ,2009-01-15,29.099,29.34,28.07
QQQ,2009-01-16,29.42,29.6,28.7
QQQ,2009-01-20,27.96,29.43,27.96
QQQ,2009-01-21,29.15,29.19,28.1
QQQ,2009-01-22,28.76,29.23,28.26
QQQ,2009-01-23,28.9,29.35,28.14
QQQ,2009-01-26,29.11,29.59,28.75
QQQ,2009-01-27,29.32,29.57,29.12
QQQ,2009-01-28,30.35,30.65,29.81
QQQ,2009-01-29,29.58,30.4008,29.48
QQQ,2009-01-30,29.06,29.93,28.94
QQQ,2009-02-02,29.41,29.61,28.74
QQQ,2009-02-03,29.87,30.4271,29.03
QQQ,2009-02-04,29.91,30.8667,29.79
QQQ,2009-02-05,30.57,30.77,29.46
QQQ,2009-02-06,31.37,31.51,30.58
QQQ,2009-02-09,31.5,31.67,31.19
QQQ,2009-02-10,30.34,31.68,30.1
QQQ,2009-02-11,30.2,30.53,29.73
QQQ,2009-02-12,30.57,30.61,29.64
QQQ,2009-02-13,30.43,30.78,30.29
QQQ,2009-02-17,29.22,29.67,29.06
QQQ,2009-02-18,29.24,29.6699,28.87
QQQ,2009-02-19,28.79,29.61,28.72
QQQ,2009-02-20,28.87,29.15,28.39
QQQ,2009-02-23,27.86,29.05,27.73
QQQ,2009-02-24,28.78,28.98,27.96
QQQ,2009-02-25,28.59,29.17,28.14
QQQ,2009-02-26,27.79,28.95,27.7
QQQ,2009-02-27,27.53,27.98,27.39
QQQ,2009-03-02,26.64,27.51,26.47
QQQ,2009-03-03,26.62,27.16,26.42
QQQ,2009-03-04,27.33,27.71,26.92
QQQ,2009-03-05,26.51,27.24,26.42
QQQ,2009-03-06,26.3,26.81,25.71
QQQ,2009-03-09,25.74,26.81,25.6301
QQQ,2009-03-10,27.33,27.39,26.16
QQQ,2009-03-11,27.75,27.99,27.26
QQQ,2009-03-12,28.67,28.76,27.44
QQQ,2009-03-13,28.74,28.84,28.32
QQQ,2009-03-16,28.26,28.98,28.19
QQQ,2009-03-17,29.33,29.33,28.3
QQQ,2009-03-18,29.7,30.2,29.08
QQQ,2009-03-19,29.68,30.13,29.46
QQQ,2009-03-20,29.18,30.03,28.98
QQQ,2009-03-23,30.9,30.94,29.1984
QQQ,2009-03-24,30.331,30.88,30.31
QQQ,2009-03-25,30.47,31.05,29.66
QQQ,2009-03-26,31.41,31.46,30.417
QQQ,2009-03-27,30.82,31.18,30.71
QQQ,2009-03-30,30.06,30.32,29.62
QQQ,2009-03-31,30.32,30.95,30.27
QQQ,2009-04-01,30.77,30.88,29.79
QQQ,2009-04-02,31.76,32.27,31.23
QQQ,2009-04-03,32.35,32.4,31.83
QQQ,2009-04-06,32.27,32.33,31.65
QQQ,2009-04-07,31.42,31.92,31.21
QQQ,2009-04-08,31.95,32.15,31.49
QQQ,2009-04-09,32.94,33.01,32.43
QQQ,2009-04-13,32.89,33.07,32.53
QQQ,2009-04-14,32.49,32.88,32.27
QQQ,2009-04-15,32.4,32.43,31.85
QQQ,2009-04-16,33.24,33.43,32.51
QQQ,2009-04-17,33.31,33.5,32.93
QQQ,2009-04-20,32.24,32.82,32.06
QQQ,2009-04-21,32.69,32.74,32.08
QQQ,2009-04-22,32.79,33.53,32.39
QQQ,2009-04-23,33.11,33.14,32.49
QQQ,2009-04-24,33.69,33.93,33.07
QQQ,2009-04-27,33.73,34.06,33.35
QQQ,2009-04-28,33.48,33.91,33.36
QQQ,2009-04-29,33.94,34.4,33.64
QQQ,2009-04-30,34.28,34.9,34.04
QQQ,2009-05-01,34.37,34.54,34.01
QQQ,2009-05-04,35.05,35.09,34.52
QQQ,2009-05-05,35.02,35.06,34.63
QQQ,2009-05-06,35.03,35.34,34.46
QQQ,2009-05-07,34.21,35.27,33.88
QQQ,2009-05-08,34.23,34.74,33.88
QQQ,2009-05-11,34.35,34.72,33.68
QQQ,2009-05-12,33.93,34.48,33.52
QQQ,2009-05-13,33.02,33.65,32.96
QQQ,2009-05-14,33.39,33.7,33.08
QQQ,2009-05-15,33.37,33.82,33.23
QQQ,2009-05-18,34.24,34.28,33.3901
QQQ,2009-05-19,34.4,34.74,33.95
QQQ,2009-05-20,34.28,35.04,34.18
QQQ,2009-05-21,33.65,34.26,33.31
QQQ,2009-05-22,33.54,33.97,33.32
QQQ,2009-05-26,34.79,34.83,33.18
QQQ,2009-05-27,34.55,35.19,34.43
QQQ,2009-05-28,34.95,35.07,34.21
QQQ,2009-05-29,35.46,35.5,34.76
QQQ,2009-06-01,36.39,36.5,35.61
QQQ,2009-06-02,36.44,36.79,36.11
QQQ,2009-06-03,36.33,36.37,35.93
QQQ,2009-06-04,36.74,36.79,36.34
QQQ,2009-06-05,36.78,37.08,36.42
QQQ,2009-06-08,36.67,36.95,36.12
QQQ,2009-06-09,36.95,37.17,36.67
QQQ,2009-06-10,36.82,37.18,36.29
QQQ,2009-06-11,36.82,37.23,36.75
QQQ,2009-06-12,36.65,36.719,36.2
QQQ,2009-06-15,35.9,36.33,35.58
QQQ,2009-06-16,35.55,36.19,35.52
QQQ,2009-06-17,35.889,36.21,35.45
QQQ,2009-06-18,35.82,36.06,35.57
QQQ,2009-06-19,36.16,36.36,35.9101
QQQ,2009-06-22,35.08,35.89,35.02
QQQ,2009-06-23,35.0,35.26,34.77
QQQ,2009-06-24,35.59,35.87,35.28
QQQ,2009-06-25,36.29,36.36,35.28
QQQ,2009-06-26,36.371,36.5,36.05
QQQ,2009-06-29,36.45,36.75,36.12
QQQ,2009-06-30,36.38,36.73,36.11
QQQ,2009-07-01,36.4,36.84,36.39
QQQ,2009-07-02,35.6,36.1,35.5
QQQ,2009-07-06,35.41,35.54,35.04
QQQ,2009-07-07,34.53,35.49,34.51
QQQ,2009-07-08,34.71,34.87,34.3
QQQ,2009-07-09,34.77,35.01,34.65
QQQ,2009-07-10,34.92,35.14,34.5626
QQQ,2009-07-13,35.59,35.6,34.48
QQQ,2009-07-14,35.72,35.79,35.4
QQQ,2009-07-15,36.92,36.93,36.14
QQQ,2009-07-16,37.01,37.44,36.72
QQQ,2009-07-17,37.56,37.57,37.17
QQQ,2009-07-20,37.92,38.0,37.61
QQQ,2009-07-21,38.18,38.18,37.64
QQQ,2009-07-22,38.5,38.69,38.13
QQQ,2009-07-23,39.35,39.49,38.39
QQQ,2009-07-24,39.05,39.37,38.7799
QQQ,2009-07-27,39.35,39.41,38.87
QQQ,2009-07-28,39.08,39.59,38.93
QQQ,2009-07-29,39.34,39.43,39.0
QQQ,2009-07-30,39.57,40.18,39.51
QQQ,2009-07-31,39.45,39.8522,39.41
QQQ,2009-08-03,40.04,40.06,39.64
QQQ,2009-08-04,40.04,40.19,39.77
QQQ,2009-08-05,39.73,40.14,39.46
QQQ,2009-08-06,39.38,39.93,39.24
QQQ,2009-08-07,39.88,40.07,39.59
QQQ,2009-08-10,39.6,39.85,39.34
QQQ,2009-08-11,39.26,39.5,39.05
QQQ,2009-08-12,39.87,40.22,39.2
QQQ,2009-08-13,40.09,40.16,39.64
QQQ,2009-08-14,39.63,39.96,39.28
QQQ,2009-08-17,38.48,39.01,38.46
QQQ,2009-08-18,39.03,39.98,38.61
QQQ,2009-08-19,39.3,39.4,38.54
QQQ,2009-08-20,39.76,39.84,39.2
QQQ,2009-08-21,40.29,40.36,39.74
QQQ,2009-08-24,40.25,40.57,40.1
QQQ,2009-08-25,40.37,40.76,40.25
QQQ,2009-08-26,40.3,40.601,40.08
QQQ,2009-08-27,40.4,40.47,39.67
QQQ,2009-08-28,40.44,41.08,40.16
QQQ,2009-08-31,40.03,40.2,39.79
QQQ,2009-09-01,39.28,40.59,39.16
QQQ,2009-09-02,39.25,39.47,39.04
QQQ,2009-09-03,39.51,39.5702,39.02
QQQ,2009-09-04,40.36,40.38,39.52
QQQ,2009-09-08,40.74,40.78,40.46
QQQ,2009-09-09,41.09,41.29,40.59
QQQ,2009-09-10,41.48,41.53,41.0
QQQ,2009-09-11,41.52,41.62,41.22
QQQ,2009-09-14,41.68,41.71,41.21
QQQ,2009-09-15,41.81,41.95,41.57
QQQ,2009-09-16,42.42,42.48,41.84
QQQ,2009-09-17,42.41,42.66,42.21
QQQ,2009-09-18,42.44,42.62,42.21
QQQ,2009-09-21,42.57,42.7,42.16
QQQ,2009-09-22,42.65,42.83,42.4398
QQQ,2009-09-23,42.45,43.17,42.377
QQQ,2009-09-24,42.07,42.69,41.77
QQQ,2009-09-25,41.7,42.09,41.58
QQQ,2009-09-28,42.41,42.66,41.89
QQQ,2009-09-29,42.22,42.6201,42.03
QQQ,2009-09-30,42.25,42.6024,41.6
QQQ,2009-10-01,41.0,42.13,41.0
QQQ,2009-10-02,40.88,41.25,40.72
QQQ,2009-10-05,41.21,41.4,40.83
QQQ,2009-10-06,41.94,42.14,41.2206
QQQ,2009-10-07,42.06,42.08,41.77
QQQ,2009-10-08,42.24,42.62,42.14
QQQ,2009-10-09,42.48,42.55,42.06
QQQ,2009-10-12,42.57,42.87,42.28
QQQ,2009-10-13,42.58,42.75,42.37
QQQ,2009-10-14,43.16,43.293,42.85
QQQ,2009-10-15,43.06,43.12,42.87
QQQ,2009-10-16,42.78,42.99,42.48
QQQ,2009-10-19,43.21,43.27,42.59
QQQ,2009-10-20,43.22,43.46,42.94
QQQ,2009-10-21,43.14,43.82,43.06
QQQ,2009-10-22,43.31,43.49,42.79
QQQ,2009-10-23,43.13,43.73,43.02
QQQ,2009-10-26,42.99,43.76,42.79
QQQ,2009-10-27,42.34,43.11,42.18
QQQ,2009-10-28,41.39,42.32,41.3
QQQ,2009-10-29,42.09,42.19,41.54
QQQ,2009-10-30,40.96,42.15,40.92
QQQ,2009-11-02,41.13,41.57,40.64
QQQ,2009-11-03,41.26,41.32,40.84
QQQ,2009-11-04,41.33,41.87,41.28
QQQ,2009-11-05,42.35,42.4,41.78
QQQ,2009-11-06,42.6,42.65,42.08
QQQ,2009-11-09,43.51,43.52,42.88
QQQ,2009-11-10,43.62,43.7714,43.4
QQQ,2009-11-11,43.9,44.14,43.61
QQQ,2009-11-12,43.65,44.16,43.55
QQQ,2009-11-13,44.01,44.14,43.63
QQQ,2009-11-16,44.46,44.65,44.12
QQQ,2009-11-17,44.6,44.6,44.25
QQQ,2009-11-18,44.353,44.49,44.05
QQQ,2009-11-19,43.66,44.08,43.35
QQQ,2009-11-20,43.44,43.55,43.28
QQQ,2009-11-23,44.14,44.4,43.86
QQQ,2009-11-24,43.99,44.15,43.73
QQQ,2009-11-25,44.18,44.22,44.01
QQQ,2009-11-27,43.51,43.83,42.9
QQQ,2009-11-30,43.56,43.62,43.11
QQQ,2009-12-01,44.01,44.3,43.88
QQQ,2009-12-02,44.07,44.49,43.98
QQQ,2009-12-03,43.89,44.5,43.88
QQQ,2009-12-04,44.12,44.73,43.66
QQQ,2009-12-07,43.91,44.29,43.82
QQQ,2009-12-08,43.642,44.0,43.36
QQQ,2009-12-09,44.08,44.12,43.32
QQQ,2009-12-10,44.3,44.54,44.24
QQQ,2009-12-11,44.13,44.59,43.95
QQQ,2009-12-14,44.55,44.6,44.19
QQQ,2009-12-15,44.3,44.67,44.17
QQQ,2009-12-16,44.36,44.7,44.29
QQQ,2009-12-17,43.82,44.21,43.76
QQQ,2009-12-18,44.46,44.48,44.0
QQQ,2009-12-21,44.96,45.13,44.67
QQQ,2009-12-22,45.23,45.29,45.03
QQQ,2009-12-23,45.56,45.57,45.21
QQQ,2009-12-24,45.98,45.98,45.6
QQQ,2009-12-28,46.22,46.3,45.94
QQQ,2009-12-29,46.03,46.25,45.99
QQQ,2009-12-30,46.17,46.26,45.96
QQQ,2010-01-04,46.42,46.485,46.27
QQQ,2010-01-05,46.42,46.5,46.16
QQQ,2010-01-06,46.14,46.55,46.07
QQQ,2010-01-07,46.17,46.27,45.92
QQQ,2010-01-08,46.55,46.55,45.93
QQQ,2010-01-11,46.36,46.64,46.12
QQQ,2010-01-12,45.78,46.14,45.53
QQQ,2010-01-13,46.35,46.49,45.61
QQQ,2010-01-14,46.39,46.52,46.22
QQQ,2010-01-15,45.85,46.55,45.65
QQQ,2010-01-19,46.59,46.64,45.95
QQQ,2010-01-20,45.92,46.604,45.43
QQQ,2010-01-21,45.49,46.35,45.3
QQQ,2010-01-22,44.16,45.48,44.04
QQQ,2010-01-25,44.31,44.6,44.12
QQQ,2010-01-26,44.35,44.89,44.05
QQQ,2010-01-27,44.7,44.85,44.01
QQQ,2010-01-28,43.55,44.43,43.32
QQQ,2010-01-29,42.79,44.02,42.63
QQQ,2010-02-01,43.26,43.2807,42.88
QQQ,2010-02-02,43.65,43.78,43.03
QQQ,2010-02-03,43.89,43.97,43.42
QQQ,2010-02-04,42.62,43.66,42.62
QQQ,2010-02-05,42.98,43.02,42.12
QQQ,2010-02-08,42.67,43.18,42.64
QQQ,2010-02-09,43.11,43.51,42.76
QQQ,2010-02-10,43.02,43.31,42.75
QQQ,2010-02-11,43.67,43.79,42.76
QQQ,2010-02-12,43.76,43.88,43.16
QQQ,2010-02-16,44.32,44.35,43.85
QQQ,2010-02-17,44.57,44.57,44.26
QQQ,2010-02-18,44.85,44.93,44.45
QQQ,2010-02-19,44.83,45.05,44.62
QQQ,2010-02-22,44.74,45.03,44.56
QQQ,2010-02-23,44.16,44.74,43.95
QQQ,2010-02-24,44.61,44.79,44.32
QQQ,2010-02-25,44.6,44.7,43.83
QQQ,2010-02-26,44.76,44.86,44.4
QQQ,2010-03-01,45.41,45.49,44.95
QQQ,2010-03-02,45.55,45.85,45.45
QQQ,2010-03-03,45.6,45.82,45.43
QQQ,2010-03-04,45.75,45.81,45.4
QQQ,2010-03-05,46.44,46.54,45.99
QQQ,2010-03-08,46.53,46.64,46.44
QQQ,2010-03-09,46.79,47.05,46.4
QQQ,2010-03-10,47.17,47.28,46.8
QQQ,2010-03-11,47.35,47.35,46.98
QQQ,2010-03-12,47.36,47.53,47.1
QQQ,2010-03-15,47.24,47.38,46.91
QQQ,2010-03-16,47.54,47.61,47.23
QQQ,2010-03-17,47.67,47.9,47.53
QQQ,2010-03-18,47.83,47.88,47.6
QQQ,2010-03-19,47.49,47.95,47.32
QQQ,2010-03-22,47.92,48.11,47.25
QQQ,2010-03-23,48.2525,48.3,47.77
QQQ,2010-03-24,48.02,48.17,47.91
QQQ,2010-03-25,47.95,48.6,47.9
QQQ,2010-03-26,48.0,48.33,47.74
QQQ,2010-03-29,48.23,48.4,48.1
QQQ,2010-03-30,48.39,48.55,48.06
QQQ,2010-03-31,48.16,48.45,48.07
QQQ,2010-04-01,48.16,48.7,47.79
QQQ,2010-04-05,48.61,48.72,48.14
QQQ,2010-04-06,48.75,48.9,48.39
QQQ,2010-04-07,48.63,48.87,48.37
QQQ,2010-04-08,48.74,48.82,48.24
QQQ,2010-04-09,49.03,49.05,48.635
QQQ,2010-04-12,49.07,49.2,48.94
QQQ,2010-04-13,49.32,49.35,48.86
QQQ,2010-04-14,49.91,49.92,49.5
QQQ,2010-04-15,50.13,50.19,49.87
QQQ,2010-04-16,49.53,50.12,49.2
QQQ,2010-04-19,49.5,49.66,48.9
QQQ,2010-04-20,49.75,49.88,49.43
QQQ,2010-04-21,50.03,50.19,49.725
QQQ,2010-04-22,50.31,50.36,49.26
QQQ,2010-04-23,50.52,50.57,50.09
QQQ,2010-04-26,50.41,50.65,50.3
QQQ,2010-04-27,49.34,50.43,49.21
QQQ,2010-04-28,49.37,49.63,48.98
QQQ,2010-04-29,50.23,50.33,49.61
QQQ,2010-04-30,49.2375,50.29,49.2
QQQ,2010-05-03,49.93,50.17,49.43
QQQ,2010-05-04,48.43,49.32,48.08
QQQ,2010-05-05,48.18,48.5,47.64
QQQ,2010-05-06,46.57,48.3201,41.55
QQQ,2010-05-07,45.41,46.8,44.2833
QQQ,2010-05-10,47.77,47.8,47.31
QQQ,2010-05-11,47.72,48.39,47.2
QQQ,2010-05-12,48.62,48.66,47.9
QQQ,2010-05-13,47.85,48.79,47.7301
QQQ,2010-05-14,46.93,47.52,46.38
QQQ,2010-05-17,47.08,47.27,46.07
QQQ,2010-05-18,46.43,47.58,46.22
QQQ,2010-05-19,46.06,46.63,45.55
QQQ,2010-05-20,44.35,45.28,44.25
QQQ,2010-05-21,44.84,45.64,43.49
QQQ,2010-05-24,44.66,45.325,44.64
QQQ,2010-05-25,44.7,44.76,43.23
QQQ,2010-05-26,44.2,45.57,44.12
QQQ,2010-05-27,45.87,45.89,45.09
QQQ,2010-05-28,45.6,45.99,45.2
QQQ,2010-06-01,45.18,46.25,45.13
QQQ,2010-06-02,46.25,46.28,45.13
QQQ,2010-06-03,46.69,46.77,46.08
QQQ,2010-06-04,45.0925,46.29,44.9375
QQQ,2010-06-07,44.27,45.46,44.22
QQQ,2010-06-08,44.19,44.48,43.59
QQQ,2010-06-09,43.82,44.91,43.69
QQQ,2010-06-10,45.07,45.12,44.24
QQQ,2010-06-11,45.5,45.54,44.61
QQQ,2010-06-14,45.49,46.24,45.41
QQQ,2010-06-15,46.71,46.77,45.4532
QQQ,2010-06-16,46.9,47.14,46.5
QQQ,2010-06-17,47.05,47.18,46.64
QQQ,2010-06-18,47.0,47.34,46.86
QQQ,2010-06-21,46.6,47.68,46.33
QQQ,2010-06-22,46.24,47.14,46.15
QQQ,2010-06-23,46.05,46.47,45.69
QQQ,2010-06-24,45.35,45.99,45.2
QQQ,2010-06-25,45.27,45.66,44.95
QQQ,2010-06-28,45.11,45.55,44.81
QQQ,2010-06-29,43.37,44.46,43.07
QQQ,2010-06-30,42.71,43.67,42.64
QQQ,2010-07-01,42.59,42.96,41.77
QQQ,2010-07-02,42.47,42.8215,42.09
QQQ,2010-07-06,42.6,43.37,42.25
QQQ,2010-07-07,43.96,44.01,42.7
QQQ,2010-07-08,44.2,44.38,43.68
QQQ,2010-07-09,44.62,44.63,44.08
QQQ,2010-07-12,44.75,45.03,44.46
QQQ,2010-07-13,45.33,45.5,44.8
QQQ,2010-07-14,45.56,45.81,45.24
QQQ,2010-07-15,45.6,45.74,44.99
QQQ,2010-07-16,44.34,45.6281,44.3
QQQ,2010-07-19,44.72,44.81,44.1
QQQ,2010-07-20,45.26,45.26,43.86
QQQ,2010-07-21,44.64,45.76,44.56
QQQ,2010-07-22,45.77,45.98,45.24
QQQ,2010-07-23,46.06,46.1,45.38
QQQ,2010-07-26,46.44,46.46,45.91
QQQ,2010-07-27,46.42,46.72,46.21
QQQ,2010-07-28,46.05,46.58,45.88
QQQ,2010-07-29,45.71,46.41,45.25
QQQ,2010-07-30,45.81,46.09,45.07
QQQ,2010-08-02,46.67,46.79,46.2101
QQQ,2010-08-03,46.47,46.7,46.25
QQQ,2010-08-04,46.938,46.99,46.5
QQQ,2010-08-05,46.83,46.92,46.52
QQQ,2010-08-06,46.76,46.85,46.05
QQQ,2010-08-09,47.08,47.19,46.79
QQQ,2010-08-10,46.6725,46.95,46.28
QQQ,2010-08-11,45.4,45.92,45.21
QQQ,2010-08-12,45.04,45.24,44.45
QQQ,2010-08-13,44.72,45.06,44.71
QQQ,2010-08-16,44.8,45.11,44.3
QQQ,2010-08-17,45.372,45.78,45.03
QQQ,2010-08-18,45.55,45.82,45.11
QQQ,2010-08-19,44.86,45.46,44.56
QQQ,2010-08-20,44.92,45.03,44.54
QQQ,2010-08-23,44.48,45.34,44.46
QQQ,2010-08-24,43.65,44.12,43.465
QQQ,2010-08-25,44.07,44.26,43.27
QQQ,2010-08-26,43.54,44.32,43.5
QQQ,2010-08-27,44.07,44.16,42.97
QQQ,2010-08-30,43.61,44.25,43.6
QQQ,2010-08-31,43.46,43.85,43.18
QQQ,2010-09-01,44.76,44.91,44.07
QQQ,2010-09-02,45.26,45.28,44.73
QQQ,2010-09-03,46.01,46.02,45.55
QQQ,2010-09-07,45.7,46.03,45.625
QQQ,2010-09-08,46.25,46.45,45.82
QQQ,2010-09-09,46.43,46.7,46.32
QQQ,2010-09-10,46.6,46.67,46.25
QQQ,2010-09-13,47.25,47.37,46.94
QQQ,2010-09-14,47.45,47.7,47.08
QQQ,2010-09-15,47.75,47.8,47.19
QQQ,2010-09-16,47.94,47.98,47.54
QQQ,2010-09-17,47.995,48.14,47.75
QQQ,2010-09-20,48.8299,48.93,48.1101
QQQ,2010-09-21,48.82,49.17,48.61
QQQ,2010-09-22,48.69,49.021,48.42
QQQ,2010-09-23,48.67,49.16,48.32
QQQ,2010-09-24,49.66,49.69,49.15
QQQ,2010-09-27,49.39,49.75,49.35
QQQ,2010-09-28,49.37,49.54,48.59
QQQ,2010-09-29,49.29,49.53,49.11
QQQ,2010-09-30,49.07,49.84,48.75
QQQ,2010-10-01,49.01,49.53,48.781
QQQ,2010-10-04,48.48,49.05,48.2
QQQ,2010-10-05,49.66,49.76,49.0
QQQ,2010-10-06,49.23,49.71,48.91
QQQ,2010-10-07,49.41,49.54,49.0
QQQ,2010-10-08,49.75,49.87,49.08
QQQ,2010-10-11,49.77,50.02,49.62
QQQ,2010-10-12,50.11,50.21,49.26
QQQ,2010-10-13,50.52,50.75,50.28
QQQ,2010-10-14,50.42,50.64,50.17
QQQ,2010-10-15,51.49,51.5,50.63
QQQ,2010-10-18,51.3,51.72,51.3
QQQ,2010-10-19,50.82,51.3,50.42
QQQ,2010-10-20,51.16,51.57,50.87
QQQ,2010-10-21,51.29,51.7101,50.79
QQQ,2010-10-22,51.64,51.69,51.21
QQQ,2010-10-25,51.89,52.23,51.85
QQQ,2010-10-26,52.03,52.15,51.42
QQQ,2010-10-27,52.19,52.23,51.66
QQQ,2010-10-28,52.3,52.45,51.84
QQQ,2010-10-29,52.18,52.49,52.1698
QQQ,2010-11-01,52.22,52.75,51.98
QQQ,2010-11-02,52.78,52.93,52.575
QQQ,2010-11-03,53.02,53.04,52.36
QQQ,2010-11-04,53.67,53.8614,53.5
QQQ,2010-11-05,53.67,53.81,53.51
QQQ,2010-11-08,53.7375,53.83,53.4499
QQQ,2010-11-09,53.45,54.0401,53.21
QQQ,2010-11-10,53.715,53.77,53.1
QQQ,2010-11-11,53.385,53.48,52.66
QQQ,2010-11-12,52.51,53.3672,52.11
QQQ,2010-11-15,52.315,52.88,52.29
QQQ,2010-11-16,51.45,52.2462,50.85
QQQ,2010-11-17,51.6,51.87,51.35
QQQ,2010-11-18,52.43,52.79,52.13
QQQ,2010-11-19,52.47,52.59,52.14
QQQ,2010-11-22,52.91,52.91,52.17
QQQ,2010-11-23,52.07,52.45,51.77
QQQ,2010-11-24,53.12,53.25,52.56
QQQ,2010-11-26,52.94,53.13,52.67
QQQ,2010-11-29,52.73,52.9,52.1
QQQ,2010-11-30,52.085,52.7355,51.88
QQQ,2010-12-01,53.19,53.46,52.84
QQQ,2010-12-02,53.73,53.81,53.21
QQQ,2010-12-03,53.87,53.94,53.5
QQQ,2010-12-06,53.845,53.95,53.68
QQQ,2010-12-07,53.88,54.52,53.82
QQQ,2010-12-08,54.08,54.15,53.6899
QQQ,2010-12-09,54.135,54.44,53.95
QQQ,2010-12-10,54.495,54.55,54.09
QQQ,2010-12-13,54.3,54.74,54.27
QQQ,2010-12-14,54.395,54.62,54.23
QQQ,2010-12-15,54.16,54.7,54.03
QQQ,2010-12-16,54.58,54.66,54.06
QQQ,2010-12-17,54.52,54.68,54.41
QQQ,2010-12-20,54.56,54.76,54.16
QQQ,2010-12-21,54.89,54.89,54.62
QQQ,2010-12-22,54.885,54.96,54.79
QQQ,2010-12-23,54.742,54.87,54.61
QQQ,2010-12-27,54.77,54.86,54.21
QQQ,2010-12-28,54.67,54.92,54.55
QQQ,2010-12-29,54.79,54.9,54.73
QQQ,2010-12-30,54.66,54.8,54.55
QQQ,2010-12-31,54.46,54.62,54.21
QQQ,2011-01-04,55.265,55.55,54.92
QQQ,2011-01-05,55.74,55.76,55.07
QQQ,2011-01-06,55.92,55.96,55.68
QQQ,2011-01-07,55.87,56.05,55.32
QQQ,2011-01-10,56.08,56.18,55.58
QQQ,2011-01-11,56.16,56.36,55.95
QQQ,2011-01-12,56.555,56.56,56.2
QQQ,2011-01-13,56.575,56.73,56.41
QQQ,2011-01-14,57.0,57.02,56.46
QQQ,2011-01-18,57.16,57.23,56.49
QQQ,2011-01-19,56.51,57.26,56.32
QQQ,2011-01-20,56.11,56.35,55.68
QQQ,2011-01-21,55.68,56.49,55.65
QQQ,2011-01-24,56.45,56.46,55.68
QQQ,2011-01-25,56.5325,56.55,56.05
QQQ,2011-01-26,56.83,56.98,56.45
QQQ,2011-01-27,57.18,57.35,56.92
QQQ,2011-01-28,55.73,57.22,55.47
QQQ,2011-01-31,56.02,56.16,55.39
QQQ,2011-02-01,57.05,57.18,56.36
QQQ,2011-02-02,56.955,57.17,56.84
QQQ,2011-02-03,57.0575,57.14,56.4
QQQ,2011-02-04,57.375,57.42,56.9
QQQ,2011-02-07,57.65,57.97,57.4
QQQ,2011-02-08,58.025,58.07,57.56
QQQ,2011-02-09,57.93,58.12,57.75
QQQ,2011-02-10,58.021,58.1,57.49
QQQ,2011-02-11,58.44,58.48,57.77
QQQ,2011-02-14,58.58,58.66,58.38
QQQ,2011-02-15,58.5,58.57,58.23
QQQ,2011-02-16,58.881,59.04,58.63
QQQ,2011-02-17,58.86,58.975,58.55
QQQ,2011-02-18,58.73,58.97,58.51
QQQ,2011-02-22,57.03,58.13,56.94
QQQ,2011-02-23,56.56,57.23,56.13
QQQ,2011-02-24,56.855,57.03,56.14
QQQ,2011-02-25,57.65,57.72,57.12
QQQ,2011-02-28,57.7689,58.05,57.43
QQQ,2011-03-01,56.84,58.02,56.695
QQQ,2011-03-02,57.14,57.511,56.79
QQQ,2011-03-03,58.265,58.365,57.67
QQQ,2011-03-04,57.9675,58.26,57.59
QQQ,2011-03-07,57.19,58.2599,56.67
QQQ,2011-03-08,57.42,57.68,56.77
QQQ,2011-03-09,57.03,57.27,56.72
QQQ,2011-03-10,56.14,56.52,55.91
QQQ,2011-03-11,56.49,56.66,55.82
QQQ,2011-03-14,56.29,56.59,55.86
QQQ,2011-03-15,55.49,55.82,54.47
QQQ,2011-03-16,54.15,55.34,53.77
QQQ,2011-03-17,54.65,55.24,54.1294
QQQ,2011-03-18,54.45,55.22,54.41
QQQ,2011-03-21,55.5,55.78,54.4956
QQQ,2011-03-22,55.395,55.61,55.28
QQQ,2011-03-23,55.71,55.87,54.82
QQQ,2011-03-24,56.7,56.82,55.82
QQQ,2011-03-25,56.84,57.22,56.7299
QQQ,2011-03-28,56.53,57.1,56.5
QQQ,2011-03-29,57.08,57.08,56.23
QQQ,2011-03-30,57.35,57.43,57.08
QQQ,2011-03-31,57.43,57.48,57.15
QQQ,2011-04-01,57.46,57.9,57.29
QQQ,2011-04-04,57.27,57.68,57.02
QQQ,2011-04-05,57.12,57.49,57.0
QQQ,2011-04-06,57.26,57.73,56.93
QQQ,2011-04-07,57.22,57.6,56.81
QQQ,2011-04-08,56.95,57.57,56.65
QQQ,2011-04-11,56.76,57.29,56.56
QQQ,2011-04-12,56.37,56.64,56.15
QQQ,2011-04-13,56.85,57.0,56.4
QQQ,2011-04-14,56.75,56.83,56.23
QQQ,2011-04-15,56.65,56.87,56.28
QQQ,2011-04-18,56.25,56.27,55.32
QQQ,2011-04-19,56.6,56.6,56.1
QQQ,2011-04-20,57.875,57.94,56.6051
QQQ,2011-04-21,58.34,58.47,58.16
QQQ,2011-04-25,58.49,58.52,58.28
QQQ,2011-04-26,58.82,59.03,58.51
QQQ,2011-04-27,59.22,59.29,58.66
QQQ,2011-04-28,59.13,59.23,58.88
QQQ,2011-04-29,59.08,59.29,58.98
QQQ,2011-05-02,58.97,59.34,58.82
QQQ,2011-05-03,58.69,59.0,58.33
QQQ,2011-05-04,58.6,58.87,58.11
QQQ,2011-05-05,58.28,58.97,58.08
QQQ,2011-05-06,58.47,59.2,58.31
QQQ,2011-05-09,58.69,58.92,58.34
QQQ,2011-05-10,59.19,59.28,58.775
QQQ,2011-05-11,58.755,59.31,58.36
QQQ,2011-05-12,59.11,59.19,58.24
QQQ,2011-05-13,58.41,59.07,58.39
QQQ,2011-05-16,57.399,58.32,57.27
QQQ,2011-05-17,57.56,57.57,56.98
QQQ,2011-05-18,58.04,58.14,57.41
QQQ,2011-05-19,58.21,58.34,57.85
QQQ,2011-05-20,57.765,58.21,57.69
QQQ,2011-05-23,56.92,57.15,56.65
QQQ,2011-05-24,56.57,57.07,56.56
QQQ,2011-05-25,56.79,57.06,56.47
QQQ,2011-05-26,57.1415,57.3,56.61
QQQ,2011-05-27,57.43,57.49,57.19
QQQ,2011-05-31,58.36,58.36,57.67
QQQ,2011-06-01,57.09,58.36,57.04
QQQ,2011-06-02,57.21,57.41,56.89
QQQ,2011-06-03,56.35,56.99,56.27
QQQ,2011-06-06,55.89,56.53,55.86
QQQ,2011-06-07,55.79,56.26,55.75
QQQ,2011-06-08,55.39,55.77,55.23
QQQ,2011-06-09,55.485,55.76,55.23
QQQ,2011-06-10,54.64,55.34,54.59
QQQ,2011-06-13,54.64,54.93,54.45
QQQ,2011-06-14,55.34,55.47,55.03
QQQ,2011-06-15,54.29,55.15,54.18
QQQ,2011-06-16,54.08,54.5,53.615
QQQ,2011-06-17,53.79,54.598,53.631
QQQ,2011-06-20,54.07,54.23,53.64
QQQ,2011-06-21,55.23,55.29,54.03
QQQ,2011-06-22,54.831,55.32,54.82
QQQ,2011-06-23,55.34,55.37,54.06
QQQ,2011-06-24,54.38,55.13,54.27
QQQ,2011-06-27,55.245,55.53,54.32
QQQ,2011-06-28,56.07,56.08,55.29
QQQ,2011-06-29,56.3,56.41,55.9
QQQ,2011-06-30,57.05,57.09,56.47
QQQ,2011-07-01,57.91,57.985,56.92
QQQ,2011-07-05,58.2,58.26,57.83
QQQ,2011-07-06,58.39,58.49,57.94
QQQ,2011-07-07,59.19,59.36,58.74
QQQ,2011-07-08,59.03,59.04,58.37
QQQ,2011-07-11,57.96,58.71,57.76
QQQ,2011-07-12,57.52,58.07,57.46
QQQ,2011-07-13,57.76,58.34,57.55
QQQ,2011-07-14,57.09,58.18,56.87
QQQ,2011-07-15,57.85,57.85,57.31
QQQ,2011-07-18,57.54,57.79,56.98
QQQ,2011-07-19,58.85,58.9,58.09
QQQ,2011-07-20,58.6,59.19,58.5
QQQ,2011-07-21,58.99,59.32,58.34
QQQ,2011-07-22,59.6,59.7,58.92
QQQ,2011-07-25,59.48,59.81,59.02
QQQ,2011-07-26,59.625,59.83,59.32
QQQ,2011-07-27,58.09,59.29,57.94
QQQ,2011-07-28,58.19,58.93,57.89
QQQ,2011-07-29,58.0,58.61,57.44
QQQ,2011-08-01,57.73,58.82,57.03
QQQ,2011-08-02,56.27,57.72,56.21
QQQ,2011-08-03,56.81,56.88,55.35
QQQ,2011-08-04,54.17,56.09,54.17
QQQ,2011-08-05,53.83,55.03,52.32
QQQ,2011-08-08,50.59,53.12,50.59
QQQ,2011-08-09,53.03,53.08,49.93
QQQ,2011-08-10,50.86,53.0438,50.8
QQQ,2011-08-11,53.1,53.69,51.34
QQQ,2011-08-12,53.57,53.9,52.88
QQQ,2011-08-15,54.36,54.36,53.53
QQQ,2011-08-16,53.9,54.35,53.18
QQQ,2011-08-17,53.58,54.42,53.02
QQQ,2011-08-18,50.95,52.14,50.48
QQQ,2011-08-19,50.03,51.67,49.99
QQQ,2011-08-22,50.21,51.24,50.06
QQQ,2011-08-23,52.28,52.28,50.34
QQQ,2011-08-24,52.69,53.42,51.71
QQQ,2011-08-25,51.83,52.905,51.65
QQQ,2011-08-26,53.13,53.31,51.15
QQQ,2011-08-29,54.61,54.67,53.64
QQQ,2011-08-30,54.97,55.3,54.11
QQQ,2011-08-31,55.06,55.74,54.6
QQQ,2011-09-01,54.56,55.64,54.46
QQQ,2011-09-02,53.28,54.6143,52.99
QQQ,2011-09-06,53.29,53.366,51.91
QQQ,2011-09-07,54.64,54.65,53.9
QQQ,2011-09-08,54.39,55.1684,54.21
QQQ,2011-09-09,53.18,54.2399,52.85
QQQ,2011-09-12,53.86,53.9,52.57
QQQ,2011-09-13,54.58,54.69,53.8
QQQ,2011-09-14,55.36,55.98,54.32
QQQ,2011-09-15,56.18,56.28,55.39
QQQ,2011-09-16,56.59,56.65,56.09
QQQ,2011-09-19,56.61,56.91,55.43
QQQ,2011-09-20,56.36,57.35,56.23
QQQ,2011-09-21,55.38,56.93,55.37
QQQ,2011-09-22,53.58,54.46,52.75
QQQ,2011-09-23,54.15,54.38,53.091
QQQ,2011-09-26,54.78,54.88,53.21
QQQ,2011-09-27,55.35,56.2,54.98
QQQ,2011-09-28,54.53,55.97,54.4
QQQ,2011-09-29,53.88,55.43,52.97
QQQ,2011-09-30,52.49,53.61,52.46
QQQ,2011-10-03,51.14,52.85,51.11
QQQ,2011-10-04,52.19,52.29,50.095
QQQ,2011-10-05,53.53,53.6787,51.66
QQQ,2011-10-06,54.43,54.44,53.21
QQQ,2011-10-07,54.07,54.66,53.72
QQQ,2011-10-10,55.94,55.94,54.89
QQQ,2011-10-11,56.32,56.46,55.7
QQQ,2011-10-12,56.6,57.23,56.56
QQQ,2011-10-13,57.12,57.19,56.43
QQQ,2011-10-14,58.18,58.19,57.51
QQQ,2011-10-17,57.28,58.09,56.9716
QQQ,2011-10-18,57.99,58.29,56.66
QQQ,2011-10-19,56.87,57.85,56.68
QQQ,2011-10-20,56.59,56.92,55.79
QQQ,2011-10-21,57.3,57.66,56.78
QQQ,2011-10-24,58.49,58.65,57.3105
QQQ,2011-10-25,57.34,58.32,57.22
QQQ,2011-10-26,57.27,57.78,56.2126
QQQ,2011-10-27,58.85,59.2,58.03
QQQ,2011-10-28,58.94,59.01,58.5
QQQ,2011-10-31,57.95,58.64,57.91
QQQ,2011-11-01,56.44,57.9064,56.12
QQQ,2011-11-02,56.92,57.16,56.385
QQQ,2011-11-03,58.1,58.175,56.71
QQQ,2011-11-04,57.8,58.05,57.22
QQQ,2011-11-07,58.21,58.25,57.17
QQQ,2011-11-08,58.88,58.98,57.97
QQQ,2011-11-09,56.81,57.83,56.63
QQQ,2011-11-10,56.78,57.42,56.23
QQQ,2011-11-11,57.85,58.02,57.2
QQQ,2011-11-14,57.49,58.01,57.28
QQQ,2011-11-15,58.13,58.36,57.26
QQQ,2011-11-16,57.17,58.1574,57.06
QQQ,2011-11-17,55.83,57.04,55.48
QQQ,2011-11-18,55.4,55.9,55.3
QQQ,2011-11-21,54.34,54.73,53.78
QQQ,2011-11-22,54.52,54.68,53.87
QQQ,2011-11-23,53.29,54.17,53.26
QQQ,2011-11-25,52.88,53.67,52.87
QQQ,2011-11-28,54.72,54.79,54.14
QQQ,2011-11-29,54.38,55.1,54.22
QQQ,2011-11-30,56.39,56.44,55.67
QQQ,2011-12-01,56.78,56.925,56.35
QQQ,2011-12-02,56.62,57.34,56.57
QQQ,2011-12-05,57.24,57.62,56.915
QQQ,2011-12-06,57.08,57.45,56.89
QQQ,2011-12-07,57.08,57.34,56.35
QQQ,2011-12-08,56.12,57.15,56.01
QQQ,2011-12-09,57.02,57.19,56.24
QQQ,2011-12-12,56.38,57.0087,55.9
QQQ,2011-12-13,55.76,56.98,55.53
QQQ,2011-12-14,54.89,55.59,54.58
QQQ,2011-12-15,54.74,55.42,54.66
QQQ,2011-12-16,54.86,55.61,54.77
QQQ,2011-12-19,54.32,55.2,54.17
QQQ,2011-12-20,55.93,56.0,55.17
QQQ,2011-12-21,55.13,55.64,54.4875
QQQ,2011-12-22,55.6,55.6261,55.17
QQQ,2011-12-23,56.08,56.08,55.581
QQQ,2011-12-27,56.24,56.42,55.93
QQQ,2011-12-28,55.59,56.26,55.44
QQQ,2011-12-29,55.99,56.03,55.5
QQQ,2011-12-30,55.83,56.12,55.82
QQQ,2012-01-03,56.9,57.19,56.75
QQQ,2012-01-04,57.14,57.22,56.56
QQQ,2012-01-05,57.61,57.66,56.8
QQQ,2012-01-06,57.81,57.94,57.4
QQQ,2012-01-09,57.62,57.98,57.431
QQQ,2012-01-10,58.04,58.405,57.6398
QQQ,2012-01-11,58.16,58.29,57.81
QQQ,2012-01-12,58.39,58.47,57.86
QQQ,2012-01-13,58.18,58.2,57.68
QQQ,2012-01-17,58.71,58.96,58.49
QQQ,2012-01-18,59.49,59.49,58.6822
QQQ,2012-01-19,59.86,59.97,59.65
QQQ,2012-01-20,59.77,59.8,59.56
QQQ,2012-01-23,59.79,60.21,59.44
QQQ,2012-01-24,59.68,59.84,59.41
QQQ,2012-01-25,60.43,60.58,59.8335
QQQ,2012-01-26,60.22,60.8,59.93
QQQ,2012-01-27,60.4,60.51,60.06
QQQ,2012-01-30,60.45,60.54,59.66
QQQ,2012-01-31,60.53,60.86,60.14
QQQ,2012-02-01,61.02,61.24,60.66
QQQ,2012-02-02,61.22,61.41,60.97
QQQ,2012-02-03,62.05,62.12,61.21
QQQ,2012-02-06,62.0,62.02,61.66
QQQ,2012-02-07,62.13,62.25,61.67
QQQ,2012-02-08,62.46,62.46,61.91
QQQ,2012-02-09,62.91,62.98,62.32
QQQ,2012-02-10,62.475,62.64,62.25
QQQ,2012-02-13,63.05,63.13,62.65
QQQ,2012-02-14,63.21,63.22,62.69
QQQ,2012-02-15,62.77,63.86,62.67
QQQ,2012-02-16,63.63,63.7,62.63
QQQ,2012-02-17,63.43,63.69,63.15
QQQ,2012-02-21,63.61,63.89,63.21
QQQ,2012-02-22,63.33,63.68,63.23
QQQ,2012-02-23,63.73,63.81,63.09
QQQ,2012-02-24,63.96,64.07,63.74
QQQ,2012-02-27,64.05,64.26,63.33
QQQ,2012-02-28,64.7,64.7,64.03
QQQ,2012-02-29,64.41,64.96,64.2
QQQ,2012-03-01,64.92,64.98,64.46
QQQ,2012-03-02,64.87,65.0784,64.66
QQQ,2012-03-05,64.2,64.91,63.99
QQQ,2012-03-06,63.57,63.72,63.23
QQQ,2012-03-07,64.06,64.21,63.77
QQQ,2012-03-08,64.75,64.94,64.3
QQQ,2012-03-09,65.02,65.14,64.82
QQQ,2012-03-12,65.05,65.11,64.72
QQQ,2012-03-13,66.26,66.26,65.27
QQQ,2012-03-14,66.49,66.74,66.08
QQQ,2012-03-15,66.68,66.82,66.35
QQQ,2012-03-16,66.52,66.67,66.36
QQQ,2012-03-19,66.99,67.15,66.45
QQQ,2012-03-20,67.11,67.185,66.46
QQQ,2012-03-21,67.12,67.49,67.03
QQQ,2012-03-22,66.98,67.14,66.68
QQQ,2012-03-23,66.939,67.08,66.56
QQQ,2012-03-26,68.11,68.11,67.33
QQQ,2012-03-27,68.21,68.49,68.13
QQQ,2012-03-28,67.938,68.51,67.54
QQQ,2012-03-29,67.68,67.93,67.2
QQQ,2012-03-30,67.55,68.02,67.28
QQQ,2012-04-02,68.25,68.34,67.36
QQQ,2012-04-03,68.24,68.55,67.85
QQQ,2012-04-04,67.3,68.23,66.91
QQQ,2012-04-05,67.72,67.78,67.13
QQQ,2012-04-09,67.21,67.48,66.76
QQQ,2012-04-10,66.13,67.44,65.92
QQQ,2012-04-11,66.45,66.89,66.28
QQQ,2012-04-12,67.205,67.28,66.4807
QQQ,2012-04-13,66.19,67.2022,66.16
QQQ,2012-04-16,65.45,66.56,65.24
QQQ,2012-04-17,66.78,66.99,65.63
QQQ,2012-04-18,66.61,67.0,66.41
QQQ,2012-04-19,65.86,67.17,65.62
QQQ,2012-04-20,65.68,66.51,65.58
QQQ,2012-04-23,65.08,65.18,64.49
QQQ,2012-04-24,64.73,65.23,64.45
QQQ,2012-04-25,66.45,66.49,65.97
QQQ,2012-04-26,66.84,66.99,66.35
QQQ,2012-04-27,67.24,67.45,66.77
QQQ,2012-04-30,66.76,67.17,66.71
QQQ,2012-05-01,66.87,67.63,66.59
QQQ,2012-05-02,67.06,67.11,66.38
QQQ,2012-05-03,66.35,67.15,66.175
QQQ,2012-05-04,64.7,66.3524,64.69
QQQ,2012-05-07,64.76,65.07,64.29
QQQ,2012-05-08,64.52,64.74,63.48
QQQ,2012-05-09,64.321,64.68,63.51
QQQ,2012-05-10,64.19,64.63,63.95
QQQ,2012-05-11,64.18,64.86,63.91
QQQ,2012-05-14,63.58,64.08,63.48
QQQ,2012-05-15,63.37,64.27,63.26
QQQ,2012-05-16,62.94,63.78,62.81
QQQ,2012-05-17,61.61,63.06,61.6
QQQ,2012-05-18,60.81,61.96,60.76
QQQ,2012-05-21,62.51,62.57,60.85
QQQ,2012-05-22,62.44,62.95,61.989
QQQ,2012-05-23,62.56,62.71,61.37
QQQ,2012-05-24,62.15,62.71,61.69
QQQ,2012-05-25,62.07,62.3201,61.8899
QQQ,2012-05-29,62.86,63.15,62.28
QQQ,2012-05-30,62.33,62.55,61.6773
QQQ,2012-05-31,62.06,62.41,61.59
QQQ,2012-06-01,60.409,61.32,60.39
QQQ,2012-06-04,60.87,60.96,60.04
QQQ,2012-06-05,61.12,61.24,60.63
QQQ,2012-06-06,62.52,62.57,61.52
QQQ,2012-06-07,62.27,63.18,62.22
QQQ,2012-06-08,62.87,62.95,61.96
QQQ,2012-06-11,61.805,63.38,61.77
QQQ,2012-06-12,62.56,62.59,61.68
QQQ,2012-06-13,62.13,62.85,61.92
QQQ,2012-06-14,62.36,62.61,61.8
QQQ,2012-06-15,62.99,63.08,62.36
QQQ,2012-06-18,63.58,63.74,62.63
QQQ,2012-06-19,64.239,64.51,63.85
QQQ,2012-06-20,64.29,64.57,63.81
QQQ,2012-06-21,62.69,64.31,62.62
QQQ,2012-06-22,63.35,63.43,62.731
QQQ,2012-06-25,62.13,62.85,61.95
QQQ,2012-06-26,62.52,62.7,62.0575
QQQ,2012-06-27,62.9,63.18,62.6899
QQQ,2012-06-28,62.2,62.47,61.54
QQQ,2012-06-29,64.16,64.16,63.21
QQQ,2012-07-02,64.35,64.38,63.87
QQQ,2012-07-03,64.89,64.89,64.29
QQQ,2012-07-05,64.93,65.25,64.48
QQQ,2012-07-06,64.12,64.69,63.65
QQQ,2012-07-09,64.0,64.26,63.68
QQQ,2012-07-10,63.37,64.51,63.12
QQQ,2012-07-11,63.02,63.46,62.5
QQQ,2012-07-12,62.43,62.69,61.86
QQQ,2012-07-13,63.38,63.52,62.56
QQQ,2012-07-16,63.2,63.52,62.95
QQQ,2012-07-17,63.53,63.74,62.63
QQQ,2012-07-18,64.39,64.58,63.39
QQQ,2012-07-19,65.1,65.31,64.72
QQQ,2012-07-20,64.235,65.1,64.21
QQQ,2012-07-23,63.46,63.68,62.51
QQQ,2012-07-24,62.96,63.66,62.55
QQQ,2012-07-25,62.54,62.95,62.15
QQQ,2012-07-26,63.37,63.73,62.97
QQQ,2012-07-27,64.87,64.99,63.64
QQQ,2012-07-30,64.82,65.31,64.6
QQQ,2012-07-31,64.8,65.18,64.74
QQQ,2012-08-01,64.61,65.2799,64.35
QQQ,2012-08-02,64.38,65.02,63.91
QQQ,2012-08-03,65.6,65.88,65.19
QQQ,2012-08-06,66.1,66.39,65.8
QQQ,2012-08-07,66.65,66.92,66.28
QQQ,2012-08-08,66.62,66.762,66.37
QQQ,2012-08-09,66.82,66.91,66.49
QQQ,2012-08-10,66.86,66.88,66.41
QQQ,2012-08-13,67.02,67.03,66.5
QQQ,2012-08-14,67.05,67.41,66.86
QQQ,2012-08-15,67.22,67.3199,66.99
QQQ,2012-08-16,68.02,68.17,67.39
QQQ,2012-08-17,68.32,68.33,68.01
QQQ,2012-08-20,68.42,68.43,68.0
QQQ,2012-08-21,68.15,68.88,67.88
QQQ,2012-08-22,68.43,68.5601,67.81
QQQ,2012-08-23,67.87,68.34,67.6905
QQQ,2012-08-24,68.29,68.45,67.6
QQQ,2012-08-27,68.4,68.67,68.25
QQQ,2012-08-28,68.4,68.585,68.11
QQQ,2012-08-29,68.4,68.57,68.11
QQQ,2012-08-30,67.71,68.13,67.6
QQQ,2012-08-31,68.16,68.45,67.47
QQQ,2012-09-04,68.09,68.35,67.42
QQQ,2012-09-05,68.02,68.35,67.84
QQQ,2012-09-06,69.53,69.55,68.42
QQQ,2012-09-07,69.43,69.55,69.23
QQQ,2012-09-10,68.54,69.4,68.49
QQQ,2012-09-11,68.43,68.82,68.32
QQQ,2012-09-12,68.632,68.81,68.21
QQQ,2012-09-13,69.56,69.86,68.62
QQQ,2012-09-14,70.18,70.43,69.79
QQQ,2012-09-17,70.21,70.24,69.96
QQQ,2012-09-18,70.27,70.3,70.02
QQQ,2012-09-19,70.4,70.58,70.06
QQQ,2012-09-20,70.33,70.4,69.87
QQQ,2012-09-21,70.15,70.54,70.08
QQQ,2012-09-24,69.735,69.86,69.42
QQQ,2012-09-25,68.76,70.08,68.73
QQQ,2012-09-26,68.2,68.71,67.85
QQQ,2012-09-27,69.14,69.3,68.25
QQQ,2012-09-28,68.57,69.12,68.51
QQQ,2012-10-01,68.47,69.33,68.25
QQQ,2012-10-02,68.67,68.98,68.13
QQQ,2012-10-03,69.11,69.24,68.59
QQQ,2012-10-04,69.35,69.54,69.0
QQQ,2012-10-05,68.98,69.8,68.8
QQQ,2012-10-08,68.35,68.72,68.19
QQQ,2012-10-09,67.2592,68.3395,67.1
QQQ,2012-10-10,66.92,67.43,66.8
QQQ,2012-10-11,66.71,67.47,66.67
QQQ,2012-10-12,66.68,67.06,66.55
QQQ,2012-10-15,67.17,67.26,66.53
QQQ,2012-10-16,68.12,68.2,67.25
QQQ,2012-10-17,68.08,68.3,67.68
QQQ,2012-10-18,67.29,68.08,67.04
QQQ,2012-10-19,65.68,67.27,65.6
QQQ,2012-10-22,66.02,66.19,65.5
QQQ,2012-10-23,65.39,65.95,65.19
QQQ,2012-10-24,65.164,65.87,65.06
QQQ,2012-10-25,65.16,65.72,64.97
QQQ,2012-10-26,65.35,65.623,64.65
QQQ,2012-10-31,64.95,65.39,64.73
QQQ,2012-11-01,65.8729,66.0,65.17
QQQ,2012-11-02,65.17,66.21,65.11
QQQ,2012-11-05,65.6,65.73,65.04
QQQ,2012-11-06,65.72,66.17,65.46
QQQ,2012-11-07,64.17,65.1,63.9
QQQ,2012-11-08,63.16,64.495,63.16
QQQ,2012-11-09,63.43,64.11,63.16
QQQ,2012-11-12,63.42,63.87,63.25
QQQ,2012-11-13,62.98,63.58,62.7801
QQQ,2012-11-14,62.24,63.36,62.14
QQQ,2012-11-15,62.0299,62.49,61.8
QQQ,2012-11-16,62.3,62.48,61.31
QQQ,2012-11-19,63.7806,63.83,62.96
QQQ,2012-11-20,63.8,63.89,63.19
QQQ,2012-11-21,63.93,64.02,63.6
QQQ,2012-11-23,64.9,64.92,64.2501
QQQ,2012-11-26,65.181,65.22,64.54
QQQ,2012-11-27,64.96,65.4,64.85
QQQ,2012-11-28,65.52,65.57,64.25
QQQ,2012-11-29,65.91,66.135,65.58
QQQ,2012-11-30,65.8,65.97,65.61
QQQ,2012-12-03,65.67,66.37,65.64
QQQ,2012-12-04,65.63,65.77,65.2
QQQ,2012-12-05,64.9032,65.54,64.55
QQQ,2012-12-06,65.32,65.4801,64.53
QQQ,2012-12-07,64.93,65.71,64.71
QQQ,2012-12-10,65.12,65.455,64.75
QQQ,2012-12-11,65.97,66.34,65.515
QQQ,2012-12-12,65.83,66.32,65.65
QQQ,2012-12-13,65.3111,66.16,65.03
QQQ,2012-12-14,64.69,65.08,64.47
QQQ,2012-12-17,65.55,65.57,64.66
QQQ,2012-12-18,66.5472,66.65,65.7
QQQ,2012-12-19,66.2605,66.76,66.22
QQQ,2012-12-20,66.26,66.41,65.93
QQQ,2012-12-21,65.2,65.28,64.6
QQQ,2012-12-24,65.07,65.14,64.92
QQQ,2012-12-26,64.5,65.18,64.29
QQQ,2012-12-27,64.4,64.64,63.6
QQQ,2012-12-28,63.78,64.43,63.75
QQQ,2012-12-31,65.1301,65.2521,63.58
QQQ,2013-01-02,67.2,67.23,66.48
QQQ,2013-01-03,66.8521,67.34,66.65
QQQ,2013-01-04,66.63,66.88,66.47
QQQ,2013-01-07,66.6504,66.76,66.25
QQQ,2013-01-08,66.52,66.815,66.17
QQQ,2013-01-09,66.77,66.95,66.55
QQQ,2013-01-10,67.17,67.27,66.55
QQQ,2013-01-11,67.26,67.29,67.0
QQQ,2013-01-14,66.96,67.15,66.67
QQQ,2013-01-15,66.63,66.729,66.3321
QQQ,2013-01-16,66.9,67.13,66.6
QQQ,2013-01-17,67.22,67.48,67.06
QQQ,2013-01-18,67.07,67.14,66.77
QQQ,2013-01-22,67.18,67.23,66.73
QQQ,2013-01-23,67.59,67.79,67.46
QQQ,2013-01-24,66.66,67.28,66.56
QQQ,2013-01-25,67.0,67.19,66.74
QQQ,2013-01-28,67.15,67.38,66.93
QQQ,2013-01-29,67.16,67.31,66.63
QQQ,2013-01-30,67.02,67.48,66.87
QQQ,2013-01-31,66.87,67.35,66.81
QQQ,2013-02-01,67.66,67.78,67.07
QQQ,2013-02-04,66.48,67.4599,66.46
QQQ,2013-02-05,67.46,67.67,66.61
QQQ,2013-02-06,67.24,67.55,67.04
QQQ,2013-02-07,67.3,67.371,66.56
QQQ,2013-02-08,67.99,68.13,67.63
QQQ,2013-02-11,68.01,68.06,67.78
QQQ,2013-02-12,67.73,68.05,67.66
QQQ,2013-02-13,67.97,68.23,67.765
QQQ,2013-02-14,67.95,68.05,67.62
QQQ,2013-02-15,67.75,68.11,67.56
QQQ,2013-02-19,68.24,68.26,67.86
QQQ,2013-02-20,67.19,68.25,67.18
QQQ,2013-02-21,66.47,67.01,66.23
QQQ,2013-02-22,67.139,67.15,66.59
QQQ,2013-02-25,66.31,67.81,66.25
QQQ,2013-02-26,66.56,66.68,65.96
QQQ,2013-02-27,67.239,67.65,66.47
QQQ,2013-02-28,67.1,67.74,67.09
QQQ,2013-03-01,67.38,67.5,66.54
QQQ,2013-03-04,67.68,67.69,67.07
QQQ,2013-03-05,68.68,68.77,68.08
QQQ,2013-03-06,68.51,68.908,68.42
QQQ,2013-03-07,68.69,68.8,68.45
QQQ,2013-03-08,68.77,69.02,68.5
QQQ,2013-03-11,68.97,68.99,68.47
QQQ,2013-03-12,68.72,68.9299,68.39
QQQ,2013-03-13,68.63,68.89,68.39
QQQ,2013-03-14,68.86,69.01,68.711
QQQ,2013-03-15,68.51,68.79,68.34
QQQ,2013-03-18,68.36,68.6367,67.73
QQQ,2013-03-19,68.23,68.7,67.62
QQQ,2013-03-20,68.709,68.86,68.39
QQQ,2013-03-21,67.93,68.25,67.77
QQQ,2013-03-22,68.59,68.64,68.13
QQQ,2013-03-25,68.34,68.96,68.01
QQQ,2013-03-26,68.71,68.73,68.45
QQQ,2013-03-27,68.801,68.85,68.14
QQQ,2013-03-28,68.97,69.06,68.64
QQQ,2013-04-01,68.5,69.09,68.31
QQQ,2013-04-02,69.04,69.27,68.77
QQQ,2013-04-03,68.41,69.18,68.24
QQQ,2013-04-04,68.43,68.6,68.06
QQQ,2013-04-05,67.861,67.96,67.19
QQQ,2013-04-08,68.22,68.24,67.69
QQQ,2013-04-09,68.68,68.96,68.09
QQQ,2013-04-10,70.015,70.17,68.88
QQQ,2013-04-11,69.99,70.15,69.77
QQQ,2013-04-12,69.94,69.99,69.41
QQQ,2013-04-15,68.56,69.79,68.48
QQQ,2013-04-16,69.47,69.55,68.81
QQQ,2013-04-17,68.115,68.889,67.71
QQQ,2013-04-18,67.169,68.33,66.88
QQQ,2013-04-19,68.09,68.231,67.2
QQQ,2013-04-22,68.79,69.04,68.08
QQQ,2013-04-23,69.45,69.7,68.82
QQQ,2013-04-24,69.42,69.67,69.12
QQQ,2013-04-25,69.79,70.05,69.59
QQQ,2013-04-26,69.57,69.77,69.27
QQQ,2013-04-29,70.21,70.48,69.76
QQQ,2013-04-30,70.72,70.73,70.04
QQQ,2013-05-01,70.39,70.85,70.25
QQQ,2013-05-02,71.28,71.43,70.45
QQQ,2013-05-03,72.12,72.34,71.91
QQQ,2013-05-06,72.4,72.51,72.19
QQQ,2013-05-07,72.36,72.57,72.09
QQQ,2013-05-08,72.71,72.77,72.2
QQQ,2013-05-09,72.6065,73.099,72.47
QQQ,2013-05-10,73.05,73.08,72.63
QQQ,2013-05-13,73.14,73.32,72.86
QQQ,2013-05-14,73.52,73.74,73.13
QQQ,2013-05-15,73.67,73.74,73.2
QQQ,2013-05-16,73.59,74.095,73.55
QQQ,2013-05-17,74.3,74.33,73.7301
QQQ,2013-05-20,74.19,74.425,73.89
QQQ,2013-05-21,74.27,74.54,73.89
QQQ,2013-05-22,73.619,74.95,73.24
QQQ,2013-05-23,73.45,73.7,72.83
QQQ,2013-05-24,73.41,73.43,72.76
QQQ,2013-05-28,73.89,74.54,73.66
QQQ,2013-05-29,73.54,73.8,73.12
QQQ,2013-05-30,73.93,74.275,73.55
QQQ,2013-05-31,73.25,74.21,73.17
QQQ,2013-06-03,73.38,73.4,72.43
QQQ,2013-06-04,73.0,73.82,72.7
QQQ,2013-06-05,72.05,73.04,71.99
QQQ,2013-06-06,72.4,72.41,71.47
QQQ,2013-06-07,73.39,73.47,72.52
QQQ,2013-06-10,73.42,73.76,73.26
QQQ,2013-06-11,72.69,73.34,72.44
QQQ,2013-06-12,71.85,73.14,71.74
QQQ,2013-06-13,72.76,72.92,71.55
QQQ,2013-06-14,72.28,72.84,72.171
QQQ,2013-06-17,72.98,73.4,72.6
QQQ,2013-06-18,73.58,73.72,73.06
QQQ,2013-06-19,72.76,73.68,72.68
QQQ,2013-06-20,71.025,72.16,70.79
QQQ,2013-06-21,70.43,70.97,69.84
QQQ,2013-06-24,69.73,70.27,69.15
QQQ,2013-06-25,70.24,70.52,69.81
QQQ,2013-06-26,70.87,71.0,70.59
QQQ,2013-06-27,71.17,71.62,71.13
QQQ,2013-06-28,71.27,71.69,70.79
QQQ,2013-07-01,71.71,72.3,71.64
QQQ,2013-07-02,71.74,72.1796,71.35
QQQ,2013-07-03,72.031,72.37,71.42
QQQ,2013-07-05,72.58,72.61,71.86
QQQ,2013-07-08,72.65,72.99,72.38
QQQ,2013-07-09,73.09,73.25,72.65
QQQ,2013-07-10,73.51,73.62,72.98
QQQ,2013-07-11,74.97,75.03,74.25
QQQ,2013-07-12,75.3,75.35,74.82
QQQ,2013-07-15,75.47,75.52,75.17
QQQ,2013-07-16,75.37,75.59,75.18
QQQ,2013-07-17,75.56,75.74,75.35
QQQ,2013-07-18,75.37,75.74,75.25
QQQ,2013-07-19,74.59,74.74,74.37
QQQ,2013-07-22,74.81,74.98,74.58
QQQ,2013-07-23,74.26,74.96,74.2
QQQ,2013-07-24,74.5,75.02,74.33
QQQ,2013-07-25,74.97,75.06,74.46
QQQ,2013-07-26,75.37,75.38,74.55
QQQ,2013-07-29,75.23,75.54,75.0299
QQQ,2013-07-30,75.63,75.95,75.35
QQQ,2013-07-31,75.77,76.2099,75.63
QQQ,2013-08-01,76.54,76.65,76.21
QQQ,2013-08-02,76.97,76.99,76.3801
QQQ,2013-08-05,77.02,77.08,76.78
QQQ,2013-08-06,76.56,76.99,76.25
QQQ,2013-08-07,76.42,76.568,75.87
QQQ,2013-08-08,76.8,76.98,76.3
QQQ,2013-08-09,76.49,76.94,76.27
QQQ,2013-08-12,76.67,76.8099,76.19
QQQ,2013-08-13,77.1,77.27,76.22
QQQ,2013-08-14,76.81,77.18,76.7
QQQ,2013-08-15,75.51,75.99,75.29
QQQ,2013-08-16,75.485,75.87,75.35
QQQ,2013-08-19,75.35,76.13,75.33
QQQ,2013-08-20,75.68,76.03,75.43
QQQ,2013-08-21,75.42,76.09,75.14
QQQ,2013-08-22,76.16,76.21,75.71
QQQ,2013-08-23,76.67,76.77,76.4
QQQ,2013-08-26,76.71,77.28,76.55
QQQ,2013-08-27,75.14,76.18,74.96
QQQ,2013-08-28,75.43,75.75,75.05
QQQ,2013-08-29,75.96,76.34,75.3
QQQ,2013-08-30,75.47,76.04,75.2
QQQ,2013-09-03,75.9,76.44,75.54
QQQ,2013-09-04,76.71,76.84,75.93
QQQ,2013-09-05,76.84,77.055,76.73
QQQ,2013-09-06,76.93,77.34,76.05
QQQ,2013-09-09,77.83,77.96,77.23
QQQ,2013-09-10,78.21,78.32,77.92
QQQ,2013-09-11,78.06,78.11,77.59
QQQ,2013-09-12,78.01,78.25,77.85
QQQ,2013-09-13,78.06,78.145,77.64
QQQ,2013-09-16,77.85,78.72,77.67
QQQ,2013-09-17,78.37,78.47,77.98
QQQ,2013-09-18,79.31,79.47,78.33
QQQ,2013-09-19,79.5,79.685,79.36
QQQ,2013-09-20,78.985,79.54,78.95
QQQ,2013-09-23,78.83,79.41,78.455
QQQ,2013-09-24,78.83,79.25,78.57
QQQ,2013-09-25,78.56,79.0,78.4
QQQ,2013-09-26,79.17,79.36,78.85
QQQ,2013-09-27,79.07,79.21,78.59
QQQ,2013-09-30,78.88,79.09,78.0
QQQ,2013-10-01,79.68,79.72,78.8456
QQQ,2013-10-02,79.65,79.76,79.06
QQQ,2013-10-03,78.72,79.72,78.3
QQQ,2013-10-04,79.4,79.51,78.65
QQQ,2013-10-07,78.74,79.35,78.67
QQQ,2013-10-08,77.22,78.81,77.19
QQQ,2013-10-09,76.98,77.44,76.35
QQQ,2013-10-10,78.61,78.79,77.79
QQQ,2013-10-11,79.23,79.29,78.4
QQQ,2013-10-14,79.79,79.79,78.68
QQQ,2013-10-15,79.48,80.11,79.38
QQQ,2013-10-16,80.38,80.42,79.79
QQQ,2013-10-17,80.84,80.87,79.95
QQQ,2013-10-18,82.15,82.18,81.35
QQQ,2013-10-21,82.33,82.54,82.07
QQQ,2013-10-22,82.45,82.9,81.93
QQQ,2013-10-23,81.95,82.2,81.55
QQQ,2013-10-24,82.31,82.48,81.88
QQQ,2013-10-25,82.9,83.28,82.5
QQQ,2013-10-28,82.92,83.05,82.55
QQQ,2013-10-29,83.06,83.26,82.7
QQQ,2013-10-30,82.98,83.485,82.58
QQQ,2013-10-31,82.79,83.3,82.48
QQQ,2013-11-01,82.81,83.169,82.4
QQQ,2013-11-04,82.93,83.07,82.64
QQQ,2013-11-05,83.02,83.22,82.37
QQQ,2013-11-06,83.0,83.4,82.73
QQQ,2013-11-07,81.44,83.13,81.37
QQQ,2013-11-08,82.54,82.56,81.51
QQQ,2013-11-11,82.41,82.64,82.14
QQQ,2013-11-12,82.54,82.66,82.1199
QQQ,2013-11-13,83.54,83.55,82.0
QQQ,2013-11-14,83.8,83.86,83.14
QQQ,2013-11-15,83.96,83.96,83.61
QQQ,2013-11-18,83.14,84.105,82.98
QQQ,2013-11-19,82.9,83.49,82.76
QQQ,2013-11-20,82.7,83.4301,82.455
QQQ,2013-11-21,83.54,83.61,82.98
QQQ,2013-11-22,83.99,84.02,83.62
QQQ,2013-11-25,84.19,84.38,83.98
QQQ,2013-11-26,84.63,84.84,84.025
QQQ,2013-11-27,85.22,85.24,84.73
QQQ,2013-11-29,85.73,85.84,85.4737
QQQ,2013-12-02,85.48,85.96,85.35
QQQ,2013-12-03,85.41,85.64,85.08
QQQ,2013-12-04,85.49,85.77,84.78
QQQ,2013-12-05,85.38,85.66,85.17
QQQ,2013-12-06,86.0,86.18,85.59
QQQ,2013-12-09,86.35,86.53,86.2
QQQ,2013-12-10,86.29,86.45,86.12
QQQ,2013-12-11,85.18,86.401,85.06
QQQ,2013-12-12,84.96,85.4201,84.9
QQQ,2013-12-13,84.85,85.4,84.709
QQQ,2013-12-16,85.32,85.81,85.21
QQQ,2013-12-17,85.15,85.53,84.99
QQQ,2013-12-18,86.14,86.22,84.05
QQQ,2013-12-19,85.9,86.01,85.52
QQQ,2013-12-20,86.5,86.68,85.73
QQQ,2013-12-23,87.41,87.41,86.95
QQQ,2013-12-24,87.45,87.51,87.27
QQQ,2013-12-26,87.74,87.81,87.44
QQQ,2013-12-27,87.52,87.9,87.412
QQQ,2013-12-30,87.39,87.51,87.14
QQQ,2013-12-31,87.96,87.96,87.52
QQQ,2014-01-02,87.27,87.58,87.02
QQQ,2014-01-03,86.64,87.35,86.62
QQQ,2014-01-06,86.32,86.76,86.0
QQQ,2014-01-07,87.12,87.25,86.56
QQQ,2014-01-08,87.31,87.55,86.945
QQQ,2014-01-09,87.02,87.64,86.72
QQQ,2014-01-10,87.3,87.4,86.58
QQQ,2014-01-13,86.01,87.48,85.675
QQQ,2014-01-14,87.65,87.72,86.3
QQQ,2014-01-15,88.37,88.54,87.94
QQQ,2014-01-16,88.38,88.51,88.16
QQQ,2014-01-17,87.88,88.3701,87.67
QQQ,2014-01-21,88.55,88.59,87.81
QQQ,2014-01-22,88.78,89.0,88.52
QQQ,2014-01-23,88.48,88.52,87.86
QQQ,2014-01-24,86.74,88.18,86.71
QQQ,2014-01-27,85.9,86.89,85.25
QQQ,2014-01-28,85.85,85.94,85.31
QQQ,2014-01-29,84.93,85.74,84.76
QQQ,2014-01-30,86.5,86.8,85.88
QQQ,2014-01-31,86.27,86.68,85.45
QQQ,2014-02-03,84.29,86.5,84.07
QQQ,2014-02-04,84.91,85.25,84.46
QQQ,2014-02-05,84.69,84.9901,83.74
QQQ,2014-02-06,85.77,85.88,84.92
QQQ,2014-02-07,87.3,87.359,86.0
QQQ,2014-02-10,87.8,87.84,87.21
QQQ,2014-02-11,88.8,88.97,87.89
QQQ,2014-02-12,88.97,89.1695,88.7
QQQ,2014-02-13,89.63,89.7,88.3
QQQ,2014-02-14,89.81,90.01,89.33
QQQ,2014-02-18,90.25,90.4172,89.74
QQQ,2014-02-19,89.63,90.285,89.45
QQQ,2014-02-20,90.05,90.22,89.31
QQQ,2014-02-21,89.93,90.465,89.82
QQQ,2014-02-24,90.41,90.82,90.04
QQQ,2014-02-25,90.31,90.72,90.02
QQQ,2014-02-26,90.23,90.84,89.87
QQQ,2014-02-27,90.44,90.53,89.73
QQQ,2014-02-28,90.34,90.96,89.54
QQQ,2014-03-03,89.67,89.91,88.87
QQQ,2014-03-04,90.81,90.98,90.56
QQQ,2014-03-05,91.06,91.22,90.77
QQQ,2014-03-06,90.98,91.335,90.65
QQQ,2014-03-07,90.53,91.36,90.071
QQQ,2014-03-10,90.61,90.655,90.03
QQQ,2014-03-11,90.22,91.055,89.95
QQQ,2014-03-12,90.56,90.61,89.48
QQQ,2014-03-13,89.28,90.93,88.87
QQQ,2014-03-14,88.67,89.38,88.63
QQQ,2014-03-17,89.45,89.91,89.19
QQQ,2014-03-18,90.53,90.64,89.53
QQQ,2014-03-19,90.04,90.66,89.45
QQQ,2014-03-20,90.29,90.56,89.58
QQQ,2014-03-21,89.0,90.65,88.825
QQQ,2014-03-24,88.22,89.39,87.41
QQQ,2014-03-25,88.51,89.25,87.7701
QQQ,2014-03-26,87.37,89.15,87.36
QQQ,2014-03-27,86.879,87.64,86.4
QQQ,2014-03-28,87.05,88.01,86.81
QQQ,2014-03-31,87.67,88.26,87.62
QQQ,2014-04-01,89.21,89.27,87.7106
QQQ,2014-04-02,89.44,89.68,89.035
QQQ,2014-04-03,88.73,89.679,88.22
QQQ,2014-04-04,86.37,89.41,86.14
QQQ,2014-04-07,85.55,86.63,84.951
QQQ,2014-04-08,86.34,86.46,85.35
QQQ,2014-04-09,87.82,87.87,86.43
QQQ,2014-04-10,85.1,87.88,84.86
QQQ,2014-04-11,84.11,85.44,83.91
QQQ,2014-04-14,84.77,85.22,83.99
QQQ,2014-04-15,85.0501,85.54,83.28
QQQ,2014-04-16,86.18,86.18,85.091
QQQ,2014-04-17,86.2,86.63,85.63
QQQ,2014-04-21,86.84,86.84,86.0
QQQ,2014-04-22,87.53,87.745,86.9898
QQQ,2014-04-23,86.76,87.56,86.71
QQQ,2014-04-24,87.59,88.21,86.65
QQQ,2014-04-25,86.19,87.17,85.98
QQQ,2014-04-28,86.47,87.11,85.11
QQQ,2014-04-29,87.16,87.32,86.31
QQQ,2014-04-30,87.39,87.48,86.54
QQQ,2014-05-01,87.65,88.15,87.31
QQQ,2014-05-02,87.49,88.11,87.28
QQQ,2014-05-05,87.95,87.97,86.76
QQQ,2014-05-06,86.81,87.86,86.77
QQQ,2014-05-07,86.56,87.08,85.53
QQQ,2014-05-08,86.48,87.53,86.05
QQQ,2014-05-09,86.8,86.86,85.85
QQQ,2014-05-12,88.23,88.26,87.24
QQQ,2014-05-13,88.29,88.61,88.12
QQQ,2014-05-14,87.83,88.35,87.62
QQQ,2014-05-15,87.135,87.96,86.58
QQQ,2014-05-16,87.71,87.76,86.64
QQQ,2014-05-19,88.32,88.46,87.3
QQQ,2014-05-20,88.0,88.6,87.64
QQQ,2014-05-21,88.84,88.89,88.11
QQQ,2014-05-22,89.23,89.48,88.8
QQQ,2014-05-23,89.88,89.9,89.12
QQQ,2014-05-27,91.001,91.02,90.2
QQQ,2014-05-28,90.72,91.1,90.645
QQQ,2014-05-29,91.3,91.31,90.86
QQQ,2014-05-30,91.31,91.45,90.83
QQQ,2014-06-02,91.22,91.44,90.64
QQQ,2014-06-03,91.18,91.33,90.8
QQQ,2014-06-04,91.52,91.67,90.81
QQQ,2014-06-05,92.29,92.46,91.29
QQQ,2014-06-06,92.82,92.82,92.45
QQQ,2014-06-09,92.75,92.98,92.495
QQQ,2014-06-10,92.91,92.96,92.56
QQQ,2014-06-11,92.5501,92.97,92.53
QQQ,2014-06-12,92.05,92.79,91.73
QQQ,2014-06-13,92.32,92.55,91.92
QQQ,2014-06-16,92.4,92.67,91.96
QQQ,2014-06-17,92.45,92.7,92.18
QQQ,2014-06-18,92.97,93.1,91.98
QQQ,2014-06-19,92.91,93.17,92.49
QQQ,2014-06-20,92.77,92.87,92.53
QQQ,2014-06-23,92.79,92.82,92.51
QQQ,2014-06-24,92.7,93.57,92.43
QQQ,2014-06-25,93.29,93.45,92.48
QQQ,2014-06-26,93.34,93.36,92.62
QQQ,2014-06-27,93.75,93.765,93.19
QQQ,2014-06-30,93.91,94.14,93.67
QQQ,2014-07-01,94.94,95.19,94.2
QQQ,2014-07-02,95.1,95.24,94.91
QQQ,2014-07-03,95.7,95.7,95.15
QQQ,2014-07-07,95.41,95.71,95.23
QQQ,2014-07-08,94.26,95.3,93.87
QQQ,2014-07-09,94.96,95.065,94.24
QQQ,2014-07-10,94.66,95.05,93.63
QQQ,2014-07-11,95.27,95.27,94.61
QQQ,2014-07-14,95.84,96.055,95.535
QQQ,2014-07-15,95.51,96.13,94.83
QQQ,2014-07-16,95.89,96.3,95.785
QQQ,2014-07-17,94.619,95.97,94.32
QQQ,2014-07-18,96.12,96.17,95.0
QQQ,2014-07-21,96.0,96.16,95.55
QQQ,2014-07-22,96.61,96.76,96.345
QQQ,2014-07-23,97.227,97.34,96.77
QQQ,2014-07-24,97.12,97.51,96.98
QQQ,2014-07-25,96.74,96.87,96.23
QQQ,2014-07-28,96.77,97.02,96.02
QQQ,2014-07-29,96.6,97.2,96.52
QQQ,2014-07-30,96.98,97.32,96.6
QQQ,2014-07-31,95.02,96.34,94.88
QQQ,2014-08-01,94.67,95.34,94.04
QQQ,2014-08-04,95.32,95.69,94.52
QQQ,2014-08-05,94.59,95.21,94.15
QQQ,2014-08-06,94.52,95.11,93.92
QQQ,2014-08-07,94.22,95.139,93.885
QQQ,2014-08-08,94.9,95.01,93.97
QQQ,2014-08-11,95.46,95.76,95.2
QQQ,2014-08-12,95.42,95.67,94.93
QQQ,2014-08-13,96.43,96.47,95.76
QQQ,2014-08-14,96.93,96.95,96.43
QQQ,2014-08-15,97.4,97.63,96.48
QQQ,2014-08-18,98.15,98.24,97.77
QQQ,2014-08-19,98.7,98.76,98.32
QQQ,2014-08-20,98.7,98.9,98.53
QQQ,2014-08-21,98.9,98.95,98.6
QQQ,2014-08-22,99.05,99.25,98.72
QQQ,2014-08-25,99.4,99.68,99.16
QQQ,2014-08-26,99.5,99.61,99.27
QQQ,2014-08-27,99.52,99.64,99.31
QQQ,2014-08-28,99.41,99.53,99.08
QQQ,2014-08-29,99.78,99.9141,99.2701
QQQ,2014-09-02,100.07,100.1,99.6601
QQQ,2014-09-03,99.48,100.34,99.3
QQQ,2014-09-04,99.39,100.22,99.14
QQQ,2014-09-05,99.89,99.95,99.03
QQQ,2014-09-08,100.08,100.33,99.62
QQQ,2014-09-09,99.25,100.46,99.0645
QQQ,2014-09-10,100.07,100.11,99.1
QQQ,2014-09-11,99.99,100.04,99.24
QQQ,2014-09-12,99.48,99.93,99.17
QQQ,2014-09-15,98.52,99.6,98.215
QQQ,2014-09-16,99.38,99.57,98.05
QQQ,2014-09-17,99.53,100.0,98.93
QQQ,2014-09-18,100.28,100.29,99.73
QQQ,2014-09-19,99.98,100.5646,99.58
QQQ,2014-09-22,99.05,99.75,98.62
QQQ,2014-09-23,98.78,99.22,98.58
QQQ,2014-09-24,99.84,99.8868,98.54
QQQ,2014-09-25,97.74,99.65,97.7
QQQ,2014-09-26,98.78,98.96,97.89
QQQ,2014-09-29,98.65,98.92,97.75
QQQ,2014-09-30,98.79,99.3,98.32
QQQ,2014-10-01,97.21,98.61,96.9
QQQ,2014-10-02,97.21,97.51,95.97
QQQ,2014-10-03,98.17,98.57,97.44
QQQ,2014-10-06,97.96,98.72,97.6587
QQQ,2014-10-07,96.57,97.7799,96.56
QQQ,2014-10-08,98.45,98.76,96.06
QQQ,2014-10-09,96.86,98.57,96.71
QQQ,2014-10-10,94.44,96.83,94.42
QQQ,2014-10-13,92.96,94.99,92.88
QQQ,2014-10-14,92.97,94.1699,92.71
QQQ,2014-10-15,92.37,92.76,90.24
QQQ,2014-10-16,91.79,92.58,90.39
QQQ,2014-10-17,93.0,93.89,92.46
QQQ,2014-10-20,94.39,94.47,92.8
QQQ,2014-10-21,96.87,96.87,95.32
QQQ,2014-10-22,96.37,97.3,96.305
QQQ,2014-10-23,97.82,98.36,97.17
QQQ,2014-10-24,98.62,98.69,97.64
QQQ,2014-10-27,98.69,98.87,98.02
QQQ,2014-10-28,100.18,100.2,99.08
QQQ,2014-10-29,99.81,100.12,99.1
QQQ,2014-10-30,100.02,100.26,99.14
QQQ,2014-10-31,101.4,101.75,101.07
QQQ,2014-11-03,101.7,101.9701,101.43
QQQ,2014-11-04,101.36,101.6244,100.67
QQQ,2014-11-05,101.37,102.03,101.015
QQQ,2014-11-06,101.69,101.72,100.921
QQQ,2014-11-07,101.6,101.91,101.07
QQQ,2014-11-10,101.96,102.09,101.38
QQQ,2014-11-11,102.28,102.28,101.7
QQQ,2014-11-12,102.46,102.57,101.87
QQQ,2014-11-13,102.9,103.28,102.42
QQQ,2014-11-14,103.22,103.22,102.53
QQQ,2014-11-17,102.91,103.21,102.42
QQQ,2014-11-18,103.68,103.82,102.991
QQQ,2014-11-19,103.21,103.57,102.73
QQQ,2014-11-20,103.67,103.76,102.69
QQQ,2014-11-21,103.87,104.69,103.54
QQQ,2014-11-24,104.68,104.73,104.06
QQQ,2014-11-25,104.84,105.15,104.57
QQQ,2014-11-26,105.52,105.58,104.834
QQQ,2014-11-28,106.01,106.245,105.73
QQQ,2014-12-01,104.81,105.9199,104.42
QQQ,2014-12-02,105.23,105.4168,104.7
QQQ,2014-12-03,105.42,105.565,104.7626
QQQ,2014-12-04,105.37,105.78,104.93
QQQ,2014-12-05,105.38,105.7,105.145
QQQ,2014-12-08,104.63,105.57,104.075
QQQ,2014-12-09,104.96,105.04,103.0401
QQQ,2014-12-10,103.31,105.03,103.12
QQQ,2014-12-11,103.8,105.04,103.59
QQQ,2014-12-12,102.67,103.99,102.66
QQQ,2014-12-15,101.61,103.58,101.315
QQQ,2014-12-16,99.98,102.47,99.96
QQQ,2014-12-17,101.8,102.09,99.92
QQQ,2014-12-18,104.25,104.26,102.98
QQQ,2014-12-19,104.32,104.74,103.71
QQQ,2014-12-22,104.58,104.61,104.0999
QQQ,2014-12-23,104.21,104.97,104.09
QQQ,2014-12-24,104.3,104.7,104.2699
QQQ,2014-12-26,105.04,105.26,104.57
QQQ,2014-12-29,105.02,105.25,104.875
QQQ,2014-12-30,104.32,104.96,104.175
QQQ,2014-12-31,103.25,104.91,103.1
QQQ,2015-01-02,102.94,104.2,102.44
QQQ,2015-01-05,101.43,102.61,101.14
QQQ,2015-01-06,100.07,101.75,99.62
QQQ,2015-01-07,101.36,101.6,100.485
QQQ,2015-01-08,103.3,103.5,102.111
QQQ,2015-01-09,102.62,103.65,102.02
QQQ,2015-01-12,101.55,102.93,101.285
QQQ,2015-01-13,101.52,103.62,100.7
QQQ,2015-01-14,100.96,101.4829,100.07
QQQ,2015-01-15,99.65,101.59,99.525
QQQ,2015-01-16,100.82,100.95,99.36
QQQ,2015-01-20,101.62,101.88,100.29
QQQ,2015-01-21,102.14,102.619,100.9648
QQQ,2015-01-22,104.03,104.14,101.64
QQQ,2015-01-23,104.26,104.58,103.72
QQQ,2015-01-26,104.14,104.33,103.61
QQQ,2015-01-27,101.44,102.56,101.1
QQQ,2015-01-28,100.92,103.18,100.9
QQQ,2015-01-29,101.89,102.0779,99.96
QQQ,2015-01-30,101.1,102.58,100.96
QQQ,2015-02-02,101.98,102.07,99.75
QQQ,2015-02-03,102.96,103.03,101.68
QQQ,2015-02-04,102.87,103.55,102.31
QQQ,2015-02-05,103.76,103.83,102.87
QQQ,2015-02-06,103.13,104.17,102.76
QQQ,2015-02-09,102.8,103.285,102.55
QQQ,2015-02-10,104.4,104.54,103.21
QQQ,2015-02-11,104.78,105.02,104.32
QQQ,2015-02-12,106.0,106.04,105.3
QQQ,2015-02-13,106.91,106.93,106.101
QQQ,2015-02-17,107.01,107.08,106.6432
QQQ,2015-02-18,107.16,107.2199,106.74
QQQ,2015-02-19,107.69,107.76,107.06
QQQ,2015-02-20,108.41,108.47,107.28
QQQ,2015-02-23,108.52,108.55,108.11
QQQ,2015-02-24,108.6,108.73,108.05
QQQ,2015-02-25,108.33,108.86,108.09
QQQ,2015-02-26,108.88,108.94,108.135
QQQ,2015-02-27,108.4,108.91,108.23
QQQ,2015-03-02,109.38,109.42,108.59
QQQ,2015-03-03,108.87,109.16,108.18
QQQ,2015-03-04,108.45,108.67,107.86
QQQ,2015-03-05,108.64,108.965,108.19
QQQ,2015-03-06,107.41,108.71,107.14
QQQ,2015-03-09,107.72,107.9857,107.19
QQQ,2015-03-10,105.72,106.98,105.72
QQQ,2015-03-11,105.11,106.01,105.07
QQQ,2015-03-12,105.8,105.92,104.96
QQQ,2015-03-13,105.34,106.12,104.68
QQQ,2015-03-16,106.7,106.74,105.62
QQQ,2015-03-17,106.87,107.04,106.16
QQQ,2015-03-18,107.92,108.41,106.03
QQQ,2015-03-19,108.08,108.38,107.87
QQQ,2015-03-20,108.53,109.07,108.51
QQQ,2015-03-23,108.32,108.77,108.28
QQQ,2015-03-24,107.93,108.81,107.91
QQQ,2015-03-25,105.46,108.2,105.42
QQQ,2015-03-26,105.1,105.7,104.24
QQQ,2015-03-27,105.52,105.77,104.92
QQQ,2015-03-30,106.73,106.82,106.16
QQQ,2015-03-31,105.6,106.65,105.57
QQQ,2015-04-01,105.05,105.62,104.37
QQQ,2015-04-02,105.12,105.46,104.78
QQQ,2015-04-06,105.98,106.27,104.34
QQQ,2015-04-07,105.8,106.7,105.8
QQQ,2015-04-08,106.64,106.79,105.83
QQQ,2015-04-09,107.31,107.35,106.23
QQQ,2015-04-10,107.75,107.76,107.03
QQQ,2015-04-13,107.48,108.38,107.36
QQQ,2015-04-14,107.17,107.68,106.56
QQQ,2015-04-15,107.84,108.07,107.321
QQQ,2015-04-16,107.69,107.88,107.4
QQQ,2015-04-17,106.01,106.95,105.55
QQQ,2015-04-20,107.6,107.79,106.5
QQQ,2015-04-21,108.06,108.41,107.93
QQQ,2015-04-22,108.65,108.83,107.64
QQQ,2015-04-23,109.06,109.55,108.26
QQQ,2015-04-24,110.54,110.69,110.03
QQQ,2015-04-27,110.26,111.16,110.02
QQQ,2015-04-28,110.04,110.55,109.11
QQQ,2015-04-29,109.35,110.07,108.75
QQQ,2015-04-30,107.63,109.17,107.06
QQQ,2015-05-01,109.05,109.12,108.03
QQQ,2015-05-04,109.23,109.91,109.17
QQQ,2015-05-05,107.45,109.0,107.4
QQQ,2015-05-06,106.71,107.95,105.995
QQQ,2015-05-07,107.35,107.65,106.6
QQQ,2015-05-08,108.69,108.92,108.3
QQQ,2015-05-11,108.27,108.98,108.19
QQQ,2015-05-12,107.78,108.33,106.8
QQQ,2015-05-13,108.0,108.81,107.84
QQQ,2015-05-14,109.58,109.67,108.48
QQQ,2015-05-15,109.58,110.01,109.31
QQQ,2015-05-18,110.06,110.28,109.32
QQQ,2015-05-19,109.94,110.35,109.76
QQQ,2015-05-20,110.01,110.67,109.425
QQQ,2015-05-21,110.58,110.73,109.66
QQQ,2015-05-22,110.47,110.87,110.38
QQQ,2015-05-26,109.2,110.38,108.76
QQQ,2015-05-27,110.96,111.08,109.29
QQQ,2015-05-28,110.71,111.01,110.37
QQQ,2015-05-29,110.05,110.79,109.79
QQQ,2015-06-01,110.42,110.72,109.52
QQQ,2015-06-02,110.07,110.61,109.47
QQQ,2015-06-03,110.4,110.81,110.13
QQQ,2015-06-04,109.56,110.48,109.21
QQQ,2015-06-05,109.3,109.69,108.63
QQQ,2015-06-08,108.19,109.33,107.97
QQQ,2015-06-09,108.01,108.4,107.2
QQQ,2015-06-10,109.49,109.81,108.26
QQQ,2015-06-11,109.65,110.15,109.46
QQQ,2015-06-12,108.75,109.3,108.6
QQQ,2015-06-15,108.21,108.38,107.31
QQQ,2015-06-16,108.8,108.9799,108.05
QQQ,2015-06-17,109.1,109.45,108.43
QQQ,2015-06-18,110.69,110.88,109.44
QQQ,2015-06-19,109.89,110.575,109.81
QQQ,2015-06-22,110.7,111.03,110.45
QQQ,2015-06-23,110.79,110.89,110.33
QQQ,2015-06-24,110.22,111.13,110.19
QQQ,2015-06-25,110.0,110.76,109.815
QQQ,2015-06-26,109.27,110.23,108.86
QQQ,2015-06-29,106.69,108.66,106.64
QQQ,2015-06-30,107.07,107.72,106.74
QQQ,2015-07-01,107.92,108.3464,107.42
QQQ,2015-07-02,107.95,108.32,107.62
QQQ,2015-07-06,107.7,108.32,107.04
QQQ,2015-07-07,107.97,108.07,105.83
QQQ,2015-07-08,106.09,107.33,105.8942
QQQ,2015-07-09,106.03,107.5955,106.02
QQQ,2015-07-10,107.65,108.05,107.05
QQQ,2015-07-13,109.54,109.63,108.57
QQQ,2015-07-14,110.26,110.56,109.63
QQQ,2015-07-15,110.38,110.81,110.07
QQQ,2015-07-16,111.94,111.96,111.07
QQQ,2015-07-17,113.59,113.59,112.65
QQQ,2015-07-20,113.98,114.39,113.48
QQQ,2015-07-21,113.91,114.2,113.58
QQQ,2015-07-22,112.62,113.169,112.165
QQQ,2015-07-23,112.2,113.1,111.91
QQQ,2015-07-24,111.1,113.003,110.93
QQQ,2015-07-27,110.18,110.946,109.94
QQQ,2015-07-28,111.13,111.35,109.785
QQQ,2015-07-29,111.55,111.79,110.94
QQQ,2015-07-30,112.08,112.2663,110.621
QQQ,2015-07-31,111.95,112.49,111.72
QQQ,2015-08-03,111.6,112.28,110.861
QQQ,2015-08-04,111.39,111.745,110.93
QQQ,2015-08-05,112.25,113.0,111.88
QQQ,2015-08-06,110.45,112.5,109.95
QQQ,2015-08-07,110.31,110.57,109.4
QQQ,2015-08-10,111.57,111.81,111.0
QQQ,2015-08-11,110.14,111.4101,109.53
QQQ,2015-08-12,110.52,110.735,108.22
QQQ,2015-08-13,110.34,111.16,110.1
QQQ,2015-08-14,110.51,110.67,109.86
QQQ,2015-08-17,111.43,111.46,109.96
QQQ,2015-08-18,110.86,111.37,110.71
QQQ,2015-08-19,110.13,111.105,109.49
QQQ,2015-08-20,107.08,109.46,107.07
QQQ,2015-08-21,102.4,106.47,102.4
QQQ,2015-08-24,98.46,102.53,84.74
QQQ,2015-08-25,98.09,102.74,98.01
QQQ,2015-08-26,103.03,103.23,98.93
QQQ,2015-08-27,105.64,105.71,103.2799
QQQ,2015-08-28,105.62,106.0,104.85
QQQ,2015-08-31,104.31,105.61,104.05
QQQ,2015-09-01,101.05,103.29,100.63
QQQ,2015-09-02,103.9,103.92,101.7
QQQ,2015-09-03,103.39,105.02,103.1
QQQ,2015-09-04,102.16,102.845,101.59
QQQ,2015-09-08,105.04,105.165,103.69
QQQ,2015-09-09,103.86,106.31,103.59
QQQ,2015-09-10,104.99,105.68,103.62
QQQ,2015-09-11,105.57,105.57,104.21
QQQ,2015-09-14,105.25,105.98,104.85
QQQ,2015-09-15,106.49,106.82,105.11
QQQ,2015-09-16,107.09,107.19,106.14
QQQ,2015-09-17,107.13,108.725,106.64
QQQ,2015-09-18,105.35,106.6,105.17
QQQ,2015-09-21,105.68,106.55,104.73
QQQ,2015-09-22,104.1,104.4225,103.13
QQQ,2015-09-23,104.18,104.66,103.64
QQQ,2015-09-24,103.8,104.19,102.27
QQQ,2015-09-25,102.92,105.01,102.28
QQQ,2015-09-28,99.99,102.55,99.69
QQQ,2015-09-29,99.47,101.26,98.75
QQQ,2015-09-30,101.76,101.87,100.5
QQQ,2015-10-01,102.22,102.23,100.59
QQQ,2015-10-02,104.01,104.01,100.48
QQQ,2015-10-05,105.5,105.78,104.55
QQQ,2015-10-06,105.0,105.6,104.18
QQQ,2015-10-07,105.63,105.86,104.29
QQQ,2015-10-08,106.05,106.23,104.21
QQQ,2015-10-09,106.53,106.73,105.81
QQQ,2015-10-12,106.79,106.9899,106.35
QQQ,2015-10-13,106.1,107.26,106.0
QQQ,2015-10-14,105.93,106.63,105.49
QQQ,2015-10-15,107.67,107.675,106.18
QQQ,2015-10-16,108.12,108.18,107.3794
QQQ,2015-10-19,108.74,108.81,107.74
QQQ,2015-10-20,108.18,108.78,107.81
QQQ,2015-10-21,107.52,108.84,107.48
QQQ,2015-10-22,109.71,109.8,108.171
QQQ,2015-10-23,112.78,113.24,112.07
QQQ,2015-10-26,112.85,113.07,112.27
QQQ,2015-10-27,113.08,113.24,112.52
QQQ,2015-10-28,114.02,114.02,112.34
QQQ,2015-10-29,113.84,114.03,113.38
QQQ,2015-10-30,113.33,114.08,113.3
QQQ,2015-11-02,114.61,114.745,113.39
QQQ,2015-11-03,115.01,115.42,114.21
QQQ,2015-11-04,115.02,115.47,114.54
QQQ,2015-11-05,114.71,115.395,114.11
QQQ,2015-11-06,114.79,114.92,113.76
QQQ,2015-11-09,113.57,114.51,112.865
QQQ,2015-11-10,113.28,113.39,112.63
QQQ,2015-11-11,113.14,114.14,112.95
QQQ,2015-11-12,112.04,113.23,111.96
QQQ,2015-11-13,109.84,111.69,109.78
QQQ,2015-11-16,111.42,111.44,109.48
QQQ,2015-11-17,111.49,112.29,111.2099
QQQ,2015-11-18,113.63,113.74,111.83
QQQ,2015-11-19,113.71,114.23,113.49
QQQ,2015-11-20,114.48,114.57,114.14
QQQ,2015-11-23,114.15,114.94,113.66
QQQ,2015-11-24,114.05,114.32,112.8377
QQQ,2015-11-25,114.15,114.36,113.91
QQQ,2015-11-27,114.31,114.541,113.92
QQQ,2015-11-30,114.02,114.65,113.65
QQQ,2015-12-01,115.16,115.16,114.34
QQQ,2015-12-02,114.45,115.75,114.28
QQQ,2015-12-03,112.51,114.96,111.8432
QQQ,2015-12-04,115.14,115.33,112.62
QQQ,2015-12-07,114.62,115.29,114.07
QQQ,2015-12-08,114.63,114.995,113.38
QQQ,2015-12-09,112.89,114.76,112.2
QQQ,2015-12-10,113.4,114.16,112.811
QQQ,2015-12-11,110.79,112.39,110.72
QQQ,2015-12-14,111.63,111.68,109.38
QQQ,2015-12-15,112.31,113.28,112.17
QQQ,2015-12-16,113.98,114.17,111.89
QQQ,2015-12-17,112.32,114.48,112.3
QQQ,2015-12-18,109.83,111.88,109.83
QQQ,2015-12-21,111.05,111.07,110.05
QQQ,2015-12-22,111.78,111.94,111.05
QQQ,2015-12-23,112.61,112.69,112.16
QQQ,2015-12-24,112.59,112.9,112.54
QQQ,2015-12-28,112.53,112.55,111.51
QQQ,2015-12-29,114.3,114.545,113.13
QQQ,2015-12-30,113.27,114.24,113.25
QQQ,2015-12-31,111.86,113.08,111.84
QQQ,2016-01-04,109.5,109.6,108.12
QQQ,2016-01-05,109.31,110.18,108.8
QQQ,2016-01-06,108.26,108.89,107.41
QQQ,2016-01-07,104.87,107.29,104.81
QQQ,2016-01-08,104.01,106.29,103.9
QQQ,2016-01-11,104.33,105.06,102.73
QQQ,2016-01-12,105.54,106.08,104.08
QQQ,2016-01-13,101.9,106.23,101.74
QQQ,2016-01-14,104.07,104.98,100.67
QQQ,2016-01-15,100.84,101.94,99.51
QQQ,2016-01-19,101.06,102.37,99.88
QQQ,2016-01-20,100.75,101.83,97.25
QQQ,2016-01-21,100.85,102.349,99.82
QQQ,2016-01-22,103.77,103.81,102.5305
QQQ,2016-01-25,102.23,103.99,102.14
QQQ,2016-01-26,103.15,103.59,101.76
QQQ,2016-01-27,100.58,102.99,100.15
QQQ,2016-01-28,102.0,102.29,100.26
QQQ,2016-01-29,104.13,104.17,101.94
QQQ,2016-02-01,104.41,104.8,103.23
QQQ,2016-02-02,102.15,103.97,101.84
QQQ,2016-02-03,101.66,102.83,99.88
QQQ,2016-02-04,101.65,102.455,100.44
QQQ,2016-02-05,98.12,101.33,97.72
QQQ,2016-02-08,96.62,97.05,94.84
QQQ,2016-02-09,96.32,97.78,95.18
QQQ,2016-02-10,96.69,98.69,96.62
QQQ,2016-02-11,96.55,97.32,95.19
QQQ,2016-02-12,98.02,98.12,96.73
QQQ,2016-02-16,100.23,100.23,98.85
QQQ,2016-02-17,102.5,102.64,100.7
QQQ,2016-02-18,101.33,102.84,101.2
QQQ,2016-02-19,101.63,101.94,100.615
QQQ,2016-02-22,103.28,103.38,102.48
QQQ,2016-02-23,101.58,102.96,101.51
QQQ,2016-02-24,102.55,102.68,99.77
QQQ,2016-02-25,103.56,103.56,101.84
QQQ,2016-02-26,103.43,104.3659,103.1835
QQQ,2016-02-29,102.5,104.1,102.5
QQQ,2016-03-01,105.79,105.79,103.16
QQQ,2016-03-02,105.83,105.85,105.01
QQQ,2016-03-03,105.63,105.75,104.87
QQQ,2016-03-04,105.67,106.35,104.97
QQQ,2016-03-07,105.02,105.74,104.27
QQQ,2016-03-08,104.15,105.2138,103.97
QQQ,2016-03-09,104.82,104.84,103.96
QQQ,2016-03-10,104.66,105.86,103.31
QQQ,2016-03-11,106.49,106.49,105.46
QQQ,2016-03-14,106.67,106.92,106.06
QQQ,2016-03-15,106.63,106.75,105.95
QQQ,2016-03-16,107.58,107.86,106.34
QQQ,2016-03-17,107.52,107.77,106.87
QQQ,2016-03-18,107.37,107.635,106.8
QQQ,2016-03-21,107.79,107.89,107.12
QQQ,2016-03-22,108.12,108.37,107.16
QQQ,2016-03-23,107.23,107.99,106.99
QQQ,2016-03-24,107.26,107.29,106.53
QQQ,2016-03-28,107.11,107.58,106.92
QQQ,2016-03-29,108.83,108.9,106.73
QQQ,2016-03-30,109.36,110.04,109.13
QQQ,2016-03-31,109.2,109.69,109.03
QQQ,2016-04-01,110.36,110.4,108.39
QQQ,2016-04-04,109.94,110.435,109.68
QQQ,2016-04-05,108.88,109.5,108.74
QQQ,2016-04-06,110.67,110.71,108.99
QQQ,2016-04-07,109.08,110.225,108.61
QQQ,2016-04-08,109.0,110.02,108.615
QQQ,2016-04-11,108.6,110.02,108.585
QQQ,2016-04-12,109.51,109.72,108.015
QQQ,2016-04-13,110.91,111.08,110.21
QQQ,2016-04-14,110.92,111.33,110.0
QQQ,2016-04-15,110.64,111.055,110.36
QQQ,2016-04-18,111.23,111.265,110.25
QQQ,2016-04-19,110.55,111.44,109.88
QQQ,2016-04-20,110.64,111.15,110.17
QQQ,2016-04-21,110.65,111.05,110.15
QQQ,2016-04-22,108.98,109.72,108.12
QQQ,2016-04-25,108.98,108.99,108.45
QQQ,2016-04-26,108.45,109.39,108.12
QQQ,2016-04-27,107.58,107.83,106.69
QQQ,2016-04-28,106.28,108.3335,106.0705
QQQ,2016-04-29,105.72,106.495,104.88
QQQ,2016-05-02,106.72,106.87,105.5525
QQQ,2016-05-03,105.73,106.4399,105.45
QQQ,2016-05-04,105.05,105.4811,104.7902
QQQ,2016-05-05,105.02,105.66,104.81
QQQ,2016-05-06,105.58,105.6,104.4
QQQ,2016-05-09,105.88,106.37,105.54
QQQ,2016-05-10,107.33,107.38,106.07
QQQ,2016-05-11,106.36,107.49,106.33
QQQ,2016-05-12,105.89,106.735,105.14
QQQ,2016-05-13,105.5,106.449,105.29
QQQ,2016-05-16,106.82,107.21,105.56
QQQ,2016-05-17,105.48,107.04,105.2
QQQ,2016-05-18,105.86,106.43,105.04
QQQ,2016-05-19,105.31,105.705,104.54
QQQ,2016-05-20,106.47,106.9,105.67
QQQ,2016-05-23,106.33,106.97,106.23
QQQ,2016-05-24,108.46,108.59,106.885
QQQ,2016-05-25,109.24,109.57,108.684
QQQ,2016-05-26,109.56,109.7,109.09
QQQ,2016-05-27,110.13,110.14,109.61
QQQ,2016-05-31,110.34,110.51,109.7837
QQQ,2016-06-01,110.35,110.6,109.91
QQQ,2016-06-02,110.58,110.59,109.53
QQQ,2016-06-03,110.06,110.42,109.34
QQQ,2016-06-06,110.46,110.75,110.07
QQQ,2016-06-07,110.18,110.63,110.13
QQQ,2016-06-08,110.37,110.6,109.96
QQQ,2016-06-09,110.19,110.31,109.71
QQQ,2016-06-10,108.94,109.4,108.56
QQQ,2016-06-13,108.03,108.93,107.89
QQQ,2016-06-14,108.03,108.415,107.24
QQQ,2016-06-15,107.72,108.44,107.54
QQQ,2016-06-16,108.04,108.14,106.5
QQQ,2016-06-17,106.49,107.6819,106.24
QQQ,2016-06-20,107.16,108.24,107.08
QQQ,2016-06-21,107.5,107.715,107.1
QQQ,2016-06-22,107.24,108.19,107.15
QQQ,2016-06-23,108.77,108.79,107.62
QQQ,2016-06-24,104.29,106.5,104.06
QQQ,2016-06-27,102.22,103.6,101.75
QQQ,2016-06-28,104.46,104.51,103.3
QQQ,2016-06-29,106.31,106.53,105.231
QQQ,2016-06-30,107.54,107.61,106.13
QQQ,2016-07-01,108.08,108.48,107.45
QQQ,2016-07-05,107.42,107.66,106.84
QQQ,2016-07-06,108.3,108.35,106.57
QQQ,2016-07-07,108.62,108.86,108.11
QQQ,2016-07-08,110.3,110.36,109.02
QQQ,2016-07-11,110.93,111.335,110.66
QQQ,2016-07-12,111.49,111.79,111.34
QQQ,2016-07-13,111.22,111.82,111.21
QQQ,2016-07-14,111.98,112.19,111.7
QQQ,2016-07-15,111.8,112.3,111.55
QQQ,2016-07-18,112.54,112.74,111.85
QQQ,2016-07-19,112.13,112.48,111.93
QQQ,2016-07-20,113.44,113.65,112.6
QQQ,2016-07-21,113.18,113.74,112.87
QQQ,2016-07-22,113.65,113.78,112.911
QQQ,2016-07-25,113.66,113.69,113.28
QQQ,2016-07-26,113.79,114.2,113.22
QQQ,2016-07-27,114.58,114.88,114.1
QQQ,2016-07-28,114.98,115.11,114.4
QQQ,2016-07-29,115.23,115.54,114.87
QQQ,2016-08-01,115.84,118.7799,115.17
QQQ,2016-08-02,114.96,115.77,114.22
QQQ,2016-08-03,115.34,115.35,114.8005
QQQ,2016-08-04,115.67,115.78,115.03
QQQ,2016-08-05,116.78,117.04,116.13
QQQ,2016-08-08,116.65,116.87,116.28
QQQ,2016-08-09,116.92,117.29,116.67
QQQ,2016-08-10,116.62,117.02,116.31
QQQ,2016-08-11,117.12,117.37,116.78
QQQ,2016-08-12,117.2,117.21,116.79
QQQ,2016-08-15,117.7,117.97,117.31
QQQ,2016-08-16,117.05,117.49,117.03
QQQ,2016-08-17,117.26,117.3,116.43
QQQ,2016-08-18,117.29,117.46,116.945
QQQ,2016-08-19,117.26,117.52,116.76
QQQ,2016-08-22,117.35,117.55,116.87
QQQ,2016-08-23,117.56,118.0095,117.51
QQQ,2016-08-24,116.8,117.64,116.41
QQQ,2016-08-25,116.61,116.97,116.36
QQQ,2016-08-26,116.78,117.54,116.08
QQQ,2016-08-29,116.94,117.251,116.79
QQQ,2016-08-30,116.56,117.09,116.16
QQQ,2016-08-31,116.44,116.56,115.95
QQQ,2016-09-01,116.74,116.88,115.91
QQQ,2016-09-02,117.12,117.56,116.68
QQQ,2016-09-06,117.85,117.85,117.06
QQQ,2016-09-07,117.92,118.12,117.47
QQQ,2016-09-08,117.23,117.6,116.92
QQQ,2016-09-09,114.28,116.51,114.26
QQQ,2016-09-12,116.33,116.49,113.63
QQQ,2016-09-13,115.29,116.09,114.73
QQQ,2016-09-14,115.84,116.47,115.38
QQQ,2016-09-15,117.64,117.815,115.86
QQQ,2016-09-16,117.29,117.412,116.71
QQQ,2016-09-19,116.78,117.95,116.55
QQQ,2016-09-20,117.0,117.48,116.8
QQQ,2016-09-21,118.15,118.32,116.81
QQQ,2016-09-22,119.09,119.22,118.7177
QQQ,2016-09-23,118.33,119.0,118.16
QQQ,2016-09-26,117.34,117.8,117.17
QQQ,2016-09-27,118.5,118.5552,117.15
QQQ,2016-09-28,118.7,118.77,118.09
QQQ,2016-09-29,117.84,118.72,117.3338
QQQ,2016-09-30,118.72,119.07,118.03
QQQ,2016-10-03,118.55,118.7,118.09
QQQ,2016-10-04,118.37,119.16,117.92
QQQ,2016-10-05,118.79,119.17,118.67
QQQ,2016-10-06,118.73,118.981,118.15
QQQ,2016-10-07,118.47,119.01,117.89
QQQ,2016-10-10,119.22,119.48,119.03
QQQ,2016-10-11,117.52,119.14,117.0
QQQ,2016-10-12,117.42,117.82,117.06
QQQ,2016-10-13,117.0,117.32,115.94
QQQ,2016-10-14,117.14,118.05,117.07
QQQ,2016-10-17,116.82,117.3,116.672
QQQ,2016-10-18,117.86,118.41,117.8
QQQ,2016-10-19,117.85,118.02,117.64
QQQ,2016-10-20,117.71,117.97,117.03
QQQ,2016-10-21,118.15,118.22,117.41
QQQ,2016-10-24,119.57,119.65,118.8918
QQQ,2016-10-25,119.19,119.66,119.01
QQQ,2016-10-26,118.38,119.03,118.03
QQQ,2016-10-27,117.84,118.99,117.67
QQQ,2016-10-28,117.1,118.11,116.74
QQQ,2016-10-31,116.99,117.53,116.93
QQQ,2016-11-01,116.11,117.21,115.1047
QQQ,2016-11-02,115.18,116.3,114.89
QQQ,2016-11-03,114.05,115.37,113.92
QQQ,2016-11-04,113.65,114.54,113.45
QQQ,2016-11-07,116.35,116.47,115.3
QQQ,2016-11-08,117.11,117.64,115.96
QQQ,2016-11-09,117.65,117.84,115.6
QQQ,2016-11-10,115.75,118.38,114.195
QQQ,2016-11-11,115.8,116.05,114.84
QQQ,2016-11-14,114.63,115.94,114.03
QQQ,2016-11-15,116.22,116.62,115.33
QQQ,2016-11-16,116.91,116.9932,115.67
QQQ,2016-11-17,117.76,117.78,116.61
QQQ,2016-11-18,117.32,118.1,117.21
QQQ,2016-11-21,118.54,118.65,117.57
QQQ,2016-11-22,118.9,119.19,118.61
QQQ,2016-11-23,118.42,118.64,117.9
QQQ,2016-11-25,118.8,118.85,118.42
QQQ,2016-11-28,118.53,119.08,118.4101
QQQ,2016-11-29,118.94,119.51,118.3
QQQ,2016-11-30,117.5,119.1335,117.46
QQQ,2016-12-01,115.47,117.47,115.29
QQQ,2016-12-02,115.7,116.16,115.22
QQQ,2016-12-05,116.6,117.06,115.77
QQQ,2016-12-06,116.88,117.08,116.39
QQQ,2016-12-07,118.36,118.51,116.2919
QQQ,2016-12-08,118.57,118.87,118.18
QQQ,2016-12-09,119.5,119.5402,119.0
QQQ,2016-12-12,118.96,119.21,118.47
QQQ,2016-12-13,120.46,121.11,119.32
QQQ,2016-12-14,120.21,121.0,119.86
QQQ,2016-12-15,120.4,121.11,120.08
QQQ,2016-12-16,119.6,120.5817,119.36
QQQ,2016-12-19,120.09,120.83,119.55
QQQ,2016-12-20,120.55,120.77,120.33
QQQ,2016-12-21,120.46,120.68,120.19
QQQ,2016-12-22,120.12,120.5,119.65
QQQ,2016-12-23,120.2,120.25,119.81
QQQ,2016-12-27,120.82,121.52,120.41
QQQ,2016-12-28,119.88,121.19,119.795
QQQ,2016-12-29,119.71,120.13,119.33
QQQ,2016-12-30,118.48,119.95,118.14
QQQ,2017-01-03,119.54,119.99,118.89
QQQ,2017-01-04,120.19,120.41,119.6561
QQQ,2017-01-05,120.87,120.95,120.1
QQQ,2017-01-06,121.93,122.25,120.685
QQQ,2017-01-09,122.33,122.55,121.95
QQQ,2017-01-10,122.6,122.97,122.1
QQQ,2017-01-11,122.93,122.93,122.02
QQQ,2017-01-12,122.74,122.819,121.6
QQQ,2017-01-13,123.16,123.37,122.8
QQQ,2017-01-17,122.79,123.03,122.4342
QQQ,2017-01-18,123.04,123.16,122.66
QQQ,2017-01-19,122.98,123.65,122.72
QQQ,2017-01-20,123.25,123.83,122.92
QQQ,2017-01-23,123.35,123.53,122.57
QQQ,2017-01-24,124.18,124.37,123.3847
QQQ,2017-01-25,125.43,125.46,124.85
QQQ,2017-01-26,125.56,125.82,125.3438
QQQ,2017-01-27,125.8,125.9211,125.39
QQQ,2017-01-30,124.82,125.38,124.13
QQQ,2017-01-31,124.57,124.6,123.85
QQQ,2017-02-01,125.43,125.68,124.86
QQQ,2017-02-02,125.32,125.7,124.86
QQQ,2017-02-03,125.68,125.81,125.33
QQQ,2017-02-06,125.83,125.85,125.35
QQQ,2017-02-07,126.29,126.55,125.97
QQQ,2017-02-08,126.5,126.68,125.88
QQQ,2017-02-09,126.96,127.24,126.56
QQQ,2017-02-10,127.38,127.56,127.02
QQQ,2017-02-13,128.1,128.26,127.7199
QQQ,2017-02-14,128.53,128.535,127.74
QQQ,2017-02-15,129.29,129.35,128.37
QQQ,2017-02-16,129.25,129.63,128.92
QQQ,2017-02-17,129.81,129.82,129.04
QQQ,2017-02-21,130.45,130.53,129.99
QQQ,2017-02-22,130.5,130.59,130.111
QQQ,2017-02-23,130.01,130.7,129.49
QQQ,2017-02-24,130.26,130.26,129.38
QQQ,2017-02-27,130.42,130.43,129.8
QQQ,2017-02-28,130.02,130.45,129.66
QQQ,2017-03-01,131.44,131.68,130.6
QQQ,2017-03-02,130.78,131.43,130.62
QQQ,2017-03-03,131.02,131.06,130.341
QQQ,2017-03-06,130.73,130.95,130.21
QQQ,2017-03-07,130.51,131.08,130.28
QQQ,2017-03-08,130.74,131.15,130.46
QQQ,2017-03-09,130.84,131.02,130.14
QQQ,2017-03-10,131.39,131.6,130.82
QQQ,2017-03-13,131.61,131.64,131.27
QQQ,2017-03-14,131.29,131.36,130.76
QQQ,2017-03-15,132.1,132.405,131.14
QQQ,2017-03-16,132.01,132.35,131.71
QQQ,2017-03-17,131.69,132.04,131.62
QQQ,2017-03-20,131.81,132.11,131.4601
QQQ,2017-03-21,129.81,132.43,129.73
QQQ,2017-03-22,130.69,130.82,129.68
QQQ,2017-03-23,130.36,130.88,130.14
QQQ,2017-03-24,130.63,131.29,130.13
QQQ,2017-03-27,130.84,131.07,129.4
QQQ,2017-03-28,131.64,132.03,130.55
QQQ,2017-03-29,132.25,132.3,131.59
QQQ,2017-03-30,132.47,132.61,132.08
QQQ,2017-03-31,132.38,132.74,132.125
QQQ,2017-04-03,132.3,132.81,131.56
QQQ,2017-04-04,132.51,132.53,131.87
QQQ,2017-04-05,131.97,133.48,131.72
QQQ,2017-04-06,132.04,132.39,131.7
QQQ,2017-04-07,131.97,132.37,131.5
QQQ,2017-04-10,132.02,132.565,131.6564
QQQ,2017-04-11,131.45,132.095,130.5
QQQ,2017-04-12,130.92,131.54,130.78
QQQ,2017-04-13,130.4,131.51,130.38
QQQ,2017-04-17,131.48,131.5,130.72
QQQ,2017-04-18,131.28,131.66,130.95
QQQ,2017-04-19,131.49,132.29,131.31
QQQ,2017-04-20,132.59,132.88,131.82
QQQ,2017-04-21,132.56,132.76,132.22
QQQ,2017-04-24,134.16,134.285,133.8042
QQQ,2017-04-25,135.13,135.3664,134.48
QQQ,2017-04-26,134.94,135.51,134.86
QQQ,2017-04-27,135.75,135.75,135.19
QQQ,2017-04-28,135.99,136.34,135.77
QQQ,2017-05-01,137.2,137.38,136.38
QQQ,2017-05-02,137.43,137.49,137.02
QQQ,2017-05-03,136.99,137.17,136.615
QQQ,2017-05-04,137.04,137.43,136.56
QQQ,2017-05-05,137.54,137.54,136.88
QQQ,2017-05-08,137.84,137.84,137.33
QQQ,2017-05-09,138.32,138.628,137.93
QQQ,2017-05-10,138.4,138.45,137.91
QQQ,2017-05-11,138.29,138.33,137.38
QQQ,2017-05-12,138.6,138.63,138.23
QQQ,2017-05-15,139.04,139.12,138.53
QQQ,2017-05-16,139.62,139.64,138.99
QQQ,2017-05-17,136.07,138.77,136.05
QQQ,2017-05-18,137.26,137.72,135.87
QQQ,2017-05-19,137.84,138.42,137.66
QQQ,2017-05-22,139.0,139.075,138.0967
QQQ,2017-05-23,139.14,139.42,138.7801
QQQ,2017-05-24,139.78,139.85,139.17
QQQ,2017-05-25,140.97,141.33,140.01
QQQ,2017-05-26,141.22,141.28,140.81
QQQ,2017-05-30,141.34,141.505,141.06
QQQ,2017-05-31,141.29,141.84,140.57
QQQ,2017-06-01,141.84,141.9,140.98
QQQ,2017-06-02,143.46,143.49,142.11
QQQ,2017-06-05,143.43,143.68,143.23
QQQ,2017-06-06,142.86,143.73,142.65
QQQ,2017-06-07,143.42,143.54,142.6
QQQ,2017-06-08,143.57,143.8,142.79
QQQ,2017-06-09,139.98,143.9,138.11
QQQ,2017-06-12,139.23,139.48,137.47
QQQ,2017-06-13,140.36,140.56,139.28
QQQ,2017-06-14,139.75,140.93,138.62
QQQ,2017-06-15,139.13,139.28,137.49
QQQ,2017-06-16,138.15,138.777,137.638
QQQ,2017-06-19,140.46,140.59,139.28
QQQ,2017-06-20,139.36,140.5,139.31
QQQ,2017-06-21,140.74,140.81,139.59
QQQ,2017-06-22,140.7,141.22,140.34
QQQ,2017-06-23,141.24,141.42,140.15
QQQ,2017-06-26,140.58,142.29,140.27
QQQ,2017-06-27,138.03,140.22,138.02
QQQ,2017-06-28,140.02,140.14,137.74
QQQ,2017-06-29,137.59,139.44,136.25
QQQ,2017-06-30,137.64,138.6687,137.19
QQQ,2017-07-03,136.19,138.43,136.1
QQQ,2017-07-05,137.53,137.9,136.16
QQQ,2017-07-06,136.29,137.06,135.8
QQQ,2017-07-07,137.76,138.13,136.74
QQQ,2017-07-10,138.66,138.985,137.5
QQQ,2017-07-11,139.05,139.22,137.94
QQQ,2017-07-12,140.7,140.86,139.955
QQQ,2017-07-13,141.01,141.35,140.6
QQQ,2017-07-14,142.12,142.3,141.19
QQQ,2017-07-17,142.19,142.69,141.92
QQQ,2017-07-18,143.14,143.17,141.64
QQQ,2017-07-19,143.98,144.19,143.5
QQQ,2017-07-20,144.17,144.44,143.52
QQQ,2017-07-21,144.11,144.11,143.35
QQQ,2017-07-24,144.77,144.87,143.92
QQQ,2017-07-25,144.4,144.74,144.01
QQQ,2017-07-26,144.87,144.95,144.53
QQQ,2017-07-27,143.96,145.96,142.3
QQQ,2017-07-28,143.84,144.0752,142.87
QQQ,2017-07-31,143.23,144.43,142.92
QQQ,2017-08-01,143.56,143.76,143.12
QQQ,2017-08-02,143.95,144.52,142.61
QQQ,2017-08-03,143.39,144.17,143.13
QQQ,2017-08-04,143.65,143.97,143.06
QQQ,2017-08-07,144.56,144.56,143.71
QQQ,2017-08-08,144.31,145.47,143.9
QQQ,2017-08-09,144.12,144.19,142.795
QQQ,2017-08-10,141.03,143.4,140.89
QQQ,2017-08-11,142.1,142.41,140.9
QQQ,2017-08-14,143.93,144.15,143.19
QQQ,2017-08-15,144.03,144.302,143.64
QQQ,2017-08-16,144.28,144.96,143.8007
QQQ,2017-08-17,141.33,143.94,141.33
QQQ,2017-08-18,141.23,142.2,140.65
QQQ,2017-08-21,141.05,141.53,140.18
QQQ,2017-08-22,143.2,143.35,141.76
QQQ,2017-08-23,142.69,143.01,142.38
QQQ,2017-08-24,142.27,143.17,141.47
QQQ,2017-08-25,141.97,143.18,141.78
QQQ,2017-08-28,142.41,142.74,141.9501
QQQ,2017-08-29,142.97,143.21,141.06
QQQ,2017-08-30,144.65,144.89,143.0
QQQ,2017-08-31,146.2,146.21,144.98
QQQ,2017-09-01,146.0,146.585,145.61
QQQ,2017-09-05,144.69,145.88,143.6
QQQ,2017-09-06,145.13,145.46,144.08
QQQ,2017-09-07,145.47,145.84,144.94
QQQ,2017-09-08,144.21,145.35,144.06
QQQ,2017-09-11,145.87,146.12,145.3
QQQ,2017-09-12,146.22,146.41,145.53
QQQ,2017-09-13,146.42,146.44,145.73
QQQ,2017-09-14,145.56,146.2869,145.47
QQQ,2017-09-15,146.06,146.59,145.29
QQQ,2017-09-18,145.55,146.37,145.11
QQQ,2017-09-19,145.8,146.01,145.31
QQQ,2017-09-20,145.35,145.91,144.23
QQQ,2017-09-21,144.46,145.26,143.95
QQQ,2017-09-22,144.32,144.53,143.855
QQQ,2017-09-25,142.8,143.8299,142.1
QQQ,2017-09-26,143.17,143.8,142.67
QQQ,2017-09-27,144.46,145.0,143.57
QQQ,2017-09-28,144.41,144.5566,143.78
QQQ,2017-09-29,145.45,145.555,144.32
QQQ,2017-10-02,145.58,146.17,144.93
QQQ,2017-10-03,145.89,146.06,145.45
QQQ,2017-10-04,146.03,146.34,145.47
QQQ,2017-10-05,147.46,147.54,146.4063
QQQ,2017-10-06,147.66,147.66,146.96
QQQ,2017-10-09,147.49,148.0093,147.3
QQQ,2017-10-10,147.6,148.14,146.95
QQQ,2017-10-11,148.04,148.07,147.34
QQQ,2017-10-12,147.77,148.355,147.615
QQQ,2017-10-13,148.34,148.51,147.7772
QQQ,2017-10-16,148.85,148.89,148.3928
QQQ,2017-10-17,149.04,149.06,148.57
QQQ,2017-10-18,148.86,149.21,148.64
QQQ,2017-10-19,148.31,148.33,147.27
QQQ,2017-10-20,148.71,149.04,148.53
QQQ,2017-10-23,147.74,149.03,147.53
QQQ,2017-10-24,147.99,148.3,147.44
QQQ,2017-10-25,147.43,148.18,146.33
QQQ,2017-10-26,146.96,147.705,146.92
QQQ,2017-10-27,151.24,151.52,149.2
QQQ,2017-10-30,151.58,152.19,150.9899
QQQ,2017-10-31,152.15,152.37,151.63
QQQ,2017-11-01,152.1,152.83,151.5
QQQ,2017-11-02,151.81,151.99,150.77
QQQ,2017-11-03,153.27,153.29,151.84
QQQ,2017-11-06,153.79,153.85,153.1
QQQ,2017-11-07,153.88,154.0823,153.34
QQQ,2017-11-08,154.5,154.54,153.62
QQQ,2017-11-09,153.69,153.77,152.11
QQQ,2017-11-10,153.68,153.8,153.06
QQQ,2017-11-13,153.87,154.0693,153.1
QQQ,2017-11-14,153.31,153.5,152.57
QQQ,2017-11-15,152.59,153.0,151.78
QQQ,2017-11-16,154.54,154.89,153.33
QQQ,2017-11-17,153.95,154.69,153.8
QQQ,2017-11-20,153.83,154.2,153.61
QQQ,2017-11-21,155.5,155.57,154.485
QQQ,2017-11-22,155.69,155.84,155.341
QQQ,2017-11-24,156.26,156.31,155.76
QQQ,2017-11-27,156.19,156.56,155.83
QQQ,2017-11-28,156.59,156.69,155.7
QQQ,2017-11-29,153.86,156.45,153.12
QQQ,2017-11-30,155.15,155.45,154.145
QQQ,2017-12-01,154.49,155.24,152.26
QQQ,2017-12-04,152.71,155.625,152.56
QQQ,2017-12-05,152.81,154.55,152.1
QQQ,2017-12-06,153.5,153.735,152.06
QQQ,2017-12-07,154.02,154.46,153.33
QQQ,2017-12-08,154.7,155.53,154.46
QQQ,2017-12-11,155.9,155.95,154.76
QQQ,2017-12-12,155.69,156.15,155.36
QQQ,2017-12-13,155.99,156.49,155.76
QQQ,2017-12-14,155.88,156.66,155.71
QQQ,2017-12-15,157.65,157.82,156.23
QQQ,2017-12-18,158.64,158.77,158.07
QQQ,2017-12-19,157.7,158.5,157.26
QQQ,2017-12-20,157.53,158.28,156.91
QQQ,2017-12-21,157.55,158.25,157.37
QQQ,2017-12-22,157.37,157.432,156.95
QQQ,2017-12-26,156.52,156.72,155.95
QQQ,2017-12-27,156.54,156.96,156.39
QQQ,2017-12-28,156.73,157.0653,156.54
QQQ,2017-12-29,155.76,156.9,155.7
QQQ,2018-01-02,158.49,158.525,156.17
QQQ,2018-01-03,160.03,160.17,158.61
QQQ,2018-01-04,160.31,160.79,160.0825
QQQ,2018-01-05,161.92,162.03,160.77
QQQ,2018-01-08,162.55,162.63,161.86
QQQ,2018-01-09,162.56,163.04,162.07
QQQ,2018-01-10,162.18,162.21,161.12
QQQ,2018-01-11,163.29,163.3,162.21
QQQ,2018-01-12,164.49,164.66,162.94
QQQ,2018-01-16,164.02,166.415,163.53
QQQ,2018-01-17,165.79,166.04,163.9982
QQQ,2018-01-18,165.82,166.1999,165.135
QQQ,2018-01-19,166.34,166.61,165.535
QQQ,2018-01-22,168.12,168.12,166.09
QQQ,2018-01-23,169.51,169.66,168.555
QQQ,2018-01-24,168.41,170.24,167.44
QQQ,2018-01-25,168.35,169.63,167.81
QQQ,2018-01-26,170.93,170.952,168.96
QQQ,2018-01-29,170.1,170.91,169.74
QQQ,2018-01-30,168.7,169.42,167.82
QQQ,2018-01-31,169.4,169.9899,168.34
QQQ,2018-02-01,167.96,169.73,167.42
QQQ,2018-02-02,164.61,167.7,164.47
QQQ,2018-02-05,158.12,165.75,158.0
QQQ,2018-02-06,162.31,162.51,155.1
QQQ,2018-02-07,160.21,163.55,160.2
QQQ,2018-02-08,153.45,160.8,153.45
QQQ,2018-02-09,156.1,157.24,150.125
QQQ,2018-02-12,158.87,159.95,156.46
QQQ,2018-02-13,159.69,160.01,157.7197
QQQ,2018-02-14,162.68,162.93,158.0
QQQ,2018-02-15,165.7,165.7,162.44
QQQ,2018-02-16,164.96,166.755,164.6799
QQQ,2018-02-20,165.29,166.68,164.31
QQQ,2018-02-21,164.82,167.72,164.72
QQQ,2018-02-22,164.8,166.42,164.3769
QQQ,2018-02-23,168.17,168.17,165.45
QQQ,2018-02-26,170.4,170.4,168.82
QQQ,2018-02-27,168.29,170.73,168.21
QQQ,2018-02-28,167.21,169.8,167.1
QQQ,2018-03-01,164.48,168.07,163.001
QQQ,2018-03-02,165.99,166.28,161.96
QQQ,2018-03-05,167.83,168.26,164.59
QQQ,2018-03-06,168.54,169.11,167.48
QQQ,2018-03-07,168.93,169.07,166.96
QQQ,2018-03-08,169.86,169.98,168.95
QQQ,2018-03-09,173.16,173.16,170.82
QQQ,2018-03-12,174.08,174.48,173.28
QQQ,2018-03-13,171.71,175.21,171.2666
QQQ,2018-03-14,171.68,172.74,170.93
QQQ,2018-03-15,171.53,172.53,170.9
QQQ,2018-03-16,171.02,172.2,170.935
QQQ,2018-03-19,167.1,169.22,165.6393
QQQ,2018-03-20,167.65,168.04,166.61
QQQ,2018-03-21,166.92,168.76,166.19
QQQ,2018-03-22,162.8,165.77,162.59
QQQ,2018-03-23,158.51,163.3,158.43
QQQ,2018-03-26,164.4,164.6,159.16
QQQ,2018-03-27,159.08,165.62,157.68
QQQ,2018-03-28,157.25,159.78,156.04
QQQ,2018-03-29,160.13,161.71,156.6338
QQQ,2018-04-02,155.51,159.74,153.88
QQQ,2018-04-03,157.26,157.92,154.44
QQQ,2018-04-04,159.74,160.23,154.04
QQQ,2018-04-05,160.65,161.58,159.48
QQQ,2018-04-06,156.63,160.4601,155.88
QQQ,2018-04-09,157.73,160.88,157.46
QQQ,2018-04-10,161.21,161.73,159.07
QQQ,2018-04-11,160.28,162.0,160.1
QQQ,2018-04-12,162.21,162.77,161.16
QQQ,2018-04-13,161.37,163.26,160.67
QQQ,2018-04-16,162.6,163.19,161.48
QQQ,2018-04-17,166.1,166.4592,163.91
QQQ,2018-04-18,166.44,167.0,165.31
QQQ,2018-04-19,164.91,165.99,164.34
QQQ,2018-04-20,162.3,164.61,161.73
QQQ,2018-04-23,161.89,163.73,161.02
QQQ,2018-04-24,158.46,162.905,157.39
QQQ,2018-04-25,158.65,159.31,156.47
QQQ,2018-04-26,161.99,162.53,160.18
QQQ,2018-04-27,162.09,164.41,161.17
QQQ,2018-04-30,160.94,163.48,160.54
QQQ,2018-05-01,162.78,162.8,160.14
QQQ,2018-05-02,161.82,163.57,161.63
QQQ,2018-05-03,161.8,162.4,159.22
QQQ,2018-05-04,164.87,165.25,160.98
QQQ,2018-05-07,166.24,166.78,165.51
QQQ,2018-05-08,166.07,166.43,164.86
QQQ,2018-05-09,167.88,168.0,165.78
QQQ,2018-05-10,169.62,169.74,168.29
QQQ,2018-05-11,169.46,169.86,168.72
QQQ,2018-05-14,169.75,170.82,169.47
QQQ,2018-05-15,167.87,168.5,166.98
QQQ,2018-05-16,168.98,169.37,168.01
QQQ,2018-05-17,168.33,169.61,167.51
QQQ,2018-05-18,167.46,168.26,167.21
QQQ,2018-05-21,168.4,169.5,167.68
QQQ,2018-05-22,168.18,169.45,167.88
QQQ,2018-05-23,169.6,169.62,166.88
QQQ,2018-05-24,169.55,169.85,167.84
QQQ,2018-05-25,169.72,170.33,169.21
QQQ,2018-05-29,168.97,169.92,167.96
QQQ,2018-05-30,170.18,170.48,169.22
QQQ,2018-05-31,170.07,171.2,169.63
QQQ,2018-06-01,172.74,172.84,170.87
QQQ,2018-06-04,174.3,174.34,173.07
QQQ,2018-06-05,174.84,175.13,174.065
QQQ,2018-06-06,175.86,175.89,174.14
QQQ,2018-06-07,174.43,175.93,173.55
QQQ,2018-06-08,174.44,174.8803,173.18
QQQ,2018-06-11,174.91,175.34,174.28
QQQ,2018-06-12,175.83,176.0,174.96
QQQ,2018-06-13,175.82,177.14,175.43
QQQ,2018-06-14,177.6,177.89,176.5
QQQ,2018-06-15,176.98,177.325,176.11
QQQ,2018-06-18,176.5,176.65,174.94
QQQ,2018-06-19,176.0,176.04,173.71
QQQ,2018-06-20,177.25,177.98,176.65
QQQ,2018-06-21,175.71,177.88,175.37
QQQ,2018-06-22,175.32,176.369,174.69
QQQ,2018-06-25,171.37,173.99,169.81
QQQ,2018-06-26,172.07,173.0585,171.37
QQQ,2018-06-27,169.73,173.58,169.61
QQQ,2018-06-28,171.19,171.77,169.17
QQQ,2018-06-29,171.65,172.92,171.395
QQQ,2018-07-02,172.8,172.85,169.67
QQQ,2018-07-03,170.8,173.45,170.63
QQQ,2018-07-05,172.92,173.06,171.03
QQQ,2018-07-06,175.61,175.74,173.0
QQQ,2018-07-09,177.19,177.23,175.82
QQQ,2018-07-10,177.32,177.72,176.71
QQQ,2018-07-11,176.42,177.07,175.8
QQQ,2018-07-12,179.46,179.46,177.08
QQQ,2018-07-13,179.61,179.9,178.95
QQQ,2018-07-16,179.18,179.95,178.88
QQQ,2018-07-17,180.27,180.65,177.28
QQQ,2018-07-18,179.93,180.44,179.38
QQQ,2018-07-19,179.03,179.88,178.82
QQQ,2018-07-20,178.99,180.17,178.79
QQQ,2018-07-23,179.56,179.64,177.74
QQQ,2018-07-24,180.3,182.05,179.56
QQQ,2018-07-25,182.82,182.93,180.29
QQQ,2018-07-26,180.05,180.92,179.81
QQQ,2018-07-27,177.62,181.31,176.6
QQQ,2018-07-30,175.11,177.73,174.27
QQQ,2018-07-31,176.45,177.13,174.82
QQQ,2018-08-01,177.12,177.65,176.0967
QQQ,2018-08-02,179.53,179.74,175.79
QQQ,2018-08-03,180.08,180.09,179.08
QQQ,2018-08-06,181.14,181.19,179.74
QQQ,2018-08-07,181.8,182.14,181.26
QQQ,2018-08-08,182.02,182.35,181.06
QQQ,2018-08-09,181.91,182.63,181.64
QQQ,2018-08-10,180.52,181.22,179.84
QQQ,2018-08-13,180.32,182.01,180.241
QQQ,2018-08-14,181.45,181.66,180.04
QQQ,2018-08-15,179.23,180.58,178.12
QQQ,2018-08-16,179.82,180.99,179.47
QQQ,2018-08-17,179.86,180.31,178.2679
QQQ,2018-08-20,179.7,180.3251,179.0
QQQ,2018-08-21,180.36,181.44,180.13
QQQ,2018-08-22,181.06,181.27,179.75
QQQ,2018-08-23,180.8,182.045,180.5
QQQ,2018-08-24,182.48,182.63,181.36
QQQ,2018-08-27,184.34,184.34,183.11
QQQ,2018-08-28,184.61,185.02,184.22
QQQ,2018-08-29,186.74,186.84,184.86
QQQ,2018-08-30,186.41,187.5199,185.79
QQQ,2018-08-31,186.65,187.18,185.98
QQQ,2018-09-04,185.85,186.4,184.85
QQQ,2018-09-05,183.45,185.55,182.82
QQQ,2018-09-06,181.81,183.75,180.58
QQQ,2018-09-07,181.11,182.67,180.44
QQQ,2018-09-10,181.72,182.25,180.725
QQQ,2018-09-11,183.12,183.42,180.52
QQQ,2018-09-12,182.58,182.98,181.01
QQQ,2018-09-13,184.53,184.88,183.6401
QQQ,2018-09-14,183.99,184.945,183.26
QQQ,2018-09-17,181.34,183.81,181.17
QQQ,2018-09-18,182.84,183.73,181.4
QQQ,2018-09-19,182.7,183.3,181.51
QQQ,2018-09-20,184.72,184.97,183.5199
QQQ,2018-09-21,183.71,185.48,183.48
QQQ,2018-09-24,183.89,183.96,181.3
QQQ,2018-09-25,184.14,184.28,183.18
QQQ,2018-09-26,184.27,185.99,183.905
QQQ,2018-09-27,185.83,186.49,184.92
QQQ,2018-09-28,185.79,186.28,184.97
QQQ,2018-10-01,186.17,187.53,185.7
QQQ,2018-10-02,185.75,187.175,185.32
QQQ,2018-10-03,185.95,186.97,185.66
QQQ,2018-10-04,182.38,185.32,181.06
QQQ,2018-10-05,180.15,182.97,178.43
QQQ,2018-10-08,179.05,180.6427,176.93
QQQ,2018-10-09,179.63,181.02,178.75
QQQ,2018-10-10,171.73,178.62,171.5
QQQ,2018-10-11,169.6,173.4,167.81
QQQ,2018-10-12,174.32,174.86,170.9328
QQQ,2018-10-15,172.21,174.04,171.56
QQQ,2018-10-16,177.22,177.65,173.7
QQQ,2018-10-17,177.29,178.2585,175.47
QQQ,2018-10-18,173.18,176.68,172.44
QQQ,2018-10-19,173.02,176.07,172.39
QQQ,2018-10-22,173.91,175.2485,172.59
QQQ,2018-10-23,173.27,174.13,168.82
QQQ,2018-10-24,165.34,173.36,165.04
QQQ,2018-10-25,171.06,172.08,167.16
QQQ,2018-10-26,166.66,169.96,164.23
QQQ,2018-10-29,163.23,169.86,160.09
QQQ,2018-10-30,165.92,166.035,162.015
QQQ,2018-10-31,169.82,171.25,168.54
QQQ,2018-11-01,172.06,172.24,168.78
QQQ,2018-11-02,169.38,172.55,168.22
QQQ,2018-11-05,168.96,169.66,167.08
QQQ,2018-11-06,170.24,171.19,168.72
QQQ,2018-11-07,175.58,175.58,171.87
QQQ,2018-11-08,174.46,175.302,173.63
QQQ,2018-11-09,171.52,173.25,170.16
QQQ,2018-11-12,166.33,170.64,166.18
QQQ,2018-11-13,166.47,169.48,166.0
QQQ,2018-11-14,165.2,168.7,164.25
QQQ,2018-11-15,168.09,168.54,163.46
QQQ,2018-11-16,167.5,168.31,165.78
QQQ,2018-11-19,162.06,166.9,161.54
QQQ,2018-11-20,159.16,161.38,157.13
QQQ,2018-11-21,160.37,161.97,159.2323
QQQ,2018-11-23,159.21,160.84,159.09
QQQ,2018-11-26,162.89,162.97,160.76
QQQ,2018-11-27,163.44,163.85,161.18
QQQ,2018-11-28,168.7,168.7,163.4719
QQQ,2018-11-29,168.15,169.26,166.82
QQQ,2018-11-30,169.37,169.47,167.54
QQQ,2018-12-03,172.33,173.31,169.5101
QQQ,2018-12-04,165.72,171.91,165.52
QQQ,2018-12-06,166.89,166.91,161.77
QQQ,2018-12-07,161.38,167.12,160.86
QQQ,2018-12-10,163.07,163.78,159.41
QQQ,2018-12-11,163.61,165.77,162.23
QQQ,2018-12-12,165.05,167.6,164.96
QQQ,2018-12-13,165.1,166.82,164.03
QQQ,2018-12-14,161.08,163.81,160.7
QQQ,2018-12-17,157.43,161.67,156.17
QQQ,2018-12-18,158.42,159.95,157.04
QQQ,2018-12-19,154.53,160.72,153.34
QQQ,2018-12-20,152.29,155.87,150.39
QQQ,2018-12-21,147.57,154.09,146.72
QQQ,2018-12-24,143.5,147.98,143.46
QQQ,2018-12-26,152.46,152.54,144.09
QQQ,2018-12-27,153.05,153.18,147.08
QQQ,2018-12-28,152.97,155.59,151.72
QQQ,2018-12-31,154.26,154.98,152.71
QQQ,2019-01-02,154.88,155.75,150.88
QQQ,2019-01-03,149.82,153.26,149.49
QQQ,2019-01-04,156.23,157.0,151.74
QQQ,2019-01-07,158.09,158.86,156.11
QQQ,2019-01-08,159.52,160.11,157.2
QQQ,2019-01-09,160.82,161.5229,159.47
QQQ,2019-01-10,161.28,161.37,158.7
QQQ,2019-01-11,160.69,160.86,159.79
QQQ,2019-01-14,159.27,159.96,158.59
QQQ,2019-01-15,162.38,162.6,159.9096
QQQ,2019-01-16,162.35,163.78,162.29
QQQ,2019-01-17,163.63,164.36,161.57
QQQ,2019-01-18,165.25,166.02,163.82
QQQ,2019-01-22,161.94,164.14,160.76
QQQ,2019-01-23,162.15,163.51,160.32
QQQ,2019-01-24,163.2,163.44,162.0626
QQQ,2019-01-25,165.15,165.65,163.95
QQQ,2019-01-28,163.11,163.12,161.75
QQQ,2019-01-29,161.57,163.24,160.99
QQQ,2019-01-30,165.68,166.28,162.89
QQQ,2019-01-31,168.16,168.99,166.4701
QQQ,2019-02-01,167.45,168.6,166.99
QQQ,2019-02-04,169.53,169.53,167.33
QQQ,2019-02-05,171.03,171.23,169.69
QQQ,2019-02-06,170.52,171.37,169.75
QQQ,2019-02-07,168.23,169.4499,166.95
QQQ,2019-02-08,168.56,168.59,166.57
QQQ,2019-02-11,168.4,169.58,167.98
QQQ,2019-02-12,170.89,171.14,169.33
QQQ,2019-02-13,171.01,172.16,170.82
QQQ,2019-02-14,171.22,171.83,169.83
QQQ,2019-02-15,171.94,172.5623,171.1392
QQQ,2019-02-19,172.28,172.8,171.38
QQQ,2019-02-20,172.25,173.08,171.32
QQQ,2019-02-21,171.62,172.26,170.71
QQQ,2019-02-22,172.89,173.01,171.9
QQQ,2019-02-25,173.52,174.66,173.4
QQQ,2019-02-26,173.7,174.25,172.81
QQQ,2019-02-27,173.59,173.8,171.76
QQQ,2019-02-28,173.19,173.81,172.7
QQQ,2019-03-01,174.39,174.65,173.18
QQQ,2019-03-04,174.42,175.79,172.47
QQQ,2019-03-05,174.57,175.085,173.685
QQQ,2019-03-06,173.56,174.75,173.28
QQQ,2019-03-07,171.43,173.18,170.79
QQQ,2019-03-08,171.17,171.26,169.3375
QQQ,2019-03-11,174.73,174.85,171.85
QQQ,2019-03-12,175.72,176.14,174.7715
QQQ,2019-03-13,177.01,177.93,176.35
QQQ,2019-03-14,176.71,177.34,176.66
QQQ,2019-03-15,178.35,178.88,177.28
QQQ,2019-03-18,178.45,178.99,177.5915
QQQ,2019-03-19,179.05,180.0,178.29
QQQ,2019-03-20,179.76,180.86,178.24
QQQ,2019-03-21,182.56,182.83,179.2
QQQ,2019-03-22,178.56,182.27,178.37
QQQ,2019-03-25,178.22,178.84,176.93
QQQ,2019-03-26,179.04,180.69,178.14
QQQ,2019-03-27,177.91,179.72,176.6
QQQ,2019-03-28,178.31,178.98,177.24
QQQ,2019-03-29,179.69,179.83,178.59
QQQ,2019-04-01,182.04,182.26,180.77
QQQ,2019-04-02,182.73,182.905,181.78
QQQ,2019-04-03,183.78,184.92,183.2089
QQQ,2019-04-04,183.71,184.5,182.65
QQQ,2019-04-05,184.66,184.77,184.0183
QQQ,2019-04-08,185.14,185.28,183.63
QQQ,2019-04-09,184.48,185.11,184.09
QQQ,2019-04-10,185.47,185.53,184.52
QQQ,2019-04-11,185.03,185.78,184.6899
QQQ,2019-04-12,185.83,185.95,185.0601
QQQ,2019-04-15,185.86,186.07,184.62
QQQ,2019-04-16,186.5,186.91,185.93
QQQ,2019-04-17,187.15,187.93,186.6
QQQ,2019-04-18,187.39,187.7905,186.29
QQQ,2019-04-22,187.92,188.86,186.43
QQQ,2019-04-23,190.31,190.54,188.13
QQQ,2019-04-24,189.71,190.71,189.65
QQQ,2019-04-25,190.48,191.22,189.45
QQQ,2019-04-26,190.65,190.69,188.59
QQQ,2019-04-29,191.02,191.32,190.34
QQQ,2019-04-30,189.54,189.85,188.21
QQQ,2019-05-01,188.93,191.32,188.795
QQQ,2019-05-02,188.14,189.85,186.87
QQQ,2019-05-03,191.11,191.25,189.33
QQQ,2019-05-06,189.94,190.2,186.76
QQQ,2019-05-07,186.24,188.67,184.51
QQQ,2019-05-08,185.77,187.17,184.96
QQQ,2019-05-09,184.77,185.4121,182.09
QQQ,2019-05-10,185.0,185.89,181.0302
QQQ,2019-05-13,178.58,181.26,178.06
QQQ,2019-05-14,180.54,181.63,178.86
QQQ,2019-05-15,183.09,183.55,179.31
QQQ,2019-05-16,184.93,186.07,182.95
QQQ,2019-05-17,183.04,185.5813,182.88
QQQ,2019-05-20,179.95,181.1799,179.34
QQQ,2019-05-21,181.83,182.33,180.92
QQQ,2019-05-22,181.02,182.07,180.75
QQQ,2019-05-23,178.25,179.023,177.14
QQQ,2019-05-24,178.16,179.85,177.94
QQQ,2019-05-28,177.49,179.66,177.47
QQQ,2019-05-29,176.03,177.0,175.09
QQQ,2019-05-30,176.77,177.27,175.77
QQQ,2019-05-31,173.95,175.29,173.87
QQQ,2019-06-03,170.21,173.95,169.27
QQQ,2019-06-04,174.91,174.97,171.37
QQQ,2019-06-05,176.21,176.61,174.38
QQQ,2019-06-06,177.61,178.04,175.73
QQQ,2019-06-07,181.04,181.7666,178.33
QQQ,2019-06-10,183.15,184.85,182.21
QQQ,2019-06-11,183.39,185.4,182.78
QQQ,2019-06-12,182.34,183.28,182.0
QQQ,2019-06-13,183.42,183.87,182.74
QQQ,2019-06-14,182.64,183.11,181.94
QQQ,2019-06-17,183.74,184.25,182.835
QQQ,2019-06-18,186.41,187.72,185.4291
QQQ,2019-06-19,187.11,187.53,185.57
QQQ,2019-06-20,188.85,189.76,187.4401
QQQ,2019-06-21,188.6,189.77,188.1736
QQQ,2019-06-24,188.16,188.72,188.06
QQQ,2019-06-25,184.95,188.14,184.65
QQQ,2019-06-26,185.79,187.33,185.49
QQQ,2019-06-27,186.5,186.94,185.99
QQQ,2019-06-28,186.74,187.15,186.07
QQQ,2019-07-01,189.26,190.5699,188.38
QQQ,2019-07-02,190.01,190.03,188.66
QQQ,2019-07-03,191.44,191.44,190.29
QQQ,2019-07-05,191.05,191.4,189.39
QQQ,2019-07-08,189.71,189.87,188.93
QQQ,2019-07-09,190.66,190.9,188.65
QQQ,2019-07-10,192.56,193.09,191.47
QQQ,2019-07-11,192.42,193.34,191.81
QQQ,2019-07-12,193.53,193.54,192.45
QQQ,2019-07-15,194.15,194.19,193.44
QQQ,2019-07-16,193.15,194.09,192.56
QQQ,2019-07-17,192.2,193.49,192.18
QQQ,2019-07-18,192.42,192.79,190.69
QQQ,2019-07-19,191.01,193.83,190.81
QQQ,2019-07-22,192.53,192.94,191.44
QQQ,2019-07-23,193.79,193.81,192.29
QQQ,2019-07-24,195.15,195.16,193.03
QQQ,2019-07-25,193.3,194.52,192.93
QQQ,2019-07-26,195.29,195.55,194.43
QQQ,2019-07-29,194.62,195.18,193.39
QQQ,2019-07-30,193.78,194.54,192.99
QQQ,2019-07-31,191.1,194.43,189.32
QQQ,2019-08-01,190.15,194.98,189.23
QQQ,2019-08-02,187.35,188.99,186.21
QQQ,2019-08-05,180.73,183.51,179.2
QQQ,2019-08-06,183.26,183.8,181.07
QQQ,2019-08-07,184.25,184.51,179.89
QQQ,2019-08-08,188.26,188.32,184.57
QQQ,2019-08-09,186.49,188.0,185.03
QQQ,2019-08-12,184.35,185.9,183.5
QQQ,2019-08-13,188.39,189.68,184.02
QQQ,2019-08-14,182.76,185.95,182.42
QQQ,2019-08-15,182.55,183.59,181.16
QQQ,2019-08-16,185.48,185.95,184.1
QQQ,2019-08-19,188.43,188.83,187.5
QQQ,2019-08-20,186.97,188.635,186.92
QQQ,2019-08-21,188.63,189.23,187.96
QQQ,2019-08-22,188.02,189.46,186.54
QQQ,2019-08-23,182.07,188.45,181.56
QQQ,2019-08-26,184.82,184.87,183.08
QQQ,2019-08-27,184.43,186.42,183.71
QQQ,2019-08-28,185.09,185.4,182.91
QQQ,2019-08-29,187.92,188.4562,186.675
QQQ,2019-08-30,187.47,188.97,186.41
QQQ,2019-09-03,185.65,187.18,185.03
QQQ,2019-09-04,188.33,188.49,186.9
QQQ,2019-09-05,191.78,192.325,190.34
QQQ,2019-09-06,191.59,192.17,191.17
QQQ,2019-09-09,191.19,192.27,190.215
QQQ,2019-09-10,190.64,190.74,188.91
QQQ,2019-09-11,192.43,192.53,190.56
QQQ,2019-09-12,193.23,194.71,192.97
QQQ,2019-09-13,192.54,193.4,192.29
QQQ,2019-09-16,191.68,192.08,191.11
QQQ,2019-09-17,192.6,192.6,191.29
QQQ,2019-09-18,192.52,192.6,190.11
QQQ,2019-09-19,192.84,194.035,192.47
QQQ,2019-09-20,190.8,193.31,190.16
QQQ,2019-09-23,190.5,191.07,189.72
QQQ,2019-09-24,187.97,191.79,187.151
QQQ,2019-09-25,190.08,190.58,186.21
QQQ,2019-09-26,189.38,190.0,187.98
QQQ,2019-09-27,187.03,189.83,185.75
QQQ,2019-09-30,188.81,189.11,187.4
QQQ,2019-10-01,187.27,190.5898,186.955
QQQ,2019-10-02,184.05,186.03,183.02
QQQ,2019-10-03,186.07,186.2065,181.82
QQQ,2019-10-04,188.81,189.08,186.88
QQQ,2019-10-07,188.24,189.74,187.91
QQQ,2019-10-08,185.42,187.8562,185.27
QQQ,2019-10-09,187.23,188.08,186.43
QQQ,2019-10-10,188.68,189.43,187.12
QQQ,2019-10-11,191.11,192.63,190.72
QQQ,2019-10-14,191.09,191.7,190.645
QQQ,2019-10-15,193.52,193.97,191.56
QQQ,2019-10-16,193.04,193.53,192.43
QQQ,2019-10-17,193.55,194.5,192.81
QQQ,2019-10-18,191.69,193.67,190.705
QQQ,2019-10-21,193.39,193.52,192.14
QQQ,2019-10-22,191.85,194.42,191.79
QQQ,2019-10-23,192.22,192.2582,191.15
QQQ,2019-10-24,194.09,194.21,192.74
QQQ,2019-10-25,195.64,195.74,193.05
QQQ,2019-10-28,197.57,197.83,196.55
QQQ,2019-10-29,196.04,197.535,196.01
QQQ,2019-10-30,196.99,197.32,195.29
QQQ,2019-10-31,197.08,197.65,195.94
QQQ,2019-11-01,198.87,198.88,197.63
QQQ,2019-11-04,200.1,200.5251,199.74
QQQ,2019-11-05,200.21,200.55,199.55
QQQ,2019-11-06,199.76,200.0,198.785
QQQ,2019-11-07,200.43,201.72,199.85
QQQ,2019-11-08,201.23,201.25,199.54
QQQ,2019-11-11,200.96,201.0363,199.94
QQQ,2019-11-12,201.54,202.21,200.82
QQQ,2019-11-13,201.59,201.775,200.71
QQQ,2019-11-14,201.43,201.56,200.22
QQQ,2019-11-15,202.91,202.91,202.0
QQQ,2019-11-18,203.07,203.39,201.77
QQQ,2019-11-19,203.37,203.84,202.59
QQQ,2019-11-20,202.15,203.45,200.62
QQQ,2019-11-21,201.7,202.07,201.07
QQQ,2019-11-22,201.83,202.32,200.74
QQQ,2019-11-25,204.22,204.26,202.67
QQQ,2019-11-26,204.61,204.87,204.05
QQQ,2019-11-27,206.04,206.05,204.89
QQQ,2019-11-29,205.1,205.83,205.0
QQQ,2019-12-02,203.0,205.18,201.78
QQQ,2019-12-03,201.41,201.49,199.23
QQQ,2019-12-04,202.43,202.91,202.14
QQQ,2019-12-05,202.83,203.15,201.84
QQQ,2019-12-06,205.0,205.145,204.1501
QQQ,2019-12-09,204.07,205.5937,203.98
QQQ,2019-12-10,203.9,204.88,203.44
QQQ,2019-12-11,204.98,205.19,204.04
QQQ,2019-12-12,206.51,207.32,204.491
QQQ,2019-12-13,207.19,207.91,205.96
QQQ,2019-12-16,209.27,209.53,208.48
QQQ,2019-12-17,209.39,209.71,209.04
QQQ,2019-12-18,209.55,210.13,209.33
QQQ,2019-12-19,210.86,210.93,209.62
QQQ,2019-12-20,211.71,212.5186,211.27
QQQ,2019-12-23,211.81,212.15,211.63
QQQ,2019-12-24,211.92,212.09,211.44
QQQ,2019-12-26,213.79,213.81,212.23
QQQ,2019-12-27,213.61,214.56,213.04
QQQ,2019-12-30,212.21,213.63,211.16
QQQ,2020-01-02,216.16,216.16,213.98
QQQ,2020-01-03,214.18,215.47,213.28
QQQ,2020-01-06,215.56,215.59,212.24
QQQ,2020-01-07,215.53,216.14,214.85
QQQ,2020-01-08,217.15,218.14,215.16
QQQ,2020-01-09,218.99,219.41,217.7125
QQQ,2020-01-10,218.43,219.87,218.04
QQQ,2020-01-13,220.95,220.98,218.98
QQQ,2020-01-14,220.08,221.21,219.74
QQQ,2020-01-15,220.17,221.2,219.45
QQQ,2020-01-16,222.28,222.32,220.8
QQQ,2020-01-17,223.38,223.56,222.1221
QQQ,2020-01-21,223.28,223.84,222.66
QQQ,2020-01-22,223.87,225.15,223.59
QQQ,2020-01-23,224.59,224.69,222.7
QQQ,2020-01-24,222.7,225.88,221.6701
QQQ,2020-01-27,218.1,219.2845,217.18
QQQ,2020-01-28,221.45,221.96,219.06
QQQ,2020-01-29,221.81,222.93,220.83
QQQ,2020-01-30,222.6,222.7,219.6891
QQQ,2020-01-31,219.07,223.56,218.285
QQQ,2020-02-03,222.38,222.885,219.99
QQQ,2020-02-04,227.47,227.86,224.6523
QQQ,2020-02-05,228.22,230.25,226.85
QQQ,2020-02-06,230.19,230.25,227.98
QQQ,2020-02-07,229.2,230.44,228.54
QQQ,2020-02-10,231.97,231.98,228.38
QQQ,2020-02-11,232.01,234.02,231.3999
QQQ,2020-02-12,234.27,234.38,232.8
QQQ,2020-02-13,233.97,234.93,232.36
QQQ,2020-02-14,234.64,234.86,233.5501
QQQ,2020-02-18,234.73,235.17,233.25
QQQ,2020-02-19,236.98,237.47,235.85
QQQ,2020-02-20,234.78,236.95,231.88
QQQ,2020-02-21,230.27,234.01,229.3211
QQQ,2020-02-24,221.39,224.25,220.26
QQQ,2020-02-25,215.37,223.9879,214.74
QQQ,2020-02-26,216.48,220.28,214.9
QQQ,2020-02-27,205.64,214.37,205.5
QQQ,2020-02-28,205.8,207.17,198.17
QQQ,2020-03-02,216.42,216.57,205.94
QQQ,2020-03-03,209.48,219.61,207.62
QQQ,2020-03-04,218.22,218.33,211.37
QQQ,2020-03-05,211.59,216.36,210.1
QQQ,2020-03-06,208.02,209.15,202.91
QQQ,2020-03-09,193.57,201.16,192.11
QQQ,2020-03-10,204.11,204.3,193.6802
QQQ,2020-03-11,195.22,200.75,192.73
QQQ,2020-03-12,177.32,190.78,176.94
QQQ,2020-03-13,192.34,194.48,178.13
QQQ,2020-03-16,169.3,184.68,169.16
QQQ,2020-03-17,182.14,184.39,169.78
QQQ,2020-03-18,176.6,179.22,166.8
QQQ,2020-03-19,177.66,183.49,171.63
QQQ,2020-03-20,170.7,182.87,170.1
QQQ,2020-03-23,170.46,174.21,164.93
QQQ,2020-03-24,183.66,183.83,177.95
QQQ,2020-03-25,182.3,189.51,179.98
QQQ,2020-03-26,191.9,192.72,183.61
QQQ,2020-03-27,185.3,190.5149,184.66
QQQ,2020-03-30,192.04,192.49,186.3406
QQQ,2020-03-31,190.4,195.25,189.2
QQQ,2020-04-01,182.31,187.66,180.86
QQQ,2020-04-02,186.01,190.1,180.97
QQQ,2020-04-03,183.37,187.0716,181.29
QQQ,2020-04-06,196.48,197.65,189.19
QQQ,2020-04-07,196.4,202.66,196.0
QQQ,2020-04-08,200.57,201.17,196.37
QQQ,2020-04-09,200.86,203.22,199.0281
QQQ,2020-04-13,203.03,203.42,198.75
QQQ,2020-04-14,211.86,212.5,206.42
QQQ,2020-04-15,209.43,211.26,207.12
QQQ,2020-04-16,213.25,214.369,209.69
QQQ,2020-04-17,215.29,216.51,212.0801
QQQ,2020-04-20,212.74,215.88,212.57
QQQ,2020-04-21,204.89,211.16,203.63
QQQ,2020-04-22,210.97,212.35,208.33
QQQ,2020-04-23,210.52,214.435,210.095
QQQ,2020-04-24,213.84,214.3,209.5
QQQ,2020-04-27,215.56,216.63,214.5
QQQ,2020-04-28,211.5,217.32,211.21
QQQ,2020-04-29,219.0,219.97,215.14
QQQ,2020-04-30,218.91,220.04,217.35
QQQ,2020-05-01,212.74,216.67,211.68
QQQ,2020-05-04,215.22,215.45,211.12
QQQ,2020-05-05,217.66,220.14,216.85
QQQ,2020-05-06,219.0,221.04,218.11
QQQ,2020-05-07,221.82,222.73,220.42
QQQ,2020-05-08,224.86,225.0,222.48
QQQ,2020-05-11,226.87,227.93,223.25
QQQ,2020-05-12,222.12,228.095,222.09
QQQ,2020-05-13,219.34,224.61,216.71
QQQ,2020-05-14,221.83,221.87,215.99
QQQ,2020-05-15,223.27,223.33,218.33
QQQ,2020-05-18,227.43,228.68,225.47
QQQ,2020-05-19,226.86,229.85,226.71
QQQ,2020-05-20,231.39,231.76,229.48
QQQ,2020-05-21,228.9,232.135,228.34
QQQ,2020-05-22,229.66,229.87,227.5
QQQ,2020-05-26,229.04,233.57,228.79
QQQ,2020-05-27,230.29,230.41,223.94
QQQ,2020-05-28,229.99,233.47,229.05
QQQ,2020-05-29,233.36,233.6,228.76
QQQ,2020-06-01,234.06,234.45,232.0
QQQ,2020-06-02,235.63,235.69,232.01
QQQ,2020-06-03,236.69,237.47,235.35
QQQ,2020-06-04,235.03,237.79,233.68
QQQ,2020-06-05,239.69,240.297,235.63
QQQ,2020-06-08,241.55,241.68,237.91
QQQ,2020-06-09,243.3,244.18,240.47
QQQ,2020-06-10,246.22,247.815,244.51
QQQ,2020-06-11,234.02,243.59,233.96
QQQ,2020-06-12,235.88,240.4,231.74
QQQ,2020-06-15,238.75,239.45,231.47
QQQ,2020-06-16,242.85,244.39,239.1
QQQ,2020-06-17,243.62,245.5,242.73
QQQ,2020-06-18,244.28,244.53,242.49
QQQ,2020-06-19,244.24,247.0,242.45
QQQ,2020-06-22,246.74,246.87,243.38
QQQ,2020-06-23,248.84,251.15,247.82
QQQ,2020-06-24,243.71,249.325,242.16
QQQ,2020-06-25,246.03,246.34,241.14
QQQ,2020-06-26,240.22,245.96,239.68
QQQ,2020-06-29,242.84,242.85,237.35
QQQ,2020-06-30,247.6,248.16,242.58
QQQ,2020-07-01,250.49,251.52,247.0802
QQQ,2020-07-02,252.19,254.27,251.71
QQQ,2020-07-06,258.39,258.928,255.43
QQQ,2020-07-07,256.61,260.88,256.3
QQQ,2020-07-08,259.99,260.02,256.5
QQQ,2020-07-09,262.18,262.87,257.63
QQQ,2020-07-10,263.97,264.23,259.26
QQQ,2020-07-13,258.54,269.79,257.69
QQQ,2020-07-14,260.37,260.79,252.76
QQQ,2020-07-15,260.9,262.69,257.49
QQQ,2020-07-16,259.12,259.78,255.62
QQQ,2020-07-17,259.42,260.31,257.17
QQQ,2020-07-20,266.78,267.43,258.79
QQQ,2020-07-21,264.0,268.41,263.125
QQQ,2020-07-22,264.93,265.89,262.55
QQQ,2020-07-23,258.01,265.24,256.55
QQQ,2020-07-24,255.56,256.93,251.32
QQQ,2020-07-27,260.12,260.52,256.445
QQQ,2020-07-28,256.81,259.85,256.51
QQQ,2020-07-29,259.77,260.66,257.91
QQQ,2020-07-30,261.13,261.71,256.55
QQQ,2020-07-31,265.79,265.95,260.85
QQQ,2020-08-03,269.38,270.15,267.87
QQQ,2020-08-04,270.38,270.48,268.09
QQQ,2020-08-05,271.05,271.52,269.96
QQQ,2020-08-06,274.64,274.98,270.19
QQQ,2020-08-07,271.47,274.8818,269.245
QQQ,2020-08-10,270.31,271.98,266.67
QQQ,2020-08-11,265.19,270.44,264.63
QQQ,2020-08-12,271.86,272.84,267.37
QQQ,2020-08-13,272.48,274.83,271.51
QQQ,2020-08-14,272.16,273.4,270.72
QQQ,2020-08-17,275.32,275.84,273.74
QQQ,2020-08-18,277.97,278.465,274.91
QQQ,2020-08-19,276.1,279.02,275.57
QQQ,2020-08-20,279.93,280.43,274.86
QQQ,2020-08-21,281.87,282.34,279.461
QQQ,2020-08-24,283.63,286.0,281.27
QQQ,2020-08-25,285.86,286.06,282.37
QQQ,2020-08-26,291.96,292.22,286.965
QQQ,2020-08-27,291.05,293.851,288.705
QQQ,2020-08-28,292.53,293.18,290.93
QQQ,2020-08-31,294.88,296.745,292.62
QQQ,2020-09-01,299.92,300.04,295.79
QQQ,2020-09-02,302.76,303.5,296.89
QQQ,2020-09-03,287.41,298.62,284.41
QQQ,2020-09-04,283.58,288.93,271.8
QQQ,2020-09-08,269.95,278.22,269.66
QQQ,2020-09-09,277.88,280.045,273.0
QQQ,2020-09-10,272.34,282.195,270.56
QQQ,2020-09-11,270.45,275.22,266.9
QQQ,2020-09-14,275.16,277.22,272.96
QQQ,2020-09-15,279.06,280.45,277.26
QQQ,2020-09-16,274.61,280.36,274.25
QQQ,2020-09-17,270.32,272.37,266.68
QQQ,2020-09-18,266.87,272.09,262.63
QQQ,2020-09-21,267.51,267.65,260.11
QQQ,2020-09-22,272.48,273.08,266.54
QQQ,2020-09-23,264.16,272.34,263.2502
QQQ,2020-09-24,265.39,268.7,261.22
QQQ,2020-09-25,271.56,272.395,264.2999
QQQ,2020-09-28,277.2,277.2,273.8548
QQQ,2020-09-29,275.95,277.71,275.3719
QQQ,2020-09-30,277.84,281.09,275.88
QQQ,2020-10-01,282.25,282.8794,279.84
QQQ,2020-10-02,274.31,279.7798,273.44
QQQ,2020-10-05,280.16,280.49,276.23
QQQ,2020-10-06,275.16,281.19,274.25
QQQ,2020-10-07,279.92,280.74,277.28
QQQ,2020-10-08,281.41,282.47,280.31
QQQ,2020-10-09,285.71,285.79,282.71
QQQ,2020-10-12,294.53,297.46,289.47
QQQ,2020-10-13,294.52,297.0496,293.11
QQQ,2020-10-14,292.06,296.35,290.26
QQQ,2020-10-15,290.1,290.71,286.54
QQQ,2020-10-16,288.51,293.269,288.15
QQQ,2020-10-19,283.8,291.48,282.79
QQQ,2020-10-20,284.41,287.62,282.95
QQQ,2020-10-21,284.19,287.32,283.69
QQQ,2020-10-22,284.18,285.98,280.82
QQQ,2020-10-23,284.74,284.91,281.7818
QQQ,2020-10-26,280.47,285.3,276.76
QQQ,2020-10-27,282.66,283.505,280.2
QQQ,2020-10-28,271.64,278.6401,271.38
QQQ,2020-10-29,276.39,279.49,272.52
QQQ,2020-10-30,269.38,275.24,267.07
QQQ,2020-11-02,269.98,273.52,266.97
QQQ,2020-11-03,274.65,276.82,270.84
QQQ,2020-11-04,286.91,288.77,281.87
QQQ,2020-11-05,294.39,295.39,292.0
QQQ,2020-11-06,294.61,295.36,289.83
QQQ,2020-11-09,288.59,299.14,288.12
QQQ,2020-11-10,283.42,286.6599,280.62
QQQ,2020-11-11,289.76,290.25,285.53
QQQ,2020-11-12,288.4,292.074,287.25
QQQ,2020-11-13,290.93,291.57,287.8701
QQQ,2020-11-16,293.2,293.51,289.99
QQQ,2020-11-17,292.27,293.74,291.61
QQQ,2020-11-18,290.11,293.37,290.02
QQQ,2020-11-19,292.38,292.7,288.85
QQQ,2020-11-20,290.38,293.065,290.29
QQQ,2020-11-23,290.39,292.75,288.07
QQQ,2020-11-24,294.47,294.98,289.63
QQQ,2020-11-25,296.28,296.94,294.59
QQQ,2020-11-27,299.01,300.17,297.9
QQQ,2020-11-30,299.62,299.97,294.78
QQQ,2020-12-01,303.46,305.14,300.83
QQQ,2020-12-02,303.85,304.195,300.35
QQQ,2020-12-03,304.28,305.88,303.531
QQQ,2020-12-04,305.52,305.67,303.63
QQQ,2020-12-07,307.25,307.63,305.52
QQQ,2020-12-08,308.29,308.6,304.95
QQQ,2020-12-09,301.31,308.36,300.21
QQQ,2020-12-10,302.52,303.68,298.09
QQQ,2020-12-11,301.85,301.98,298.47
QQQ,2020-12-14,304.04,306.05,303.01
QQQ,2020-12-15,307.29,307.29,304.11
QQQ,2020-12-16,308.98,309.785,306.621
QQQ,2020-12-17,311.0,311.24,309.39
QQQ,2020-12-18,310.06,311.98,307.61
QQQ,2020-12-21,308.92,309.47,303.6
QQQ,2020-12-22,309.76,310.7105,306.845
QQQ,2020-12-23,308.2,310.18,308.035
QQQ,2020-12-24,309.56,310.02,308.39
QQQ,2020-12-28,312.68,313.17,310.36
QQQ,2020-12-29,312.96,314.685,312.03
QQQ,2020-12-30,312.97,314.49,312.33
QQQ,2020-12-31,313.74,314.24,311.76
QQQ,2021-01-04,309.31,315.29,305.18
QQQ,2021-01-05,311.86,312.14,308.29
QQQ,2021-01-06,307.54,311.88,305.98
QQQ,2021-01-07,314.98,315.84,310.25
QQQ,2021-01-08,319.03,319.39,315.0814
QQQ,2021-01-11,314.42,317.19,313.75
QQQ,2021-01-12,313.92,315.58,311.2
QQQ,2021-01-13,316.04,316.86,313.57
QQQ,2021-01-14,314.35,317.53,313.8616
QQQ,2021-01-15,311.86,315.12,310.58
QQQ,2021-01-19,316.41,316.93,313.12
QQQ,2021-01-20,323.77,324.74,319.77
QQQ,2021-01-21,326.36,327.13,323.73
QQQ,2021-01-22,325.42,326.46,324.71
QQQ,2021-01-25,328.11,330.32,321.41
QQQ,2021-01-26,328.59,329.76,327.22
QQQ,2021-01-27,319.43,326.27,317.36
QQQ,2021-01-28,321.32,326.42,320.03
QQQ,2021-01-29,314.56,320.7193,312.76
QQQ,2021-02-01,322.42,323.54,316.02
QQQ,2021-02-02,327.68,328.87,325.31
QQQ,2021-02-03,326.38,330.195,326.32
QQQ,2021-02-04,330.24,330.33,326.46
QQQ,2021-02-05,331.36,332.4025,329.53
QQQ,2021-02-08,333.58,333.74,331.41
QQQ,2021-02-09,333.51,334.81,332.61
QQQ,2021-02-10,332.75,335.46,329.5
QQQ,2021-02-11,334.58,335.0,332.12
QQQ,2021-02-12,336.45,336.62,332.63
QQQ,2021-02-16,335.54,338.19,334.34
QQQ,2021-02-17,333.93,334.21,330.17
QQQ,2021-02-18,332.47,333.209,328.36
QQQ,2021-02-19,331.02,333.99,329.97
QQQ,2021-02-22,322.44,331.02,322.23
QQQ,2021-02-23,321.48,323.2,311.0
QQQ,2021-02-24,324.13,324.45,315.96
QQQ,2021-02-25,312.83,324.03,311.24
QQQ,2021-02-26,314.14,319.11,310.88
QQQ,2021-03-01,323.59,323.94,317.935
QQQ,2021-03-02,318.4,324.33,318.14
QQQ,2021-03-03,309.16,318.24,309.1
QQQ,2021-03-04,304.1,312.04,300.11
QQQ,2021-03-05,308.68,309.609,297.45
QQQ,2021-03-08,299.94,310.06,299.51
QQQ,2021-03-09,311.77,313.73,306.92
QQQ,2021-03-10,310.88,316.47,310.17
QQQ,2021-03-11,318.04,319.86,314.85
QQQ,2021-03-12,315.46,315.6199,311.391
QQQ,2021-03-15,318.83,319.0,314.095
QQQ,2021-03-16,320.58,324.2,319.1
QQQ,2021-03-17,321.9,323.85,315.68
QQQ,2021-03-18,312.04,317.8801,311.57
QQQ,2021-03-19,313.14,314.73,309.6601
QQQ,2021-03-22,318.61,320.74,315.21
QQQ,2021-03-23,317.22,321.09,316.375
QQQ,2021-03-24,311.87,318.67,311.72
QQQ,2021-03-25,311.33,312.885,307.3899
QQQ,2021-03-26,316.0,316.33,309.67
QQQ,2021-03-29,315.91,316.99,312.47
QQQ,2021-03-30,314.32,314.91,311.54
QQQ,2021-03-31,319.13,320.74,315.81
QQQ,2021-04-01,324.57,324.71,322.81
QQQ,2021-04-05,331.05,331.84,326.88
QQQ,2021-04-06,330.82,332.83,330.02
QQQ,2021-04-07,331.62,332.48,329.37
QQQ,2021-04-08,335.08,335.27,333.7399
QQQ,2021-04-09,337.11,337.32,332.92
QQQ,2021-04-12,336.67,337.1,334.73
QQQ,2021-04-13,340.6,341.08,338.02
QQQ,2021-04-14,336.51,340.98,335.67
QQQ,2021-04-15,341.61,342.01,339.33
QQQ,2021-04-16,342.01,342.23,340.08
QQQ,2021-04-19,338.88,341.58,336.9016
QQQ,2021-04-20,336.41,339.52,334.3816
QQQ,2021-04-21,339.29,339.48,333.97
QQQ,2021-04-22,335.2,339.9,334.01
QQQ,2021-04-23,339.42,340.767,335.85
QQQ,2021-04-26,341.63,341.92,338.9
QQQ,2021-04-27,340.15,342.15,339.17
QQQ,2021-04-28,339.0,340.85,338.3301
QQQ,2021-04-29,340.22,342.8,336.9001
QQQ,2021-04-30,337.99,340.26,337.05
QQQ,2021-05-03,336.19,340.0,335.73
QQQ,2021-05-04,330.14,333.89,326.21
QQQ,2021-05-05,329.03,333.14,328.23
QQQ,2021-05-06,331.51,331.67,326.45
QQQ,2021-05-07,334.2,336.65,333.1
QQQ,2021-05-10,325.76,332.96,325.55
QQQ,2021-05-11,325.31,326.1299,319.02
QQQ,2021-05-12,316.89,322.62,316.0
QQQ,2021-05-13,319.34,322.4,316.9
QQQ,2021-05-14,326.39,327.33,322.08
QQQ,2021-05-17,324.41,325.35,321.45
QQQ,2021-05-18,322.22,326.65,321.94
QQQ,2021-05-19,322.59,322.9,316.3
QQQ,2021-05-20,328.83,329.71,323.89
QQQ,2021-05-21,327.01,330.86,326.64
QQQ,2021-05-24,332.51,333.67,329.0
QQQ,2021-05-25,332.97,334.81,331.755
QQQ,2021-05-26,334.13,334.61,332.95
QQQ,2021-05-27,332.88,334.54,332.67
QQQ,2021-05-28,333.93,335.5699,333.6
QQQ,2021-06-01,332.82,335.785,331.43
QQQ,2021-06-02,333.47,334.34,331.695
QQQ,2021-06-03,330.0,331.86,328.28
QQQ,2021-06-04,335.6,336.0582,331.78
QQQ,2021-06-07,336.6,336.66,334.34
QQQ,2021-06-08,336.76,339.29,335.03
QQQ,2021-06-09,336.84,338.97,336.651
QQQ,2021-06-10,340.35,340.46,336.73
QQQ,2021-06-11,341.24,341.25,339.69
QQQ,2021-06-14,344.51,344.52,340.46
QQQ,2021-06-15,342.26,344.47,341.52
QQQ,2021-06-16,341.01,343.84,337.45
QQQ,2021-06-17,345.34,346.38,339.92
QQQ,2021-06-18,342.63,344.8082,341.86
QQQ,2021-06-21,344.36,344.69,340.15
QQQ,2021-06-22,347.57,348.03,343.84
QQQ,2021-06-23,347.74,348.92,346.88
QQQ,2021-06-24,349.89,351.46,349.17
QQQ,2021-06-25,349.46,350.72,348.84
QQQ,2021-06-28,353.71,353.85,350.72
QQQ,2021-06-29,354.99,355.0199,352.67
QQQ,2021-06-30,354.43,355.23,353.83
QQQ,2021-07-01,354.57,355.09,352.68
QQQ,2021-07-02,358.64,358.97,356.28
QQQ,2021-07-06,360.19,360.48,356.49
QQQ,2021-07-07,360.95,362.76,358.94
QQQ,2021-07-08,358.77,359.65,354.42
QQQ,2021-07-09,361.01,361.5,357.57
QQQ,2021-07-12,362.42,362.89,360.83
QQQ,2021-07-13,362.42,365.465,361.54
QQQ,2021-07-14,363.07,365.49,362.22
QQQ,2021-07-15,360.52,363.19,358.46
QQQ,2021-07-16,357.6,362.41,357.24
QQQ,2021-07-19,354.67,355.18,352.04
QQQ,2021-07-20,358.79,360.28,353.8
QQQ,2021-07-21,361.56,361.56,358.12
QQQ,2021-07-22,363.95,363.96,361.77
QQQ,2021-07-23,368.2,368.485,364.04
QQQ,2021-07-26,368.49,368.89,366.601
QQQ,2021-07-27,364.43,368.22,360.16
QQQ,2021-07-28,365.83,367.45,363.24
QQQ,2021-07-29,366.48,367.6794,365.25
QQQ,2021-07-30,364.57,365.17,362.41
QQQ,2021-08-02,364.6,366.88,363.87
QQQ,2021-08-03,366.81,366.93,362.0
QQQ,2021-08-04,367.34,368.32,365.63
QQQ,2021-08-05,369.67,369.91,367.45
QQQ,2021-08-06,368.05,369.37,366.905
QQQ,2021-08-09,368.73,369.27,367.39
QQQ,2021-08-10,366.84,369.56,365.62
QQQ,2021-08-11,366.21,368.65,364.84
QQQ,2021-08-12,367.53,367.9,364.295
QQQ,2021-08-13,368.82,369.16,367.38
QQQ,2021-08-16,368.98,369.02,363.7
QQQ,2021-08-17,365.73,367.15,363.23
QQQ,2021-08-18,362.21,366.62,361.865
QQQ,2021-08-19,363.96,365.68,359.96
SPY,2000-01-03,145.44,148.25,143.88
SPY,2000-01-04,139.75,144.06,139.64
SPY,2000-01-05,140.0,141.53,137.25
SPY,2000-01-06,137.75,141.5,137.75
SPY,2000-01-07,145.75,145.75,140.06
SPY,2000-01-10,146.25,146.91,145.03
SPY,2000-01-11,144.31,146.09,143.5
SPY,2000-01-12,143.06,144.59,142.88
SPY,2000-01-13,145.0,145.75,143.28
SPY,2000-01-14,146.97,147.47,145.97
SPY,2000-01-18,145.81,146.63,145.19
SPY,2000-01-19,146.25,146.47,145.0
SPY,2000-01-20,144.75,146.97,143.81
SPY,2000-01-21,144.44,145.5,144.06
SPY,2000-01-24,140.34,145.84,139.41
SPY,2000-01-25,141.94,141.94,139.0
SPY,2000-01-26,140.81,141.55,140.09
SPY,2000-01-27,140.25,142.22,138.13
SPY,2000-01-28,135.88,140.06,135.53
SPY,2000-01-31,139.63,139.67,135.0
SPY,2000-02-01,140.94,141.69,138.53
SPY,2000-02-02,141.06,142.25,140.38
SPY,2000-02-03,143.19,143.25,140.0
SPY,2000-02-04,142.59,144.0,142.13
SPY,2000-02-07,142.38,142.78,141.44
SPY,2000-02-08,144.31,144.56,143.63
SPY,2000-02-09,141.28,144.47,141.27
SPY,2000-02-10,141.56,142.56,140.88
SPY,2000-02-11,138.69,141.94,138.03
SPY,2000-02-14,139.5,139.78,138.31
SPY,2000-02-15,141.09,141.22,137.8
SPY,2000-02-16,139.0,140.94,138.8
SPY,2000-02-17,138.28,140.44,138.22
SPY,2000-02-18,135.31,138.88,134.63
SPY,2000-02-22,134.97,136.34,133.53
SPY,2000-02-23,136.56,137.47,134.5
SPY,2000-02-24,133.81,137.03,133.09
SPY,2000-02-25,133.33,136.72,133.13
SPY,2000-02-28,136.13,136.69,132.72
SPY,2000-02-29,137.44,137.44,135.75
SPY,2000-03-01,138.44,139.0,137.22
SPY,2000-03-02,138.53,139.13,137.34
SPY,2000-03-03,141.13,141.72,139.72
SPY,2000-03-06,139.81,141.34,138.75
SPY,2000-03-07,137.05,140.16,135.22
SPY,2000-03-08,136.88,137.84,135.03
SPY,2000-03-09,140.88,140.88,136.13
SPY,2000-03-10,140.19,142.0,139.53
SPY,2000-03-13,138.59,140.47,136.5
SPY,2000-03-14,136.63,140.09,136.16
SPY,2000-03-15,139.81,140.44,136.06
SPY,2000-03-16,146.34,146.84,140.88
SPY,2000-03-17,146.94,148.0,145.44
SPY,2000-03-20,146.78,147.34,144.78
SPY,2000-03-21,149.19,149.75,144.5
SPY,2000-03-22,150.09,150.84,148.69
SPY,2000-03-23,152.5,153.47,149.16
SPY,2000-03-24,153.56,155.75,151.72
SPY,2000-03-27,151.94,153.78,151.81
SPY,2000-03-28,151.06,152.98,150.59
SPY,2000-03-29,151.22,152.48,149.66
SPY,2000-03-30,148.69,151.92,147.13
SPY,2000-03-31,150.38,152.31,148.44
SPY,2000-04-03,151.25,151.25,148.69
SPY,2000-04-04,145.75,153.0,141.39
SPY,2000-04-05,149.19,150.81,147.63
SPY,2000-04-06,150.48,151.69,149.0
SPY,2000-04-07,151.44,152.13,150.5
SPY,2000-04-10,150.84,153.11,150.31
SPY,2000-04-11,150.41,151.63,148.38
SPY,2000-04-12,146.28,151.16,146.16
SPY,2000-04-13,144.25,148.16,141.13
SPY,2000-04-14,138.38,142.81,133.5
SPY,2000-04-17,140.75,140.75,134.69
SPY,2000-04-18,144.47,144.47,139.78
SPY,2000-04-19,143.13,145.13,142.53
SPY,2000-04-20,143.81,143.94,142.38
SPY,2000-04-24,142.25,143.31,140.5
SPY,2000-04-25,148.16,148.16,144.44
SPY,2000-04-26,146.48,148.75,146.0
SPY,2000-04-27,146.0,147.34,143.0
SPY,2000-04-28,145.09,147.86,145.06
SPY,2000-05-01,147.06,148.48,145.84
SPY,2000-05-02,144.13,147.13,144.13
SPY,2000-05-03,141.63,144.0,139.78
SPY,2000-05-04,141.81,142.36,140.75
SPY,2000-05-05,143.53,144.0,140.94
SPY,2000-05-08,142.45,143.38,141.84
SPY,2000-05-09,141.31,143.41,140.27
SPY,2000-05-10,138.13,140.97,137.75
SPY,2000-05-11,141.28,141.5,139.13
SPY,2000-05-12,142.81,143.47,141.63
SPY,2000-05-15,145.28,145.61,142.0
SPY,2000-05-16,146.56,147.72,145.31
SPY,2000-05-17,145.16,146.19,144.47
SPY,2000-05-18,143.81,146.31,143.81
SPY,2000-05-19,141.13,143.23,140.41
SPY,2000-05-22,140.06,141.47,137.0
SPY,2000-05-23,138.0,140.81,137.56
SPY,2000-05-24,140.25,140.69,136.5
SPY,2000-05-25,137.84,141.81,137.72
SPY,2000-05-26,138.0,139.69,137.33
SPY,2000-05-30,142.72,142.94,139.47
SPY,2000-05-31,142.81,144.0,142.09
SPY,2000-06-01,145.31,145.44,143.0
SPY,2000-06-02,147.84,149.09,147.48
SPY,2000-06-05,147.13,148.22,146.88
SPY,2000-06-06,146.47,147.78,145.91
SPY,2000-06-07,147.48,148.0,146.0
SPY,2000-06-08,146.91,147.75,146.06
SPY,2000-06-09,146.59,147.97,145.63
SPY,2000-06-12,144.88,146.97,144.88
SPY,2000-06-13,147.59,147.75,144.63
SPY,2000-06-14,147.84,148.88,147.19
SPY,2000-06-15,148.16,148.75,146.84
SPY,2000-06-16,146.59,148.31,145.88
SPY,2000-06-19,148.47,149.16,146.25
SPY,2000-06-20,147.94,148.88,147.0
SPY,2000-06-21,147.84,148.44,146.89
SPY,2000-06-22,145.63,147.69,145.0
SPY,2000-06-23,144.38,146.13,143.88
SPY,2000-06-26,146.23,146.25,144.88
SPY,2000-06-27,145.16,146.72,145.02
SPY,2000-06-28,145.56,146.98,145.31
SPY,2000-06-29,144.19,145.75,143.52
SPY,2000-06-30,145.28,145.59,143.89
SPY,2000-07-03,147.28,147.44,145.19
SPY,2000-07-05,144.63,146.66,144.38
SPY,2000-07-06,145.75,146.47,144.22
SPY,2000-07-07,148.09,148.78,146.25
SPY,2000-07-10,147.84,148.91,147.53
SPY,2000-07-11,148.16,149.13,147.16
SPY,2000-07-12,149.13,150.13,148.69
SPY,2000-07-13,149.78,150.38,149.19
SPY,2000-07-14,151.25,151.25,149.67
SPY,2000-07-17,151.0,151.98,150.69
SPY,2000-07-18,149.77,150.63,149.34
SPY,2000-07-19,148.69,149.91,148.25
SPY,2000-07-20,150.63,150.63,148.81
SPY,2000-07-21,147.69,149.75,147.69
SPY,2000-07-24,146.84,148.86,146.56
SPY,2000-07-25,147.31,147.84,146.78
SPY,2000-07-26,145.88,147.16,145.64
SPY,2000-07-27,145.38,146.63,144.69
SPY,2000-07-28,142.09,145.91,141.52
SPY,2000-07-31,142.91,144.13,142.06
SPY,2000-08-01,143.88,144.72,143.13
SPY,2000-08-02,144.59,145.41,143.63
SPY,2000-08-03,145.59,145.81,142.63
SPY,2000-08-04,146.38,146.72,145.41
SPY,2000-08-07,148.13,148.44,146.38
SPY,2000-08-08,148.69,148.81,147.5
SPY,2000-08-09,147.44,149.22,147.38
SPY,2000-08-10,146.72,147.86,146.28
SPY,2000-08-11,147.33,148.0,145.56
SPY,2000-08-14,149.28,149.56,147.06
SPY,2000-08-15,149.16,149.81,148.56
SPY,2000-08-16,148.63,149.94,147.84
SPY,2000-08-17,150.19,150.44,148.34
SPY,2000-08-18,149.69,150.38,149.22
SPY,2000-08-21,150.56,150.72,149.41
SPY,2000-08-22,150.31,151.31,150.09
SPY,2000-08-23,150.84,151.28,149.28
SPY,2000-08-24,151.31,151.55,150.5
SPY,2000-08-25,151.25,151.63,150.94
SPY,2000-08-28,151.77,152.91,151.25
SPY,2000-08-29,151.8,151.88,150.91
SPY,2000-08-30,150.34,151.5,150.34
SPY,2000-08-31,152.34,153.09,150.91
SPY,2000-09-01,152.38,153.59,152.0
SPY,2000-09-05,151.28,152.2,150.81
SPY,2000-09-06,149.78,151.78,149.53
SPY,2000-09-07,150.84,151.08,149.83
SPY,2000-09-08,149.81,150.5,149.33
SPY,2000-09-11,149.59,151.19,148.69
SPY,2000-09-12,148.47,150.25,148.44
SPY,2000-09-13,148.89,149.34,147.66
SPY,2000-09-14,148.47,149.94,148.16
SPY,2000-09-15,146.09,148.25,146.03
SPY,2000-09-18,144.66,146.97,144.2
SPY,2000-09-19,145.97,146.31,144.7
SPY,2000-09-20,144.89,146.03,143.16
SPY,2000-09-21,145.19,145.56,143.75
SPY,2000-09-22,145.28,145.31,142.42
SPY,2000-09-25,144.16,146.06,143.72
SPY,2000-09-26,142.41,145.0,142.41
SPY,2000-09-27,143.16,143.97,142.13
SPY,2000-09-28,146.13,146.33,142.89
SPY,2000-09-29,143.63,145.97,143.63
SPY,2000-10-02,143.84,144.91,143.14
SPY,2000-10-03,142.5,145.75,142.28
SPY,2000-10-04,143.69,144.25,141.75
SPY,2000-10-05,144.19,144.84,143.31
SPY,2000-10-06,141.06,144.64,139.75
SPY,2000-10-09,140.0,141.31,139.38
SPY,2000-10-10,137.69,141.25,137.69
SPY,2000-10-11,136.53,138.63,135.13
SPY,2000-10-12,133.13,137.59,132.78
SPY,2000-10-13,137.56,137.66,132.88
SPY,2000-10-16,138.19,138.23,136.69
SPY,2000-10-17,134.75,138.56,134.41
SPY,2000-10-18,134.25,136.13,130.16
SPY,2000-10-19,139.28,139.45,136.44
SPY,2000-10-20,139.91,141.19,138.38
SPY,2000-10-23,140.53,141.03,138.94
SPY,2000-10-24,139.59,141.94,139.0
SPY,2000-10-25,136.31,139.56,136.13
SPY,2000-10-26,136.69,137.66,134.03
SPY,2000-10-27,139.28,139.28,136.63
SPY,2000-10-30,140.53,141.09,138.16
SPY,2000-10-31,142.95,143.69,140.06
SPY,2000-11-01,142.47,143.25,141.22
SPY,2000-11-02,142.7,143.91,142.52
SPY,2000-11-03,142.78,143.75,142.38
SPY,2000-11-06,143.78,144.3,143.03
SPY,2000-11-07,143.75,144.0,142.56
SPY,2000-11-08,140.56,144.06,140.56
SPY,2000-11-09,140.03,141.22,137.25
SPY,2000-11-10,136.63,139.47,136.53
SPY,2000-11-13,135.56,136.98,133.02
SPY,2000-11-14,139.13,139.63,137.0
SPY,2000-11-15,139.56,140.11,137.75
SPY,2000-11-16,137.38,139.88,137.31
SPY,2000-11-17,136.64,139.0,135.75
SPY,2000-11-20,134.69,136.38,134.31
SPY,2000-11-21,135.38,136.19,133.52
SPY,2000-11-22,132.14,134.88,132.13
SPY,2000-11-24,134.84,134.97,133.63
SPY,2000-11-27,136.03,136.69,135.31
SPY,2000-11-28,133.69,136.59,133.64
SPY,2000-11-29,133.44,135.91,133.27
SPY,2000-11-30,132.28,133.5,129.75
SPY,2000-12-01,132.22,134.06,131.0
SPY,2000-12-04,133.34,133.88,131.5
SPY,2000-12-05,137.72,138.25,134.41
SPY,2000-12-06,135.52,138.34,135.03
SPY,2000-12-07,133.66,135.88,133.66
SPY,2000-12-08,133.97,139.13,133.88
SPY,2000-12-11,138.63,139.56,136.72
SPY,2000-12-12,138.03,138.81,137.38
SPY,2000-12-13,136.14,139.41,136.03
SPY,2000-12-14,134.41,136.5,134.03
SPY,2000-12-15,130.97,133.13,130.56
SPY,2000-12-18,132.72,133.47,131.77
SPY,2000-12-19,130.02,134.97,130.02
SPY,2000-12-20,126.25,128.94,126.09
SPY,2000-12-21,127.13,128.86,125.53
SPY,2000-12-22,130.94,131.11,128.84
SPY,2000-12-26,132.34,132.34,130.28
SPY,2000-12-27,133.31,133.73,131.25
SPY,2000-12-28,133.72,133.88,132.59
SPY,2000-12-29,131.19,134.28,131.19
SPY,2001-01-02,128.81,132.16,127.56
SPY,2001-01-03,135.0,136.0,127.66
SPY,2001-01-04,133.55,135.47,133.0
SPY,2001-01-05,129.19,133.63,129.19
SPY,2001-01-08,130.19,130.19,127.69
SPY,2001-01-09,129.84,131.5,129.42
SPY,2001-01-10,132.13,132.13,128.81
SPY,2001-01-11,132.25,133.48,131.09
SPY,2001-01-12,132.0,133.72,131.28
SPY,2001-01-16,132.84,133.19,131.52
SPY,2001-01-17,133.45,135.05,132.64
SPY,2001-01-18,134.78,135.7,132.94
SPY,2001-01-19,134.02,136.19,133.88
SPY,2001-01-22,134.91,135.78,133.56
SPY,2001-01-23,135.97,136.66,134.16
SPY,2001-01-24,136.38,137.31,135.84
SPY,2001-01-25,136.03,137.25,135.66
SPY,2001-01-26,135.88,136.13,134.45
SPY,2001-01-29,136.6,136.9,135.37
SPY,2001-01-30,137.8,137.92,135.79
SPY,2001-01-31,137.02,138.7,136.6
SPY,2001-02-01,137.93,137.95,136.25
SPY,2001-02-02,134.8,137.99,134.75
SPY,2001-02-05,135.79,135.94,134.75
SPY,2001-02-06,135.39,136.7,135.22
SPY,2001-02-07,134.69,135.4,133.68
SPY,2001-02-08,133.12,135.4,133.1
SPY,2001-02-09,131.84,133.35,131.26
SPY,2001-02-12,133.35,133.5,131.7
SPY,2001-02-13,132.26,134.17,132.0
SPY,2001-02-14,132.06,132.65,130.66
SPY,2001-02-15,133.34,133.52,132.5
SPY,2001-02-16,130.4,131.29,129.3
SPY,2001-02-20,128.39,131.14,128.1
SPY,2001-02-21,125.62,128.84,125.5
SPY,2001-02-22,125.81,126.54,123.02
SPY,2001-02-23,124.96,125.54,121.8
SPY,2001-02-26,127.62,127.62,124.5
SPY,2001-02-27,126.44,127.84,125.51
SPY,2001-02-28,123.95,126.84,123.27
SPY,2001-03-01,124.6,124.6,121.75
SPY,2001-03-02,123.61,125.65,122.3
SPY,2001-03-05,124.74,124.78,123.81
SPY,2001-03-06,126.08,127.75,125.49
SPY,2001-03-07,126.98,127.04,125.76
SPY,2001-03-08,127.12,127.24,126.14
SPY,2001-03-09,123.36,126.1,123.11
SPY,2001-03-12,118.08,122.5,117.75
SPY,2001-03-13,120.02,120.44,117.53
SPY,2001-03-14,117.65,119.29,115.75
SPY,2001-03-15,117.68,118.86,117.36
SPY,2001-03-16,115.01,117.4,114.81
SPY,2001-03-19,117.35,117.69,114.82
SPY,2001-03-20,114.2,118.46,114.11
SPY,2001-03-21,112.26,115.26,111.9
SPY,2001-03-22,111.12,112.6,108.04
SPY,2001-03-23,114.48,114.66,111.5
SPY,2001-03-26,115.94,116.27,114.77
SPY,2001-03-27,118.31,118.65,115.28
SPY,2001-03-28,115.04,116.95,114.9
SPY,2001-03-29,115.48,116.5,112.14
SPY,2001-03-30,116.69,116.69,114.5
SPY,2001-04-02,114.2,117.38,113.8
SPY,2001-04-03,110.39,114.15,110.06
SPY,2001-04-04,110.85,112.1,109.3
SPY,2001-04-05,115.05,115.49,112.5
SPY,2001-04-06,113.3,114.4,112.06
SPY,2001-04-09,114.56,114.99,112.78
SPY,2001-04-10,116.65,117.75,115.17
SPY,2001-04-11,116.73,118.99,116.14
SPY,2001-04-12,118.85,118.94,115.96
SPY,2001-04-16,117.6,118.89,116.91
SPY,2001-04-17,119.26,119.66,117.02
SPY,2001-04-18,124.0,126.0,120.69
SPY,2001-04-19,125.65,125.84,123.58
SPY,2001-04-20,124.5,125.4,123.66
SPY,2001-04-23,122.24,123.89,121.91
SPY,2001-04-24,121.58,123.65,121.1
SPY,2001-04-25,123.17,123.67,120.95
SPY,2001-04-26,123.72,125.22,123.5
SPY,2001-04-27,125.78,125.84,124.2
SPY,2001-04-30,124.91,127.27,124.67
SPY,2001-05-01,127.05,127.15,124.6
SPY,2001-05-02,126.82,127.69,126.0
SPY,2001-05-03,125.21,126.15,124.22
SPY,2001-05-04,127.34,127.35,123.44
SPY,2001-05-07,126.24,127.38,126.23
SPY,2001-05-08,126.18,127.1,125.56
SPY,2001-05-09,125.65,126.55,125.06
SPY,2001-05-10,126.02,127.5,125.77
SPY,2001-05-11,125.15,126.49,124.4
SPY,2001-05-14,125.4,125.44,124.46
SPY,2001-05-15,125.98,126.5,124.85
SPY,2001-05-16,128.95,129.2,124.62
SPY,2001-05-17,129.15,130.08,128.56
SPY,2001-05-18,129.74,129.74,128.1
SPY,2001-05-21,131.65,131.84,129.15
SPY,2001-05-22,131.48,132.09,131.07
SPY,2001-05-23,129.25,131.05,129.25
SPY,2001-05-24,129.63,130.0,128.55
SPY,2001-05-25,128.1,129.7,127.9
SPY,2001-05-29,127.08,128.35,126.9
SPY,2001-05-30,125.3,127.09,125.0
SPY,2001-05-31,125.95,126.76,125.26
SPY,2001-06-01,126.73,127.1,125.12
SPY,2001-06-04,127.34,127.43,126.08
SPY,2001-06-05,128.8,129.23,127.27
SPY,2001-06-06,127.73,128.83,127.36
SPY,2001-06-07,128.19,128.35,127.0
SPY,2001-06-08,127.0,127.87,126.14
SPY,2001-06-11,126.1,126.99,125.41
SPY,2001-06-12,125.88,126.74,124.04
SPY,2001-06-13,124.8,126.58,124.65
SPY,2001-06-14,122.0,124.3,121.75
SPY,2001-06-15,121.85,122.4,120.4
SPY,2001-06-18,121.26,122.44,120.91
SPY,2001-06-19,121.79,122.89,120.89
SPY,2001-06-20,122.43,122.86,121.1
SPY,2001-06-21,123.82,124.31,122.15
SPY,2001-06-22,122.85,123.6,122.16
SPY,2001-06-25,121.72,123.44,121.5
SPY,2001-06-26,121.55,122.39,120.57
SPY,2001-06-27,121.48,122.24,120.91
SPY,2001-06-28,122.15,123.94,121.93
SPY,2001-06-29,122.6,124.01,122.26
SPY,2001-07-02,124.13,124.32,122.62
SPY,2001-07-03,124.1,124.1,123.05
SPY,2001-07-05,121.68,123.65,121.66
SPY,2001-07-06,119.05,121.49,119.05
SPY,2001-07-09,119.7,120.54,119.2
SPY,2001-07-10,118.26,120.64,118.21
SPY,2001-07-11,118.38,118.89,117.09
SPY,2001-07-12,121.19,121.47,119.31
SPY,2001-07-13,122.24,122.32,120.62
SPY,2001-07-16,120.71,122.28,120.29
SPY,2001-07-17,121.84,121.95,119.83
SPY,2001-07-18,121.01,121.64,120.06
SPY,2001-07-19,122.07,122.98,120.76
SPY,2001-07-20,121.34,121.94,120.92
SPY,2001-07-23,118.95,121.88,118.95
SPY,2001-07-24,117.8,119.2,116.75
SPY,2001-07-25,119.1,119.48,117.46
SPY,2001-07-26,120.35,120.85,118.56
SPY,2001-07-27,120.81,121.35,119.91
SPY,2001-07-30,120.85,121.35,120.3
SPY,2001-07-31,121.35,122.68,120.8
SPY,2001-08-01,122.11,122.7,121.55
SPY,2001-08-02,122.61,123.25,121.89
SPY,2001-08-03,121.94,122.36,120.9
SPY,2001-08-06,120.3,121.51,120.1
SPY,2001-08-07,120.77,121.2,119.91
SPY,2001-08-08,118.53,121.16,118.43
SPY,2001-08-09,118.88,118.97,117.86
SPY,2001-08-10,119.29,119.84,117.34
SPY,2001-08-13,119.32,119.85,118.82
SPY,2001-08-14,119.27,120.35,118.8
SPY,2001-08-15,118.24,119.61,118.08
SPY,2001-08-16,118.65,118.75,117.0
SPY,2001-08-17,116.75,117.87,116.01
SPY,2001-08-20,117.83,117.9,116.55
SPY,2001-08-21,115.82,118.54,115.8
SPY,2001-08-22,117.02,117.43,115.78
SPY,2001-08-23,116.6,117.52,116.49
SPY,2001-08-24,119.02,119.13,116.74
SPY,2001-08-27,118.31,119.2,118.26
SPY,2001-08-28,116.58,118.49,116.58
SPY,2001-08-29,115.54,117.18,115.17
SPY,2001-08-30,113.32,115.74,112.04
SPY,2001-08-31,114.15,114.77,113.13
SPY,2001-09-04,113.42,116.17,113.37
SPY,2001-09-05,113.7,114.19,111.95
SPY,2001-09-06,110.77,113.3,110.77
SPY,2001-09-07,108.72,111.25,108.63
SPY,2001-09-10,110.05,110.35,107.7
SPY,2001-09-17,104.3,106.4,100.0
SPY,2001-09-18,104.05,105.3,103.36
SPY,2001-09-19,101.95,104.5,98.56
SPY,2001-09-20,98.71,101.81,98.57
SPY,2001-09-21,97.28,98.99,93.8
SPY,2001-09-24,100.7,101.16,99.06
SPY,2001-09-25,101.75,102.0,99.9
SPY,2001-09-26,101.39,102.4,100.43
SPY,2001-09-27,102.27,102.29,100.0
SPY,2001-09-28,104.44,104.6,102.5
SPY,2001-10-01,104.27,104.32,102.83
SPY,2001-10-02,105.58,105.58,103.65
SPY,2001-10-03,107.35,107.88,104.35
SPY,2001-10-04,107.44,108.97,106.75
SPY,2001-10-05,107.23,107.62,105.52
SPY,2001-10-08,106.53,107.3,105.87
SPY,2001-10-09,105.96,106.75,105.6
SPY,2001-10-10,108.32,108.55,105.52
SPY,2001-10-11,110.0,110.3,108.95
SPY,2001-10-12,109.5,109.89,107.3
SPY,2001-10-15,109.3,109.45,108.06
SPY,2001-10-16,109.99,110.62,108.95
SPY,2001-10-17,107.65,111.15,107.65
SPY,2001-10-18,107.42,108.16,106.75
SPY,2001-10-19,107.35,107.91,106.01
SPY,2001-10-22,109.47,109.57,107.21
SPY,2001-10-23,108.91,110.28,108.38
SPY,2001-10-24,108.62,109.45,108.22
SPY,2001-10-25,110.57,110.6,106.74
SPY,2001-10-26,110.32,111.79,109.67
SPY,2001-10-29,107.45,110.55,107.45
SPY,2001-10-30,106.16,107.7,105.56
SPY,2001-10-31,105.8,107.86,105.8
SPY,2001-11-01,108.51,109.01,105.7
SPY,2001-11-02,109.25,109.38,107.87
SPY,2001-11-05,110.68,111.09,109.95
SPY,2001-11-06,112.4,112.48,109.85
SPY,2001-11-07,112.25,113.12,111.64
SPY,2001-11-08,112.6,114.08,111.9
SPY,2001-11-09,112.72,112.96,111.44
SPY,2001-11-12,112.03,112.65,110.0
SPY,2001-11-13,114.55,114.55,113.18
SPY,2001-11-14,114.66,115.4,113.71
SPY,2001-11-15,114.87,115.18,113.93
SPY,2001-11-16,114.36,115.1,113.4
SPY,2001-11-19,115.77,115.85,114.45
SPY,2001-11-20,114.8,115.8,114.64
SPY,2001-11-21,114.04,114.67,113.51
SPY,2001-11-23,115.68,115.75,114.0
SPY,2001-11-26,115.93,116.34,115.07
SPY,2001-11-27,115.43,116.9,114.09
SPY,2001-11-28,113.34,115.17,113.25
SPY,2001-11-29,114.87,114.92,113.0
SPY,2001-11-30,114.05,114.91,114.02
SPY,2001-12-03,113.37,114.08,113.01
SPY,2001-12-04,115.29,115.3,113.35
SPY,2001-12-05,117.4,118.0,115.56
SPY,2001-12-06,117.34,117.94,116.93
SPY,2001-12-07,116.56,117.09,115.7
SPY,2001-12-10,114.38,116.39,114.35
SPY,2001-12-11,114.15,115.72,113.9
SPY,2001-12-12,114.28,114.78,113.11
SPY,2001-12-13,112.06,113.7,112.04
SPY,2001-12-14,113.13,113.49,112.0
SPY,2001-12-17,114.3,114.36,112.9
SPY,2001-12-18,114.98,115.15,114.34
SPY,2001-12-19,115.79,115.92,114.0
SPY,2001-12-20,114.65,115.8,114.55
SPY,2001-12-21,114.95,115.07,114.2
SPY,2001-12-24,114.73,115.04,114.61
SPY,2001-12-26,115.36,116.21,114.65
SPY,2001-12-27,116.06,116.08,115.26
SPY,2001-12-28,116.0,116.75,115.92
SPY,2001-12-31,114.3,116.39,114.23
SPY,2002-01-02,115.53,115.75,113.81
SPY,2002-01-03,116.84,116.95,115.54
SPY,2002-01-04,117.62,117.98,116.55
SPY,2002-01-07,116.79,117.99,116.56
SPY,2002-01-08,116.52,117.06,115.97
SPY,2002-01-09,115.57,117.78,115.34
SPY,2002-01-10,116.08,116.35,115.3
SPY,2002-01-11,114.94,116.28,114.7
SPY,2002-01-14,114.22,114.84,113.96
SPY,2002-01-15,115.15,115.39,113.9
SPY,2002-01-16,112.82,114.4,112.69
SPY,2002-01-17,113.67,114.24,113.4
SPY,2002-01-18,113.15,113.85,112.67
SPY,2002-01-22,112.37,113.93,112.02
SPY,2002-01-23,113.23,113.55,112.02
SPY,2002-01-24,113.58,114.25,113.32
SPY,2002-01-25,113.55,114.18,113.04
SPY,2002-01-28,113.86,114.19,112.92
SPY,2002-01-29,110.28,114.13,110.05
SPY,2002-01-30,111.87,113.39,108.4
SPY,2002-01-31,113.18,113.3,111.62
SPY,2002-02-01,112.65,113.3,112.17
SPY,2002-02-04,109.85,112.23,109.45
SPY,2002-02-05,109.17,110.5,108.53
SPY,2002-02-06,108.7,109.74,108.06
SPY,2002-02-07,108.02,109.86,108.0
SPY,2002-02-08,110.09,110.75,108.3
SPY,2002-02-11,111.44,111.64,109.82
SPY,2002-02-12,111.09,111.71,110.03
SPY,2002-02-13,112.27,112.54,111.35
SPY,2002-02-14,112.06,112.97,111.59
SPY,2002-02-15,110.89,112.24,110.71
SPY,2002-02-19,108.76,110.3,108.61
SPY,2002-02-20,110.59,110.59,107.82
SPY,2002-02-21,108.3,110.63,108.26
SPY,2002-02-22,109.64,109.94,107.87
SPY,2002-02-25,111.45,111.81,109.7
SPY,2002-02-26,111.22,112.04,110.57
SPY,2002-02-27,111.65,112.86,110.65
SPY,2002-02-28,111.15,112.75,111.03
SPY,2002-03-01,113.74,113.85,111.51
SPY,2002-03-04,115.75,115.99,113.65
SPY,2002-03-05,115.38,116.4,114.97
SPY,2002-03-06,116.75,117.15,115.08
SPY,2002-03-07,116.5,117.5,115.57
SPY,2002-03-08,116.99,117.91,116.48
SPY,2002-03-11,117.24,117.9,116.43
SPY,2002-03-12,117.17,117.25,115.94
SPY,2002-03-13,116.04,116.75,115.64
SPY,2002-03-14,115.88,116.43,115.63
SPY,2002-03-15,116.65,116.95,115.9
SPY,2002-03-18,116.67,117.57,116.1
SPY,2002-03-19,117.45,117.74,116.82
SPY,2002-03-20,115.24,116.58,115.19
SPY,2002-03-21,115.29,115.83,114.12
SPY,2002-03-22,115.04,115.94,114.7
SPY,2002-03-25,113.61,115.36,113.3
SPY,2002-03-26,114.27,115.02,113.47
SPY,2002-03-27,114.57,115.01,113.76
SPY,2002-03-28,114.52,115.77,114.5
SPY,2002-04-01,114.57,115.1,113.5
SPY,2002-04-02,113.94,114.95,113.77
SPY,2002-04-03,113.14,114.22,112.16
SPY,2002-04-04,112.67,113.4,112.23
SPY,2002-04-05,112.69,113.63,112.18
SPY,2002-04-08,112.93,113.03,111.23
SPY,2002-04-09,112.14,113.19,111.93
SPY,2002-04-10,113.41,113.54,112.09
SPY,2002-04-11,110.59,113.05,110.5
SPY,2002-04-12,111.42,111.65,110.04
SPY,2002-04-15,110.57,111.86,110.2
SPY,2002-04-16,113.2,113.32,111.67
SPY,2002-04-17,112.96,113.67,112.6
SPY,2002-04-18,112.47,113.46,111.15
SPY,2002-04-19,112.88,113.24,112.56
SPY,2002-04-22,111.0,112.43,110.84
SPY,2002-04-23,110.52,111.48,110.17
SPY,2002-04-24,109.41,111.81,109.4
SPY,2002-04-25,109.47,109.74,108.72
SPY,2002-04-26,107.39,110.01,107.29
SPY,2002-04-29,106.86,108.26,106.63
SPY,2002-04-30,107.86,108.64,106.64
SPY,2002-05-01,109.18,109.25,106.8
SPY,2002-05-02,108.76,109.53,108.2
SPY,2002-05-03,107.58,108.76,107.2
SPY,2002-05-06,105.47,108.0,105.31
SPY,2002-05-07,105.1,106.32,104.9
SPY,2002-05-08,109.01,109.36,106.79
SPY,2002-05-09,107.75,109.1,107.58
SPY,2002-05-10,105.72,108.05,105.6
SPY,2002-05-13,107.87,107.95,105.8
SPY,2002-05-14,110.22,110.37,109.0
SPY,2002-05-15,109.79,110.91,109.29
SPY,2002-05-16,110.36,110.48,109.33
SPY,2002-05-17,110.9,111.25,110.1
SPY,2002-05-20,109.7,110.69,109.49
SPY,2002-05-21,108.7,110.49,108.32
SPY,2002-05-22,108.94,109.12,108.0
SPY,2002-05-23,110.1,110.36,108.48
SPY,2002-05-24,108.69,110.2,108.61
SPY,2002-05-28,108.1,109.13,107.45
SPY,2002-05-29,107.3,108.02,107.13
SPY,2002-05-30,107.0,107.51,105.9
SPY,2002-05-31,107.22,108.56,106.85
SPY,2002-06-03,104.37,107.6,104.13
SPY,2002-06-04,104.63,105.2,103.55
SPY,2002-06-05,105.61,105.67,104.35
SPY,2002-06-06,103.46,105.6,103.15
SPY,2002-06-07,103.34,103.92,101.72
SPY,2002-06-10,103.74,104.46,103.02
SPY,2002-06-11,101.96,104.54,101.73
SPY,2002-06-12,102.58,102.81,100.78
SPY,2002-06-13,101.55,103.0,101.34
SPY,2002-06-14,101.4,101.56,98.5
SPY,2002-06-17,104.12,104.34,101.85
SPY,2002-06-18,104.97,105.03,103.63
SPY,2002-06-19,102.52,104.43,102.24
SPY,2002-06-20,101.21,103.05,100.96
SPY,2002-06-21,99.28,100.93,98.69
SPY,2002-06-24,99.8,100.69,97.25
SPY,2002-06-25,97.56,100.89,97.54
SPY,2002-06-26,97.72,98.15,95.2
SPY,2002-06-27,99.43,99.49,96.57
SPY,2002-06-28,98.96,100.5,98.88
SPY,2002-07-01,97.03,99.8,96.89
SPY,2002-07-02,94.97,97.2,94.77
SPY,2002-07-03,95.51,95.84,93.73
SPY,2002-07-05,99.31,99.53,96.67
SPY,2002-07-08,98.07,99.7,97.56
SPY,2002-07-09,95.6,98.34,95.01
SPY,2002-07-10,92.12,96.07,92.04
SPY,2002-07-11,92.87,93.35,90.32
SPY,2002-07-12,91.85,93.89,91.52
SPY,2002-07-15,92.34,92.4,87.89
SPY,2002-07-16,90.56,92.38,89.87
SPY,2002-07-17,90.74,93.3,89.75
SPY,2002-07-18,87.8,91.1,87.75
SPY,2002-07-19,84.71,87.55,84.3
SPY,2002-07-22,82.2,85.91,81.45
SPY,2002-07-23,79.95,83.24,79.75
SPY,2002-07-24,84.72,85.12,77.68
SPY,2002-07-25,84.0,85.85,81.6
SPY,2002-07-26,85.6,85.93,83.8
SPY,2002-07-29,89.77,90.34,87.3
SPY,2002-07-30,90.94,91.4,88.72
SPY,2002-07-31,91.16,91.55,89.25
SPY,2002-08-01,88.78,91.35,88.33
SPY,2002-08-02,86.79,88.92,85.62
SPY,2002-08-05,83.77,86.93,83.55
SPY,2002-08-06,86.59,87.9,85.05
SPY,2002-08-07,88.1,88.5,85.77
SPY,2002-08-08,90.95,91.1,87.8
SPY,2002-08-09,91.29,91.94,89.35
SPY,2002-08-12,90.62,91.27,89.55
SPY,2002-08-13,88.97,91.66,88.65
SPY,2002-08-14,92.22,92.63,88.02
SPY,2002-08-15,93.5,93.99,92.2
SPY,2002-08-16,93.22,94.08,92.0
SPY,2002-08-19,95.4,95.75,93.1
SPY,2002-08-20,94.39,95.4,93.62
SPY,2002-08-21,95.75,95.78,93.57
SPY,2002-08-22,96.68,97.15,95.07
SPY,2002-08-23,94.6,96.15,94.15
SPY,2002-08-26,95.26,95.64,93.5
SPY,2002-08-27,94.16,96.25,93.51
SPY,2002-08-28,92.1,93.49,91.8
SPY,2002-08-29,92.14,93.06,90.81
SPY,2002-08-30,91.78,93.39,91.4
SPY,2002-09-03,88.28,91.0,88.15
SPY,2002-09-04,89.54,90.25,88.06
SPY,2002-09-05,88.78,89.43,87.5
SPY,2002-09-06,90.0,90.57,89.35
SPY,2002-09-09,90.66,91.35,88.8
SPY,2002-09-10,91.7,91.78,90.56
SPY,2002-09-11,91.13,93.33,91.1
SPY,2002-09-12,89.45,90.84,88.99
SPY,2002-09-13,89.67,89.9,88.25
SPY,2002-09-16,89.89,89.89,88.47
SPY,2002-09-17,87.83,91.19,87.75
SPY,2002-09-18,86.95,88.5,86.28
SPY,2002-09-19,84.7,86.8,84.7
SPY,2002-09-20,84.35,85.2,84.05
SPY,2002-09-23,83.66,84.07,82.69
SPY,2002-09-24,82.31,83.65,81.85
SPY,2002-09-25,84.35,84.77,82.04
SPY,2002-09-26,85.73,85.97,84.45
SPY,2002-09-27,82.75,85.63,82.75
SPY,2002-09-30,81.79,82.8,80.01
SPY,2002-10-01,85.72,85.77,81.47
SPY,2002-10-02,83.15,85.53,82.6
SPY,2002-10-03,82.31,84.6,81.95
SPY,2002-10-04,80.8,82.92,79.58
SPY,2002-10-07,79.13,81.2,78.55
SPY,2002-10-08,80.37,81.31,78.2
SPY,2002-10-09,78.1,79.7,77.78
SPY,2002-10-10,80.63,81.07,77.07
SPY,2002-10-11,84.16,84.73,81.82
SPY,2002-10-14,84.63,84.85,83.04
SPY,2002-10-15,88.7,88.72,86.86
SPY,2002-10-16,86.55,87.8,85.92
SPY,2002-10-17,88.27,89.3,87.85
SPY,2002-10-18,88.64,89.11,86.93
SPY,2002-10-21,90.17,90.5,87.57
SPY,2002-10-22,89.52,90.01,88.52
SPY,2002-10-23,90.2,90.27,87.68
SPY,2002-10-24,88.36,90.9,88.1
SPY,2002-10-25,90.2,90.39,87.94
SPY,2002-10-28,89.61,91.29,88.85
SPY,2002-10-29,88.57,89.49,87.0
SPY,2002-10-30,89.43,89.96,88.23
SPY,2002-10-31,88.52,90.3,88.19
SPY,2002-11-01,90.27,90.82,88.05
SPY,2002-11-04,91.13,92.94,90.9
SPY,2002-11-05,91.85,92.07,90.84
SPY,2002-11-06,93.04,93.07,90.79
SPY,2002-11-07,90.76,92.22,90.22
SPY,2002-11-08,89.65,91.57,89.52
SPY,2002-11-11,88.26,89.56,87.8
SPY,2002-11-12,88.96,89.93,88.37
SPY,2002-11-13,89.05,89.75,87.45
SPY,2002-11-14,90.73,91.0,89.76
SPY,2002-11-15,91.4,91.55,89.95
SPY,2002-11-18,90.48,92.15,90.35
SPY,2002-11-19,90.36,91.1,89.76
SPY,2002-11-20,92.37,92.42,89.95
SPY,2002-11-21,94.09,94.19,92.43
SPY,2002-11-22,93.42,94.27,93.27
SPY,2002-11-25,93.48,94.26,92.77
SPY,2002-11-26,91.7,93.45,91.62
SPY,2002-11-27,94.28,94.65,92.43
SPY,2002-11-29,93.98,94.95,93.77
SPY,2002-12-02,94.13,96.05,93.22
SPY,2002-12-03,92.87,93.4,92.35
SPY,2002-12-04,92.45,93.14,91.43
SPY,2002-12-05,91.43,92.8,91.1
SPY,2002-12-06,92.03,92.17,89.98
SPY,2002-12-09,89.5,91.46,89.48
SPY,2002-12-10,90.7,91.1,89.76
SPY,2002-12-11,90.78,91.62,90.16
SPY,2002-12-12,90.77,91.49,90.2
SPY,2002-12-13,89.34,90.48,89.27
SPY,2002-12-16,91.65,91.79,89.66
SPY,2002-12-17,90.85,91.74,90.74
SPY,2002-12-18,89.8,90.4,89.33
SPY,2002-12-19,89.16,90.7,88.6
SPY,2002-12-20,89.99,90.02,89.1
SPY,2002-12-23,90.02,90.47,89.31
SPY,2002-12-24,89.36,89.86,89.25
SPY,2002-12-26,89.39,90.61,88.84
SPY,2002-12-27,87.38,89.29,87.38
SPY,2002-12-30,88.11,88.47,87.22
SPY,2002-12-31,88.23,88.43,87.11
SPY,2003-01-02,91.07,91.3,88.54
SPY,2003-01-03,91.35,91.39,90.5
SPY,2003-01-06,92.96,93.49,91.18
SPY,2003-01-07,92.73,93.37,92.2
SPY,2003-01-08,91.39,92.4,91.05
SPY,2003-01-09,92.81,93.18,91.41
SPY,2003-01-10,93.06,93.64,91.8
SPY,2003-01-13,93.03,93.86,92.44
SPY,2003-01-14,93.33,93.83,92.41
SPY,2003-01-15,92.4,93.57,91.91
SPY,2003-01-16,92.02,92.93,91.46
SPY,2003-01-17,90.66,92.3,90.15
SPY,2003-01-21,89.25,90.92,88.95
SPY,2003-01-22,88.17,89.8,88.0
SPY,2003-01-23,88.71,89.38,87.95
SPY,2003-01-24,86.38,88.68,86.17
SPY,2003-01-27,85.2,86.8,84.5
SPY,2003-01-28,85.83,86.4,85.13
SPY,2003-01-29,86.48,87.18,84.77
SPY,2003-01-30,84.43,86.88,84.4
SPY,2003-01-31,86.06,86.22,84.15
SPY,2003-02-03,86.23,86.82,85.92
SPY,2003-02-04,85.38,85.75,84.3
SPY,2003-02-05,84.85,86.54,84.49
SPY,2003-02-06,84.45,84.89,83.65
SPY,2003-02-07,83.42,84.99,82.97
SPY,2003-02-10,84.01,84.13,82.65
SPY,2003-02-11,83.43,84.71,82.83
SPY,2003-02-12,82.1,83.62,82.09
SPY,2003-02-13,82.35,82.66,81.0
SPY,2003-02-14,84.15,84.2,81.83
SPY,2003-02-18,85.63,85.8,84.39
SPY,2003-02-19,85.18,85.47,84.28
SPY,2003-02-20,84.33,85.42,84.05
SPY,2003-02-21,85.18,85.74,83.46
SPY,2003-02-24,83.8,85.0,83.59
SPY,2003-02-25,84.47,84.49,82.22
SPY,2003-02-26,83.24,84.53,83.08
SPY,2003-02-27,84.34,84.75,83.16
SPY,2003-02-28,84.9,85.23,84.16
SPY,2003-03-03,84.09,85.78,83.72
SPY,2003-03-04,82.75,84.01,82.65
SPY,2003-03-05,83.45,83.54,82.36
SPY,2003-03-06,82.75,83.52,82.47
SPY,2003-03-07,83.32,83.99,81.43
SPY,2003-03-10,81.32,82.86,81.1
SPY,2003-03-11,80.52,82.0,80.48
SPY,2003-03-12,81.06,81.1,79.38
SPY,2003-03-13,83.86,83.91,81.53
SPY,2003-03-14,84.13,84.77,83.35
SPY,2003-03-17,86.78,86.95,83.22
SPY,2003-03-18,87.29,87.35,86.28
SPY,2003-03-19,87.96,88.16,86.68
SPY,2003-03-20,88.15,88.59,86.35
SPY,2003-03-21,89.67,89.88,87.93
SPY,2003-03-24,86.69,88.14,86.35
SPY,2003-03-25,87.52,88.26,86.44
SPY,2003-03-26,87.08,87.85,86.8
SPY,2003-03-27,87.15,87.66,85.99
SPY,2003-03-28,86.71,87.28,86.25
SPY,2003-03-31,84.74,86.59,84.4
SPY,2003-04-01,86.04,86.39,84.91
SPY,2003-04-02,88.12,88.77,87.5
SPY,2003-04-03,87.7,88.99,87.65
SPY,2003-04-04,88.22,88.59,87.62
SPY,2003-04-07,88.05,90.85,87.97
SPY,2003-04-08,88.19,88.65,87.71
SPY,2003-04-09,87.03,89.1,86.77
SPY,2003-04-10,87.51,87.63,85.71
SPY,2003-04-11,87.15,88.7,86.86
SPY,2003-04-14,88.95,89.0,87.0
SPY,2003-04-15,89.78,89.78,88.42
SPY,2003-04-16,88.25,90.07,88.03
SPY,2003-04-17,89.56,89.72,88.19
SPY,2003-04-21,89.65,90.16,89.06
SPY,2003-04-22,91.34,91.56,88.89
SPY,2003-04-23,92.18,92.35,91.24
SPY,2003-04-24,91.36,92.08,90.96
SPY,2003-04-25,90.23,91.47,90.02
SPY,2003-04-28,91.79,92.19,90.3
SPY,2003-04-29,91.79,92.8,91.4
SPY,2003-04-30,91.91,92.57,91.41
SPY,2003-05-01,91.9,92.73,90.5
SPY,2003-05-02,93.21,93.47,91.49
SPY,2003-05-05,93.03,93.78,92.5
SPY,2003-05-06,93.91,94.38,93.0
SPY,2003-05-07,93.39,94.14,92.97
SPY,2003-05-08,92.45,93.34,92.28
SPY,2003-05-09,93.73,93.8,92.61
SPY,2003-05-12,94.88,95.12,93.28
SPY,2003-05-13,94.71,95.19,94.26
SPY,2003-05-14,94.51,95.24,93.91
SPY,2003-05-15,95.11,95.33,94.25
SPY,2003-05-16,94.87,95.45,94.26
SPY,2003-05-19,92.65,94.89,92.33
SPY,2003-05-20,92.46,93.03,91.6
SPY,2003-05-21,92.65,92.88,91.91
SPY,2003-05-22,93.57,94.05,92.68
SPY,2003-05-23,93.76,93.98,93.14
SPY,2003-05-27,95.4,95.84,93.18
SPY,2003-05-28,95.67,96.47,95.43
SPY,2003-05-29,95.42,96.82,95.08
SPY,2003-05-30,96.95,97.09,95.56
SPY,2003-06-02,97.35,98.45,96.67
SPY,2003-06-03,97.75,97.84,96.85
SPY,2003-06-04,99.16,99.35,97.57
SPY,2003-06-05,99.65,99.65,98.27
SPY,2003-06-06,99.26,101.4,99.13
SPY,2003-06-09,98.25,99.1,97.77
SPY,2003-06-10,99.25,99.26,98.19
SPY,2003-06-11,100.3,100.39,98.71
SPY,2003-06-12,100.61,100.9,99.62
SPY,2003-06-13,99.56,100.75,98.95
SPY,2003-06-16,101.66,101.7,99.8
SPY,2003-06-17,101.66,102.18,101.23
SPY,2003-06-18,101.57,102.14,101.0
SPY,2003-06-19,100.02,101.73,99.84
SPY,2003-06-20,99.44,100.5,99.42
SPY,2003-06-23,98.42,99.66,97.92
SPY,2003-06-24,98.52,99.09,98.02
SPY,2003-06-25,97.53,99.44,97.53
SPY,2003-06-26,98.8,98.98,96.96
SPY,2003-06-27,97.66,99.19,97.58
SPY,2003-06-30,97.63,98.67,97.47
SPY,2003-07-01,98.53,98.85,96.43
SPY,2003-07-02,99.77,99.79,98.57
SPY,2003-07-03,98.74,99.85,97.9
SPY,2003-07-07,100.7,100.9,99.65
SPY,2003-07-08,101.15,101.29,100.17
SPY,2003-07-09,100.58,101.4,100.03
SPY,2003-07-10,99.3,100.04,98.63
SPY,2003-07-11,100.24,100.45,99.39
SPY,2003-07-14,100.73,101.9,99.92
SPY,2003-07-15,100.51,101.46,99.95
SPY,2003-07-16,99.92,100.87,99.23
SPY,2003-07-17,98.5,99.88,98.16
SPY,2003-07-18,99.51,99.8,98.46
SPY,2003-07-21,98.28,99.49,97.85
SPY,2003-07-22,99.17,99.41,97.91
SPY,2003-07-23,99.24,99.45,98.28
SPY,2003-07-24,98.49,100.34,98.37
SPY,2003-07-25,100.23,100.29,98.04
SPY,2003-07-28,99.86,100.98,99.67
SPY,2003-07-29,99.4,100.27,98.68
SPY,2003-07-30,99.16,99.79,98.93
SPY,2003-07-31,99.39,100.94,99.05
SPY,2003-08-01,98.51,99.53,98.24
SPY,2003-08-04,98.51,99.0,97.0
SPY,2003-08-05,96.42,98.76,96.34
SPY,2003-08-06,96.98,98.06,96.42
SPY,2003-08-07,98.0,98.07,96.76
SPY,2003-08-08,98.28,98.55,97.76
SPY,2003-08-11,98.65,99.04,97.84
SPY,2003-08-12,99.55,99.59,98.42
SPY,2003-08-13,99.04,99.85,98.53
SPY,2003-08-14,99.31,99.75,98.45
SPY,2003-08-15,99.62,99.79,99.12
SPY,2003-08-18,100.48,100.6,99.74
SPY,2003-08-19,100.86,100.94,100.0
SPY,2003-08-20,100.45,100.89,100.16
SPY,2003-08-21,100.77,101.52,100.4
SPY,2003-08-22,99.77,101.82,99.73
SPY,2003-08-25,99.93,100.0,99.28
SPY,2003-08-26,100.11,100.39,98.83
SPY,2003-08-27,100.14,100.36,99.57
SPY,2003-08-28,100.76,101.0,99.66
SPY,2003-08-29,101.44,101.48,100.48
SPY,2003-09-02,102.8,102.88,101.05
SPY,2003-09-03,103.36,103.7,102.78
SPY,2003-09-04,103.41,103.55,102.76
SPY,2003-09-05,102.83,103.55,102.4
SPY,2003-09-08,103.68,103.88,102.93
SPY,2003-09-09,103.0,103.46,102.68
SPY,2003-09-10,101.96,102.8,101.55
SPY,2003-09-11,102.26,102.76,101.84
SPY,2003-09-12,102.45,102.64,101.35
SPY,2003-09-15,102.09,102.63,101.95
SPY,2003-09-16,103.58,103.64,102.17
SPY,2003-09-17,103.38,103.79,103.05
SPY,2003-09-18,104.6,104.7,103.17
SPY,2003-09-19,103.67,104.6,103.4
SPY,2003-09-22,102.55,102.96,102.03
SPY,2003-09-23,102.94,103.29,102.36
SPY,2003-09-24,101.11,103.22,101.07
SPY,2003-09-25,100.28,101.88,100.2
SPY,2003-09-26,99.95,100.66,99.85
SPY,2003-09-29,100.93,100.99,99.79
SPY,2003-09-30,99.95,100.76,99.25
SPY,2003-10-01,102.08,102.18,100.2
SPY,2003-10-02,102.45,102.56,101.63
SPY,2003-10-03,103.39,104.28,103.08
SPY,2003-10-06,103.86,103.99,103.2
SPY,2003-10-07,104.26,104.31,102.91
SPY,2003-10-08,104.0,104.39,103.41
SPY,2003-10-09,104.28,105.22,103.83
SPY,2003-10-10,104.57,104.6,103.91
SPY,2003-10-13,104.9,105.29,104.51
SPY,2003-10-14,105.27,105.43,104.36
SPY,2003-10-15,104.99,105.89,104.64
SPY,2003-10-16,105.41,105.73,104.65
SPY,2003-10-17,104.26,105.63,103.98
SPY,2003-10-20,105.04,105.04,103.94
SPY,2003-10-21,104.86,105.28,104.32
SPY,2003-10-22,103.54,104.19,103.19
SPY,2003-10-23,103.35,103.95,102.84
SPY,2003-10-24,103.58,103.58,102.18
SPY,2003-10-27,103.63,104.18,103.27
SPY,2003-10-28,105.04,105.15,103.82
SPY,2003-10-29,105.18,105.43,103.87
SPY,2003-10-30,105.4,105.97,104.8
SPY,2003-10-31,105.3,105.74,105.22
SPY,2003-11-03,105.99,106.61,105.71
SPY,2003-11-04,105.76,106.27,105.58
SPY,2003-11-05,105.84,105.97,104.9
SPY,2003-11-06,106.4,106.44,105.1
SPY,2003-11-07,105.61,106.72,105.57
SPY,2003-11-10,105.18,105.84,105.01
SPY,2003-11-11,105.15,105.33,104.8
SPY,2003-11-12,106.33,106.47,105.16
SPY,2003-11-13,106.36,106.54,105.78
SPY,2003-11-14,105.46,106.95,105.29
SPY,2003-11-17,104.93,105.14,104.04
SPY,2003-11-18,103.84,105.45,103.7
SPY,2003-11-19,104.72,105.01,103.92
SPY,2003-11-20,103.78,105.24,103.75
SPY,2003-11-21,104.21,104.33,103.62
SPY,2003-11-24,105.59,105.78,104.68
SPY,2003-11-25,105.99,106.42,105.45
SPY,2003-11-26,106.37,106.45,105.39
SPY,2003-11-28,106.45,106.66,106.2
SPY,2003-12-01,107.6,107.68,106.8
SPY,2003-12-02,107.33,107.77,107.07
SPY,2003-12-03,107.16,108.08,107.07
SPY,2003-12-04,107.6,107.72,106.94
SPY,2003-12-05,106.85,107.8,106.62
SPY,2003-12-08,107.57,107.64,106.68
SPY,2003-12-09,106.74,107.93,106.54
SPY,2003-12-10,106.73,106.98,105.96
SPY,2003-12-11,107.93,108.1,106.67
SPY,2003-12-12,108.14,108.2,107.39
SPY,2003-12-15,107.6,109.23,107.48
SPY,2003-12-16,108.16,108.5,107.52
SPY,2003-12-17,108.5,108.5,107.8
SPY,2003-12-18,109.72,109.73,108.39
SPY,2003-12-19,108.9,109.37,108.58
SPY,2003-12-22,109.66,109.66,108.78
SPY,2003-12-23,109.73,109.95,109.38
SPY,2003-12-24,109.62,109.88,109.43
SPY,2003-12-26,109.7,110.08,109.63
SPY,2003-12-29,111.16,111.27,109.78
SPY,2003-12-30,111.18,111.27,110.85
SPY,2003-12-31,111.28,111.52,110.84
SPY,2004-01-02,111.23,112.19,110.73
SPY,2004-01-05,112.44,112.52,111.59
SPY,2004-01-06,112.55,112.73,112.0
SPY,2004-01-07,112.93,113.06,111.89
SPY,2004-01-08,113.38,113.41,112.77
SPY,2004-01-09,112.39,113.5,112.27
SPY,2004-01-12,113.22,113.25,112.36
SPY,2004-01-13,112.56,113.23,111.76
SPY,2004-01-14,113.5,113.66,112.67
SPY,2004-01-15,113.78,114.06,112.58
SPY,2004-01-16,114.23,114.31,113.63
SPY,2004-01-20,114.2,114.65,113.82
SPY,2004-01-21,115.1,115.3,113.72
SPY,2004-01-22,114.8,115.38,114.58
SPY,2004-01-23,114.43,115.37,113.95
SPY,2004-01-26,115.87,115.93,114.38
SPY,2004-01-27,114.68,116.5,114.65
SPY,2004-01-28,113.37,115.28,112.94
SPY,2004-01-29,113.48,113.85,112.56
SPY,2004-01-30,113.48,113.72,113.09
SPY,2004-02-02,113.97,114.68,113.12
SPY,2004-02-03,113.78,114.14,113.44
SPY,2004-02-04,112.85,113.73,112.79
SPY,2004-02-05,113.18,113.54,112.78
SPY,2004-02-06,114.45,114.7,113.2
SPY,2004-02-09,114.48,114.87,114.29
SPY,2004-02-10,114.85,115.14,114.26
SPY,2004-02-11,116.07,116.39,114.17
SPY,2004-02-12,115.65,116.27,115.58
SPY,2004-02-13,115.13,116.2,114.75
SPY,2004-02-17,116.17,116.43,115.77
SPY,2004-02-18,115.66,116.6,115.35
SPY,2004-02-19,115.23,116.39,115.06
SPY,2004-02-20,114.88,115.56,114.32
SPY,2004-02-23,114.59,115.26,114.17
SPY,2004-02-24,114.39,114.99,113.9
SPY,2004-02-25,114.87,115.06,114.32
SPY,2004-02-26,114.94,115.29,114.34
SPY,2004-02-27,115.02,115.74,114.63
SPY,2004-03-01,116.16,116.34,115.25
SPY,2004-03-02,115.48,116.97,115.23
SPY,2004-03-03,115.69,115.87,114.92
SPY,2004-03-04,115.99,116.1,115.52
SPY,2004-03-05,116.38,116.95,115.28
SPY,2004-03-08,114.96,116.62,114.91
SPY,2004-03-09,114.5,115.21,114.24
SPY,2004-03-10,112.58,114.77,112.56
SPY,2004-03-11,111.12,113.27,111.1
SPY,2004-03-12,112.58,112.71,111.58
SPY,2004-03-15,111.2,112.35,110.9
SPY,2004-03-16,111.79,112.06,110.84
SPY,2004-03-17,113.04,113.26,112.1
SPY,2004-03-18,113.07,113.27,111.93
SPY,2004-03-19,111.06,112.57,111.04
SPY,2004-03-22,109.65,110.57,109.1
SPY,2004-03-23,109.46,110.4,109.36
SPY,2004-03-24,109.55,110.14,108.85
SPY,2004-03-25,111.0,111.3,109.79
SPY,2004-03-26,111.03,111.79,110.8
SPY,2004-03-29,112.59,112.74,111.58
SPY,2004-03-30,112.97,113.07,112.22
SPY,2004-03-31,113.1,113.4,112.38
SPY,2004-04-01,113.78,113.87,113.05
SPY,2004-04-02,114.64,114.84,113.9
SPY,2004-04-05,115.27,115.38,114.44
SPY,2004-04-06,114.9,115.18,114.62
SPY,2004-04-07,114.63,114.98,114.11
SPY,2004-04-08,114.37,115.41,113.74
SPY,2004-04-12,114.82,115.08,114.57
SPY,2004-04-13,113.21,115.3,113.02
SPY,2004-04-14,113.39,113.64,112.55
SPY,2004-04-15,112.96,113.78,112.36
SPY,2004-04-16,113.83,114.05,112.98
SPY,2004-04-19,113.83,113.99,113.27
SPY,2004-04-20,111.92,114.32,111.78
SPY,2004-04-21,112.67,112.95,111.87
SPY,2004-04-22,114.25,114.67,112.44
SPY,2004-04-23,114.36,114.57,113.79
SPY,2004-04-26,114.2,114.94,113.6
SPY,2004-04-27,114.3,115.12,113.96
SPY,2004-04-28,112.82,114.01,112.5
SPY,2004-04-29,111.83,113.32,111.16
SPY,2004-04-30,110.96,112.38,110.9
SPY,2004-05-03,112.15,112.29,111.35
SPY,2004-05-04,112.06,113.26,111.66
SPY,2004-05-05,112.78,112.96,112.16
SPY,2004-05-06,111.81,112.59,111.0
SPY,2004-05-07,109.96,112.23,109.96
SPY,2004-05-10,108.83,109.75,108.36
SPY,2004-05-11,109.75,110.05,109.33
SPY,2004-05-12,110.45,110.54,108.06
SPY,2004-05-13,109.99,110.81,109.63
SPY,2004-05-14,110.04,110.74,109.27
SPY,2004-05-17,109.1,109.5,108.41
SPY,2004-05-18,109.65,109.94,109.33
SPY,2004-05-19,109.27,111.18,109.15
SPY,2004-05-20,109.62,109.87,109.04
SPY,2004-05-21,109.81,110.55,109.47
SPY,2004-05-24,110.27,110.76,109.68
SPY,2004-05-25,111.85,111.98,109.6
SPY,2004-05-26,112.24,112.29,111.51
SPY,2004-05-27,112.87,113.03,112.06
SPY,2004-05-28,112.86,112.88,112.36
SPY,2004-06-01,112.71,112.86,111.87
SPY,2004-06-02,113.13,113.48,112.46
SPY,2004-06-03,112.09,113.19,112.07
SPY,2004-06-04,112.98,113.58,112.71
SPY,2004-06-07,114.7,114.81,113.42
SPY,2004-06-08,114.86,114.92,114.17
SPY,2004-06-09,113.79,114.7,113.72
SPY,2004-06-10,114.35,114.35,113.93
SPY,2004-06-14,113.22,113.85,112.87
SPY,2004-06-15,114.02,114.45,113.51
SPY,2004-06-16,114.0,114.2,113.7
SPY,2004-06-17,113.83,114.07,113.33
SPY,2004-06-18,113.63,114.22,113.18
SPY,2004-06-21,113.2,114.14,113.13
SPY,2004-06-22,113.77,113.88,112.67
SPY,2004-06-23,114.75,114.84,113.42
SPY,2004-06-24,114.39,114.93,114.26
SPY,2004-06-25,113.84,114.94,113.68
SPY,2004-06-28,113.45,114.61,113.41
SPY,2004-06-29,113.92,114.17,113.42
SPY,2004-06-30,114.53,114.79,113.65
SPY,2004-07-01,112.94,114.4,112.58
SPY,2004-07-02,112.88,113.29,112.6
SPY,2004-07-06,111.89,112.45,111.63
SPY,2004-07-07,112.22,112.57,111.75
SPY,2004-07-08,111.42,112.32,111.2
SPY,2004-07-09,111.73,111.94,111.38
SPY,2004-07-12,111.78,112.04,111.0
SPY,2004-07-13,111.86,112.02,111.6
SPY,2004-07-14,111.52,112.39,111.12
SPY,2004-07-15,110.8,111.91,110.7
SPY,2004-07-16,110.71,111.67,110.44
SPY,2004-07-19,110.24,110.96,109.99
SPY,2004-07-20,111.64,111.9,110.25
SPY,2004-07-21,109.58,112.06,109.45
SPY,2004-07-22,109.88,110.39,108.77
SPY,2004-07-23,108.96,109.71,108.69
SPY,2004-07-26,108.75,109.43,108.21
SPY,2004-07-27,109.77,110.11,108.97
SPY,2004-07-28,110.1,110.37,108.59
SPY,2004-07-29,110.57,110.87,110.0
SPY,2004-07-30,110.84,110.9,110.1
SPY,2004-08-02,111.07,111.36,110.05
SPY,2004-08-03,110.21,111.06,110.16
SPY,2004-08-04,110.2,110.75,109.64
SPY,2004-08-05,108.4,110.38,108.27
SPY,2004-08-06,106.85,107.97,106.62
SPY,2004-08-09,107.0,107.48,106.87
SPY,2004-08-10,108.22,108.41,107.26
SPY,2004-08-11,108.16,108.33,107.1
SPY,2004-08-12,106.98,107.95,106.63
SPY,2004-08-13,107.19,107.35,106.59
SPY,2004-08-16,108.3,108.64,107.1
SPY,2004-08-17,108.91,109.28,108.53
SPY,2004-08-18,110.03,110.17,108.49
SPY,2004-08-19,109.71,110.02,109.18
SPY,2004-08-20,110.48,110.63,109.51
SPY,2004-08-23,110.2,110.77,110.05
SPY,2004-08-24,110.35,110.73,109.85
SPY,2004-08-25,111.1,111.27,109.9
SPY,2004-08-26,111.1,111.31,110.85
SPY,2004-08-27,111.45,111.63,111.05
SPY,2004-08-30,110.53,111.34,110.45
SPY,2004-08-31,111.11,111.16,110.1
SPY,2004-09-01,111.32,111.64,110.48
SPY,2004-09-02,112.58,112.7,111.24
SPY,2004-09-03,112.12,112.82,112.01
SPY,2004-09-07,112.86,113.13,112.32
SPY,2004-09-08,112.58,113.06,112.31
SPY,2004-09-09,112.48,112.88,112.03
SPY,2004-09-10,113.06,113.27,112.08
SPY,2004-09-13,113.43,113.74,113.01
SPY,2004-09-14,113.66,113.69,113.19
SPY,2004-09-15,112.8,113.36,112.68
SPY,2004-09-16,113.14,113.37,112.8
SPY,2004-09-17,113.15,113.36,112.69
SPY,2004-09-20,112.47,112.99,112.28
SPY,2004-09-21,112.96,113.47,112.54
SPY,2004-09-22,111.55,112.52,111.47
SPY,2004-09-23,110.95,111.7,110.95
SPY,2004-09-24,111.46,111.73,111.13
SPY,2004-09-27,110.75,111.2,110.58
SPY,2004-09-28,111.28,111.51,110.41
SPY,2004-09-29,111.84,111.85,111.0
SPY,2004-09-30,111.76,111.98,111.26
SPY,2004-10-01,113.65,113.65,112.21
SPY,2004-10-04,113.84,114.44,113.8
SPY,2004-10-05,113.9,114.16,113.54
SPY,2004-10-06,114.62,114.68,113.68
SPY,2004-10-07,113.45,114.4,113.36
SPY,2004-10-08,112.51,113.7,112.35
SPY,2004-10-11,112.97,113.02,112.64
SPY,2004-10-12,112.53,112.83,111.94
SPY,2004-10-13,111.54,113.07,111.32
SPY,2004-10-14,110.64,111.93,110.58
SPY,2004-10-15,111.26,111.74,110.57
SPY,2004-10-18,111.68,111.9,110.7
SPY,2004-10-19,110.74,112.23,110.59
SPY,2004-10-20,110.52,110.82,109.75
SPY,2004-10-21,111.24,111.32,110.21
SPY,2004-10-22,109.99,111.25,109.86
SPY,2004-10-25,109.86,110.12,109.35
SPY,2004-10-26,111.54,111.6,109.88
SPY,2004-10-27,112.88,113.1,111.12
SPY,2004-10-28,113.22,113.56,112.49
SPY,2004-10-29,113.2,113.64,112.9
SPY,2004-11-01,113.51,113.84,113.2
SPY,2004-11-02,113.55,114.57,113.22
SPY,2004-11-03,114.98,115.36,114.24
SPY,2004-11-04,116.55,116.67,114.68
SPY,2004-11-05,117.28,117.64,116.49
SPY,2004-11-08,117.11,117.23,116.72
SPY,2004-11-09,116.88,117.5,116.76
SPY,2004-11-10,116.97,117.55,116.76
SPY,2004-11-11,117.86,118.12,117.1
SPY,2004-11-12,118.79,119.0,117.68
SPY,2004-11-15,118.73,118.77,118.23
SPY,2004-11-16,117.88,118.41,117.73
SPY,2004-11-17,118.58,119.14,118.07
SPY,2004-11-18,118.74,118.8,118.23
SPY,2004-11-19,117.42,118.72,117.14
SPY,2004-11-22,117.98,118.12,117.03
SPY,2004-11-23,118.16,118.26,117.37
SPY,2004-11-24,118.44,118.59,118.05
SPY,2004-11-26,118.35,118.98,118.3
SPY,2004-11-29,117.81,119.01,117.48
SPY,2004-11-30,117.89,118.24,117.64
SPY,2004-12-01,119.23,119.5,118.1
SPY,2004-12-02,119.33,119.87,119.01
SPY,2004-12-03,119.25,120.14,119.09
SPY,2004-12-06,119.21,119.64,118.84
SPY,2004-12-07,118.1,119.62,118.04
SPY,2004-12-08,118.79,118.82,118.01
SPY,2004-12-09,119.21,119.46,117.73
SPY,2004-12-10,119.33,119.56,118.85
SPY,2004-12-13,120.37,120.4,119.35
SPY,2004-12-14,120.79,120.96,120.18
SPY,2004-12-15,120.88,121.11,120.31
SPY,2004-12-16,120.81,121.24,120.04
SPY,2004-12-17,119.44,119.97,119.16
SPY,2004-12-20,119.47,120.29,119.17
SPY,2004-12-21,120.39,120.48,119.07
SPY,2004-12-22,120.68,121.08,120.05
SPY,2004-12-23,120.77,121.28,120.09
SPY,2004-12-27,120.52,121.36,120.39
SPY,2004-12-28,121.18,121.33,120.6
SPY,2004-12-29,121.36,121.4,120.95
SPY,2004-12-30,121.13,121.57,121.04
SPY,2004-12-31,120.87,121.66,120.8
SPY,2005-01-03,120.3,121.76,119.9
SPY,2005-01-04,118.83,120.54,118.44
SPY,2005-01-05,118.01,119.25,118.0
SPY,2005-01-06,118.61,119.15,118.26
SPY,2005-01-07,118.44,119.23,118.13
SPY,2005-01-10,119.0,119.46,118.34
SPY,2005-01-11,118.3323,118.74,117.99
SPY,2005-01-12,117.6356,118.84,117.52
SPY,2005-01-13,117.62,118.73,117.5
SPY,2005-01-14,118.24,118.53,117.76
SPY,2005-01-18,119.58,119.62,117.95
SPY,2005-01-19,119.08,119.52,118.21
SPY,2005-01-20,117.5,118.2,117.29
SPY,2005-01-21,116.78,118.0,116.65
SPY,2005-01-24,116.55,117.34,116.37
SPY,2005-01-25,116.88,117.47,116.72
SPY,2005-01-26,117.2304,117.6,117.04
SPY,2005-01-27,117.43,117.75,116.98
SPY,2005-01-28,117.43,117.55,116.61
SPY,2005-01-31,118.14,118.25,117.71
SPY,2005-02-01,118.7108,119.08,118.1
SPY,2005-02-02,119.3392,119.59,118.9
SPY,2005-02-03,119.11,119.16,118.57
SPY,2005-02-04,120.23,120.43,118.98
SPY,2005-02-07,120.373,120.52,119.96
SPY,2005-02-08,120.3575,120.65,120.07
SPY,2005-02-09,119.5497,120.49,119.25
SPY,2005-02-10,119.74,120.02,119.26
SPY,2005-02-11,120.77,121.04,119.46
SPY,2005-02-14,120.68,120.86,120.48
SPY,2005-02-15,121.0538,121.43,120.68
SPY,2005-02-16,121.21,121.46,120.67
SPY,2005-02-17,120.3157,121.23,120.22
SPY,2005-02-18,120.2669,120.48,119.9
SPY,2005-02-22,119.5792,120.47,118.58
SPY,2005-02-23,119.0972,119.57,118.6247
SPY,2005-02-24,119.3271,120.32,118.98
SPY,2005-02-25,121.0179,121.67,120.18
SPY,2005-02-28,120.63,121.3,120.04
SPY,2005-03-01,121.23,121.52,120.78
SPY,2005-03-02,121.446,121.93,120.65
SPY,2005-03-03,121.22,121.9,120.7
SPY,2005-03-04,122.73,122.83,121.79
SPY,2005-03-07,122.9007,123.25,122.4
SPY,2005-03-08,122.847,123.0,122.11
SPY,2005-03-09,121.0379,122.29,120.96
SPY,2005-03-10,121.033,121.5,120.4
SPY,2005-03-11,120.4853,121.72,120.16
SPY,2005-03-14,121.08,121.16,120.28
SPY,2005-03-15,120.65,121.46,120.08
SPY,2005-03-16,119.205,120.155,118.9
SPY,2005-03-17,119.3601,119.74,118.98
SPY,2005-03-18,118.6695,119.53,118.15
SPY,2005-03-21,118.2884,118.78,117.76
SPY,2005-03-22,118.2,118.93,116.9
SPY,2005-03-23,117.0,117.72,116.75
SPY,2005-03-24,117.14,117.99,117.06
SPY,2005-03-28,117.31,117.94,117.31
SPY,2005-03-29,116.5,117.9,116.25
SPY,2005-03-30,118.015,118.2,116.77
SPY,2005-03-31,117.945,118.46,117.87
SPY,2005-04-01,117.1913,118.99,116.91
SPY,2005-04-04,117.58,117.86,116.74
SPY,2005-04-05,118.17,118.38,117.67
SPY,2005-04-06,118.6,118.95,118.18
SPY,2005-04-07,119.24,119.26,118.32
SPY,2005-04-08,118.0,119.21,118.0
SPY,2005-04-11,118.09,118.42,117.83
SPY,2005-04-12,118.7,119.06,117.07
SPY,2005-04-13,117.3,118.8,117.13
SPY,2005-04-14,116.8053,117.5,115.77
SPY,2005-04-15,114.28,116.2,114.1
SPY,2005-04-18,114.5,114.96,113.96
SPY,2005-04-19,115.2139,115.71,114.83
SPY,2005-04-20,113.96,115.63,113.55
SPY,2005-04-21,116.02,116.21,114.38
SPY,2005-04-22,115.7237,116.5,114.27
SPY,2005-04-25,115.2483,116.5,115.2483
SPY,2005-04-26,116.342,116.77,115.15
SPY,2005-04-27,115.7714,116.07,114.44
SPY,2005-04-28,114.2,115.68,114.2
SPY,2005-04-29,115.75,115.87,113.97
SPY,2005-05-02,116.4,116.41,115.52
SPY,2005-05-03,115.96,116.85,115.69
SPY,2005-05-04,116.2244,117.75,116.2244
SPY,2005-05-05,117.46,118.0,116.74
SPY,2005-05-06,117.09,117.99,117.06
SPY,2005-05-09,117.82,118.08,117.05
SPY,2005-05-10,116.6,117.5,116.39
SPY,2005-05-11,117.24,117.4,115.85
SPY,2005-05-12,115.95,117.59,115.41
SPY,2005-05-13,115.72,116.62,114.8
SPY,2005-05-16,116.8,116.84,115.66
SPY,2005-05-17,117.58,117.7,116.16
SPY,2005-05-18,118.79,119.08,118.01
SPY,2005-05-19,119.29,119.41,118.7
SPY,2005-05-20,119.36,119.39,118.74
SPY,2005-05-23,119.78,120.04,119.19
SPY,2005-05-24,119.5,119.83,119.2
SPY,2005-05-25,119.6601,119.87,118.83
SPY,2005-05-26,120.05,120.21,119.62
SPY,2005-05-27,120.25,120.25,119.8
SPY,2005-05-31,119.48,120.17,119.4
SPY,2005-06-01,120.5,120.92,119.45
SPY,2005-06-02,120.6975,120.84,120.1
SPY,2005-06-03,120.15,120.89,119.73
SPY,2005-06-06,120.04,120.2,119.55
SPY,2005-06-07,120.13,121.25,120.01
SPY,2005-06-08,119.91,120.59,119.67
SPY,2005-06-09,120.48,120.58,119.44
SPY,2005-06-10,120.2,120.65,119.6
SPY,2005-06-13,120.58,121.08,119.81
SPY,2005-06-14,120.86,121.2,120.38
SPY,2005-06-15,121.09,121.24,120.23
SPY,2005-06-16,121.389,121.64,120.92
SPY,2005-06-17,121.36,121.9,120.49
SPY,2005-06-20,121.4,121.84,120.94
SPY,2005-06-21,121.322,121.65,121.03
SPY,2005-06-22,121.2696,121.94,121.07
SPY,2005-06-23,119.86,121.6,119.83
SPY,2005-06-24,118.98,120.0078,118.84
SPY,2005-06-27,119.1094,119.41,118.75
SPY,2005-06-28,120.1,120.24,119.37
SPY,2005-06-29,119.83,120.4,119.76
SPY,2005-06-30,119.18,120.32,118.95
SPY,2005-07-01,119.53,119.8,119.21
SPY,2005-07-05,120.119,120.65,119.19
SPY,2005-07-06,119.515,120.65,119.41
SPY,2005-07-07,119.0605,119.95,118.26
SPY,2005-07-08,121.32,121.32,119.72
SPY,2005-07-11,121.94,122.1,121.31
SPY,2005-07-12,122.26,122.63,121.64
SPY,2005-07-13,122.43,122.52,121.99
SPY,2005-07-14,122.888,123.44,122.49
SPY,2005-07-15,122.84,123.04,122.36
SPY,2005-07-18,122.162,122.63,122.05
SPY,2005-07-19,123.02,123.11,122.41
SPY,2005-07-20,123.44,123.73,122.3
SPY,2005-07-21,122.72,123.61,122.47
SPY,2005-07-22,123.097,123.56,122.63
SPY,2005-07-25,123.4186,123.95,122.85
SPY,2005-07-26,123.263,123.53,122.37
SPY,2005-07-27,123.502,123.89,123.05
SPY,2005-07-28,124.57,124.64,123.64
SPY,2005-07-29,123.74,124.63,123.5
SPY,2005-08-01,123.65,124.04,123.45
SPY,2005-08-02,123.6374,124.6,123.6374
SPY,2005-08-03,124.72,124.74,124.12
SPY,2005-08-04,123.72,124.31,123.57
SPY,2005-08-05,122.88,123.98,122.67
SPY,2005-08-08,122.4546,123.41,122.38
SPY,2005-08-09,123.39,123.59,122.87
SPY,2005-08-10,123.707,124.5,122.82
SPY,2005-08-11,123.4905,124.03,123.01
SPY,2005-08-12,123.06,123.69,122.75
SPY,2005-08-15,123.7013,123.87,122.83
SPY,2005-08-16,122.151,123.52,122.09
SPY,2005-08-17,122.2,122.87,122.03
SPY,2005-08-18,122.2,122.56,121.84
SPY,2005-08-19,122.47,122.82,122.2
SPY,2005-08-22,122.47,123.23,121.88
SPY,2005-08-23,122.24,122.61,121.15
SPY,2005-08-24,121.6934,122.73,121.09
SPY,2005-08-25,121.59,121.67,121.21
SPY,2005-08-26,120.76,121.49,120.68
SPY,2005-08-29,121.69,121.78,120.38
SPY,2005-08-30,121.05,121.3,120.39
SPY,2005-08-31,121.2057,122.66,120.74
SPY,2005-09-01,122.4169,123.15,121.14
SPY,2005-09-02,122.27,122.88,122.04
SPY,2005-09-06,123.7,123.8,122.65
SPY,2005-09-07,123.91,124.13,123.46
SPY,2005-09-08,123.91,124.0,123.31
SPY,2005-09-09,124.6,124.74,123.8
SPY,2005-09-12,124.35,124.67,124.27
SPY,2005-09-13,123.66,124.42,123.52
SPY,2005-09-14,123.21,123.92,123.02
SPY,2005-09-15,123.15,123.65,122.9
SPY,2005-09-16,123.5,123.74,122.87
SPY,2005-09-19,123.09,123.55,122.64
SPY,2005-09-20,123.4756,123.61,121.87
SPY,2005-09-21,121.525,121.87,120.78
SPY,2005-09-22,120.7748,121.66,120.44
SPY,2005-09-23,121.44,121.89,120.9
SPY,2005-09-26,121.9637,122.24,121.08
SPY,2005-09-27,121.7854,121.99,121.02
SPY,2005-09-28,121.67,122.12,121.2
SPY,2005-09-29,121.42,122.86,121.08
SPY,2005-09-30,123.04,123.04,121.74
SPY,2005-10-03,122.735,123.34,122.45
SPY,2005-10-04,121.585,123.03,121.16
SPY,2005-10-05,120.3077,121.31,112.09
SPY,2005-10-06,118.8693,120.26,118.17
SPY,2005-10-07,119.4495,120.05,119.13
SPY,2005-10-10,118.859,119.71,118.3
SPY,2005-10-11,118.661,119.39,118.32
SPY,2005-10-12,117.7623,119.13,117.41
SPY,2005-10-13,117.7695,118.08,116.88
SPY,2005-10-14,118.5394,118.81,117.56
SPY,2005-10-17,118.923,119.27,118.45
SPY,2005-10-18,118.116,118.96,117.8
SPY,2005-10-19,119.3977,119.8,117.12
SPY,2005-10-20,117.59,119.81,117.3
SPY,2005-10-21,118.13,118.78,117.51
SPY,2005-10-24,118.0291,120.09,118.0291
SPY,2005-10-25,119.72,120.24,118.94
SPY,2005-10-26,119.41,120.54,119.19
SPY,2005-10-27,118.6121,119.37,117.93
SPY,2005-10-28,119.8,119.95,118.1
SPY,2005-10-31,120.7029,121.3,120.13
SPY,2005-11-01,120.43,120.9,120.22
SPY,2005-11-02,120.3859,121.75,120.13
SPY,2005-11-03,122.2274,122.66,121.75
SPY,2005-11-04,122.11,122.46,121.55
SPY,2005-11-07,122.23,122.62,121.85
SPY,2005-11-08,122.23,122.42,121.79
SPY,2005-11-09,122.26,122.95,121.86
SPY,2005-11-10,122.3042,123.86,121.75
SPY,2005-11-11,123.76,123.84,122.43
SPY,2005-11-14,123.6829,124.02,123.38
SPY,2005-11-15,123.24,124.09,122.86
SPY,2005-11-16,123.49,123.55,122.98
SPY,2005-11-17,124.55,124.65,123.14
SPY,2005-11-18,125.13,125.756,124.33
SPY,2005-11-21,125.2841,125.91,124.98
SPY,2005-11-22,125.675,126.52,125.42
SPY,2005-11-23,126.491,127.41,126.21
SPY,2005-11-25,127.13,127.22,126.81
SPY,2005-11-28,126.23,127.27,126.04
SPY,2005-11-29,126.09,126.98,126.09
SPY,2005-11-30,125.29,126.52,125.29
SPY,2005-12-01,126.87,127.03,125.98
SPY,2005-12-02,126.89,127.08,126.5
SPY,2005-12-05,126.5013,126.73,126.18
SPY,2005-12-06,126.75,127.74,126.63
SPY,2005-12-07,126.7887,126.87,125.68
SPY,2005-12-08,126.0,126.82,125.48
SPY,2005-12-09,126.2764,126.78,125.82
SPY,2005-12-12,126.4355,126.86,125.96
SPY,2005-12-13,126.9384,127.7,126.29
SPY,2005-12-14,127.5897,128.09,127.14
SPY,2005-12-15,127.529,128.0,127.18
SPY,2005-12-16,126.58,128.57,126.36
SPY,2005-12-19,126.68,126.87,125.69
SPY,2005-12-20,125.83,126.59,125.48
SPY,2005-12-21,126.07,126.76,125.8
SPY,2005-12-22,126.69,126.69,126.08
SPY,2005-12-23,126.76,126.86,126.42
SPY,2005-12-27,126.1626,127.05,125.38
SPY,2005-12-28,125.7571,125.99,125.5
SPY,2005-12-29,125.19,125.96,125.06
SPY,2005-12-30,124.51,125.06,124.36
SPY,2006-01-03,125.6147,127.0,124.39
SPY,2006-01-04,127.3,127.49,126.7
SPY,2006-01-05,127.25,127.59,126.88
SPY,2006-01-06,128.44,128.58,127.36
SPY,2006-01-09,128.7,129.06,128.38
SPY,2006-01-10,128.9544,128.98,128.26
SPY,2006-01-11,129.28,129.44,128.73
SPY,2006-01-12,128.7778,129.28,128.44
SPY,2006-01-13,128.561,128.9,128.2
SPY,2006-01-17,128.33,128.42,127.81
SPY,2006-01-18,127.79,128.9,127.16
SPY,2006-01-19,128.3518,128.77,127.81
SPY,2006-01-20,125.97,128.31,125.97
SPY,2006-01-23,126.42,126.82,126.13
SPY,2006-01-24,126.61,127.15,126.42
SPY,2006-01-25,126.66,127.18,125.84
SPY,2006-01-26,127.32,127.67,127.28
SPY,2006-01-27,128.2271,128.66,127.45
SPY,2006-01-30,128.366,128.81,128.35
SPY,2006-01-31,127.5,128.54,127.49
SPY,2006-02-01,128.0891,128.43,127.72
SPY,2006-02-02,128.288,128.288,126.8
SPY,2006-02-03,126.27,128.39,126.14
SPY,2006-02-06,126.6041,126.8,126.17
SPY,2006-02-07,125.6048,126.66,125.4
SPY,2006-02-08,126.62,128.1,125.6
SPY,2006-02-09,126.4,127.6,126.37
SPY,2006-02-10,126.64,127.13,125.45
SPY,2006-02-13,126.4279,126.79,125.95
SPY,2006-02-14,127.75,128.03,123.64
SPY,2006-02-15,128.1741,128.32,127.24
SPY,2006-02-16,129.16,129.21,128.18
SPY,2006-02-17,128.81,129.16,128.58
SPY,2006-02-21,128.49,129.4,128.29
SPY,2006-02-22,129.27,129.65,128.65
SPY,2006-02-23,129.0,129.64,128.28
SPY,2006-02-24,129.41,129.48,128.76
SPY,2006-02-27,129.53,130.04,129.28
SPY,2006-02-28,128.23,129.91,128.13
SPY,2006-03-01,129.37,129.49,128.5
SPY,2006-03-02,129.36,129.42,128.61
SPY,2006-03-03,128.76,130.07,128.65
SPY,2006-03-06,128.17,129.18,127.85
SPY,2006-03-07,127.7689,128.06,127.4
SPY,2006-03-08,128.23,128.44,127.18
SPY,2006-03-09,127.58,128.68,127.38
SPY,2006-03-10,128.59,128.84,127.44
SPY,2006-03-13,128.83,129.16,128.53
SPY,2006-03-14,129.3127,130.23,128.61
SPY,2006-03-15,130.78,130.86,129.85
SPY,2006-03-16,131.03,131.47,130.84
SPY,2006-03-17,130.62,130.9,130.38
SPY,2006-03-20,130.36,130.9,130.21
SPY,2006-03-21,129.59,130.99,129.45
SPY,2006-03-22,130.38,130.51,129.45
SPY,2006-03-23,130.11,130.3935,129.66
SPY,2006-03-24,130.1502,130.57,129.74
SPY,2006-03-27,130.03,130.28,129.74
SPY,2006-03-28,129.14,130.53,128.29
SPY,2006-03-29,130.03,130.5,129.29
SPY,2006-03-30,129.8,130.98,129.55
SPY,2006-03-31,129.3717,130.24,129.37
SPY,2006-04-03,129.73,130.87,129.49
SPY,2006-04-04,130.56,130.73,129.36
SPY,2006-04-05,131.01,131.28,130.38
SPY,2006-04-06,130.87,131.21,130.19
SPY,2006-04-07,129.54,131.4,129.35
SPY,2006-04-10,129.74,130.08,129.26
SPY,2006-04-11,128.64,130.06,128.25
SPY,2006-04-12,128.88,129.13,128.61
SPY,2006-04-13,128.71,129.25,128.31
SPY,2006-04-17,128.66,129.31,128.02
SPY,2006-04-18,130.7,130.94,128.84
SPY,2006-04-19,130.7562,131.07,130.24
SPY,2006-04-20,131.0054,131.86,130.6
SPY,2006-04-21,131.15,131.79,130.62
SPY,2006-04-24,130.91,131.07,130.38
SPY,2006-04-25,130.37,131.12,129.92
SPY,2006-04-26,130.2026,131.14,130.2026
SPY,2006-04-27,131.03,131.63,129.59
SPY,2006-04-28,131.47,131.75,130.71
SPY,2006-05-01,131.177,131.8,130.32
SPY,2006-05-02,130.5838,131.46,130.5838
SPY,2006-05-03,130.89,131.32,130.45
SPY,2006-05-04,131.36,131.62,130.34
SPY,2006-05-05,132.52,132.8,131.85
SPY,2006-05-08,132.4992,132.77,132.36
SPY,2006-05-09,132.62,132.77,132.31
SPY,2006-05-10,132.4005,132.75,131.89
SPY,2006-05-11,130.927,132.55,130.52
SPY,2006-05-12,129.9652,130.72,129.19
SPY,2006-05-15,129.5,129.74,128.61
SPY,2006-05-16,129.31,130.0,129.01
SPY,2006-05-17,126.85,129.1,126.77
SPY,2006-05-18,126.21,127.75,126.11
SPY,2006-05-19,127.1,127.49,125.8
SPY,2006-05-22,126.13,127.17,125.5
SPY,2006-05-23,125.17,127.63,125.17
SPY,2006-05-24,126.17,126.89,124.76
SPY,2006-05-25,127.73,127.73,126.43
SPY,2006-05-26,128.38,128.38,127.51
SPY,2006-05-30,126.1,128.0,126.05
SPY,2006-05-31,127.51,127.51,126.2
SPY,2006-06-01,128.73,128.94,127.27
SPY,2006-06-02,129.0,129.43,128.32
SPY,2006-06-05,127.12,128.86,126.77
SPY,2006-06-06,126.81,127.38,125.76
SPY,2006-06-07,125.86,127.65,125.79
SPY,2006-06-08,125.75,126.5,123.87
SPY,2006-06-09,125.35,126.96,125.29
SPY,2006-06-12,123.99,125.93,123.82
SPY,2006-06-13,122.55,124.84,122.55
SPY,2006-06-14,123.5,123.63,122.34
SPY,2006-06-15,126.12,126.36,123.86
SPY,2006-06-16,124.65,125.56,124.46
SPY,2006-06-19,123.67,125.48,123.55
SPY,2006-06-20,124.09,124.81,123.72
SPY,2006-06-21,125.01,125.7,123.96
SPY,2006-06-22,124.46,125.06,124.04
SPY,2006-06-23,124.44,125.3,124.03
SPY,2006-06-26,124.99,125.06,124.25
SPY,2006-06-27,123.91,125.29,123.77
SPY,2006-06-28,124.75,124.77,123.65
SPY,2006-06-29,127.27,127.35,125.17
SPY,2006-06-30,127.23,127.66,126.96
SPY,2006-07-03,127.8,128.01,127.31
SPY,2006-07-05,127.07,127.45,126.52
SPY,2006-07-06,127.44,127.85,127.08
SPY,2006-07-07,126.61,127.56,126.29
SPY,2006-07-10,126.85,127.43,126.41
SPY,2006-07-11,127.41,127.41,125.94
SPY,2006-07-12,126.05,127.4,125.72
SPY,2006-07-13,124.0,125.68,124.0
SPY,2006-07-14,123.52,124.26,122.83
SPY,2006-07-17,123.34,124.1,123.15
SPY,2006-07-18,123.97,124.05,122.39
SPY,2006-07-19,125.69,126.26,123.724
SPY,2006-07-20,124.83,126.3,124.66
SPY,2006-07-21,123.95,125.19,123.82
SPY,2006-07-24,126.21,126.32,124.44
SPY,2006-07-25,126.66,127.3,125.72
SPY,2006-07-26,126.83,127.45,126.18
SPY,2006-07-27,126.71,127.69,126.2
SPY,2006-07-28,127.98,128.14,126.86
SPY,2006-07-31,127.85,127.96,126.55
SPY,2006-08-01,127.22,127.38,126.6
SPY,2006-08-02,128.08,128.46,127.55
SPY,2006-08-03,128.1534,128.55,127.15
SPY,2006-08-04,128.2,129.43,127.48
SPY,2006-08-07,127.95,128.08,127.4
SPY,2006-08-08,127.7016,128.46,126.95
SPY,2006-08-09,126.98,128.6,126.61
SPY,2006-08-10,126.7955,127.5,126.28
SPY,2006-08-11,126.8103,127.2,126.39
SPY,2006-08-14,127.6182,128.16,126.92
SPY,2006-08-15,128.63,128.87,127.9
SPY,2006-08-16,128.822,129.89,128.822
SPY,2006-08-17,130.03,130.37,129.49
SPY,2006-08-18,130.234,130.69,129.59
SPY,2006-08-21,130.4976,130.4976,129.8
SPY,2006-08-22,130.1079,130.52,129.68
SPY,2006-08-23,129.76,130.44,129.19
SPY,2006-08-24,129.7183,130.1,129.4
SPY,2006-08-25,129.81,130.25,129.55
SPY,2006-08-28,130.5294,130.82,129.64
SPY,2006-08-29,130.2962,130.83,129.81
SPY,2006-08-30,130.8216,131.04,130.55
SPY,2006-08-31,130.7234,130.99,130.58
SPY,2006-09-01,131.42,131.58,130.84
SPY,2006-09-05,131.6752,131.85,131.2
SPY,2006-09-06,130.51,131.16,130.33
SPY,2006-09-07,130.0258,130.57,129.35
SPY,2006-09-08,130.2482,130.46,129.83
SPY,2006-09-11,130.0932,130.69,129.48
SPY,2006-09-12,131.1647,131.84,130.3681
SPY,2006-09-13,132.0004,132.45,131.52
SPY,2006-09-14,132.23,132.24,131.75
SPY,2006-09-15,131.96,132.39,131.68
SPY,2006-09-18,131.9842,132.39,131.65
SPY,2006-09-19,131.9954,132.13,131.07
SPY,2006-09-20,132.4735,132.77,132.06
SPY,2006-09-21,131.87,132.75,131.42
SPY,2006-09-22,131.47,131.68,131.0
SPY,2006-09-25,131.3856,132.85,131.05
SPY,2006-09-26,132.5445,133.6,132.4
SPY,2006-09-27,133.7538,133.97,133.27
SPY,2006-09-28,133.69,133.99,133.28
SPY,2006-09-29,133.58,133.94,133.48
SPY,2006-10-02,133.08,133.83,132.34
SPY,2006-10-03,133.64,133.87,132.65
SPY,2006-10-04,134.983,135.0,133.08
SPY,2006-10-05,135.0685,135.41,134.92
SPY,2006-10-06,134.9144,135.1,134.4
SPY,2006-10-09,135.09,135.3,134.64
SPY,2006-10-10,135.1261,135.45,134.84
SPY,2006-10-11,135.3618,135.43,134.3
SPY,2006-10-12,136.28,136.39,135.4
SPY,2006-10-13,136.5246,136.71,136.04
SPY,2006-10-16,136.7261,137.05,136.42
SPY,2006-10-17,136.84,136.84,135.67
SPY,2006-10-18,136.5594,137.37,136.1
SPY,2006-10-19,136.5448,136.88,136.23
SPY,2006-10-20,136.6849,136.95,136.33
SPY,2006-10-23,137.423,137.8,136.39
SPY,2006-10-24,137.4881,137.93,137.22
SPY,2006-10-25,138.36,138.41,137.51
SPY,2006-10-26,138.9045,139.0,137.98
SPY,2006-10-27,137.91,138.75,137.63
SPY,2006-10-30,137.81,138.2,137.4
SPY,2006-10-31,137.86,138.26,137.25
SPY,2006-11-01,138.26,138.31,136.72
SPY,2006-11-02,136.6849,137.01,136.36
SPY,2006-11-03,136.54,137.39,135.62
SPY,2006-11-06,137.7219,138.28,136.95
SPY,2006-11-07,138.71,138.98,138.0
SPY,2006-11-08,138.91,139.05,136.86
SPY,2006-11-09,138.015,139.14,137.9
SPY,2006-11-10,138.24,138.34,137.72
SPY,2006-11-13,138.58,139.04,138.07
SPY,2006-11-14,139.62,139.74,138.12
SPY,2006-11-15,140.0263,140.45,139.53
SPY,2006-11-16,140.261,140.68,139.49
SPY,2006-11-17,140.1255,140.43,139.73
SPY,2006-11-20,140.5,140.74,139.941
SPY,2006-11-21,140.64,140.67,140.29
SPY,2006-11-22,140.92,141.16,140.5
SPY,2006-11-24,140.39,140.84,140.2
SPY,2006-11-27,138.42,140.35,138.38
SPY,2006-11-28,138.5464,139.16,138.11
SPY,2006-11-29,140.47,140.53,139.0828
SPY,2006-11-30,140.48,141.05,139.76
SPY,2006-12-01,140.22,140.66,138.97
SPY,2006-12-04,141.29,141.55,140.23
SPY,2006-12-05,141.9,141.96,141.26
SPY,2006-12-06,141.78,142.07,141.5
SPY,2006-12-07,141.21,142.3,141.11
SPY,2006-12-08,141.42,141.9,140.78
SPY,2006-12-11,141.83,142.09,141.34
SPY,2006-12-12,141.71,141.87,140.89
SPY,2006-12-13,141.86,142.34,141.56
SPY,2006-12-14,142.7658,143.24,141.84
SPY,2006-12-15,142.34,142.89,142.24
SPY,2006-12-18,141.985,142.88,141.75
SPY,2006-12-19,142.22,142.56,141.19
SPY,2006-12-20,142.14,142.66,142.01
SPY,2006-12-21,141.62,142.43,141.32
SPY,2006-12-22,140.75,141.65,140.67
SPY,2006-12-26,141.58,141.61,140.78
SPY,2006-12-27,142.51,142.6,141.83
SPY,2006-12-28,142.21,142.7,141.99
SPY,2006-12-29,141.62,142.54,141.43
SPY,2007-01-03,141.1084,142.86,140.57
SPY,2007-01-04,141.67,142.05,140.61
SPY,2007-01-05,140.7759,141.4,140.38
SPY,2007-01-08,141.113,141.41,140.25
SPY,2007-01-09,141.07,141.6,140.4
SPY,2007-01-10,141.36,141.57,140.3
SPY,2007-01-11,142.16,142.62,141.5
SPY,2007-01-12,143.24,143.24,142.11
SPY,2007-01-16,143.1129,143.44,142.73
SPY,2007-01-17,143.02,143.46,142.73
SPY,2007-01-18,142.4801,143.26,142.31
SPY,2007-01-19,142.82,143.1,142.46
SPY,2007-01-22,142.43,143.1,141.93
SPY,2007-01-23,142.82,143.08,142.06
SPY,2007-01-24,143.95,143.98,142.91
SPY,2007-01-25,142.27,143.92,142.01
SPY,2007-01-26,142.16,142.65,141.58
SPY,2007-01-29,142.0197,142.8,141.74
SPY,2007-01-30,142.79,142.86,142.06
SPY,2007-01-31,143.8003,144.13,142.4
SPY,2007-02-01,144.61,144.66,143.91
SPY,2007-02-02,144.9,144.95,144.38
SPY,2007-02-05,144.86,144.94,144.34
SPY,2007-02-06,144.89,145.03,144.33
SPY,2007-02-07,145.14,145.36,144.57
SPY,2007-02-08,144.87,145.12,144.27
SPY,2007-02-09,143.94,145.33,143.39
SPY,2007-02-12,143.4,144.04,143.19
SPY,2007-02-13,144.66,144.9,143.74
SPY,2007-02-14,145.61,145.9,144.78
SPY,2007-02-15,145.8,145.95,145.43
SPY,2007-02-16,145.73,145.76,145.23
SPY,2007-02-20,145.99,146.2,144.06
SPY,2007-02-21,145.9711,146.07,145.35
SPY,2007-02-22,145.79,146.42,145.17
SPY,2007-02-23,145.3609,145.79,144.75
SPY,2007-02-26,145.23,145.95,144.75
SPY,2007-02-27,140.177,144.2,139.0
SPY,2007-02-28,140.9693,141.98,139.8
SPY,2007-03-01,140.9701,141.25,138.05
SPY,2007-03-02,138.67,140.66,138.66
SPY,2007-03-05,137.35,139.58,137.33
SPY,2007-03-06,139.7,140.12,137.717
SPY,2007-03-07,139.56,140.46,139.4
SPY,2007-03-08,140.74,141.16,140.07
SPY,2007-03-09,140.78,141.42,140.08
SPY,2007-03-12,140.99,141.34,140.16
SPY,2007-03-13,138.25,140.77,138.04
SPY,2007-03-14,139.28,139.36,136.75
SPY,2007-03-15,139.47,139.99,138.8
SPY,2007-03-16,138.53,139.63,138.12
SPY,2007-03-19,140.2,140.33,138.5466
SPY,2007-03-20,140.97,141.05,139.96
SPY,2007-03-21,143.29,143.65,140.82
SPY,2007-03-22,143.18,143.68,142.79
SPY,2007-03-23,143.39,143.81,143.15
SPY,2007-03-26,143.2,143.65,142.09
SPY,2007-03-27,142.86,143.16,142.39
SPY,2007-03-28,141.82,142.47,141.26
SPY,2007-03-29,141.97,142.61,141.19
SPY,2007-03-30,142.0,142.84,140.56
SPY,2007-04-02,142.16,142.46,140.89
SPY,2007-04-03,143.69,143.98,142.91
SPY,2007-04-04,143.85,143.95,143.16
SPY,2007-04-05,144.24,144.44,143.61
SPY,2007-04-09,144.44,144.8,144.15
SPY,2007-04-10,144.61,144.85,144.27
SPY,2007-04-11,144.02,144.86,143.54
SPY,2007-04-12,144.66,144.92,143.34
SPY,2007-04-13,145.32,145.32,144.36
SPY,2007-04-16,146.7,146.86,145.82
SPY,2007-04-17,147.09,147.4,146.65
SPY,2007-04-18,147.27,147.7,146.57
SPY,2007-04-19,147.23,147.4,146.36
SPY,2007-04-20,148.62,148.62,147.0439
SPY,2007-04-23,148.06,148.73,147.97
SPY,2007-04-24,148.12,148.4,147.32
SPY,2007-04-25,149.48,149.66,148.0233
SPY,2007-04-26,149.65,149.8,149.1
SPY,2007-04-27,149.53,149.74,148.84
SPY,2007-04-30,148.29,149.74,148.21
SPY,2007-05-01,148.67,149.47,147.67
SPY,2007-05-02,149.54,149.95,148.75
SPY,2007-05-03,150.35,150.4,149.05
SPY,2007-05-04,150.92,151.12,150.22
SPY,2007-05-07,150.95,151.2,150.81
SPY,2007-05-08,150.75,150.92,150.13
SPY,2007-05-09,151.16,152.82,150.37
SPY,2007-05-10,149.58,151.02,149.27
SPY,2007-05-11,150.86,150.93,149.72
SPY,2007-05-14,150.53,151.3,149.79
SPY,2007-05-15,150.57,151.665,150.19
SPY,2007-05-16,151.6,151.63,150.38
SPY,2007-05-17,151.3,151.96,151.11
SPY,2007-05-18,152.62,152.62,151.81
SPY,2007-05-21,152.54,153.23,152.4993
SPY,2007-05-22,152.42,153.16,152.38
SPY,2007-05-23,152.44,153.5,152.36
SPY,2007-05-24,151.06,153.21,150.74
SPY,2007-05-25,151.69,152.02,151.18
SPY,2007-05-29,152.24,152.5,151.45
SPY,2007-05-30,153.48,153.54,151.34
SPY,2007-05-31,153.32,153.89,153.12
SPY,2007-06-01,154.08,154.4,153.51
SPY,2007-06-04,154.1,154.39,153.48
SPY,2007-06-05,153.49,153.9,152.86
SPY,2007-06-06,151.84,152.95,151.75
SPY,2007-06-07,149.1,152.5,149.06
SPY,2007-06-08,151.04,151.19,149.09
SPY,2007-06-11,151.3,151.95,150.7
SPY,2007-06-12,149.65,151.54,149.55
SPY,2007-06-13,151.89,152.07,149.722
SPY,2007-06-14,152.86,153.12,152.03
SPY,2007-06-15,153.07,153.66,152.93
SPY,2007-06-18,152.89,153.39,152.66
SPY,2007-06-19,153.27,153.38,152.36
SPY,2007-06-20,151.14,153.58,150.96
SPY,2007-06-21,151.98,152.11,150.25
SPY,2007-06-22,150.55,151.77,149.85
SPY,2007-06-25,149.83,151.25,149.02
SPY,2007-06-26,148.29,150.46,148.28
SPY,2007-06-27,150.4,150.57,148.06
SPY,2007-06-28,150.38,151.41,149.67
SPY,2007-06-29,150.43,151.65,149.15
SPY,2007-07-02,151.79,151.92,150.77
SPY,2007-07-03,152.34,152.5,151.99
SPY,2007-07-05,152.18,152.56,151.63
SPY,2007-07-06,152.98,153.17,151.93
SPY,2007-07-09,153.0,153.36,152.62
SPY,2007-07-10,150.92,152.61,150.77
SPY,2007-07-11,151.99,152.05,150.52
SPY,2007-07-12,154.39,154.75,152.34
SPY,2007-07-13,154.85,155.46,154.39
SPY,2007-07-16,154.83,155.53,154.58
SPY,2007-07-17,154.75,156.0,154.68
SPY,2007-07-18,154.47,154.8,153.3
SPY,2007-07-19,155.07,155.53,154.75
SPY,2007-07-20,153.5,155.2484,152.29
SPY,2007-07-23,153.97,154.72,153.3
SPY,2007-07-24,151.3,154.28,150.76
SPY,2007-07-25,151.61,152.39,150.25
SPY,2007-07-26,148.02,150.8,146.39
SPY,2007-07-27,145.11,148.87,145.05
SPY,2007-07-30,147.38,147.81,145.29
SPY,2007-07-31,145.72,149.46,145.04
SPY,2007-08-01,146.43,147.01,143.95
SPY,2007-08-02,147.6,147.76,145.26
SPY,2007-08-03,143.8,147.58,143.2
SPY,2007-08-06,146.21,146.83,142.53
SPY,2007-08-07,147.77,149.0,145.23
SPY,2007-08-08,149.83,150.59,147.34
SPY,2007-08-09,145.39,149.95,145.29
SPY,2007-08-10,144.71,146.5,143.12
SPY,2007-08-13,145.23,146.89,145.02
SPY,2007-08-14,143.01,146.06,142.72
SPY,2007-08-15,141.04,144.46,140.62
SPY,2007-08-16,142.1,142.94,137.0
SPY,2007-08-17,144.71,148.35,141.386
SPY,2007-08-20,144.64,145.47,143.29
SPY,2007-08-21,144.93,145.97,144.14
SPY,2007-08-22,146.65,146.8,145.33
SPY,2007-08-23,146.52,147.65,145.61
SPY,2007-08-24,148.33,148.33,146.28
SPY,2007-08-27,146.95,148.33,146.73
SPY,2007-08-28,143.72,146.25,143.46
SPY,2007-08-29,146.54,146.74,143.96
SPY,2007-08-30,146.15,147.19,145.31
SPY,2007-08-31,147.59,148.5,146.83
SPY,2007-09-04,149.08,149.98,147.4
SPY,2007-09-05,147.79,148.36,147.0
SPY,2007-09-06,148.13,148.61,147.12
SPY,2007-09-07,146.07,146.89,145.26
SPY,2007-09-10,145.79,146.72,144.33
SPY,2007-09-11,147.49,147.7,146.13
SPY,2007-09-12,147.87,148.44,146.98
SPY,2007-09-13,148.91,149.45,148.2
SPY,2007-09-14,148.9,149.09,147.74
SPY,2007-09-17,148.1,148.8905,147.63
SPY,2007-09-18,152.46,152.5,148.1341
SPY,2007-09-19,153.36,154.39,148.1
SPY,2007-09-20,152.28,153.43,152.11
SPY,2007-09-21,151.97,153.12,151.74
SPY,2007-09-24,151.69,152.82,151.36
SPY,2007-09-25,151.39,151.66,150.47
SPY,2007-09-26,152.19,152.77,151.39
SPY,2007-09-27,153.09,153.1,152.19
SPY,2007-09-28,152.58,153.19,151.98
SPY,2007-10-01,154.3,154.75,152.5
SPY,2007-10-02,154.09,154.65,153.81
SPY,2007-10-03,153.78,154.41,153.01
SPY,2007-10-04,154.02,154.26,153.59
SPY,2007-10-05,155.85,156.1,154.63
SPY,2007-10-08,155.02,155.49,154.77
SPY,2007-10-09,156.48,156.5,155.03
SPY,2007-10-10,156.22,156.44,155.41
SPY,2007-10-11,155.47,157.52,154.54
SPY,2007-10-12,156.33,156.35,155.27
SPY,2007-10-15,155.01,156.36,153.94
SPY,2007-10-16,153.78,156.48,153.47
SPY,2007-10-17,154.25,155.09,152.47
SPY,2007-10-18,153.69,154.19,153.08
SPY,2007-10-19,149.67,156.48,149.66
SPY,2007-10-22,150.54,150.76,148.66
SPY,2007-10-23,151.76,151.95,150.25
SPY,2007-10-24,151.48,151.74,148.0
SPY,2007-10-25,151.84,152.29,149.88
SPY,2007-10-26,153.62,153.62,151.9
SPY,2007-10-29,154.13,154.44,153.55
SPY,2007-10-30,153.06,153.75,152.87
SPY,2007-10-31,154.65,155.27,152.84
SPY,2007-11-01,151.03,153.41,150.59
SPY,2007-11-02,151.2,152.0,149.21
SPY,2007-11-05,150.05,151.16,148.0
SPY,2007-11-06,152.07,152.11,149.9
SPY,2007-11-07,147.91,152.11,147.55
SPY,2007-11-08,147.16,149.3,145.07
SPY,2007-11-09,145.14,147.54,144.89
SPY,2007-11-12,143.7,146.61,143.7
SPY,2007-11-13,148.08,148.31,145.22
SPY,2007-11-14,147.67,149.4,146.78
SPY,2007-11-15,145.54,147.49,144.52
SPY,2007-11-16,145.79,146.47,144.57
SPY,2007-11-19,143.76,145.36,143.19
SPY,2007-11-20,144.64,145.53,142.11
SPY,2007-11-21,141.68,143.91,141.67
SPY,2007-11-23,144.13,144.34,142.7
SPY,2007-11-26,140.95,144.88,140.66
SPY,2007-11-27,142.57,143.23,140.95
SPY,2007-11-28,147.13,147.47,144.14
SPY,2007-11-29,147.18,147.72,146.1
SPY,2007-11-30,148.66,149.87,147.33
SPY,2007-12-03,147.68,148.45,147.29
SPY,2007-12-04,146.36,147.5409,146.31
SPY,2007-12-05,148.81,149.2,147.83
SPY,2007-12-06,150.94,151.21,148.57
SPY,2007-12-07,150.91,151.5,150.55
SPY,2007-12-10,152.08,152.25,150.86
SPY,2007-12-11,147.91,152.89,147.83
SPY,2007-12-12,149.37,151.77,147.2
SPY,2007-12-13,149.06,149.39,147.3
SPY,2007-12-14,147.17,149.1,147.1
SPY,2007-12-17,145.07,146.87,144.86
SPY,2007-12-18,145.88,146.48,143.96
SPY,2007-12-19,145.88,146.89,144.94
SPY,2007-12-20,146.8,146.86,145.18
SPY,2007-12-21,148.13,148.42,147.09
SPY,2007-12-24,149.23,149.48,148.48
SPY,2007-12-26,149.55,149.68,148.5
SPY,2007-12-27,147.67,149.03,147.32
SPY,2007-12-28,147.3,148.61,146.9
SPY,2007-12-31,146.21,147.6062,146.06
SPY,2008-01-02,144.93,146.99,143.88
SPY,2008-01-03,144.86,145.49,144.07
SPY,2008-01-04,141.31,143.44,140.91
SPY,2008-01-07,141.19,142.23,140.1
SPY,2008-01-08,138.91,142.9,138.44
SPY,2008-01-09,140.37,140.79,137.7
SPY,2008-01-10,141.29,142.8,139.37
SPY,2008-01-11,140.15,141.8985,139.0
SPY,2008-01-14,141.28,141.86,140.4
SPY,2008-01-15,138.17,141.4903,137.9
SPY,2008-01-16,136.98,139.12,136.28
SPY,2008-01-17,133.43,137.88,132.93
SPY,2008-01-18,132.06,135.02,131.1
SPY,2008-01-22,130.72,132.4266,126.0
SPY,2008-01-23,133.86,134.19,126.84
SPY,2008-01-24,134.99,135.46,133.31
SPY,2008-01-25,133.04,136.76,132.6
SPY,2008-01-28,135.24,135.52,132.06
SPY,2008-01-29,135.91,136.45,134.88
SPY,2008-01-30,134.91,138.54,134.6
SPY,2008-01-31,137.37,138.54,133.2
SPY,2008-02-01,139.58,139.61,137.52
SPY,2008-02-04,137.82,139.3,137.64
SPY,2008-02-05,134.13,136.25,133.67
SPY,2008-02-06,133.05,135.25,132.41
SPY,2008-02-07,133.93,134.79,131.73
SPY,2008-02-08,133.07,134.22,132.1
SPY,2008-02-11,133.75,134.23,132.04
SPY,2008-02-12,134.99,136.31,133.98
SPY,2008-02-13,136.37,137.1,135.14
SPY,2008-02-14,135.17,137.0,134.79
SPY,2008-02-15,135.14,136.1,133.36
SPY,2008-02-19,135.52,136.89,134.61
SPY,2008-02-20,135.92,137.6,133.76
SPY,2008-02-21,134.79,137.01,134.07
SPY,2008-02-22,135.62,135.85,132.86
SPY,2008-02-25,137.33,137.65,134.78
SPY,2008-02-26,138.36,138.95,136.5
SPY,2008-02-27,138.22,139.14,137.41
SPY,2008-02-28,136.87,137.96,136.55
SPY,2008-02-29,133.82,137.0249,132.78
SPY,2008-03-03,133.5,133.81,132.24
SPY,2008-03-04,132.99,133.4,130.99
SPY,2008-03-05,133.83,134.77,132.34
SPY,2008-03-06,131.06,133.22,130.55
SPY,2008-03-07,129.71,131.74,128.58
SPY,2008-03-10,128.0,129.93,127.59
SPY,2008-03-11,132.6,132.72,127.7152
SPY,2008-03-12,131.36,133.77,131.16
SPY,2008-03-13,131.65,132.64,128.6
SPY,2008-03-14,129.61,132.81,127.78
SPY,2008-03-17,128.3,129.26,126.07
SPY,2008-03-18,133.63,133.69,129.98
SPY,2008-03-19,130.32,134.65,130.04
SPY,2008-03-20,132.08,132.91,129.26
SPY,2008-03-24,134.72,135.81,133.24
SPY,2008-03-25,134.85,135.55,133.77
SPY,2008-03-26,133.2,135.0884,133.11
SPY,2008-03-27,132.78,134.44,132.36
SPY,2008-03-28,131.51,133.36,131.06
SPY,2008-03-31,131.97,132.73,131.09
SPY,2008-04-01,136.61,136.84,133.51
SPY,2008-04-02,136.7,137.67,135.98
SPY,2008-04-03,137.04,137.44,135.71
SPY,2008-04-04,136.89,137.96,136.12
SPY,2008-04-07,136.96,138.57,136.74
SPY,2008-04-08,136.82,137.1554,135.95
SPY,2008-04-09,135.83,136.8,134.89
SPY,2008-04-10,136.02,136.67,134.9
SPY,2008-04-11,133.38,135.9837,133.01
SPY,2008-04-14,132.93,133.54,132.55
SPY,2008-04-15,133.24,133.69,132.33
SPY,2008-04-16,136.85,136.93,133.8853
SPY,2008-04-17,137.05,137.25,135.66
SPY,2008-04-18,138.48,139.56,138.26
SPY,2008-04-21,138.55,138.98,136.87
SPY,2008-04-22,137.94,138.37,136.64
SPY,2008-04-23,137.72,138.78,137.12
SPY,2008-04-24,138.32,139.74,137.04
SPY,2008-04-25,139.6,139.89,137.91
SPY,2008-04-28,139.63,140.25,139.38
SPY,2008-04-29,139.08,139.73,138.61
SPY,2008-04-30,138.26,140.59,138.26
SPY,2008-05-01,141.12,141.12,138.27
SPY,2008-05-02,141.51,142.37,140.56
SPY,2008-05-05,140.83,141.61,140.41
SPY,2008-05-06,142.05,142.2,139.69
SPY,2008-05-07,139.52,142.04,139.13
SPY,2008-05-08,139.11,140.32,138.98
SPY,2008-05-09,138.9,139.39,138.4
SPY,2008-05-12,140.46,140.56,138.73
SPY,2008-05-13,140.48,140.89,139.73
SPY,2008-05-14,140.77,142.2,140.462
SPY,2008-05-15,142.53,142.63,140.83
SPY,2008-05-16,142.66,142.87,141.61
SPY,2008-05-19,143.05,144.3,142.3
SPY,2008-05-20,141.89,142.55,141.0
SPY,2008-05-21,139.49,142.12,139.0
SPY,2008-05-22,139.51,140.17,139.0
SPY,2008-05-23,137.64,139.6631,137.52
SPY,2008-05-27,138.66,139.0,137.53
SPY,2008-05-28,139.3,140.0,138.0
SPY,2008-05-29,140.0,140.93,139.03
SPY,2008-05-30,140.35,140.74,139.94
SPY,2008-06-02,138.9,139.86,138.0
SPY,2008-06-03,138.09,139.62,137.23
SPY,2008-06-04,138.02,139.16,137.46
SPY,2008-06-05,140.78,140.89,138.32
SPY,2008-06-06,136.29,140.41,136.22
SPY,2008-06-09,136.62,137.5,135.41
SPY,2008-06-10,135.94,137.1,135.35
SPY,2008-06-11,133.94,136.45,133.93
SPY,2008-06-12,134.45,135.87,133.52
SPY,2008-06-13,136.15,136.52,134.42
SPY,2008-06-16,136.23,136.93,135.46
SPY,2008-06-17,135.57,137.12,135.37
SPY,2008-06-18,134.25,135.5235,133.71
SPY,2008-06-19,134.42,135.24,132.0
SPY,2008-06-20,131.58,133.09,131.22
SPY,2008-06-23,131.45,132.23,131.32
SPY,2008-06-24,131.19,132.44,130.19
SPY,2008-06-25,131.81,133.4,131.239
SPY,2008-06-26,128.23,131.42,128.08
SPY,2008-06-27,127.53,128.86,127.035
SPY,2008-06-30,127.98,128.91,127.3
SPY,2008-07-01,128.38,128.47,125.93
SPY,2008-07-02,126.18,129.16,125.95
SPY,2008-07-03,126.31,127.11,124.99
SPY,2008-07-07,125.02,127.34,123.92
SPY,2008-07-08,127.24,127.39,124.2
SPY,2008-07-09,124.79,127.74,124.39
SPY,2008-07-10,125.3,125.79,123.58
SPY,2008-07-11,123.93,125.9,122.49
SPY,2008-07-14,122.72,125.5,122.4
SPY,2008-07-15,120.99,123.49,120.02
SPY,2008-07-16,123.96,124.57,121.1
SPY,2008-07-17,125.2,126.26,124.09
SPY,2008-07-18,125.98,126.4159,125.15
SPY,2008-07-21,126.05,126.8,125.19
SPY,2008-07-22,127.48,127.8,124.85
SPY,2008-07-23,128.17,129.15,127.55
SPY,2008-07-24,125.51,128.41,125.16
SPY,2008-07-25,125.48,126.49,125.17
SPY,2008-07-28,123.64,126.06,123.42
SPY,2008-07-29,126.28,126.38,123.64
SPY,2008-07-30,128.53,128.6,126.28
SPY,2008-07-31,126.83,128.57,126.63
SPY,2008-08-01,126.16,127.28,125.46
SPY,2008-08-04,124.99,126.14,124.76
SPY,2008-08-05,128.36,128.56,124.9736
SPY,2008-08-06,128.93,129.3,127.48
SPY,2008-08-07,127.01,129.0549,126.54
SPY,2008-08-08,129.37,129.93,126.38
SPY,2008-08-11,130.54,131.51,129.23
SPY,2008-08-12,129.35,130.7028,128.73
SPY,2008-08-13,128.57,129.65,127.67
SPY,2008-08-14,129.54,130.28,127.75
SPY,2008-08-15,130.17,130.5,129.3
SPY,2008-08-18,128.39,130.48,127.66
SPY,2008-08-19,126.99,128.1181,126.53
SPY,2008-08-20,127.58,127.95,126.34
SPY,2008-08-21,127.8,128.44,126.6
SPY,2008-08-22,129.65,129.65,127.8
SPY,2008-08-25,127.02,129.65,126.75
SPY,2008-08-26,127.39,127.87,126.58
SPY,2008-08-27,128.63,128.83,127.3
SPY,2008-08-28,130.19,130.34,128.63
SPY,2008-08-29,128.79,130.14,128.51
SPY,2008-09-02,127.99,130.71,127.52
SPY,2008-09-03,127.88,128.5,126.93
SPY,2008-09-04,124.03,127.23,123.96
SPY,2008-09-05,124.42,124.95,122.0
SPY,2008-09-08,126.99,128.24,124.42
SPY,2008-09-09,123.22,127.36,122.8
SPY,2008-09-10,123.72,124.9,122.55
SPY,2008-09-11,123.6887,125.74,121.6
SPY,2008-09-12,126.09,126.21,123.83
SPY,2008-09-15,120.09,125.652,119.89
SPY,2008-09-16,122.1,122.32,122.1
SPY,2008-09-17,116.61,121.8517,116.0
SPY,2008-09-18,120.3464,121.79,113.8
SPY,2008-09-19,124.12,128.0,116.52
SPY,2008-09-22,121.31,124.75,120.36
SPY,2008-09-23,120.5541,122.02,118.28
SPY,2008-09-24,118.93,120.0,117.79
SPY,2008-09-25,120.79,121.91,118.4369
SPY,2008-09-26,120.85,121.5,118.51
SPY,2008-09-29,111.38,121.18,111.38
SPY,2008-09-30,115.99,116.8,110.5321
SPY,2008-10-01,116.06,116.69,113.95
SPY,2008-10-02,111.85,115.11,111.06
SPY,2008-10-03,110.34,115.45,109.68
SPY,2008-10-06,104.72,109.8553,100.64
SPY,2008-10-07,100.03,107.33,99.65
SPY,2008-10-08,97.51,102.18,96.81
SPY,2008-10-09,90.7,100.62,90.25
SPY,2008-10-10,88.5,93.94,83.58
SPY,2008-10-13,101.35,101.35,89.9484
SPY,2008-10-14,99.85,105.53,97.11
SPY,2008-10-15,90.02,97.8,89.71
SPY,2008-10-16,93.77,94.77,86.54
SPY,2008-10-17,93.21,98.59,91.65
SPY,2008-10-20,98.81,99.1,94.0895
SPY,2008-10-21,95.86,98.64,95.22
SPY,2008-10-22,90.64,95.86,87.53
SPY,2008-10-23,91.69,92.45,85.81
SPY,2008-10-24,87.04,89.92,84.0
SPY,2008-10-27,83.95,89.51,83.7
SPY,2008-10-28,93.76,94.24,84.53
SPY,2008-10-29,93.08,97.17,92.1
SPY,2008-10-30,96.3,96.54,92.9
SPY,2008-10-31,96.83,98.57,94.48
SPY,2008-11-03,97.11,97.69,95.95
SPY,2008-11-04,100.41,100.86,96.7142
SPY,2008-11-05,96.19,100.7114,95.0
SPY,2008-11-06,90.86,95.44,90.06
SPY,2008-11-07,93.86,94.0,90.5
SPY,2008-11-10,93.3146,95.53,90.92
SPY,2008-11-11,89.77,92.1377,88.65
SPY,2008-11-12,85.82,90.1516,85.12
SPY,2008-11-13,91.17,91.73,82.09
SPY,2008-11-14,86.62,92.06,86.52
SPY,2008-11-17,85.47,88.56,85.16
SPY,2008-11-18,87.08,87.22,82.91
SPY,2008-11-19,81.5,86.87,80.92
SPY,2008-11-20,81.0007,82.51,75.05
SPY,2008-11-21,75.8341,80.9,74.34
SPY,2008-11-24,85.03,86.985,80.3614
SPY,2008-11-25,85.66,87.51,83.82
SPY,2008-11-26,88.97,89.19,84.24
SPY,2008-11-28,90.09,90.13,88.48
SPY,2008-12-01,82.11,87.55,81.86
SPY,2008-12-02,85.27,85.49,82.038
SPY,2008-12-03,87.32,87.83,83.14
SPY,2008-12-04,85.3,88.05,83.74
SPY,2008-12-05,87.93,88.42,82.24
SPY,2008-12-08,91.0,92.38,88.0815
SPY,2008-12-09,89.5,92.13,88.98
SPY,2008-12-10,90.11,91.36,89.0
SPY,2008-12-11,87.94,91.0,87.37
SPY,2008-12-12,87.8695,89.07,85.2
SPY,2008-12-15,88.4872,89.15,86.29
SPY,2008-12-16,91.88,92.02,88.18
SPY,2008-12-17,90.99,92.43,90.06
SPY,2008-12-18,89.29,91.67,88.21
SPY,2008-12-19,88.19,90.62,88.09
SPY,2008-12-22,87.06,88.67,85.49
SPY,2008-12-23,86.16,87.93,85.8
SPY,2008-12-24,86.66,86.87,86.0
SPY,2008-12-26,87.16,87.3,86.5
SPY,2008-12-29,86.91,87.33,85.6
SPY,2008-12-30,88.97,89.05,86.88
SPY,2008-12-31,90.24,90.97,88.87
SPY,2009-01-02,90.2722,93.44,89.85
SPY,2009-01-05,92.85,94.5533,91.89
SPY,2009-01-06,93.47,94.45,92.68
SPY,2009-01-07,90.67,92.26,90.2
SPY,2009-01-08,91.042,91.09,89.67
SPY,2009-01-09,89.09,91.32,85.36
SPY,2009-01-12,86.95,88.91,86.41
SPY,2009-01-13,87.05,87.88,86.2
SPY,2009-01-14,87.2194,87.2194,83.16
SPY,2009-01-15,84.4,85.25,81.72
SPY,2009-01-16,85.06,85.9876,83.05
SPY,2009-01-20,80.57,85.059,80.05
SPY,2009-01-21,84.05,84.24,80.47
SPY,2009-01-22,82.75,84.04,81.17
SPY,2009-01-23,83.11,83.99,80.57
SPY,2009-01-26,83.68,85.36,82.81
SPY,2009-01-27,83.7257,85.15,83.3
SPY,2009-01-28,87.39,87.95,86.07
SPY,2009-01-29,87.4901,87.4901,84.47
SPY,2009-01-30,84.5976,85.4,82.21
SPY,2009-02-02,82.58,83.18,81.31
SPY,2009-02-03,83.74,84.36,82.22
SPY,2009-02-04,83.33,85.37,83.04
SPY,2009-02-05,83.3782,85.29,77.73
SPY,2009-02-06,86.979,87.34,84.68
SPY,2009-02-09,87.1,87.74,86.32
SPY,2009-02-10,83.11,87.03,82.45
SPY,2009-02-11,83.6,84.05,82.4
SPY,2009-02-12,82.2,83.82,81.05
SPY,2009-02-13,82.76,84.24,82.74
SPY,2009-02-17,79.22,82.958,79.17
SPY,2009-02-18,79.03,79.94,78.28
SPY,2009-02-19,78.181,80.15,78.02
SPY,2009-02-20,78.2565,78.34,75.77
SPY,2009-02-23,74.65,78.27,74.59
SPY,2009-02-24,77.48,77.95,74.7003
SPY,2009-02-25,76.872,78.42,75.63
SPY,2009-02-26,75.62,79.6667,75.53
SPY,2009-02-27,73.93,75.6872,73.81
SPY,2009-03-02,70.6,73.9169,70.37
SPY,2009-03-03,70.07,71.7,69.64
SPY,2009-03-04,71.73,72.87,70.0729
SPY,2009-03-05,68.8,71.73,68.17
SPY,2009-03-06,68.92,70.45,67.1
SPY,2009-03-09,68.11,70.0,67.73
SPY,2009-03-10,72.17,72.37,69.37
SPY,2009-03-11,72.64,73.75,71.83
SPY,2009-03-12,75.5,75.75,71.97
SPY,2009-03-13,76.09,76.98,74.73
SPY,2009-03-16,75.86,77.97,75.81
SPY,2009-03-17,78.18,78.36,75.45
SPY,2009-03-18,79.93,80.9,77.07
SPY,2009-03-19,78.94,81.0,78.69
SPY,2009-03-20,76.71,78.91,76.53
SPY,2009-03-23,82.24,82.29,78.31
SPY,2009-03-24,80.6,82.36,80.51
SPY,2009-03-25,81.45,82.7,79.06
SPY,2009-03-26,83.11,83.3,81.32
SPY,2009-03-27,81.61,82.53,81.31
SPY,2009-03-30,78.79,79.87,77.96
SPY,2009-03-31,79.52,81.08,79.05
SPY,2009-04-01,81.06,81.42,78.33
SPY,2009-04-02,83.43,84.61,81.1296
SPY,2009-04-03,84.26,84.28,82.67
SPY,2009-04-06,83.6,84.2747,82.29
SPY,2009-04-07,81.65,82.65,81.51
SPY,2009-04-08,82.53,82.94,81.54
SPY,2009-04-09,85.81,85.82,84.33
SPY,2009-04-13,85.83,86.54,84.58
SPY,2009-04-14,84.35,85.76,84.08
SPY,2009-04-15,85.25,85.42,83.61
SPY,2009-04-16,86.5,87.15,84.77
SPY,2009-04-17,87.08,87.65,86.14
SPY,2009-04-20,83.43,87.0489,83.34
SPY,2009-04-21,85.06,85.13,82.75
SPY,2009-04-22,84.54,86.34,84.07
SPY,2009-04-23,85.37,85.42,83.63
SPY,2009-04-24,86.66,87.31,85.69
SPY,2009-04-27,85.84,87.01,85.54
SPY,2009-04-28,85.57,86.59,84.76
SPY,2009-04-29,87.39,88.36,86.3
SPY,2009-04-30,87.42,89.02,86.92
SPY,2009-05-01,87.89,88.21,86.72
SPY,2009-05-04,90.88,90.94,88.38
SPY,2009-05-05,90.57,90.93,89.84
SPY,2009-05-06,92.141,92.2,90.61
SPY,2009-05-07,90.86,93.15,90.28
SPY,2009-05-08,92.98,93.22,90.911
SPY,2009-05-11,91.24,92.11,91.04
SPY,2009-05-12,90.97,91.83,89.85
SPY,2009-05-13,88.68,90.01,88.5
SPY,2009-05-14,89.44,90.12,88.5
SPY,2009-05-15,88.71,90.0,88.15
SPY,2009-05-18,91.23,91.34,88.5702
SPY,2009-05-19,91.12,91.97,90.81
SPY,2009-05-20,90.51,92.8,90.41
SPY,2009-05-21,89.21,89.8,88.26
SPY,2009-05-22,89.02,90.0,88.68
SPY,2009-05-26,91.3,91.56,88.32
SPY,2009-05-27,89.67,91.75,89.53
SPY,2009-05-28,90.92,91.34,89.1
SPY,2009-05-29,92.53,93.7,90.68
SPY,2009-06-01,94.77,95.17,93.43
SPY,2009-06-02,94.85,95.37,87.53
SPY,2009-06-03,93.65,94.13,92.76
SPY,2009-06-04,94.53,94.67,93.3
SPY,2009-06-05,94.55,95.67,93.8
SPY,2009-06-08,94.16,95.1,93.04
SPY,2009-06-09,94.64,95.145,94.02
SPY,2009-06-10,94.4,95.49,93.19
SPY,2009-06-11,94.82,96.11,94.56
SPY,2009-06-12,94.38,95.14,94.0
SPY,2009-06-15,92.9,94.02,92.4
SPY,2009-06-16,91.64,93.29,91.58
SPY,2009-06-17,91.55,92.33,90.83
SPY,2009-06-18,92.219,92.67,91.25
SPY,2009-06-19,92.04,92.7,91.52
SPY,2009-06-22,89.28,91.19,89.25
SPY,2009-06-23,89.35,89.88,88.85
SPY,2009-06-24,90.118,91.08,89.6
SPY,2009-06-25,92.08,92.17,89.57
SPY,2009-06-26,91.84,92.24,91.27
SPY,2009-06-29,92.7,92.82,91.6
SPY,2009-06-30,91.96,93.06,91.27
SPY,2009-07-01,92.33,93.23,92.21
SPY,2009-07-02,89.81,92.3624,89.76
SPY,2009-07-06,89.8,89.93,88.66
SPY,2009-07-07,88.06,89.82,88.0
SPY,2009-07-08,88.0,88.8,87.0
SPY,2009-07-09,88.17,88.9,87.91
SPY,2009-07-10,87.96,88.49,87.35
SPY,2009-07-13,90.102,90.17,87.59
SPY,2009-07-14,90.61,90.69,89.73
SPY,2009-07-15,93.26,93.51,90.6795
SPY,2009-07-16,93.11,94.51,92.82
SPY,2009-07-17,94.13,94.32,93.54
SPY,2009-07-20,95.131,95.29,94.19
SPY,2009-07-21,95.57,95.9,94.42
SPY,2009-07-22,95.55,96.13,94.89
SPY,2009-07-23,97.661,98.08,95.53
SPY,2009-07-24,97.86,98.14,96.69
SPY,2009-07-27,98.35,98.4,97.34
SPY,2009-07-28,97.89,98.37,97.06
SPY,2009-07-29,97.79,98.088,96.98
SPY,2009-07-30,98.67,99.83,98.6
SPY,2009-07-31,98.81,99.47,98.38
SPY,2009-08-03,100.44,100.53,99.31
SPY,2009-08-04,100.7,100.84,99.78
SPY,2009-08-05,100.41,100.855,99.58
SPY,2009-08-06,99.87,101.02,99.42
SPY,2009-08-07,101.202,102.03,100.39
SPY,2009-08-10,100.99,101.22,100.27
SPY,2009-08-11,99.73,100.61,99.46
SPY,2009-08-12,100.8,101.56,99.51
SPY,2009-08-13,101.57,101.61,100.26
SPY,2009-08-14,100.79,101.6,99.7
SPY,2009-08-17,98.31,98.95,98.115
SPY,2009-08-18,99.09,99.44,98.35
SPY,2009-08-19,99.96,100.3,98.21
SPY,2009-08-20,100.99,101.22,99.87
SPY,2009-08-21,102.97,103.13,101.62
SPY,2009-08-24,102.96,103.95,102.59
SPY,2009-08-25,103.16,104.26,102.94
SPY,2009-08-26,103.17,103.64,102.49
SPY,2009-08-27,103.4,103.72,101.94
SPY,2009-08-28,103.38,104.35,102.67
SPY,2009-08-31,102.46,102.58,101.79
SPY,2009-09-01,100.2,103.24,99.99
SPY,2009-09-02,99.82,100.44,99.57
SPY,2009-09-03,100.65,100.77,99.59
SPY,2009-09-04,102.06,102.09,100.55
SPY,2009-09-08,102.94,103.05,102.39
SPY,2009-09-09,103.73,104.08,102.8
SPY,2009-09-10,104.79,104.86,103.22
SPY,2009-09-11,104.77,105.3,104.28
SPY,2009-09-14,105.28,105.46,103.15
SPY,2009-09-15,105.72,106.11,104.76
SPY,2009-09-16,107.32,107.34,105.7288
SPY,2009-09-17,107.16,108.06,106.57
SPY,2009-09-18,106.72,107.16,106.36
SPY,2009-09-21,106.45,107.0,105.66
SPY,2009-09-22,107.07,107.37,106.6
SPY,2009-09-23,106.18,108.03,105.99
SPY,2009-09-24,105.01,106.64,104.55
SPY,2009-09-25,104.45,105.36,104.09
SPY,2009-09-28,106.32,106.55,104.83
SPY,2009-09-29,106.0,107.02,105.78
SPY,2009-09-30,105.59,106.46,104.62
SPY,2009-10-01,103.724,105.7331,102.95
SPY,2009-10-02,102.49,103.1,101.99
SPY,2009-10-05,104.02,104.32,102.6
SPY,2009-10-06,105.51,106.11,104.71
SPY,2009-10-07,105.8,105.91,105.07
SPY,2009-10-08,106.61,107.17,105.8449
SPY,2009-10-09,107.26,107.26,106.36
SPY,2009-10-12,107.68,108.09,107.28
SPY,2009-10-13,107.46,107.7132,106.76
SPY,2009-10-14,109.31,109.42,107.4174
SPY,2009-10-15,109.71,109.71,108.73
SPY,2009-10-16,108.89,109.27,108.23
SPY,2009-10-19,109.79,110.13,108.73
SPY,2009-10-20,109.211,109.985,108.68
SPY,2009-10-21,108.23,110.31,108.15
SPY,2009-10-22,109.33,109.68,107.5
SPY,2009-10-23,108.08,109.76,107.63
SPY,2009-10-26,106.91,109.31,106.61
SPY,2009-10-27,106.42,107.39,106.16
SPY,2009-10-28,104.41,106.4783,104.35
SPY,2009-10-29,106.65,106.86,104.94
SPY,2009-10-30,103.56,106.62,103.44
SPY,2009-11-02,104.32,105.41,103.08
SPY,2009-11-03,104.65,104.8,103.54
SPY,2009-11-04,104.92,106.33,104.65
SPY,2009-11-05,104.84,106.88,104.84
SPY,2009-11-06,107.13,107.4,106.05
SPY,2009-11-09,109.57,109.63,107.87
SPY,2009-11-10,109.59,109.93,108.97
SPY,2009-11-11,110.15,110.82,109.62
SPY,2009-11-12,109.03,110.57,108.75
SPY,2009-11-13,109.62,110.09,108.75
SPY,2009-11-16,111.21,111.69,110.32
SPY,2009-11-17,111.23,111.39,110.5
SPY,2009-11-18,111.27,111.43,110.57
SPY,2009-11-19,109.82,111.3059,109.13
SPY,2009-11-20,109.43,109.76,109.01
SPY,2009-11-23,110.82,111.74,110.6
SPY,2009-11-24,110.99,111.2022,110.01
SPY,2009-11-25,111.38,111.5,110.82
SPY,2009-11-27,109.57,110.32,108.29
SPY,2009-11-30,109.94,110.2,108.12
SPY,2009-12-01,111.3,111.66,110.73
SPY,2009-12-02,111.25,112.01,110.92
SPY,2009-12-03,110.38,112.18,110.29
SPY,2009-12-04,111.01,112.38,110.04
SPY,2009-12-07,110.84,111.53,110.49
SPY,2009-12-08,109.61,110.7725,109.27
SPY,2009-12-09,110.021,110.18,109.02
SPY,2009-12-10,110.64,111.12,110.45
SPY,2009-12-11,111.11,111.36,110.61
SPY,2009-12-14,111.87,112.0,105.476
SPY,2009-12-15,111.35,111.92,111.0
SPY,2009-12-16,111.52,112.13,111.27
SPY,2009-12-17,110.18,111.411,110.08
SPY,2009-12-18,110.21,110.3,109.28
SPY,2009-12-21,111.33,111.7,110.1549
SPY,2009-12-22,111.73,111.97,111.425
SPY,2009-12-23,111.95,112.11,111.5
SPY,2009-12-24,112.48,112.6,111.9948
SPY,2009-12-28,112.72,112.99,112.32
SPY,2009-12-29,112.562,113.03,112.55
SPY,2009-12-30,112.52,112.65,112.17
SPY,2010-01-04,113.33,113.39,111.51
SPY,2010-01-05,113.63,113.68,112.85
SPY,2010-01-06,113.71,113.99,113.43
SPY,2010-01-07,114.19,114.33,113.18
SPY,2010-01-08,114.57,114.62,113.66
SPY,2010-01-11,114.73,115.13,114.235
SPY,2010-01-12,113.66,114.756,113.22
SPY,2010-01-13,114.62,114.94,113.37
SPY,2010-01-14,114.93,115.14,114.42
SPY,2010-01-15,113.64,114.84,113.2
SPY,2010-01-19,115.06,115.13,113.59
SPY,2010-01-20,113.89,115.0967,112.98
SPY,2010-01-21,111.7,114.27,111.56
SPY,2010-01-22,109.21,111.7416,109.09
SPY,2010-01-25,109.77,110.41,109.2705
SPY,2010-01-26,109.31,110.47,109.04
SPY,2010-01-27,109.83,110.08,108.33
SPY,2010-01-28,108.57,110.25,107.91
SPY,2010-01-29,107.39,109.8,107.22
SPY,2010-02-01,109.06,109.07,107.5008
SPY,2010-02-02,110.38,110.59,108.88
SPY,2010-02-03,109.83,110.4815,109.51
SPY,2010-02-04,106.44,109.8777,106.42
SPY,2010-02-05,106.66,106.88,104.58
SPY,2010-02-08,105.89,107.33,105.8099
SPY,2010-02-09,107.22,108.15,105.8627
SPY,2010-02-10,107.01,107.6,106.11
SPY,2010-02-11,108.13,108.25,106.25
SPY,2010-02-12,108.04,108.1012,106.51
SPY,2010-02-16,109.74,109.85,107.806
SPY,2010-02-17,110.26,110.41,109.74
SPY,2010-02-18,110.91,111.14,110.035
SPY,2010-02-19,111.14,111.57,110.36
SPY,2010-02-22,111.16,111.58,110.83
SPY,2010-02-23,109.81,111.2,109.52
SPY,2010-02-24,110.82,111.0,109.86
SPY,2010-02-25,110.67,110.8605,108.94
SPY,2010-02-26,110.76,111.12,110.11
SPY,2010-03-01,111.89,112.0,110.8166
SPY,2010-03-02,112.2,112.74,111.9405
SPY,2010-03-03,112.3,112.97,112.02
SPY,2010-03-04,112.641,112.8,112.03
SPY,2010-03-05,114.25,114.34,112.6849
SPY,2010-03-08,114.27,114.52,114.07
SPY,2010-03-09,114.46,114.99,113.87
SPY,2010-03-10,114.97,115.275,114.41
SPY,2010-03-11,115.45,115.48,114.35
SPY,2010-03-12,115.46,115.97,115.14
SPY,2010-03-15,115.49,115.575,114.6
SPY,2010-03-16,116.41,116.52,115.49
SPY,2010-03-17,117.1,117.48,116.4182
SPY,2010-03-18,117.0375,117.27,116.57
SPY,2010-03-19,115.97,117.293,115.52
SPY,2010-03-22,116.5925,116.8,115.24
SPY,2010-03-23,117.41,117.51,116.38
SPY,2010-03-24,116.84,117.4264,115.58
SPY,2010-03-25,116.65,118.1666,116.51
SPY,2010-03-26,116.582,117.42,116.12
SPY,2010-03-29,117.33,117.53,116.668
SPY,2010-03-30,117.4,117.83,116.91
SPY,2010-03-31,117.0,117.52,116.61
SPY,2010-04-01,117.8,118.25,117.1
SPY,2010-04-05,118.76,118.84,117.92
SPY,2010-04-06,119.04,119.25,118.29
SPY,2010-04-07,118.36,119.3567,117.81
SPY,2010-04-08,118.7725,118.97,117.6
SPY,2010-04-09,119.55,119.6,118.7517
SPY,2010-04-12,119.74,120.05,119.544
SPY,2010-04-13,119.83,120.04,119.0
SPY,2010-04-14,121.19,121.19,120.08
SPY,2010-04-15,121.32,121.5654,120.95
SPY,2010-04-16,119.36,121.2853,118.75
SPY,2010-04-19,119.81,119.93,118.47
SPY,2010-04-20,120.88,120.98,119.871
SPY,2010-04-21,120.66,121.23,119.99
SPY,2010-04-22,121.02,121.17,119.12
SPY,2010-04-23,121.8125,121.86,120.63
SPY,2010-04-26,121.35,122.12,121.23
SPY,2010-04-27,119.04,121.3346,118.25
SPY,2010-04-28,119.38,119.68,118.27
SPY,2010-04-29,120.8575,121.11,120.07
SPY,2010-04-30,118.8125,121.01,118.78
SPY,2010-05-03,120.35,120.68,118.8293
SPY,2010-05-04,117.52,120.386,116.92
SPY,2010-05-05,116.82,117.8,115.97
SPY,2010-05-06,112.942,117.0,105.0
SPY,2010-05-07,111.26,113.77,109.41
SPY,2010-05-10,116.16,116.65,111.3051
SPY,2010-05-11,115.81,117.36,114.91
SPY,2010-05-12,117.44,117.62,115.822
SPY,2010-05-13,116.0,117.68,115.89
SPY,2010-05-14,113.89,116.0334,112.87
SPY,2010-05-17,113.95,114.52,111.77
SPY,2010-05-18,112.4,115.22,112.03
SPY,2010-05-19,111.76,112.77,110.36
SPY,2010-05-20,107.54,111.8468,107.47
SPY,2010-05-21,109.115,109.38,105.3612
SPY,2010-05-24,107.71,109.39,107.61
SPY,2010-05-25,107.818,107.87,104.38
SPY,2010-05-26,107.17,109.47,106.85
SPY,2010-05-27,110.76,110.8,108.7801
SPY,2010-05-28,109.369,110.724,108.85
SPY,2010-06-01,107.54,109.95,107.37
SPY,2010-06-02,110.33,110.34,107.4923
SPY,2010-06-03,110.71,111.06,109.58
SPY,2010-06-04,106.82,109.33,106.465
SPY,2010-06-07,105.49,107.61,105.41
SPY,2010-06-08,106.62,106.83,104.65
SPY,2010-06-09,106.05,108.28,105.6
SPY,2010-06-10,109.15,109.28,106.0418
SPY,2010-06-11,109.68,109.75,108.12
SPY,2010-06-14,109.57,111.12,109.4
SPY,2010-06-15,112.0,112.1,110.09
SPY,2010-06-16,111.96,112.42,111.2
SPY,2010-06-17,112.13,112.33,111.05
SPY,2010-06-18,111.729,112.13,111.37
SPY,2010-06-21,111.41,113.2,110.79
SPY,2010-06-22,109.57,111.9,109.41
SPY,2010-06-23,109.23,110.03,108.48
SPY,2010-06-24,107.42,109.2209,107.14
SPY,2010-06-25,107.8675,108.42,106.77
SPY,2010-06-28,107.51,108.32,107.14
SPY,2010-06-29,104.21,107.5114,103.55
SPY,2010-06-30,103.22,104.88,102.88
SPY,2010-07-01,102.76,103.49,101.13
SPY,2010-07-02,102.2,103.42,101.62
SPY,2010-07-06,102.87,104.37,101.88
SPY,2010-07-07,106.1075,106.24,102.8838
SPY,2010-07-08,107.16,107.28,105.91
SPY,2010-07-09,107.96,107.97,106.93
SPY,2010-07-12,108.03,108.24,107.15
SPY,2010-07-13,109.66,110.09,108.93
SPY,2010-07-14,109.651,110.08,108.86
SPY,2010-07-15,109.68,110.06,108.17
SPY,2010-07-16,106.66,109.2059,106.45
SPY,2010-07-19,107.31,107.63,106.22
SPY,2010-07-20,108.48,108.56,105.82
SPY,2010-07-21,107.07,109.07,106.63
SPY,2010-07-22,109.461,109.94,108.33
SPY,2010-07-23,110.4,110.57,108.93
SPY,2010-07-26,111.56,111.67,110.29
SPY,2010-07-27,111.51,112.29,111.11
SPY,2010-07-28,110.83,111.66,110.46
SPY,2010-07-29,110.29,111.82,109.41
SPY,2010-07-30,110.27,110.86,108.98
SPY,2010-08-02,112.76,112.94,110.3456
SPY,2010-08-03,112.2,112.7704,111.85
SPY,2010-08-04,112.99,113.11,112.16
SPY,2010-08-05,112.85,112.9493,112.08
SPY,2010-08-06,112.392,112.8118,110.92
SPY,2010-08-09,112.992,113.18,112.32
SPY,2010-08-10,112.375,113.0231,111.3701
SPY,2010-08-11,109.3,110.69,109.12
SPY,2010-08-12,108.6,109.2504,107.6
SPY,2010-08-13,108.31,108.96,108.18
SPY,2010-08-16,108.26,108.61,107.18
SPY,2010-08-17,109.6,110.39,108.88
SPY,2010-08-18,109.79,110.38,108.91
SPY,2010-08-19,107.88,109.49,107.43
SPY,2010-08-20,107.53,107.9376,106.7499
SPY,2010-08-23,107.1236,108.57,107.07
SPY,2010-08-24,105.53,106.39,104.97
SPY,2010-08-25,105.94,106.34,104.29
SPY,2010-08-26,105.23,106.58,104.88
SPY,2010-08-27,106.86,106.97,104.31
SPY,2010-08-30,105.311,106.91,105.3
SPY,2010-08-31,105.31,105.98,104.49
SPY,2010-09-01,108.46,108.61,105.3804
SPY,2010-09-02,109.47,109.49,108.49
SPY,2010-09-03,110.89,110.99,109.4784
SPY,2010-09-07,109.64,110.9214,109.55
SPY,2010-09-08,110.4,110.85,109.6608
SPY,2010-09-09,110.92,111.68,110.388
SPY,2010-09-10,111.482,111.61,110.87
SPY,2010-09-13,112.72,112.95,111.4577
SPY,2010-09-14,112.64,113.29,112.08
SPY,2010-09-15,113.08,113.21,111.98
SPY,2010-09-16,113.05,113.12,112.35
SPY,2010-09-17,112.49,113.15,112.18
SPY,2010-09-20,114.21,114.46,112.5187
SPY,2010-09-21,113.98,114.84,113.51
SPY,2010-09-22,113.42,114.44,113.1
SPY,2010-09-23,112.498,113.67,112.18
SPY,2010-09-24,114.82,114.9,112.4627
SPY,2010-09-27,114.27,114.99,114.16
SPY,2010-09-28,114.67,115.04,113.18
SPY,2010-09-29,114.47,114.91,114.02
SPY,2010-09-30,114.13,115.79,113.59
SPY,2010-10-01,114.62,115.12,113.93
SPY,2010-10-04,113.74,114.85,113.18
SPY,2010-10-05,116.04,116.32,113.7261
SPY,2010-10-06,116.03,116.33,115.56
SPY,2010-10-07,115.89,116.53,115.19
SPY,2010-10-08,116.5375,116.86,115.61
SPY,2010-10-11,116.65,116.97,116.25
SPY,2010-10-12,117.01,117.35,115.65
SPY,2010-10-13,117.92,118.55,117.0531
SPY,2010-10-14,117.46,118.01,116.72
SPY,2010-10-15,117.7,118.35,116.76
SPY,2010-10-18,118.54,118.67,117.31
SPY,2010-10-19,116.73,118.559,116.02
SPY,2010-10-20,117.87,118.44,116.6777
SPY,2010-10-21,118.13,119.09,117.21
SPY,2010-10-22,118.347,118.53,118.0
SPY,2010-10-25,118.681,119.76,118.4179
SPY,2010-10-26,118.73,118.84,117.87
SPY,2010-10-27,118.38,118.6742,117.26
SPY,2010-10-28,118.43,119.11,117.83
SPY,2010-10-29,118.49,118.72,118.07
SPY,2010-11-01,118.53,119.75,117.85
SPY,2010-11-02,119.475,119.75,118.5727
SPY,2010-11-03,119.95,120.02,118.45
SPY,2010-11-04,122.26,122.32,119.9517
SPY,2010-11-05,122.725,122.92,122.18
SPY,2010-11-08,122.49,122.69,121.94
SPY,2010-11-09,121.61,122.95,121.12
SPY,2010-11-10,122.1,122.16,120.66
SPY,2010-11-11,121.635,121.82,120.68
SPY,2010-11-12,120.198,121.35,119.65
SPY,2010-11-15,120.03,121.05,119.98
SPY,2010-11-16,118.16,119.49,117.59
SPY,2010-11-17,118.218,118.71,117.86
SPY,2010-11-18,120.02,120.39,119.35
SPY,2010-11-19,120.29,120.34,119.25
SPY,2010-11-22,120.19,120.24,118.77
SPY,2010-11-23,118.4475,119.015,117.99
SPY,2010-11-24,120.2,120.23,119.18
SPY,2010-11-26,119.302,119.81,119.03
SPY,2010-11-29,119.162,119.48,117.74
SPY,2010-11-30,118.4925,119.17,117.81
SPY,2010-12-01,121.01,121.24,120.19
SPY,2010-12-02,122.56,122.65,121.13
SPY,2010-12-03,122.89,123.03,122.11
SPY,2010-12-06,122.76,123.04,122.5
SPY,2010-12-07,122.83,124.01,122.76
SPY,2010-12-08,123.29,123.38,122.41
SPY,2010-12-09,123.76,124.02,123.15
SPY,2010-12-10,124.48,124.6,123.73
SPY,2010-12-13,124.56,125.2,124.52
SPY,2010-12-14,124.67,125.23,124.29
SPY,2010-12-15,124.098,124.93,123.89
SPY,2010-12-16,124.82,124.91,123.75
SPY,2010-12-17,124.3,124.46,123.82
SPY,2010-12-20,124.6,124.9,123.98
SPY,2010-12-21,125.39,125.47,124.87
SPY,2010-12-22,125.78,125.82,125.41
SPY,2010-12-23,125.6,125.78,125.29
SPY,2010-12-27,125.65,125.77,125.04
SPY,2010-12-28,125.8,125.95,125.5
SPY,2010-12-29,125.92,126.2,125.9
SPY,2010-12-30,125.75,126.13,125.53
SPY,2010-12-31,125.75,125.87,125.33
SPY,2011-01-04,126.98,127.37,126.19
SPY,2011-01-05,127.64,127.725,126.46
SPY,2011-01-06,127.39,127.83,127.01
SPY,2011-01-07,127.14,127.77,126.15
SPY,2011-01-10,126.98,127.16,126.2
SPY,2011-01-11,127.43,127.74,126.95
SPY,2011-01-12,128.58,128.72,127.4621
SPY,2011-01-13,128.3675,128.69,128.05
SPY,2011-01-14,129.3,129.33,128.1
SPY,2011-01-18,129.52,129.64,129.03
SPY,2011-01-19,128.25,129.5357,127.91
SPY,2011-01-20,128.08,128.4,127.13
SPY,2011-01-21,128.37,129.17,128.23
SPY,2011-01-24,129.1,129.25,128.26
SPY,2011-01-25,129.17,129.28,128.11
SPY,2011-01-26,129.67,130.05,129.23
SPY,2011-01-27,129.99,130.21,129.47
SPY,2011-01-28,127.72,130.35,127.51
SPY,2011-01-31,128.68,128.78,127.75
SPY,2011-02-01,130.71,130.97,129.3801
SPY,2011-02-02,130.485,130.84,130.33
SPY,2011-02-03,130.78,130.98,129.57
SPY,2011-02-04,131.15,131.2,130.23
SPY,2011-02-07,131.97,132.4,131.43
SPY,2011-02-08,132.57,132.64,131.73
SPY,2011-02-09,132.269,132.63,131.61
SPY,2011-02-10,132.33,132.47,131.3
SPY,2011-02-11,133.11,133.28,131.77
SPY,2011-02-14,133.43,133.54,132.88
SPY,2011-02-15,133.01,133.22,132.3167
SPY,2011-02-16,133.85,134.01,133.19
SPY,2011-02-17,134.25,134.43,133.34
SPY,2011-02-18,134.53,134.69,134.06
SPY,2011-02-22,131.83,134.5615,131.47
SPY,2011-02-23,131.03,132.07,130.21
SPY,2011-02-24,130.93,131.44,129.7
SPY,2011-02-25,132.33,132.41,131.4
SPY,2011-02-28,133.15,133.32,132.38
SPY,2011-03-01,130.93,133.69,130.89
SPY,2011-03-02,131.21,131.82,130.35
SPY,2011-03-03,133.47,133.62,132.39
SPY,2011-03-04,132.47,133.63,131.6
SPY,2011-03-07,131.43,133.1594,130.735
SPY,2011-03-08,132.58,133.0,131.07
SPY,2011-03-09,132.39,132.8,131.6
SPY,2011-03-10,129.9375,131.18,129.81
SPY,2011-03-11,130.87,131.31,129.49
SPY,2011-03-14,130.05,130.48,129.06
SPY,2011-03-15,128.62,129.33,126.5
SPY,2011-03-16,126.175,128.57,125.28
SPY,2011-03-17,127.81,128.39,127.1
SPY,2011-03-18,127.78,128.88,127.51
SPY,2011-03-21,129.74,130.01,129.2
SPY,2011-03-22,129.29,129.89,129.17
SPY,2011-03-23,129.66,130.0,128.32
SPY,2011-03-24,130.9,131.09,129.67
SPY,2011-03-25,131.3,131.87,130.8921
SPY,2011-03-28,130.98,131.92,130.94
SPY,2011-03-29,131.86,131.9,130.44
SPY,2011-03-30,132.77,133.16,132.36
SPY,2011-03-31,132.59,132.96,132.45
SPY,2011-04-01,133.15,133.77,132.83
SPY,2011-04-04,133.26,133.67,132.88
SPY,2011-04-05,133.21,133.83,132.94
SPY,2011-04-06,133.66,134.0,133.12
SPY,2011-04-07,133.32,133.9775,132.66
SPY,2011-04-08,132.86,133.99,132.31
SPY,2011-04-11,132.46,133.45,132.14
SPY,2011-04-12,131.47,131.98,130.99
SPY,2011-04-13,131.46,132.18,130.96
SPY,2011-04-14,131.56,131.76,130.27
SPY,2011-04-15,132.04,132.37,131.41
SPY,2011-04-18,130.56,132.0301,129.51
SPY,2011-04-19,131.31,131.35,130.44
SPY,2011-04-20,133.1,133.39,132.79
SPY,2011-04-21,133.78,133.84,133.1046
SPY,2011-04-25,133.64,133.86,133.2
SPY,2011-04-26,134.791,135.06,133.91
SPY,2011-04-27,135.67,135.87,134.5
SPY,2011-04-28,136.11,136.29,135.41
SPY,2011-04-29,136.43,136.57,135.98
SPY,2011-05-02,136.22,137.18,135.95
SPY,2011-05-03,135.73,136.19,135.045
SPY,2011-05-04,134.83,135.73,134.23
SPY,2011-05-05,133.61,134.95,133.02
SPY,2011-05-06,134.2,135.63,133.22
SPY,2011-05-09,134.72,135.11,133.98
SPY,2011-05-10,135.9,136.11,135.0
SPY,2011-05-11,134.44,135.69,133.82
SPY,2011-05-12,135.08,135.36,133.39
SPY,2011-05-13,134.04,135.34,133.56
SPY,2011-05-16,133.19,134.61,132.97
SPY,2011-05-17,133.17,133.35,132.12
SPY,2011-05-18,134.36,134.5,132.95
SPY,2011-05-19,134.66,135.03,133.94
SPY,2011-05-20,133.61,134.6781,133.36
SPY,2011-05-23,132.06,133.6475,131.59
SPY,2011-05-24,131.95,132.73,131.7
SPY,2011-05-25,132.39,132.94,131.38
SPY,2011-05-26,133.0,133.24,131.78
SPY,2011-05-27,133.51,133.87,132.9588
SPY,2011-05-31,134.89,134.92,133.84
SPY,2011-06-01,131.87,134.9234,131.76
SPY,2011-06-02,131.73,132.24,130.96
SPY,2011-06-03,130.42,131.42,130.08
SPY,2011-06-06,129.045,130.36,128.87
SPY,2011-06-07,128.96,130.07,128.85
SPY,2011-06-08,128.42,129.19,128.18
SPY,2011-06-09,129.4,129.93,128.46
SPY,2011-06-10,127.6,128.93,127.26
SPY,2011-06-13,127.7,128.24,127.05
SPY,2011-06-14,129.32,129.77,128.82
SPY,2011-06-15,127.02,129.2991,126.68
SPY,2011-06-16,127.3,127.97,126.32
SPY,2011-06-17,127.05,127.94,126.62
SPY,2011-06-20,127.7,127.97,126.58
SPY,2011-06-21,129.45,129.7,127.7535
SPY,2011-06-22,128.67,129.81,128.59
SPY,2011-06-23,128.301,128.6361,126.19
SPY,2011-06-24,126.81,128.37,126.62
SPY,2011-06-27,127.94,128.43,126.64
SPY,2011-06-28,129.61,129.63,128.27
SPY,2011-06-29,130.72,130.93,129.6321
SPY,2011-06-30,131.97,132.18,130.705
SPY,2011-07-01,133.92,134.1,131.78
SPY,2011-07-05,133.81,134.08,133.39
SPY,2011-07-06,133.97,134.14,133.11
SPY,2011-07-07,135.36,135.7,134.88
SPY,2011-07-08,134.4,135.3558,133.39
SPY,2011-07-11,131.97,133.18,131.66
SPY,2011-07-12,131.4,132.78,131.36
SPY,2011-07-13,131.84,133.22,131.519
SPY,2011-07-14,130.93,132.78,130.68
SPY,2011-07-15,131.69,131.87,130.77
SPY,2011-07-18,130.61,131.28,129.63
SPY,2011-07-19,132.73,132.89,131.31
SPY,2011-07-20,132.65,133.15,132.42
SPY,2011-07-21,134.49,134.82,132.6693
SPY,2011-07-22,134.58,134.72,133.76
SPY,2011-07-25,133.83,134.49,133.16
SPY,2011-07-26,133.33,133.96,133.03
SPY,2011-07-27,130.6,132.63,130.43
SPY,2011-07-28,130.22,131.77,130.01
SPY,2011-07-29,129.33,130.55,127.9667
SPY,2011-08-01,128.78,130.96,127.53
SPY,2011-08-02,125.49,128.5,125.49
SPY,2011-08-03,126.17,126.31,123.53
SPY,2011-08-04,120.26,124.62,120.06
SPY,2011-08-05,120.08,122.07,116.86
SPY,2011-08-08,112.26,120.1218,112.02
SPY,2011-08-09,117.48,117.64,110.27
SPY,2011-08-10,112.29,116.28,111.95
SPY,2011-08-11,117.33,118.92,112.317
SPY,2011-08-12,118.12,119.215,117.28
SPY,2011-08-15,120.62,120.74,119.0
SPY,2011-08-16,119.59,120.69,118.31
SPY,2011-08-17,119.67,121.2,118.72
SPY,2011-08-18,114.51,119.714,113.39
SPY,2011-08-19,112.64,115.88,112.5
SPY,2011-08-22,112.73,115.23,112.41
SPY,2011-08-23,116.44,116.5665,112.58
SPY,2011-08-24,118.08,118.24,115.92
SPY,2011-08-25,116.28,119.4,115.87
SPY,2011-08-26,117.97,118.51,113.85
SPY,2011-08-29,121.36,121.43,118.0569
SPY,2011-08-30,121.68,122.43,119.26
SPY,2011-08-31,122.22,123.51,121.3
SPY,2011-09-01,120.94,123.4,120.78
SPY,2011-09-02,117.85,120.8726,117.43
SPY,2011-09-06,116.99,117.16,114.38
SPY,2011-09-07,120.29,120.34,118.36
SPY,2011-09-08,119.04,120.94,118.77
SPY,2011-09-09,115.92,119.057,115.28
SPY,2011-09-12,116.67,116.76,114.05
SPY,2011-09-13,117.58,118.18,116.22
SPY,2011-09-14,119.37,120.8,116.72
SPY,2011-09-15,121.43,121.47,119.4034
SPY,2011-09-16,121.52,121.97,120.32
SPY,2011-09-19,120.31,120.93,118.72
SPY,2011-09-20,120.17,121.99,120.01
SPY,2011-09-21,116.63,120.6,116.44
SPY,2011-09-22,112.86,114.21,111.3
SPY,2011-09-23,113.54,114.16,112.02
SPY,2011-09-26,116.24,116.4,112.98
SPY,2011-09-27,117.54,119.56,116.84
SPY,2011-09-28,115.145,118.49,114.97
SPY,2011-09-29,116.05,117.63,113.93
SPY,2011-09-30,113.15,115.45,113.07
SPY,2011-10-03,109.93,113.95,109.81
SPY,2011-10-04,112.34,112.58,107.43
SPY,2011-10-05,114.42,114.72,111.58
SPY,2011-10-06,116.49,116.66,113.51
SPY,2011-10-07,115.71,117.245,115.06
SPY,2011-10-10,119.58,119.63,117.67
SPY,2011-10-11,119.7,120.04,118.75
SPY,2011-10-12,120.75,122.14,120.33
SPY,2011-10-13,120.51,120.87,119.12
SPY,2011-10-14,122.57,122.6,121.23
SPY,2011-10-17,120.23,122.5492,119.93
SPY,2011-10-18,122.58,123.5,119.2
SPY,2011-10-19,121.13,123.08,120.71
SPY,2011-10-20,121.66,122.1,119.82
SPY,2011-10-21,123.97,124.12,122.72
SPY,2011-10-24,125.49,125.8,124.06
SPY,2011-10-25,123.049,124.95,122.78
SPY,2011-10-26,124.3,124.77,122.21
SPY,2011-10-27,127.43,129.42,124.3187
SPY,2011-10-28,128.6,128.85,127.8
SPY,2011-10-31,125.5,128.6239,125.32
SPY,2011-11-01,122.002,123.51,121.52
SPY,2011-11-02,124.02,124.4,122.7905
SPY,2011-11-03,126.25,126.5,123.595
SPY,2011-11-04,125.481,125.7,124.01
SPY,2011-11-07,126.26,126.39,124.2
SPY,2011-11-08,127.88,128.02,125.71
SPY,2011-11-09,123.161,125.8,122.86
SPY,2011-11-10,124.32,124.94,123.02
SPY,2011-11-11,126.66,126.99,125.79
SPY,2011-11-14,125.46,127.45,124.92
SPY,2011-11-15,126.083,126.75,124.72
SPY,2011-11-16,124.08,126.34,123.9
SPY,2011-11-17,122.105,124.16,121.23
SPY,2011-11-18,121.979,122.75,121.47
SPY,2011-11-21,119.661,120.35,118.65
SPY,2011-11-22,119.19,120.1,118.52
SPY,2011-11-23,116.56,119.19,116.56
SPY,2011-11-25,116.34,117.7,116.2
SPY,2011-11-28,119.71,120.18,118.82
SPY,2011-11-29,120.05,121.0,119.61
SPY,2011-11-30,124.99,125.22,119.9971
SPY,2011-12-01,124.97,125.64,124.43
SPY,2011-12-02,124.86,126.5,124.78
SPY,2011-12-05,126.22,127.18,125.44
SPY,2011-12-06,126.26,127.11,125.76
SPY,2011-12-07,126.73,127.26,124.97
SPY,2011-12-08,123.95,126.18,123.65
SPY,2011-12-09,126.05,126.37,124.4
SPY,2011-12-12,124.21,124.97,123.16
SPY,2011-12-13,123.05,125.57,122.45
SPY,2011-12-14,121.74,123.03,121.47
SPY,2011-12-15,122.185,123.2,121.99
SPY,2011-12-16,121.59,122.95,121.3
SPY,2011-12-19,120.29,122.32,120.03
SPY,2011-12-20,123.93,124.14,120.3702
SPY,2011-12-21,124.17,124.36,122.75
SPY,2011-12-22,125.27,125.4,124.2324
SPY,2011-12-23,126.39,126.43,125.41
SPY,2011-12-27,126.49,126.82,126.06
SPY,2011-12-28,124.83,126.53,124.73
SPY,2011-12-29,126.12,126.25,124.8566
SPY,2011-12-30,125.5,126.33,125.5
SPY,2012-01-03,127.495,128.38,127.43
SPY,2012-01-04,127.7,127.81,126.71
SPY,2012-01-05,128.04,128.23,126.43
SPY,2012-01-06,127.71,128.22,127.29
SPY,2012-01-09,128.02,128.18,127.41
SPY,2012-01-10,129.13,129.65,128.95
SPY,2012-01-11,129.2,129.37,128.52
SPY,2012-01-12,129.51,129.7,128.54
SPY,2012-01-13,128.84,129.05,127.72
SPY,2012-01-17,129.34,130.32,128.8957
SPY,2012-01-18,130.77,130.84,129.08
SPY,2012-01-19,131.46,131.57,130.8
SPY,2012-01-20,131.54,131.95,130.92
SPY,2012-01-23,131.61,132.25,130.98
SPY,2012-01-24,131.46,131.5,130.6
SPY,2012-01-25,132.56,132.87,130.75
SPY,2012-01-26,131.88,133.4,131.36
SPY,2012-01-27,131.82,132.05,131.15
SPY,2012-01-30,131.37,131.44,130.06
SPY,2012-01-31,131.32,132.18,130.68
SPY,2012-02-01,132.47,133.14,132.13
SPY,2012-02-02,132.68,133.02,132.21
SPY,2012-02-03,134.54,134.62,133.77
SPY,2012-02-06,134.45,134.5134,133.83
SPY,2012-02-07,134.79,135.02,133.64
SPY,2012-02-08,135.19,135.22,134.31
SPY,2012-02-09,135.36,135.59,134.56
SPY,2012-02-10,134.361,134.47,133.84
SPY,2012-02-13,135.36,135.52,134.74
SPY,2012-02-14,135.19,135.27,134.25
SPY,2012-02-15,134.56,135.83,134.29
SPY,2012-02-16,136.049,136.17,134.33
SPY,2012-02-17,136.41,136.6275,135.96
SPY,2012-02-21,136.47,137.05,136.05
SPY,2012-02-22,136.032,136.55,135.79
SPY,2012-02-23,136.631,136.73,135.5
SPY,2012-02-24,136.93,137.2,136.63
SPY,2012-02-27,137.16,137.53,135.8
SPY,2012-02-28,137.559,137.72,136.93
SPY,2012-02-29,137.02,138.19,136.54
SPY,2012-03-01,137.73,137.99,136.9312
SPY,2012-03-02,137.312,137.82,137.0
SPY,2012-03-05,136.75,137.2,136.28
SPY,2012-03-06,134.75,135.43,134.36
SPY,2012-03-07,135.69,135.91,134.93
SPY,2012-03-08,137.04,137.32,136.24
SPY,2012-03-09,137.57,137.93,137.13
SPY,2012-03-12,137.58,137.76,137.09
SPY,2012-03-13,140.062,140.13,138.09
SPY,2012-03-14,139.91,140.445,139.48
SPY,2012-03-15,140.72,140.78,139.76
SPY,2012-03-16,140.3,140.48,140.0
SPY,2012-03-19,140.85,141.28,140.11
SPY,2012-03-20,140.44,140.61,139.64
SPY,2012-03-21,140.21,140.65,139.92
SPY,2012-03-22,139.2,139.55,138.74
SPY,2012-03-23,139.65,139.81,138.55
SPY,2012-03-26,141.61,141.61,140.6
SPY,2012-03-27,141.17,141.83,141.08
SPY,2012-03-28,140.47,141.32,139.64
SPY,2012-03-29,140.23,140.4934,139.09
SPY,2012-03-30,140.81,141.05,140.05
SPY,2012-04-02,141.84,142.21,140.36
SPY,2012-04-03,141.26,141.8826,140.43
SPY,2012-04-04,139.86,140.339,139.34
SPY,2012-04-05,139.79,140.2,139.26
SPY,2012-04-09,138.22,139.8444,137.84
SPY,2012-04-10,135.9,138.34,135.76
SPY,2012-04-11,137.0,137.54,136.75
SPY,2012-04-12,138.79,138.9,137.03
SPY,2012-04-13,137.14,138.8168,137.01
SPY,2012-04-16,137.05,138.04,136.58
SPY,2012-04-17,139.082,139.36,137.698
SPY,2012-04-18,138.61,139.08,138.38
SPY,2012-04-19,137.72,139.15,137.07
SPY,2012-04-20,137.95,138.83,137.87
SPY,2012-04-23,136.79,136.91,135.94
SPY,2012-04-24,137.31,137.66,136.8
SPY,2012-04-25,139.19,139.25,138.53
SPY,2012-04-26,140.16,140.32,138.81
SPY,2012-04-27,140.44,140.79,139.8
SPY,2012-04-30,139.87,140.21,139.49
SPY,2012-05-01,140.74,141.66,139.63
SPY,2012-05-02,140.325,140.46,139.46
SPY,2012-05-03,139.25,140.45,138.99
SPY,2012-05-04,137.0,139.3012,136.92
SPY,2012-05-07,137.1,137.56,136.46
SPY,2012-05-08,136.55,136.77,134.92
SPY,2012-05-09,135.74,136.61,134.49
SPY,2012-05-10,136.02,136.85,135.71
SPY,2012-05-11,135.61,136.87,135.11
SPY,2012-05-14,134.11,135.6144,133.91
SPY,2012-05-15,133.34,134.81,133.13
SPY,2012-05-16,132.829,134.55,132.8
SPY,2012-05-17,130.86,133.02,130.79
SPY,2012-05-18,129.74,131.6,129.55
SPY,2012-05-21,131.97,132.02,129.95
SPY,2012-05-22,132.2,133.23,131.34
SPY,2012-05-23,132.27,132.46,129.99
SPY,2012-05-24,132.53,132.84,131.42
SPY,2012-05-25,132.1,132.85,131.78
SPY,2012-05-29,133.7,133.93,131.17
SPY,2012-05-30,131.76,133.6924,131.49
SPY,2012-05-31,131.47,132.45,130.34
SPY,2012-06-01,128.16,131.5042,128.16
SPY,2012-06-04,128.1,128.74,127.135
SPY,2012-06-05,129.07,129.26,127.78
SPY,2012-06-06,131.97,132.03,129.93
SPY,2012-06-07,132.05,133.53,131.78
SPY,2012-06-08,133.1,133.125,131.29
SPY,2012-06-11,131.415,134.25,131.28
SPY,2012-06-12,132.92,133.01,131.16
SPY,2012-06-13,132.07,133.36,131.62
SPY,2012-06-14,133.47,134.0,131.98
SPY,2012-06-15,134.14,134.26,133.1
SPY,2012-06-18,134.4,134.73,133.28
SPY,2012-06-19,135.7,136.25,134.3714
SPY,2012-06-20,135.48,136.1,134.27
SPY,2012-06-21,132.44,135.78,132.33
SPY,2012-06-22,133.46,133.71,132.62
SPY,2012-06-25,131.32,132.1,130.85
SPY,2012-06-26,131.98,132.38,130.93
SPY,2012-06-27,133.173,133.43,131.9667
SPY,2012-06-28,132.79,132.99,131.28
SPY,2012-06-29,136.105,136.27,134.85
SPY,2012-07-02,136.51,136.65,135.52
SPY,2012-07-03,137.412,137.51,136.34
SPY,2012-07-05,136.79,137.8,136.29
SPY,2012-07-06,135.49,135.77,134.85
SPY,2012-07-09,135.32,135.57,134.7
SPY,2012-07-10,134.14,136.23,133.68
SPY,2012-07-11,134.16,134.6,133.38
SPY,2012-07-12,133.51,134.2269,132.6
SPY,2012-07-13,135.71,135.89,133.84
SPY,2012-07-16,135.43,135.83,134.9
SPY,2012-07-17,136.36,136.64,134.55
SPY,2012-07-18,137.37,137.64,135.96
SPY,2012-07-19,137.73,138.18,137.21
SPY,2012-07-20,136.47,137.16,136.32
SPY,2012-07-23,135.09,136.3852,133.84
SPY,2012-07-24,133.925,135.25,133.03
SPY,2012-07-25,133.96,134.56,133.25
SPY,2012-07-26,136.17,136.46,135.26
SPY,2012-07-27,138.675,139.07,136.1364
SPY,2012-07-30,138.68,139.339,138.27
SPY,2012-07-31,137.71,138.87,137.71
SPY,2012-08-01,137.59,138.73,137.4
SPY,2012-08-02,136.64,137.57,135.58
SPY,2012-08-03,139.349,139.64,136.6794
SPY,2012-08-06,139.62,140.17,139.56
SPY,2012-08-07,140.32,140.92,140.03
SPY,2012-08-08,140.49,140.65,139.81
SPY,2012-08-09,140.61,140.89,140.15
SPY,2012-08-10,140.84,140.89,139.81
SPY,2012-08-13,140.77,140.84,140.04
SPY,2012-08-14,140.79,141.38,140.37
SPY,2012-08-15,140.95,141.19,140.55
SPY,2012-08-16,141.99,142.16,140.8
SPY,2012-08-17,142.18,142.3,141.86
SPY,2012-08-20,142.19,142.22,141.59
SPY,2012-08-21,141.76,143.09,141.45
SPY,2012-08-22,141.82,142.05,141.07
SPY,2012-08-23,140.665,141.48,140.44
SPY,2012-08-24,141.51,141.83,140.22
SPY,2012-08-27,141.54,142.08,141.34
SPY,2012-08-28,141.4,141.84,140.97
SPY,2012-08-29,141.51,141.89,141.12
SPY,2012-08-30,140.49,140.94,140.19
SPY,2012-08-31,141.16,141.82,140.36
SPY,2012-09-04,141.03,141.46,140.13
SPY,2012-09-05,140.91,141.47,140.63
SPY,2012-09-06,143.77,143.78,141.75
SPY,2012-09-07,144.33,144.39,143.88
SPY,2012-09-10,143.51,144.44,143.46
SPY,2012-09-11,143.91,144.37,143.56
SPY,2012-09-12,144.39,144.55,143.9
SPY,2012-09-13,146.59,147.04,143.99
SPY,2012-09-14,147.24,148.11,146.76
SPY,2012-09-17,146.74,147.19,146.37
SPY,2012-09-18,146.62,146.81,146.25
SPY,2012-09-19,146.7,147.17,146.41
SPY,2012-09-20,146.71,146.79,145.63
SPY,2012-09-21,145.87,146.67,145.81
SPY,2012-09-24,145.645,145.98,145.04
SPY,2012-09-25,144.1,146.24,144.06
SPY,2012-09-26,143.295,144.11,142.95
SPY,2012-09-27,144.64,144.97,143.51
SPY,2012-09-28,143.97,144.56,143.46
SPY,2012-10-01,144.345,145.69,144.0082
SPY,2012-10-02,144.5,145.15,143.83
SPY,2012-10-03,145.09,145.43,144.13
SPY,2012-10-04,146.125,146.34,145.44
SPY,2012-10-05,146.14,147.16,145.7
SPY,2012-10-08,145.642,146.1231,145.31
SPY,2012-10-09,144.2,145.65,144.15
SPY,2012-10-10,143.28,144.32,143.09
SPY,2012-10-11,143.36,144.49,143.327
SPY,2012-10-12,142.89,143.95,142.58
SPY,2012-10-15,144.08,144.23,142.77
SPY,2012-10-16,145.54,145.64,144.66
SPY,2012-10-17,146.2,146.32,145.42
SPY,2012-10-18,145.82,146.52,145.33
SPY,2012-10-19,143.3896,145.56,143.05
SPY,2012-10-22,143.41,143.67,142.28
SPY,2012-10-23,141.42,142.06,140.83
SPY,2012-10-24,141.02,142.1,140.8
SPY,2012-10-25,141.43,142.28,140.57
SPY,2012-10-26,141.35,141.84,140.39
SPY,2012-10-31,141.35,142.03,140.68
SPY,2012-11-01,142.83,143.01,141.52
SPY,2012-11-02,141.56,143.72,141.41
SPY,2012-11-05,141.8486,142.17,140.93
SPY,2012-11-06,142.96,143.52,142.13
SPY,2012-11-07,139.72,141.68,139.06
SPY,2012-11-08,138.04,140.41,137.93
SPY,2012-11-09,138.16,139.44,137.55
SPY,2012-11-12,138.265,138.81,137.96
SPY,2012-11-13,137.79,139.25,137.36
SPY,2012-11-14,135.9299,138.43,135.62
SPY,2012-11-15,135.7,136.4901,135.18
SPY,2012-11-16,136.37,136.64,134.7
SPY,2012-11-19,139.13,139.15,136.4057
SPY,2012-11-20,139.19,139.42,138.08
SPY,2012-11-21,139.45,139.57,139.03
SPY,2012-11-23,141.35,141.4,140.04
SPY,2012-11-26,141.05,141.3563,140.19
SPY,2012-11-27,140.33,141.39,140.24
SPY,2012-11-28,141.46,141.54,139.0
SPY,2012-11-29,142.12,142.51,141.37
SPY,2012-11-30,142.155,142.42,141.66
SPY,2012-12-03,141.45,142.92,141.34
SPY,2012-12-04,141.25,141.87,140.87
SPY,2012-12-05,141.5,142.16,140.37
SPY,2012-12-06,141.98,142.04,141.16
SPY,2012-12-07,142.415,142.69,141.67
SPY,2012-12-10,142.473,142.81,142.15
SPY,2012-12-11,143.44,144.11,142.99
SPY,2012-12-12,143.51,144.55,143.31
SPY,2012-12-13,142.63,143.83,142.275
SPY,2012-12-14,142.1051,142.58,141.88
SPY,2012-12-17,143.77,143.85,142.43
SPY,2012-12-18,145.37,145.5,143.79
SPY,2012-12-19,144.29,145.58,144.24
SPY,2012-12-20,145.12,145.14,143.98
SPY,2012-12-21,142.79,144.0881,141.94
SPY,2012-12-24,142.35,142.56,142.19
SPY,2012-12-26,141.75,142.71,141.35
SPY,2012-12-27,141.5616,142.08,139.92
SPY,2012-12-28,140.03,141.42,139.87
SPY,2012-12-31,142.41,142.56,139.54
SPY,2013-01-02,146.06,146.15,144.73
SPY,2013-01-03,145.7341,146.37,145.34
SPY,2013-01-04,146.37,146.61,145.67
SPY,2013-01-07,145.9695,146.4442,145.43
SPY,2013-01-08,145.5496,145.91,144.98
SPY,2013-01-09,145.92,146.32,145.64
SPY,2013-01-10,147.08,147.09,145.97
SPY,2013-01-11,147.07,147.15,146.61
SPY,2013-01-14,146.97,147.07,146.43
SPY,2013-01-15,147.07,147.21,146.2
SPY,2013-01-16,147.05,147.28,146.61
SPY,2013-01-17,148.0,148.42,147.1446
SPY,2013-01-18,148.33,148.49,147.43
SPY,2013-01-22,149.13,149.13,147.98
SPY,2013-01-23,149.37,149.5,148.86
SPY,2013-01-24,149.41,150.14,149.01
SPY,2013-01-25,150.25,150.25,149.3726
SPY,2013-01-28,150.07,150.33,149.51
SPY,2013-01-29,150.66,150.85,149.67
SPY,2013-01-30,150.07,150.94,149.93
SPY,2013-01-31,149.7,150.38,149.6
SPY,2013-02-01,151.24,151.42,150.39
SPY,2013-02-04,149.535,151.2679,149.43
SPY,2013-02-05,151.05,151.48,150.29
SPY,2013-02-06,151.16,151.26,150.41
SPY,2013-02-07,150.96,151.35,149.86
SPY,2013-02-08,151.8,151.89,151.22
SPY,2013-02-11,151.77,151.9,151.3938
SPY,2013-02-12,152.02,152.3,151.61
SPY,2013-02-13,152.151,152.61,151.72
SPY,2013-02-14,152.29,152.47,151.52
SPY,2013-02-15,152.11,152.59,151.55
SPY,2013-02-19,153.25,153.28,152.1629
SPY,2013-02-20,151.34,153.19,151.26
SPY,2013-02-21,150.42,151.4218,149.94
SPY,2013-02-22,151.89,151.89,150.4913
SPY,2013-02-25,149.0,152.86,149.0
SPY,2013-02-26,150.02,150.2,148.73
SPY,2013-02-27,151.91,152.33,149.76
SPY,2013-02-28,151.61,152.87,151.41
SPY,2013-03-01,152.11,152.34,150.41
SPY,2013-03-04,152.92,152.92,151.52
SPY,2013-03-05,154.29,154.7,153.64
SPY,2013-03-06,154.5,154.92,154.16
SPY,2013-03-07,154.776,154.98,154.52
SPY,2013-03-08,155.44,155.65,154.66
SPY,2013-03-11,156.03,156.04,155.13
SPY,2013-03-12,155.68,156.1,155.21
SPY,2013-03-13,155.905,156.12,155.23
SPY,2013-03-14,156.73,156.8,155.9078
SPY,2013-03-15,155.83,156.04,155.31
SPY,2013-03-18,154.97,155.64,154.2
SPY,2013-03-19,154.61,155.51,153.59
SPY,2013-03-20,155.69,155.95,155.26
SPY,2013-03-21,154.359,155.6389,154.1
SPY,2013-03-22,155.6,155.6,154.73
SPY,2013-03-25,154.95,156.27,154.35
SPY,2013-03-26,156.19,156.23,155.42
SPY,2013-03-27,156.19,156.245,155.0
SPY,2013-03-28,156.67,156.85,155.75
SPY,2013-04-01,156.05,156.91,155.67
SPY,2013-04-02,156.82,157.21,156.37
SPY,2013-04-03,155.23,157.03,154.82
SPY,2013-04-04,155.86,156.17,155.09
SPY,2013-04-05,155.158,155.35,153.77
SPY,2013-04-08,156.21,156.22,154.75
SPY,2013-04-09,156.75,157.32,155.98
SPY,2013-04-10,158.67,158.87,157.13
SPY,2013-04-11,159.19,159.71,158.54
SPY,2013-04-12,158.8,159.04,157.92
SPY,2013-04-15,155.118,158.13,155.1
SPY,2013-04-16,157.41,157.49,155.91
SPY,2013-04-17,155.11,156.32,154.28
SPY,2013-04-18,154.14,155.41,153.55
SPY,2013-04-19,155.48,155.55,154.12
SPY,2013-04-22,156.17,156.54,154.75
SPY,2013-04-23,157.78,157.93,156.17
SPY,2013-04-24,157.88,158.3,157.54
SPY,2013-04-25,158.52,159.27,158.1
SPY,2013-04-26,158.24,158.6,157.73
SPY,2013-04-29,159.3,159.65,158.42
SPY,2013-04-30,159.68,159.72,158.61
SPY,2013-05-01,158.28,159.41,158.1
SPY,2013-05-02,159.75,159.89,158.53
SPY,2013-05-03,161.368,161.88,159.782
SPY,2013-05-06,161.78,162.01,161.42
SPY,2013-05-07,162.5999,162.65,161.67
SPY,2013-05-08,163.34,163.39,162.33
SPY,2013-05-09,162.881,163.7,162.47
SPY,2013-05-10,163.41,163.5498,162.51
SPY,2013-05-13,163.54,163.81,162.82
SPY,2013-05-14,165.23,165.35,163.67
SPY,2013-05-15,166.115,166.45,164.91
SPY,2013-05-16,165.34,166.36,165.09
SPY,2013-05-17,166.94,167.04,165.73
SPY,2013-05-20,166.93,167.58,166.61
SPY,2013-05-21,167.17,167.8,166.5
SPY,2013-05-22,165.93,169.07,165.17
SPY,2013-05-23,165.45,165.91,163.94
SPY,2013-05-24,165.308,165.3805,163.98
SPY,2013-05-28,166.3,167.78,165.81
SPY,2013-05-29,165.22,165.8,164.34
SPY,2013-05-30,165.83,166.59,165.22
SPY,2013-05-31,163.445,166.31,163.13
SPY,2013-06-03,164.35,164.46,162.6599
SPY,2013-06-04,163.56,165.1,162.73
SPY,2013-06-05,161.272,163.42,161.13
SPY,2013-06-06,162.73,162.74,160.25
SPY,2013-06-07,164.8,164.95,163.14
SPY,2013-06-10,164.8,165.4,164.37
SPY,2013-06-11,163.098,164.54,162.739
SPY,2013-06-12,161.75,164.39,161.6
SPY,2013-06-13,164.21,164.5,161.3
SPY,2013-06-14,163.175,164.67,162.91
SPY,2013-06-17,164.44,165.22,163.2192
SPY,2013-06-18,165.735,165.99,164.52
SPY,2013-06-19,163.45,165.89,163.38
SPY,2013-06-20,159.4,163.4668,158.98
SPY,2013-06-21,159.07,159.76,157.47
SPY,2013-06-24,157.06,158.43,155.73
SPY,2013-06-25,158.575,160.1,157.42
SPY,2013-06-26,160.14,160.5,159.25
SPY,2013-06-27,161.08,161.82,160.95
SPY,2013-06-28,160.42,161.4,159.86
SPY,2013-07-01,161.36,162.48,161.08
SPY,2013-07-02,161.21,162.3,160.5
SPY,2013-07-03,161.28,161.77,160.22
SPY,2013-07-05,163.02,163.08,161.3
SPY,2013-07-08,163.945,164.39,163.0838
SPY,2013-07-09,165.13,165.33,164.27
SPY,2013-07-10,165.192,165.75,164.63
SPY,2013-07-11,167.44,167.61,165.1774
SPY,2013-07-12,167.51,167.9332,167.13
SPY,2013-07-15,168.155,168.39,167.68
SPY,2013-07-16,167.525,168.36,167.07
SPY,2013-07-17,167.9501,168.48,167.73
SPY,2013-07-18,168.87,169.27,168.2
SPY,2013-07-19,169.17,169.23,168.31
SPY,2013-07-22,169.5,169.74,169.01
SPY,2013-07-23,169.14,169.83,169.05
SPY,2013-07-24,168.52,169.86,168.18
SPY,2013-07-25,168.93,169.08,167.94
SPY,2013-07-26,169.11,169.16,167.52
SPY,2013-07-29,168.59,169.06,168.11
SPY,2013-07-30,168.588,169.28,168.19
SPY,2013-07-31,168.71,169.85,168.49
SPY,2013-08-01,170.66,170.81,169.9
SPY,2013-08-02,170.95,170.9725,170.05
SPY,2013-08-05,170.7,170.96,170.35
SPY,2013-08-06,169.73,170.7402,169.35
SPY,2013-08-07,169.18,169.43,168.55
SPY,2013-08-08,169.8,170.18,168.93
SPY,2013-08-09,169.31,170.1,168.72
SPY,2013-08-12,169.111,169.31,168.38
SPY,2013-08-13,169.61,169.9,168.41
SPY,2013-08-14,168.74,169.8,168.7
SPY,2013-08-15,166.38,167.43,166.09
SPY,2013-08-16,165.83,166.63,165.5
SPY,2013-08-19,164.77,166.21,164.76
SPY,2013-08-20,165.58,166.2,164.86
SPY,2013-08-21,164.56,166.03,164.19
SPY,2013-08-22,166.06,166.3,164.89
SPY,2013-08-23,166.62,166.83,165.77
SPY,2013-08-26,166.0,167.3,165.89
SPY,2013-08-27,163.33,166.0024,163.21
SPY,2013-08-28,163.91,164.49,163.05
SPY,2013-08-29,164.17,165.04,163.4
SPY,2013-08-30,163.65,164.53,163.17
SPY,2013-09-03,164.39,165.58,163.7
SPY,2013-09-04,165.75,166.03,164.135
SPY,2013-09-05,165.96,166.4,165.73
SPY,2013-09-06,166.04,166.98,164.48
SPY,2013-09-09,167.634,167.73,166.45
SPY,2013-09-10,168.87,168.9,168.26
SPY,2013-09-11,169.4,169.4,168.35
SPY,2013-09-12,168.95,169.56,168.72
SPY,2013-09-13,169.33,169.46,168.74
SPY,2013-09-16,170.31,171.24,170.04
SPY,2013-09-17,171.07,171.11,170.46
SPY,2013-09-18,173.051,173.52,170.58
SPY,2013-09-19,172.76,173.6,172.585
SPY,2013-09-20,170.72,172.33,170.58
SPY,2013-09-23,169.93,170.65,169.39
SPY,2013-09-24,169.53,170.53,169.21
SPY,2013-09-25,169.04,169.98,168.89
SPY,2013-09-26,169.69,170.17,169.05
SPY,2013-09-27,168.909,169.14,168.47
SPY,2013-09-30,168.01,168.54,167.15
SPY,2013-10-01,169.34,169.5,167.9671
SPY,2013-10-02,169.18,169.3422,167.83
SPY,2013-10-03,167.62,168.94,166.84
SPY,2013-10-04,168.89,169.06,167.53
SPY,2013-10-07,167.43,168.45,167.25
SPY,2013-10-08,165.48,167.62,165.36
SPY,2013-10-09,165.6,166.2,164.53
SPY,2013-10-10,169.17,169.26,167.23
SPY,2013-10-11,170.26,170.32,168.77
SPY,2013-10-14,170.94,171.08,169.08
SPY,2013-10-15,169.7,171.15,169.47
SPY,2013-10-16,172.07,172.16,170.635
SPY,2013-10-17,173.22,173.32,171.34
SPY,2013-10-18,174.388,174.51,173.51
SPY,2013-10-21,174.4,174.75,174.01
SPY,2013-10-22,175.41,175.93,174.4262
SPY,2013-10-23,174.57,174.89,173.96
SPY,2013-10-24,175.15,175.37,174.51
SPY,2013-10-25,175.95,176.0,175.17
SPY,2013-10-28,176.23,176.47,175.7
SPY,2013-10-29,177.17,177.24,176.38
SPY,2013-10-30,176.29,177.51,175.66
SPY,2013-10-31,175.79,176.89,175.53
SPY,2013-11-01,176.21,176.61,175.22
SPY,2013-11-04,176.83,176.9,175.9825
SPY,2013-11-05,176.27,176.75,175.57
SPY,2013-11-06,177.17,177.5,176.54
SPY,2013-11-07,174.93,177.64,174.76
SPY,2013-11-08,177.29,177.31,174.85
SPY,2013-11-11,177.32,177.53,176.91
SPY,2013-11-12,176.96,177.36,176.37
SPY,2013-11-13,178.38,178.4261,176.09
SPY,2013-11-14,179.27,179.42,178.25
SPY,2013-11-15,180.05,180.12,179.33
SPY,2013-11-18,179.42,180.5,179.02
SPY,2013-11-19,179.03,179.87,178.72
SPY,2013-11-20,178.47,179.93,177.98
SPY,2013-11-21,179.91,180.05,178.86
SPY,2013-11-22,180.81,180.83,179.77
SPY,2013-11-25,180.63,181.17,180.37
SPY,2013-11-26,180.68,181.22,180.405
SPY,2013-11-27,181.12,181.24,180.65
SPY,2013-11-29,181.0,181.75,180.8
SPY,2013-12-02,180.53,181.43,180.25
SPY,2013-12-03,179.75,180.39,179.17
SPY,2013-12-04,179.73,180.48,178.35
SPY,2013-12-05,178.94,179.74,178.7701
SPY,2013-12-06,180.94,181.11,180.15
SPY,2013-12-09,181.4,181.67,181.16
SPY,2013-12-10,180.75,181.36,180.635
SPY,2013-12-11,178.72,180.85,178.5
SPY,2013-12-12,178.13,178.86,177.76
SPY,2013-12-13,178.11,178.66,177.77
SPY,2013-12-16,179.216,179.81,178.9
SPY,2013-12-17,178.65,179.41,178.25
SPY,2013-12-18,181.7,181.73,177.32
SPY,2013-12-19,181.49,181.7,180.71
SPY,2013-12-20,181.56,181.99,180.5683
SPY,2013-12-23,182.53,182.64,182.065
SPY,2013-12-24,182.93,183.01,182.53
SPY,2013-12-26,183.855,183.96,183.32
SPY,2013-12-27,183.845,184.18,183.66
SPY,2013-12-30,183.82,184.02,183.58
SPY,2013-12-31,184.69,184.69,183.93
SPY,2014-01-02,182.92,184.07,182.48
SPY,2014-01-03,182.885,183.6,182.63
SPY,2014-01-06,182.36,183.56,182.08
SPY,2014-01-07,183.48,183.79,182.95
SPY,2014-01-08,183.52,183.83,182.89
SPY,2014-01-09,183.64,184.13,182.795
SPY,2014-01-10,184.14,184.22,183.01
SPY,2014-01-13,181.685,184.18,181.34
SPY,2014-01-14,183.67,183.77,181.95
SPY,2014-01-15,184.66,184.94,183.7102
SPY,2014-01-16,184.42,184.6618,183.83
SPY,2014-01-17,183.635,184.45,183.32
SPY,2014-01-21,184.18,184.77,183.05
SPY,2014-01-22,184.3,184.57,183.91
SPY,2014-01-23,182.79,183.4,181.82
SPY,2014-01-24,178.89,181.66,178.83
SPY,2014-01-27,178.01,179.52,177.12
SPY,2014-01-28,179.07,179.3,178.12
SPY,2014-01-29,177.35,178.55,176.88
SPY,2014-01-30,179.23,179.81,178.26
SPY,2014-01-31,178.18,179.29,176.92
SPY,2014-02-03,174.17,178.37,173.83
SPY,2014-02-04,175.385,175.84,174.1055
SPY,2014-02-05,175.17,175.56,173.71
SPY,2014-02-06,177.48,177.48,175.2209
SPY,2014-02-07,179.68,179.87,177.73
SPY,2014-02-10,180.01,180.07,179.21
SPY,2014-02-11,181.98,182.439,180.0389
SPY,2014-02-12,182.07,182.83,181.705
SPY,2014-02-13,183.01,183.2,180.83
SPY,2014-02-14,184.02,184.36,182.67
SPY,2014-02-18,184.24,184.49,183.65
SPY,2014-02-19,183.02,184.95,182.87
SPY,2014-02-20,184.1,184.52,182.6
SPY,2014-02-21,183.89,184.89,183.8
SPY,2014-02-24,184.91,186.15,184.2
SPY,2014-02-25,184.84,185.59,184.23
SPY,2014-02-26,184.85,185.6,184.33
SPY,2014-02-27,185.82,185.87,184.37
SPY,2014-02-28,186.29,187.15,185.05
SPY,2014-03-03,184.98,185.45,183.75
SPY,2014-03-04,187.58,187.98,186.75
SPY,2014-03-05,187.75,188.07,187.45
SPY,2014-03-06,188.18,188.61,187.7796
SPY,2014-03-07,188.26,188.96,187.43
SPY,2014-03-10,188.16,188.23,187.08
SPY,2014-03-11,187.23,188.71,186.8
SPY,2014-03-12,187.28,187.35,185.9
SPY,2014-03-13,185.18,187.99,184.66
SPY,2014-03-14,184.66,185.8,184.44
SPY,2014-03-17,186.33,186.77,185.51
SPY,2014-03-18,187.66,187.91,186.51
SPY,2014-03-19,186.66,187.94,185.47
SPY,2014-03-20,187.747,187.89,185.92
SPY,2014-03-21,186.2,189.0239,186.03
SPY,2014-03-24,185.43,187.07,184.62
SPY,2014-03-25,186.31,186.94,185.27
SPY,2014-03-26,184.97,187.34,184.92
SPY,2014-03-27,184.58,185.34,183.9
SPY,2014-03-28,185.49,186.42,185.0
SPY,2014-03-31,187.01,187.3,185.5216
SPY,2014-04-01,188.25,188.36,187.0015
SPY,2014-04-02,188.88,189.13,188.14
SPY,2014-04-03,188.63,189.22,188.05
SPY,2014-04-04,186.4,189.7,186.1
SPY,2014-04-07,184.34,186.26,183.96
SPY,2014-04-08,185.1,185.4,183.59
SPY,2014-04-09,187.09,187.15,185.06
SPY,2014-04-10,183.155,187.17,182.93
SPY,2014-04-11,181.51,183.42,181.31
SPY,2014-04-14,182.9401,183.37,181.44
SPY,2014-04-15,184.2,184.33,181.51
SPY,2014-04-16,186.125,186.14,184.65
SPY,2014-04-17,186.39,186.91,185.56
SPY,2014-04-21,187.04,187.1,186.21
SPY,2014-04-22,187.89,188.4,187.13
SPY,2014-04-23,187.45,187.92,187.3
SPY,2014-04-24,187.83,188.39,186.93
SPY,2014-04-25,186.29,187.33,185.87
SPY,2014-04-28,186.875,187.69,184.96
SPY,2014-04-29,187.75,188.04,187.08
SPY,2014-04-30,188.31,188.5,187.18
SPY,2014-05-01,188.325,188.84,187.73
SPY,2014-05-02,188.06,189.14,187.78
SPY,2014-05-05,188.42,188.55,186.62
SPY,2014-05-06,186.78,188.13,186.74
SPY,2014-05-07,187.88,187.97,186.01
SPY,2014-05-08,187.675,189.05,187.08
SPY,2014-05-09,187.96,188.04,186.83
SPY,2014-05-12,189.785,189.88,187.9992
SPY,2014-05-13,189.96,190.42,189.77
SPY,2014-05-14,189.06,189.88,188.79
SPY,2014-05-15,187.4,188.72,186.48
SPY,2014-05-16,188.05,188.13,186.72
SPY,2014-05-19,188.74,188.89,187.52
SPY,2014-05-20,187.55,188.67,187.07
SPY,2014-05-21,189.13,189.22,188.06
SPY,2014-05-22,189.59,189.98,188.86
SPY,2014-05-23,190.35,190.48,189.5858
SPY,2014-05-27,191.52,191.58,190.95
SPY,2014-05-28,191.38,191.82,191.06
SPY,2014-05-29,192.37,192.4,191.33
SPY,2014-05-30,192.68,192.8,192.03
SPY,2014-06-02,192.895,192.99,191.97
SPY,2014-06-03,192.8,192.9,192.25
SPY,2014-06-04,193.19,193.3,192.265
SPY,2014-06-05,194.45,194.65,192.7
SPY,2014-06-06,195.375,195.43,194.78
SPY,2014-06-09,195.58,196.05,195.17
SPY,2014-06-10,195.6,195.64,194.92
SPY,2014-06-11,194.92,195.12,194.48
SPY,2014-06-12,193.54,194.8,193.11
SPY,2014-06-13,194.13,194.32,193.3
SPY,2014-06-16,194.29,194.7,193.66
SPY,2014-06-17,194.83,194.97,193.81
SPY,2014-06-18,196.255,196.37,194.4
SPY,2014-06-19,196.48,196.6,195.8
SPY,2014-06-20,195.94,196.1039,195.7
SPY,2014-06-23,195.88,196.05,195.52
SPY,2014-06-24,194.7,196.5,194.48
SPY,2014-06-25,195.58,195.781,194.25
SPY,2014-06-26,195.44,195.63,194.13
SPY,2014-06-27,195.82,195.88,194.885
SPY,2014-06-30,195.72,196.165,195.53
SPY,2014-07-01,197.03,197.63,196.13
SPY,2014-07-02,197.23,197.48,196.96
SPY,2014-07-03,198.2,198.29,197.64
SPY,2014-07-07,197.51,197.98,197.22
SPY,2014-07-08,196.24,197.22,195.76
SPY,2014-07-09,197.12,197.295,196.31
SPY,2014-07-10,196.34,196.86,195.06
SPY,2014-07-11,196.61,196.75,195.78
SPY,2014-07-14,197.6,197.86,197.44
SPY,2014-07-15,197.23,198.1,196.36
SPY,2014-07-16,197.96,198.26,197.42
SPY,2014-07-17,195.71,198.1,195.43
SPY,2014-07-18,197.7099,197.91,196.24
SPY,2014-07-21,197.34,197.5,196.43
SPY,2014-07-22,198.2,198.56,197.87
SPY,2014-07-23,198.64,198.85,198.1
SPY,2014-07-24,198.65,199.06,198.45
SPY,2014-07-25,197.72,198.26,197.33
SPY,2014-07-28,197.8,198.09,196.62
SPY,2014-07-29,196.95,198.45,196.92
SPY,2014-07-30,196.98,197.91,196.16
SPY,2014-07-31,193.09,195.78,192.97
SPY,2014-08-01,192.5,193.76,191.57
SPY,2014-08-04,193.89,194.3,192.05
SPY,2014-08-05,192.01,193.6,191.31
SPY,2014-08-06,192.07,192.89,191.08
SPY,2014-08-07,191.03,193.13,190.55
SPY,2014-08-08,193.24,193.37,190.95
SPY,2014-08-11,193.795,194.66,193.71
SPY,2014-08-12,193.53,194.15,192.94
SPY,2014-08-13,194.84,195.06,193.96
SPY,2014-08-14,195.76,195.76,194.98
SPY,2014-08-15,195.72,196.65,194.31
SPY,2014-08-18,197.36,197.45,196.69
SPY,2014-08-19,198.39,198.54,197.4426
SPY,2014-08-20,198.92,199.16,198.08
SPY,2014-08-21,199.5,199.76,198.93
SPY,2014-08-22,199.19,199.69,198.74
SPY,2014-08-25,200.2,200.5949,199.1502
SPY,2014-08-26,200.33,200.82,200.28
SPY,2014-08-27,200.25,200.57,199.94
SPY,2014-08-28,200.14,200.27,199.39
SPY,2014-08-29,200.71,200.73,199.82
SPY,2014-09-02,200.61,200.995,199.86
SPY,2014-09-03,200.5,201.41,200.22
SPY,2014-09-04,200.2101,201.58,199.66
SPY,2014-09-05,201.11,201.19,199.41
SPY,2014-09-08,200.59,201.21,200.0
SPY,2014-09-09,199.32,200.55,198.91
SPY,2014-09-10,200.07,200.2,198.77
SPY,2014-09-11,200.3,200.33,199.12
SPY,2014-09-12,199.13,200.12,198.56
SPY,2014-09-15,198.981,199.32,198.38
SPY,2014-09-16,200.48,200.84,198.5
SPY,2014-09-17,200.75,201.68,199.75
SPY,2014-09-18,201.82,201.85,201.1
SPY,2014-09-19,200.7,201.899,200.29
SPY,2014-09-22,199.15,200.38,198.73
SPY,2014-09-23,198.01,199.26,197.95
SPY,2014-09-24,199.56,199.69,197.52
SPY,2014-09-25,196.34,199.05,196.27
SPY,2014-09-26,197.9,198.39,196.42
SPY,2014-09-29,197.54,197.89,196.05
SPY,2014-09-30,197.02,198.3,196.61
SPY,2014-10-01,194.35,196.77,193.91
SPY,2014-10-02,194.38,195.055,192.35
SPY,2014-10-03,196.52,196.94,195.08
SPY,2014-10-06,196.29,197.6,195.582
SPY,2014-10-07,193.26,195.72,193.22
SPY,2014-10-08,196.64,196.92,192.36
SPY,2014-10-09,192.74,196.6,192.58
SPY,2014-10-10,190.54,193.65,190.49
SPY,2014-10-13,187.4099,191.15,187.3
SPY,2014-10-14,187.7,189.82,187.04
SPY,2014-10-15,186.43,187.694,181.92
SPY,2014-10-16,186.27,187.58,182.89
SPY,2014-10-17,188.47,189.75,187.62
SPY,2014-10-20,190.3,190.45,188.07
SPY,2014-10-21,194.07,194.2,191.48
SPY,2014-10-22,192.69,194.91,192.61
SPY,2014-10-23,194.93,196.2,194.26
SPY,2014-10-24,196.43,196.49,194.49
SPY,2014-10-27,196.16,196.45,195.03
SPY,2014-10-28,198.41,198.42,196.73
SPY,2014-10-29,198.11,199.12,196.8
SPY,2014-10-30,199.38,199.95,197.4
SPY,2014-10-31,201.66,201.82,200.77
SPY,2014-11-03,201.77,202.45,201.305
SPY,2014-11-04,201.07,201.6,200.06
SPY,2014-11-05,202.34,202.59,201.45
SPY,2014-11-06,203.15,203.26,201.64
SPY,2014-11-07,203.34,203.5999,202.61
SPY,2014-11-10,203.98,204.04,203.13
SPY,2014-11-11,204.175,204.31,203.65
SPY,2014-11-12,203.96,204.24,203.31
SPY,2014-11-13,204.19,204.83,203.21
SPY,2014-11-14,204.24,204.49,203.72
SPY,2014-11-17,204.37,204.58,203.65
SPY,2014-11-18,205.55,205.92,204.44
SPY,2014-11-19,205.22,205.55,204.3
SPY,2014-11-20,205.58,205.71,204.18
SPY,2014-11-21,206.68,207.8445,205.98
SPY,2014-11-24,207.26,207.39,206.91
SPY,2014-11-25,207.11,207.79,206.8
SPY,2014-11-26,207.64,207.76,207.03
SPY,2014-11-28,207.2,207.87,206.91
SPY,2014-12-01,205.76,206.54,205.38
SPY,2014-12-02,207.085,207.34,205.782
SPY,2014-12-03,207.89,208.15,207.1
SPY,2014-12-04,207.66,208.265,206.7
SPY,2014-12-05,208.0,208.47,207.55
SPY,2014-12-08,206.61,208.12,205.93
SPY,2014-12-09,206.47,206.6,203.91
SPY,2014-12-10,203.1601,205.98,202.93
SPY,2014-12-11,204.19,206.19,203.71
SPY,2014-12-12,200.89,203.819,200.85
SPY,2014-12-15,199.51,202.53,198.78
SPY,2014-12-16,197.91,202.395,197.86
SPY,2014-12-17,201.79,202.34,198.29
SPY,2014-12-18,206.78,212.97,203.92
SPY,2014-12-19,206.52,207.33,205.6109
SPY,2014-12-22,207.47,207.47,206.46
SPY,2014-12-23,207.75,208.23,207.3991
SPY,2014-12-24,207.77,208.34,207.72
SPY,2014-12-26,208.44,208.85,208.25
SPY,2014-12-29,208.72,208.97,208.14
SPY,2014-12-30,207.6,208.37,207.51
SPY,2014-12-31,205.54,208.19,205.39
SPY,2015-01-02,205.43,206.88,204.18
SPY,2015-01-05,201.72,204.37,201.35
SPY,2015-01-06,199.82,202.72,198.855
SPY,2015-01-07,202.31,202.72,200.88
SPY,2015-01-08,205.9,206.16,203.99
SPY,2015-01-09,204.25,206.42,203.51
SPY,2015-01-12,202.65,204.6,201.92
SPY,2015-01-13,202.08,205.48,200.51
SPY,2015-01-14,200.86,201.1,198.57
SPY,2015-01-15,199.0199,202.01,198.88
SPY,2015-01-16,201.63,201.82,198.55
SPY,2015-01-20,202.055,202.72,200.17
SPY,2015-01-21,203.08,203.66,200.94
SPY,2015-01-22,206.1,206.26,202.33
SPY,2015-01-23,204.97,206.1,204.81
SPY,2015-01-26,205.45,205.56,203.85
SPY,2015-01-27,202.74,204.12,201.74
SPY,2015-01-28,200.14,204.29,199.91
SPY,2015-01-29,201.9902,202.3,198.68
SPY,2015-01-30,199.45,202.17,199.13
SPY,2015-02-02,201.92,202.03,197.86
SPY,2015-02-03,204.84,204.85,202.55
SPY,2015-02-04,204.06,205.38,203.51
SPY,2015-02-05,206.12,206.3,204.77
SPY,2015-02-06,205.55,207.24,204.92
SPY,2015-02-09,204.63,205.64,204.135
SPY,2015-02-10,206.81,207.12,204.6801
SPY,2015-02-11,206.93,207.45,205.83
SPY,2015-02-12,208.92,208.99,206.9727
SPY,2015-02-13,209.78,209.84,208.76
SPY,2015-02-17,210.11,210.32,209.1
SPY,2015-02-18,210.13,210.22,209.3401
SPY,2015-02-19,209.98,210.42,209.24
SPY,2015-02-20,211.239,211.33,208.73
SPY,2015-02-23,211.209,211.21,210.48
SPY,2015-02-24,211.81,212.05,210.76
SPY,2015-02-25,211.63,212.24,211.22
SPY,2015-02-26,211.38,211.71,210.65
SPY,2015-02-27,210.66,211.58,210.6
SPY,2015-03-02,211.99,212.06,210.72
SPY,2015-03-03,211.12,212.054,210.08
SPY,2015-03-04,210.2301,210.49,209.06
SPY,2015-03-05,210.46,210.8,209.85
SPY,2015-03-06,207.5,209.94,207.1
SPY,2015-03-09,208.36,208.79,207.5459
SPY,2015-03-10,204.98,206.81,204.93
SPY,2015-03-11,204.5,205.5,204.4
SPY,2015-03-12,207.1,207.175,205.2
SPY,2015-03-13,205.8272,207.9338,204.58
SPY,2015-03-16,208.58,208.69,205.8641
SPY,2015-03-17,207.96,208.42,206.98
SPY,2015-03-18,210.46,211.27,206.62
SPY,2015-03-19,209.5,210.4697,209.03
SPY,2015-03-20,210.41,211.02,209.4903
SPY,2015-03-23,210.0,211.11,210.0
SPY,2015-03-24,208.82,210.4,208.74
SPY,2015-03-25,205.76,209.35,205.71
SPY,2015-03-26,205.27,206.37,204.12
SPY,2015-03-27,205.74,205.95,204.9
SPY,2015-03-30,208.25,208.61,206.96
SPY,2015-03-31,206.43,208.1,206.36
SPY,2015-04-01,205.7,206.42,204.51
SPY,2015-04-02,206.435,206.98,205.4
SPY,2015-04-06,207.83,208.45,205.21
SPY,2015-04-07,207.28,208.76,207.24
SPY,2015-04-08,207.975,208.51,207.08
SPY,2015-04-09,208.9,209.18,207.19
SPY,2015-04-10,210.04,210.09,208.96
SPY,2015-04-13,209.09,210.63,209.03
SPY,2015-04-14,209.49,209.71,208.1
SPY,2015-04-15,210.43,211.04,209.95
SPY,2015-04-16,210.37,210.98,209.7928
SPY,2015-04-17,207.95,209.23,207.01
SPY,2015-04-20,209.85,210.25,208.96
SPY,2015-04-21,209.6,210.86,209.24
SPY,2015-04-22,210.63,210.85,208.9
SPY,2015-04-23,211.16,211.94,210.01
SPY,2015-04-24,211.6499,211.97,211.11
SPY,2015-04-27,210.77,212.48,210.54
SPY,2015-04-28,211.44,211.5,209.3301
SPY,2015-04-29,210.57,211.29,209.6
SPY,2015-04-30,208.46,210.35,207.62
SPY,2015-05-01,210.72,210.77,209.28
SPY,2015-05-04,211.32,212.02,211.1
SPY,2015-05-05,208.9,211.46,208.73
SPY,2015-05-06,208.04,209.93,206.76
SPY,2015-05-07,208.87,209.38,207.52
SPY,2015-05-08,211.62,211.86,210.78
SPY,2015-05-11,210.605,211.89,210.52
SPY,2015-05-12,209.98,210.63,208.62
SPY,2015-05-13,210.02,211.22,209.74
SPY,2015-05-14,212.21,212.32,210.91
SPY,2015-05-15,212.44,212.61,211.86
SPY,2015-05-18,213.1,213.4,212.16
SPY,2015-05-19,213.03,213.57,212.69
SPY,2015-05-20,212.88,213.78,212.504
SPY,2015-05-21,213.5,213.75,212.51
SPY,2015-05-22,212.99,213.54,212.91
SPY,2015-05-26,210.7,212.9089,210.2
SPY,2015-05-27,212.7,212.98,210.7612
SPY,2015-05-28,212.46,212.59,211.63
SPY,2015-05-29,211.14,212.43,210.82
SPY,2015-06-01,211.57,212.34,210.62
SPY,2015-06-02,211.36,212.19,210.27
SPY,2015-06-03,211.92,212.67,211.3301
SPY,2015-06-04,210.1292,211.859,209.75
SPY,2015-06-05,209.77,210.58,208.98
SPY,2015-06-08,208.48,209.82,208.39
SPY,2015-06-09,208.45,209.1,207.69
SPY,2015-06-10,210.95,211.41,209.2987
SPY,2015-06-11,211.63,212.09,211.2
SPY,2015-06-12,210.01,211.482,209.68
SPY,2015-06-15,209.11,209.45,207.79
SPY,2015-06-16,210.25,210.35,208.72
SPY,2015-06-17,210.59,211.32,209.36
SPY,2015-06-18,212.78,213.34,210.6315
SPY,2015-06-19,210.81,211.55,210.36
SPY,2015-06-22,211.89,212.59,211.64
SPY,2015-06-23,212.04,212.44,211.57
SPY,2015-06-24,210.5,212.17,210.47
SPY,2015-06-25,209.86,211.25,209.77
SPY,2015-06-26,209.82,210.58,209.16
SPY,2015-06-29,205.42,209.828,205.33
SPY,2015-06-30,205.85,207.32,205.28
SPY,2015-07-01,207.5,208.03,206.56
SPY,2015-07-02,207.31,208.27,206.81
SPY,2015-07-06,206.72,207.65,205.53
SPY,2015-07-07,208.02,208.17,204.11
SPY,2015-07-08,204.53,206.7645,204.25
SPY,2015-07-09,204.9,207.35,204.77
SPY,2015-07-10,207.48,207.98,204.9517
SPY,2015-07-13,209.77,209.9,208.94
SPY,2015-07-14,210.68,211.05,209.65
SPY,2015-07-15,210.61,211.28,210.04
SPY,2015-07-16,212.3,212.3,211.58
SPY,2015-07-17,212.48,212.55,211.8
SPY,2015-07-20,212.59,213.18,212.21
SPY,2015-07-21,211.75,212.74,211.39
SPY,2015-07-22,211.37,211.77,210.89
SPY,2015-07-23,210.18,211.65,209.75
SPY,2015-07-24,208.0,210.37,207.6
SPY,2015-07-27,206.79,207.55,206.26
SPY,2015-07-28,209.33,209.5,206.8
SPY,2015-07-29,210.77,211.04,209.31
SPY,2015-07-30,210.82,211.02,209.42
SPY,2015-07-31,210.5,211.45,210.16
SPY,2015-08-03,209.79,210.53,208.65
SPY,2015-08-04,209.38,210.2483,208.8
SPY,2015-08-05,210.07,211.31,209.73
SPY,2015-08-06,208.35,210.415,207.65
SPY,2015-08-07,207.95,208.34,206.87
SPY,2015-08-10,210.57,210.67,209.28
SPY,2015-08-11,208.67,209.47,207.76
SPY,2015-08-12,208.92,209.14,205.36
SPY,2015-08-13,208.66,209.55,208.01
SPY,2015-08-14,209.42,209.5087,208.26
SPY,2015-08-17,210.59,210.59,208.16
SPY,2015-08-18,209.98,210.68,209.699
SPY,2015-08-19,208.32,210.01,207.35
SPY,2015-08-20,203.97,208.2865,203.9
SPY,2015-08-21,197.63,203.9404,197.52
SPY,2015-08-24,189.55,197.4772,182.4
SPY,2015-08-25,187.27,195.45,186.92
SPY,2015-08-26,194.46,194.79,188.37
SPY,2015-08-27,199.27,199.42,195.21
SPY,2015-08-28,199.28,199.835,197.92
SPY,2015-08-31,197.67,199.125,197.01
SPY,2015-09-01,191.77,194.77,190.73
SPY,2015-09-02,195.41,195.46,192.42
SPY,2015-09-03,195.55,198.05,194.96
SPY,2015-09-04,192.59,193.86,191.61
SPY,2015-09-08,197.43,197.61,195.17
SPY,2015-09-09,194.79,199.47,194.35
SPY,2015-09-10,195.85,197.22,194.25
SPY,2015-09-11,196.74,196.82,194.53
SPY,2015-09-14,196.01,197.01,195.43
SPY,2015-09-15,198.46,198.99,195.9612
SPY,2015-09-16,200.18,200.41,198.41
SPY,2015-09-17,199.73,202.89,199.28
SPY,2015-09-18,195.45,198.6844,194.96
SPY,2015-09-21,196.46,197.68,195.21
SPY,2015-09-22,193.91,194.46,192.56
SPY,2015-09-23,193.6,194.67,192.91
SPY,2015-09-24,192.9,193.45,190.56
SPY,2015-09-25,192.85,195.0,191.81
SPY,2015-09-28,188.01,191.91,187.64
SPY,2015-09-29,188.12,189.74,186.93
SPY,2015-09-30,191.63,191.825,189.44
SPY,2015-10-01,192.13,192.49,189.82
SPY,2015-10-02,195.0,195.03,189.12
SPY,2015-10-05,198.47,198.74,196.33
SPY,2015-10-06,197.79,198.98,197.0
SPY,2015-10-07,199.41,199.825,197.48
SPY,2015-10-08,201.21,201.55,198.59
SPY,2015-10-09,201.33,201.9,200.58
SPY,2015-10-12,201.52,201.76,200.91
SPY,2015-10-13,200.25,202.16,200.05
SPY,2015-10-14,199.29,200.87,198.94
SPY,2015-10-15,202.35,202.36,199.64
SPY,2015-10-16,203.27,203.29,201.92
SPY,2015-10-19,203.37,203.37,202.13
SPY,2015-10-20,203.09,203.84,202.5471
SPY,2015-10-21,201.85,203.79,201.65
SPY,2015-10-22,205.26,205.51,201.85
SPY,2015-10-23,207.51,207.95,206.3
SPY,2015-10-26,207.0,207.37,206.56
SPY,2015-10-27,206.6,207.0,205.79
SPY,2015-10-28,208.95,208.98,206.21
SPY,2015-10-29,208.83,209.27,208.21
SPY,2015-10-30,207.93,209.44,207.74
SPY,2015-11-02,210.39,210.62,208.17
SPY,2015-11-03,211.0,211.66,209.7
SPY,2015-11-04,210.36,211.5,209.7201
SPY,2015-11-05,210.15,210.98,209.09
SPY,2015-11-06,210.04,210.32,208.46
SPY,2015-11-09,208.08,209.49,206.95
SPY,2015-11-10,208.56,208.6,207.19
SPY,2015-11-11,207.74,208.94,207.66
SPY,2015-11-12,204.84,207.06,204.82
SPY,2015-11-13,202.54,204.67,202.435
SPY,2015-11-16,205.62,205.69,202.18
SPY,2015-11-17,205.47,207.04,204.88
SPY,2015-11-18,208.73,208.9,205.99
SPY,2015-11-19,208.55,209.05,208.2
SPY,2015-11-20,209.3108,210.12,208.86
SPY,2015-11-23,209.07,209.98,208.52
SPY,2015-11-24,209.35,209.83,207.41
SPY,2015-11-25,209.32,209.74,209.01
SPY,2015-11-27,209.56,209.8,208.86
SPY,2015-11-30,208.69,209.89,208.56
SPY,2015-12-01,210.68,210.82,209.11
SPY,2015-12-02,208.529,211.0,208.23
SPY,2015-12-03,205.61,209.15,204.7511
SPY,2015-12-04,209.62,209.97,205.93
SPY,2015-12-07,208.35,209.7295,207.2
SPY,2015-12-08,206.949,208.289,205.78
SPY,2015-12-09,205.34,208.68,204.18
SPY,2015-12-10,205.87,207.43,205.14
SPY,2015-12-11,201.88,204.14,201.51
SPY,2015-12-14,202.9008,203.05,199.95
SPY,2015-12-15,205.0308,206.11,202.8666
SPY,2015-12-16,208.03,208.39,204.8
SPY,2015-12-17,204.86,208.48,204.84
SPY,2015-12-18,200.0208,202.93,199.83
SPY,2015-12-21,201.67,201.88,200.09
SPY,2015-12-22,203.5,203.85,201.55
SPY,2015-12-23,206.02,206.07,204.58
SPY,2015-12-24,205.68,206.33,205.42
SPY,2015-12-28,205.21,205.26,203.94
SPY,2015-12-29,207.4,207.79,206.47
SPY,2015-12-30,205.93,207.21,205.76
SPY,2015-12-31,203.87,205.89,203.87
SPY,2016-01-04,201.0192,201.03,198.59
SPY,2016-01-05,201.36,201.9,200.05
SPY,2016-01-06,198.82,200.06,197.6
SPY,2016-01-07,194.05,197.44,193.59
SPY,2016-01-08,191.923,195.85,191.58
SPY,2016-01-11,192.11,193.41,189.82
SPY,2016-01-12,193.6608,194.55,191.14
SPY,2016-01-13,188.83,194.86,188.38
SPY,2016-01-14,191.93,193.26,187.66
SPY,2016-01-15,187.81,188.76,185.52
SPY,2016-01-19,188.06,190.11,186.2
SPY,2016-01-20,185.65,187.495,181.02
SPY,2016-01-21,186.69,188.87,184.64
SPY,2016-01-22,190.52,190.76,188.88
SPY,2016-01-25,187.64,190.15,187.41
SPY,2016-01-26,190.2,190.53,188.02
SPY,2016-01-27,188.13,191.56,187.06
SPY,2016-01-28,189.11,190.2,187.16
SPY,2016-01-29,193.7208,193.88,189.88
SPY,2016-02-01,193.65,194.58,191.84
SPY,2016-02-02,190.16,191.97,189.54
SPY,2016-02-03,191.3,191.78,187.1
SPY,2016-02-04,191.6,192.75,189.96
SPY,2016-02-05,187.95,191.6696,187.2
SPY,2016-02-08,185.42,186.12,182.8
SPY,2016-02-09,185.43,186.94,183.2
SPY,2016-02-10,185.27,188.34,185.12
SPY,2016-02-11,182.86,184.1,181.09
SPY,2016-02-12,186.63,186.65,183.96
SPY,2016-02-16,189.78,189.81,187.63
SPY,2016-02-17,192.88,193.32,191.01
SPY,2016-02-18,192.09,193.27,191.72
SPY,2016-02-19,192.0,192.18,190.45
SPY,2016-02-22,194.78,194.95,193.79
SPY,2016-02-23,192.32,194.32,192.18
SPY,2016-02-24,193.2,193.53,189.32
SPY,2016-02-25,195.54,195.55,192.83
SPY,2016-02-26,195.0892,196.68,194.9
SPY,2016-02-29,193.56,196.23,193.33
SPY,2016-03-01,198.11,198.21,194.4542
SPY,2016-03-02,199.0,199.06,197.25
SPY,2016-03-03,199.775,199.795,198.11
SPY,2016-03-04,200.43,201.35,199.03
SPY,2016-03-07,200.59,201.07,199.25
SPY,2016-03-08,198.4,199.92,198.21
SPY,2016-03-09,199.38,199.79,198.43
SPY,2016-03-10,199.54,201.07,197.38
SPY,2016-03-11,202.76,202.81,199.5179
SPY,2016-03-14,202.5,203.04,201.77
SPY,2016-03-15,202.17,202.5307,201.05
SPY,2016-03-16,203.34,203.82,201.55
SPY,2016-03-17,204.63,205.23,202.77
SPY,2016-03-18,204.38,204.78,203.8
SPY,2016-03-21,204.67,204.94,203.8
SPY,2016-03-22,204.56,205.23,203.57
SPY,2016-03-23,203.2092,204.33,203.01
SPY,2016-03-24,203.12,203.16,201.74
SPY,2016-03-28,203.24,203.86,202.705
SPY,2016-03-29,205.1208,205.25,202.4
SPY,2016-03-30,206.02,206.87,205.59
SPY,2016-03-31,205.52,206.41,205.33
SPY,2016-04-01,206.92,207.14,203.98
SPY,2016-04-04,206.25,207.07,205.89
SPY,2016-04-05,204.1892,206.2642,203.89
SPY,2016-04-06,206.42,206.49,203.98
SPY,2016-04-07,203.95,205.56,203.09
SPY,2016-04-08,204.4992,205.85,203.87
SPY,2016-04-11,204.0201,206.07,203.91
SPY,2016-04-12,205.92,206.25,203.7
SPY,2016-04-13,208.0008,208.1,206.84
SPY,2016-04-14,208.01,208.6,207.6
SPY,2016-04-15,207.78,208.1721,207.4
SPY,2016-04-18,209.2392,209.28,207.0
SPY,2016-04-19,209.9,210.2,208.94
SPY,2016-04-20,210.1,210.92,209.39
SPY,2016-04-21,208.97,210.25,208.65
SPY,2016-04-22,208.97,209.29,207.91
SPY,2016-04-25,208.61,208.66,207.54
SPY,2016-04-26,208.9192,209.52,208.36
SPY,2016-04-27,209.35,209.81,208.05
SPY,2016-04-28,207.4475,209.76,206.96
SPY,2016-04-29,206.3308,207.13,205.03
SPY,2016-05-02,207.97,208.18,206.41
SPY,2016-05-03,206.1592,206.8,205.28
SPY,2016-05-04,205.01,205.85,204.42
SPY,2016-05-05,204.97,205.98,204.47
SPY,2016-05-06,205.72,205.77,203.88
SPY,2016-05-09,205.8892,206.4,205.36
SPY,2016-05-10,208.45,208.5,206.64
SPY,2016-05-11,206.5,208.54,206.5
SPY,2016-05-12,206.56,207.4899,205.37
SPY,2016-05-13,204.76,206.86,204.38
SPY,2016-05-16,206.78,207.34,204.89
SPY,2016-05-17,204.8508,206.8,204.23
SPY,2016-05-18,204.91,206.3,203.63
SPY,2016-05-19,204.2,204.54,202.78
SPY,2016-05-20,205.49,206.1,204.86
SPY,2016-05-23,205.21,205.84,204.985
SPY,2016-05-24,207.87,208.24,206.14
SPY,2016-05-25,209.28,209.77,207.8691
SPY,2016-05-26,209.34,209.71,208.97
SPY,2016-05-27,210.24,210.25,209.47
SPY,2016-05-31,209.84,210.69,209.18
SPY,2016-06-01,210.27,210.48,208.89
SPY,2016-06-02,210.91,210.93,209.2399
SPY,2016-06-03,210.28,210.69,208.86
SPY,2016-06-06,211.35,211.77,210.51
SPY,2016-06-07,211.68,212.34,211.5
SPY,2016-06-08,212.37,212.52,211.6899
SPY,2016-06-09,212.08,212.22,211.19
SPY,2016-06-10,210.07,210.86,209.43
SPY,2016-06-13,208.4492,210.37,208.35
SPY,2016-06-14,208.04,208.74,206.9199
SPY,2016-06-15,207.75,209.36,207.53
SPY,2016-06-16,208.37,208.57,205.59
SPY,2016-06-17,206.52,207.2,205.75
SPY,2016-06-20,207.85,209.61,207.75
SPY,2016-06-21,208.44,208.92,207.78
SPY,2016-06-22,208.1,209.5,207.93
SPY,2016-06-23,210.81,210.87,209.27
SPY,2016-06-24,203.13,210.8463,202.72
SPY,2016-06-27,199.6,201.6,198.65
SPY,2016-06-28,203.1997,203.23,201.12
SPY,2016-06-29,206.66,206.93,204.72
SPY,2016-06-30,209.475,209.54,206.56
SPY,2016-07-01,209.9208,210.49,209.29
SPY,2016-07-05,208.41,209.08,207.71
SPY,2016-07-06,209.66,209.8,207.06
SPY,2016-07-07,209.526,210.6495,208.63
SPY,2016-07-08,212.65,212.94,210.7785
SPY,2016-07-11,213.4,214.07,212.95
SPY,2016-07-12,214.95,215.3,213.4308
SPY,2016-07-13,214.92,215.45,214.35
SPY,2016-07-14,216.12,216.67,215.66
SPY,2016-07-15,215.83,217.0125,215.308
SPY,2016-07-18,216.4092,216.6,215.67
SPY,2016-07-19,216.19,216.23,215.63
SPY,2016-07-20,217.085,217.37,216.24
SPY,2016-07-21,216.265,217.22,215.75
SPY,2016-07-22,217.24,217.3,216.1
SPY,2016-07-25,216.65,217.06,215.97
SPY,2016-07-26,216.75,217.17,215.76
SPY,2016-07-27,216.52,217.27,215.62
SPY,2016-07-28,216.77,217.11,215.75
SPY,2016-07-29,217.12,217.54,216.13
SPY,2016-08-01,216.94,217.65,216.405
SPY,2016-08-02,215.5492,216.83,214.57
SPY,2016-08-03,216.18,216.245,215.13
SPY,2016-08-04,216.4097,216.78,214.25
SPY,2016-08-05,218.18,218.23,217.07
SPY,2016-08-08,218.05,218.52,217.74
SPY,2016-08-09,218.18,218.76,217.8
SPY,2016-08-10,217.64,218.4038,217.23
SPY,2016-08-11,218.65,218.94,217.95
SPY,2016-08-12,218.46,218.71,217.99
SPY,2016-08-15,219.09,219.5,218.88
SPY,2016-08-16,217.96,218.68,217.96
SPY,2016-08-17,218.37,218.53,217.02
SPY,2016-08-18,218.86,218.9,218.21
SPY,2016-08-19,218.54,218.75,217.74
SPY,2016-08-22,218.53,218.8,217.83
SPY,2016-08-23,218.97,219.6,218.9
SPY,2016-08-24,217.85,218.91,217.36
SPY,2016-08-25,217.7,218.19,217.22
SPY,2016-08-26,217.29,219.12,216.25
SPY,2016-08-29,218.3608,218.665,217.4
SPY,2016-08-30,218.0,218.59,217.35
SPY,2016-08-31,217.38,217.75,216.465
SPY,2016-09-01,217.39,217.73,216.03
SPY,2016-09-02,218.37,218.87,217.7
SPY,2016-09-06,219.0308,219.12,217.86
SPY,2016-09-07,219.01,219.22,218.3
SPY,2016-09-08,218.51,218.94,218.15
SPY,2016-09-09,213.28,217.03,213.25
SPY,2016-09-12,216.34,216.81,212.31
SPY,2016-09-13,213.23,215.1499,212.5
SPY,2016-09-14,213.15,214.7,212.5
SPY,2016-09-15,215.28,215.73,212.75
SPY,2016-09-16,213.37,213.69,212.57
SPY,2016-09-19,213.41,214.88,213.03
SPY,2016-09-20,213.42,214.59,213.38
SPY,2016-09-21,215.82,216.03,213.44
SPY,2016-09-22,217.18,217.53,216.71
SPY,2016-09-23,215.99,216.88,215.88
SPY,2016-09-26,214.24,215.23,214.01
SPY,2016-09-27,215.57,215.68,213.62
SPY,2016-09-28,216.64,216.82,214.71
SPY,2016-09-29,214.68,216.87,214.04
SPY,2016-09-30,216.3,217.12,215.36
SPY,2016-10-03,215.78,216.04,215.04
SPY,2016-10-04,214.68,216.17,213.99
SPY,2016-10-05,215.63,216.13,215.33
SPY,2016-10-06,215.78,216.04,214.735
SPY,2016-10-07,215.04,216.3,214.19
SPY,2016-10-10,216.16,216.7,215.985
SPY,2016-10-11,213.43,215.74,212.58
SPY,2016-10-12,213.71,214.32,213.01
SPY,2016-10-13,213.01,213.59,211.21
SPY,2016-10-14,213.12,214.69,213.03
SPY,2016-10-17,212.38,213.39,212.17
SPY,2016-10-18,213.71,214.31,213.27
SPY,2016-10-19,214.28,214.64,213.6
SPY,2016-10-20,213.88,214.53,213.11
SPY,2016-10-21,213.98,214.08,212.76
SPY,2016-10-24,214.89,215.32,214.48
SPY,2016-10-25,214.17,214.98,213.98
SPY,2016-10-26,213.74,214.42,212.93
SPY,2016-10-27,213.17,214.62,213.08
SPY,2016-10-28,212.54,213.93,211.71
SPY,2016-10-31,212.55,213.19,212.36
SPY,2016-11-01,211.01,212.99,209.6
SPY,2016-11-02,209.74,211.1,209.23
SPY,2016-11-03,208.78,210.24,208.46
SPY,2016-11-04,208.55,209.89,208.38
SPY,2016-11-07,213.15,213.19,211.3
SPY,2016-11-08,214.11,214.77,212.38
SPY,2016-11-09,216.3792,217.1,212.34
SPY,2016-11-10,216.92,218.31,215.22
SPY,2016-11-11,216.42,216.7,215.32
SPY,2016-11-14,216.59,217.27,215.72
SPY,2016-11-15,218.28,218.28,216.8
SPY,2016-11-16,217.87,218.14,217.42
SPY,2016-11-17,218.99,219.06,217.92
SPY,2016-11-18,218.5,219.27,218.29
SPY,2016-11-21,220.15,220.18,219.0
SPY,2016-11-22,220.58,220.79,219.73
SPY,2016-11-23,220.7,220.76,219.75
SPY,2016-11-25,221.52,221.56,221.01
SPY,2016-11-28,220.48,221.48,220.36
SPY,2016-11-29,220.91,221.44,220.17
SPY,2016-11-30,220.38,221.82,220.31
SPY,2016-12-01,219.57,220.73,219.15
SPY,2016-12-02,219.68,220.25,219.26
SPY,2016-12-05,221.0,221.4,220.42
SPY,2016-12-06,221.7,221.7441,220.662
SPY,2016-12-07,224.6,224.67,221.38
SPY,2016-12-08,225.15,225.7,224.26
SPY,2016-12-09,226.51,226.53,225.37
SPY,2016-12-12,226.25,226.96,225.76
SPY,2016-12-13,227.76,228.34,227.0
SPY,2016-12-14,225.88,228.23,225.365
SPY,2016-12-15,226.81,227.81,225.8904
SPY,2016-12-16,225.04,226.08,224.67
SPY,2016-12-19,225.53,226.02,225.08
SPY,2016-12-20,226.4,226.57,225.88
SPY,2016-12-21,225.77,226.45,225.77
SPY,2016-12-22,225.38,225.74,224.92
SPY,2016-12-23,225.71,225.72,225.21
SPY,2016-12-27,226.27,226.73,226.0
SPY,2016-12-28,224.4,226.59,224.27
SPY,2016-12-29,224.35,224.89,223.84
SPY,2016-12-30,223.53,224.83,222.73
SPY,2017-01-03,225.24,225.83,223.8837
SPY,2017-01-04,226.58,226.75,225.61
SPY,2017-01-05,226.4,226.58,225.48
SPY,2017-01-06,227.21,227.75,225.9
SPY,2017-01-09,226.46,227.0701,226.4163
SPY,2017-01-10,226.46,227.45,226.01
SPY,2017-01-11,227.1,227.1,225.59
SPY,2017-01-12,226.53,226.75,224.955
SPY,2017-01-13,227.05,227.4,226.69
SPY,2017-01-17,226.25,226.78,225.8
SPY,2017-01-18,226.75,226.8,225.9
SPY,2017-01-19,225.91,227.0,225.41
SPY,2017-01-20,226.74,227.31,225.9719
SPY,2017-01-23,226.15,226.805,225.27
SPY,2017-01-24,227.6,228.08,226.27
SPY,2017-01-25,229.57,229.57,228.51
SPY,2017-01-26,229.33,229.71,229.01
SPY,2017-01-27,228.97,229.59,228.76
SPY,2017-01-30,227.55,228.2,226.41
SPY,2017-01-31,227.53,227.6,226.32
SPY,2017-02-01,227.62,228.59,226.94
SPY,2017-02-02,227.77,228.1,226.82
SPY,2017-02-03,229.34,229.55,228.46
SPY,2017-02-06,228.93,229.326,228.54
SPY,2017-02-07,228.94,229.6556,228.72
SPY,2017-02-08,229.24,229.39,228.31
SPY,2017-02-09,230.6,230.95,229.52
SPY,2017-02-10,231.51,231.77,230.6216
SPY,2017-02-13,232.77,233.07,232.05
SPY,2017-02-14,233.7,233.71,232.16
SPY,2017-02-15,234.92,235.14,233.39
SPY,2017-02-16,234.72,235.155,233.85
SPY,2017-02-17,235.09,235.09,233.93
SPY,2017-02-21,236.49,236.69,235.51
SPY,2017-02-22,236.28,236.54,235.83
SPY,2017-02-23,236.44,236.9,235.56
SPY,2017-02-24,236.74,236.7932,235.41
SPY,2017-02-27,237.11,237.31,236.35
SPY,2017-02-28,236.47,236.95,236.015
SPY,2017-03-01,239.78,240.32,238.37
SPY,2017-03-02,238.27,239.57,238.21
SPY,2017-03-03,238.42,238.61,237.73
SPY,2017-03-06,237.71,238.12,237.01
SPY,2017-03-07,237.0,237.77,236.76
SPY,2017-03-08,236.56,237.64,236.4
SPY,2017-03-09,236.86,237.24,235.74
SPY,2017-03-10,237.69,238.02,236.59
SPY,2017-03-13,237.81,237.86,237.24
SPY,2017-03-14,236.9,237.24,236.19
SPY,2017-03-15,238.95,239.44,237.29
SPY,2017-03-16,238.48,239.2,238.1
SPY,2017-03-17,237.03,237.97,237.03
SPY,2017-03-20,236.77,237.36,236.32
SPY,2017-03-21,233.73,237.61,233.58
SPY,2017-03-22,234.28,234.61,233.05
SPY,2017-03-23,234.03,235.34,233.6
SPY,2017-03-24,233.86,235.04,232.96
SPY,2017-03-27,233.62,233.92,231.61
SPY,2017-03-28,235.32,235.81,233.14
SPY,2017-03-29,235.54,235.81,234.725
SPY,2017-03-30,236.29,236.52,235.27
SPY,2017-03-31,235.74,236.51,235.68
SPY,2017-04-03,235.33,236.03,233.91
SPY,2017-04-04,235.48,235.58,234.555
SPY,2017-04-05,234.78,237.39,234.54
SPY,2017-04-06,235.44,236.04,234.425
SPY,2017-04-07,235.2,236.0,234.64
SPY,2017-04-10,235.34,236.255,234.73
SPY,2017-04-11,235.06,235.18,233.34
SPY,2017-04-12,234.03,234.96,233.77
SPY,2017-04-13,232.51,234.49,232.51
SPY,2017-04-17,234.57,234.57,232.88
SPY,2017-04-18,233.87,234.49,233.08
SPY,2017-04-19,233.44,234.95,233.18
SPY,2017-04-20,235.34,235.845,233.78
SPY,2017-04-21,234.59,235.31,234.13
SPY,2017-04-24,237.17,237.41,234.5628
SPY,2017-04-25,238.55,238.95,237.81
SPY,2017-04-26,238.4,239.53,238.35
SPY,2017-04-27,238.6,238.95,237.98
SPY,2017-04-28,238.08,238.93,237.93
SPY,2017-05-01,238.68,239.17,238.195
SPY,2017-05-02,238.77,238.98,238.3
SPY,2017-05-03,238.48,238.8775,237.7
SPY,2017-05-04,238.76,238.9225,237.78
SPY,2017-05-05,239.7,239.72,238.68
SPY,2017-05-08,239.66,239.92,239.17
SPY,2017-05-09,239.44,240.19,239.04
SPY,2017-05-10,239.87,239.87,239.15
SPY,2017-05-11,239.38,239.57,238.13
SPY,2017-05-12,238.98,239.4273,238.67
SPY,2017-05-15,240.3,240.44,239.45
SPY,2017-05-16,240.08,240.67,239.63
SPY,2017-05-17,235.82,238.64,235.75
SPY,2017-05-18,236.77,237.75,235.43
SPY,2017-05-19,238.31,239.08,237.27
SPY,2017-05-22,239.52,239.71,238.82
SPY,2017-05-23,240.05,240.24,239.51
SPY,2017-05-24,240.61,240.73,239.93
SPY,2017-05-25,241.76,242.08,240.96
SPY,2017-05-26,241.71,241.9,241.45
SPY,2017-05-30,241.5,241.79,241.16
SPY,2017-05-31,241.44,241.88,240.64
SPY,2017-06-01,243.36,243.38,241.64
SPY,2017-06-02,244.17,244.35,243.08
SPY,2017-06-05,243.99,244.3,243.76
SPY,2017-06-06,243.21,243.98,243.12
SPY,2017-06-07,243.66,243.92,242.83
SPY,2017-06-08,243.78,244.33,243.17
SPY,2017-06-09,243.41,245.01,241.95
SPY,2017-06-12,243.36,243.42,242.38
SPY,2017-06-13,244.55,244.61,243.5799
SPY,2017-06-14,244.24,244.87,243.29
SPY,2017-06-15,243.77,243.91,242.36
SPY,2017-06-16,242.64,242.83,241.6337
SPY,2017-06-19,244.66,244.73,243.48
SPY,2017-06-20,243.01,244.26,242.99
SPY,2017-06-21,242.95,243.59,242.41
SPY,2017-06-22,242.84,243.53,242.64
SPY,2017-06-23,243.13,243.51,242.47
SPY,2017-06-26,243.29,244.38,243.045
SPY,2017-06-27,241.33,243.38,241.31
SPY,2017-06-28,243.49,243.715,242.23
SPY,2017-06-29,241.35,243.72,239.955
SPY,2017-06-30,241.8,242.71,241.575
SPY,2017-07-03,242.21,243.38,242.21
SPY,2017-07-05,242.77,243.01,241.7
SPY,2017-07-06,240.55,242.03,240.34
SPY,2017-07-07,242.11,242.28,240.5645
SPY,2017-07-10,242.37,242.8,241.76
SPY,2017-07-11,242.19,242.55,240.85
SPY,2017-07-12,244.01,244.2,243.3
SPY,2017-07-13,244.42,244.55,243.76
SPY,2017-07-14,245.56,245.97,244.31
SPY,2017-07-17,245.53,245.91,245.33
SPY,2017-07-18,245.66,245.72,244.67
SPY,2017-07-19,246.99,247.0,246.01
SPY,2017-07-20,247.1,247.42,246.47
SPY,2017-07-21,246.88,246.91,246.18
SPY,2017-07-24,246.82,246.98,246.28
SPY,2017-07-25,247.42,247.8,247.16
SPY,2017-07-26,247.43,247.79,247.13
SPY,2017-07-27,247.2,248.0,245.68
SPY,2017-07-28,246.91,247.06,246.13
SPY,2017-07-31,246.77,247.48,246.53
SPY,2017-08-01,247.32,247.5,246.716
SPY,2017-08-02,247.44,247.6,246.37
SPY,2017-08-03,246.96,247.34,246.64
SPY,2017-08-04,247.41,247.79,246.97
SPY,2017-08-07,247.87,247.87,247.37
SPY,2017-08-08,247.26,248.91,246.83
SPY,2017-08-09,247.25,247.31,246.06
SPY,2017-08-10,243.76,246.44,243.7
SPY,2017-08-11,244.12,244.8,243.75
SPY,2017-08-14,246.54,246.79,245.55
SPY,2017-08-15,246.51,247.0,246.16
SPY,2017-08-16,246.94,247.57,246.45
SPY,2017-08-17,243.09,246.6,243.09
SPY,2017-08-18,242.71,244.189,242.2
SPY,2017-08-21,242.9,243.2,241.83
SPY,2017-08-22,245.44,245.62,243.55
SPY,2017-08-23,244.56,245.05,244.16
SPY,2017-08-24,243.99,245.18,243.75
SPY,2017-08-25,244.56,245.61,244.39
SPY,2017-08-28,244.57,245.2,244.09
SPY,2017-08-29,244.85,245.15,242.93
SPY,2017-08-30,246.01,246.32,244.62
SPY,2017-08-31,247.49,247.77,246.0473
SPY,2017-09-01,247.84,248.33,247.67
SPY,2017-09-05,246.06,247.52,244.95
SPY,2017-09-06,246.9,247.28,246.23
SPY,2017-09-07,246.87,247.27,246.4
SPY,2017-09-08,246.58,247.11,246.3
SPY,2017-09-11,249.21,249.3,248.02
SPY,2017-09-12,250.05,250.09,249.42
SPY,2017-09-13,250.17,250.21,249.59
SPY,2017-09-14,250.09,250.32,249.6
SPY,2017-09-15,249.19,249.29,248.57
SPY,2017-09-18,249.72,250.12,249.28
SPY,2017-09-19,249.97,250.07,249.6
SPY,2017-09-20,250.06,250.19,248.92
SPY,2017-09-21,249.39,249.98,249.185
SPY,2017-09-22,249.44,249.63,249.02
SPY,2017-09-25,248.93,249.5532,248.08
SPY,2017-09-26,249.08,249.7,248.805
SPY,2017-09-27,250.05,250.49,248.87
SPY,2017-09-28,250.35,250.44,249.63
SPY,2017-09-29,251.23,251.32,250.13
SPY,2017-10-02,252.32,252.32,251.2926
SPY,2017-10-03,252.86,252.89,252.23
SPY,2017-10-04,253.16,253.44,252.56
SPY,2017-10-05,254.66,254.68,253.196
SPY,2017-10-06,254.37,254.7008,253.85
SPY,2017-10-09,253.95,254.7,253.65
SPY,2017-10-10,254.62,255.05,253.98
SPY,2017-10-11,255.02,255.02,254.32
SPY,2017-10-12,254.64,255.06,254.365
SPY,2017-10-13,254.95,255.27,254.64
SPY,2017-10-16,255.29,255.51,254.82
SPY,2017-10-17,255.47,255.52,254.98
SPY,2017-10-18,255.72,255.95,255.5
SPY,2017-10-19,255.79,255.83,254.35
SPY,2017-10-20,257.11,257.14,255.7744
SPY,2017-10-23,256.11,257.51,256.02
SPY,2017-10-24,256.56,256.83,256.15
SPY,2017-10-25,255.29,256.31,254.0
SPY,2017-10-26,255.62,256.3,255.48
SPY,2017-10-27,257.71,257.89,255.6254
SPY,2017-10-30,256.75,257.6,256.41
SPY,2017-10-31,257.15,257.44,256.805
SPY,2017-11-01,257.49,258.43,257.07
SPY,2017-11-02,257.59,257.75,256.19
SPY,2017-11-03,258.45,258.5,257.3
SPY,2017-11-06,258.85,259.0,258.22
SPY,2017-11-07,258.67,259.35,258.09
SPY,2017-11-08,259.11,259.22,258.15
SPY,2017-11-09,258.17,258.39,256.36
SPY,2017-11-10,258.09,258.2926,257.37
SPY,2017-11-13,258.33,258.59,257.27
SPY,2017-11-14,257.73,257.85,256.52
SPY,2017-11-15,256.44,257.22,255.63
SPY,2017-11-16,258.62,259.04,257.4748
SPY,2017-11-17,257.86,258.5882,257.77
SPY,2017-11-20,258.3,258.525,257.86
SPY,2017-11-21,259.99,260.2,258.2627
SPY,2017-11-22,259.76,260.15,259.57
SPY,2017-11-24,260.36,260.48,260.16
SPY,2017-11-27,260.23,260.75,260.0
SPY,2017-11-28,262.87,262.9,260.655
SPY,2017-11-29,262.71,263.63,262.2
SPY,2017-11-30,265.01,266.05,263.67
SPY,2017-12-01,264.46,265.31,260.76
SPY,2017-12-04,264.14,266.8,264.08
SPY,2017-12-05,263.19,265.15,263.04
SPY,2017-12-06,263.24,263.73,262.71
SPY,2017-12-07,264.07,264.43,262.94
SPY,2017-12-08,265.51,265.52,264.0315
SPY,2017-12-11,266.31,266.38,265.4793
SPY,2017-12-12,266.78,267.32,266.345
SPY,2017-12-13,266.75,267.56,266.65
SPY,2017-12-14,265.66,267.22,265.6
SPY,2017-12-15,266.51,267.04,265.39
SPY,2017-12-18,268.2,268.6,267.98
SPY,2017-12-19,267.17,268.53,267.09
SPY,2017-12-20,267.03,268.33,266.69
SPY,2017-12-21,267.58,268.385,267.3
SPY,2017-12-22,267.51,267.635,266.9
SPY,2017-12-26,267.19,267.4377,266.885
SPY,2017-12-27,267.32,267.73,267.01
SPY,2017-12-28,267.87,267.92,267.45
SPY,2017-12-29,266.86,268.55,266.64
SPY,2018-01-02,268.77,268.81,267.4
SPY,2018-01-03,270.47,270.64,268.96
SPY,2018-01-04,271.61,272.16,270.5447
SPY,2018-01-05,273.42,273.56,271.95
SPY,2018-01-08,273.92,274.1,272.98
SPY,2018-01-09,274.54,275.25,274.081
SPY,2018-01-10,274.12,274.42,272.92
SPY,2018-01-11,276.12,276.12,274.56
SPY,2018-01-12,277.92,278.11,276.0819
SPY,2018-01-16,276.97,280.09,276.18
SPY,2018-01-17,279.61,280.05,276.97
SPY,2018-01-18,279.14,279.96,278.58
SPY,2018-01-19,280.41,280.41,279.14
SPY,2018-01-22,282.69,282.69,280.11
SPY,2018-01-23,283.29,283.62,282.37
SPY,2018-01-24,283.18,284.7,281.84
SPY,2018-01-25,283.3,284.27,282.405
SPY,2018-01-26,286.58,286.6285,283.96
SPY,2018-01-29,284.68,286.43,284.5
SPY,2018-01-30,281.76,284.736,281.22
SPY,2018-01-31,281.9,283.3,280.68
SPY,2018-02-01,281.58,283.06,280.68
SPY,2018-02-02,275.45,280.23,275.41
SPY,2018-02-05,263.93,275.85,263.31
SPY,2018-02-06,269.13,269.7,258.7
SPY,2018-02-07,267.67,272.36,267.58
SPY,2018-02-08,257.63,268.17,257.59
SPY,2018-02-09,261.5,263.61,252.92
SPY,2018-02-12,265.34,267.01,261.6644
SPY,2018-02-13,266.0,266.62,263.31
SPY,2018-02-14,269.59,270.0,264.3
SPY,2018-02-15,273.03,273.04,268.77
SPY,2018-02-16,273.11,275.32,272.27
SPY,2018-02-20,271.4,273.67,270.5
SPY,2018-02-21,270.05,274.72,269.94
SPY,2018-02-22,270.4,273.05,269.64
SPY,2018-02-23,274.71,274.71,271.25
SPY,2018-02-26,277.9,278.01,275.26
SPY,2018-02-27,274.43,278.92,274.36
SPY,2018-02-28,271.65,276.19,271.29
SPY,2018-03-01,267.7,273.17,266.0
SPY,2018-03-02,269.08,269.72,264.82
SPY,2018-03-05,272.19,272.89,267.61
SPY,2018-03-06,272.88,273.39,271.18
SPY,2018-03-07,272.78,273.18,270.2
SPY,2018-03-08,274.1,274.24,272.42
SPY,2018-03-09,278.87,278.87,275.34
SPY,2018-03-12,278.52,279.91,278.0801
SPY,2018-03-13,276.72,280.41,276.03
SPY,2018-03-14,275.3,278.02,274.67
SPY,2018-03-15,275.0,276.61,274.43
SPY,2018-03-16,274.2,275.39,274.14
SPY,2018-03-19,270.49,274.3957,268.62
SPY,2018-03-20,270.95,271.67,270.18
SPY,2018-03-21,270.43,273.27,270.19
SPY,2018-03-22,263.67,268.87,263.36
SPY,2018-03-23,258.05,265.02,257.83
SPY,2018-03-26,265.11,265.43,259.41
SPY,2018-03-27,260.6,266.77,258.84
SPY,2018-03-28,259.83,262.64,258.58
SPY,2018-03-29,263.15,265.26,259.8389
SPY,2018-04-02,257.47,263.13,254.67
SPY,2018-04-03,260.77,261.31,256.84
SPY,2018-04-04,263.56,264.355,256.6
SPY,2018-04-05,265.64,266.64,264.32
SPY,2018-04-06,259.72,265.11,258.0
SPY,2018-04-09,261.0,264.84,259.9356
SPY,2018-04-10,265.15,266.04,262.98
SPY,2018-04-11,263.76,265.64,263.39
SPY,2018-04-12,265.93,267.0,265.06
SPY,2018-04-13,265.15,267.54,264.01
SPY,2018-04-16,267.33,268.2,266.07
SPY,2018-04-17,270.19,270.87,268.75
SPY,2018-04-18,270.39,271.3,269.87
SPY,2018-04-19,268.89,269.88,267.72
SPY,2018-04-20,266.61,269.06,265.61
SPY,2018-04-23,266.57,267.89,265.35
SPY,2018-04-24,262.98,267.9762,261.28
SPY,2018-04-25,263.63,264.13,260.85
SPY,2018-04-26,266.31,267.2452,264.29
SPY,2018-04-27,266.56,267.34,265.5
SPY,2018-04-30,264.51,267.89,264.43
SPY,2018-05-01,264.98,265.1,262.11
SPY,2018-05-02,263.2,265.68,262.76
SPY,2018-05-03,262.62,263.36,259.05
SPY,2018-05-04,266.02,266.7892,261.15
SPY,2018-05-07,266.92,268.02,266.11
SPY,2018-05-08,266.92,267.325,265.15
SPY,2018-05-09,269.5,269.865,267.09
SPY,2018-05-10,272.02,272.39,270.22
SPY,2018-05-11,272.85,273.15,271.58
SPY,2018-05-14,272.98,274.08,272.36
SPY,2018-05-15,271.1,271.61,270.03
SPY,2018-05-16,272.24,272.76,271.11
SPY,2018-05-17,272.01,273.23,271.13
SPY,2018-05-18,271.33,272.03,270.93
SPY,2018-05-21,273.37,273.98,271.3512
SPY,2018-05-22,272.61,274.25,272.24
SPY,2018-05-23,273.36,273.39,270.99
SPY,2018-05-24,272.8,273.22,270.78
SPY,2018-05-25,272.15,272.86,271.58
SPY,2018-05-29,269.02,271.17,267.76
SPY,2018-05-30,272.61,273.11,270.42
SPY,2018-05-31,270.94,272.49,270.255
SPY,2018-06-01,273.6,273.94,272.33
SPY,2018-06-04,274.9,275.185,274.26
SPY,2018-06-05,275.1,275.53,274.18
SPY,2018-06-06,277.4,277.52,275.09
SPY,2018-06-07,277.37,278.28,276.34
SPY,2018-06-08,278.19,278.25,276.66
SPY,2018-06-11,278.56,279.37,278.31
SPY,2018-06-12,278.92,279.33,278.19
SPY,2018-06-13,278.03,279.48,277.8
SPY,2018-06-14,278.73,279.33,278.0599
SPY,2018-06-15,277.13,277.51,275.35
SPY,2018-06-18,276.56,276.7,274.95
SPY,2018-06-19,275.5,275.75,273.53
SPY,2018-06-20,275.97,276.72,275.59
SPY,2018-06-21,274.24,275.98,273.68
SPY,2018-06-22,274.74,275.785,274.49
SPY,2018-06-25,271.0,273.6162,269.1
SPY,2018-06-26,271.6,272.56,270.79
SPY,2018-06-27,269.35,273.865,269.18
SPY,2018-06-28,270.89,271.75,268.49
SPY,2018-06-29,271.28,273.66,271.1495
SPY,2018-07-02,271.86,272.04,269.24
SPY,2018-07-03,270.9,272.98,270.42
SPY,2018-07-05,273.11,273.18,270.96
SPY,2018-07-06,275.42,275.84,272.715
SPY,2018-07-09,277.9,277.96,276.5
SPY,2018-07-10,278.9,279.01,278.08
SPY,2018-07-11,276.86,278.04,276.52
SPY,2018-07-12,279.37,279.43,277.6
SPY,2018-07-13,279.59,279.93,278.66
SPY,2018-07-16,279.34,279.803,278.84
SPY,2018-07-17,280.47,280.91,278.41
SPY,2018-07-18,281.06,281.18,280.06
SPY,2018-07-19,280.0,280.74,279.46
SPY,2018-07-20,279.68,280.48,279.5
SPY,2018-07-23,280.2,280.43,279.06
SPY,2018-07-24,281.61,282.56,280.63
SPY,2018-07-25,284.01,284.37,281.28
SPY,2018-07-26,283.34,284.11,283.09
SPY,2018-07-27,281.42,283.82,280.38
SPY,2018-07-30,279.95,281.69,279.36
SPY,2018-07-31,281.33,282.02,280.38
SPY,2018-08-01,280.86,282.13,280.1315
SPY,2018-08-02,282.39,282.58,279.16
SPY,2018-08-03,283.6,283.6577,282.33
SPY,2018-08-06,284.64,284.99,283.2015
SPY,2018-08-07,285.58,286.01,285.24
SPY,2018-08-08,285.46,285.91,284.94
SPY,2018-08-09,285.07,285.97,284.915
SPY,2018-08-10,283.16,284.055,282.36
SPY,2018-08-13,282.1,284.16,281.77
SPY,2018-08-14,283.9,284.17,282.4833
SPY,2018-08-15,281.78,282.54,280.16
SPY,2018-08-16,284.06,285.04,283.36
SPY,2018-08-17,285.06,285.5601,283.37
SPY,2018-08-20,285.67,285.97,285.06
SPY,2018-08-21,286.34,287.31,285.7135
SPY,2018-08-22,286.17,286.76,285.575
SPY,2018-08-23,285.79,286.94,285.43
SPY,2018-08-24,287.51,287.67,286.38
SPY,2018-08-27,289.78,289.9,288.68
SPY,2018-08-28,289.92,290.4175,289.4
SPY,2018-08-29,291.48,291.74,289.8854
SPY,2018-08-30,290.3,291.36,289.63
SPY,2018-08-31,290.31,290.81,289.29
SPY,2018-09-04,289.81,290.21,288.68
SPY,2018-09-05,289.03,289.64,287.89
SPY,2018-09-06,288.16,289.49,287.0
SPY,2018-09-07,287.6,288.7,286.71
SPY,2018-09-10,288.1,289.04,287.88
SPY,2018-09-11,289.05,289.55,286.975
SPY,2018-09-12,289.12,289.8,288.23
SPY,2018-09-13,290.83,291.0384,289.995
SPY,2018-09-14,290.88,291.27,290.0
SPY,2018-09-17,289.34,290.86,289.03
SPY,2018-09-18,290.91,291.58,289.55
SPY,2018-09-19,291.22,291.69,290.825
SPY,2018-09-20,293.58,293.94,291.2363
SPY,2018-09-21,291.99,293.22,291.81
SPY,2018-09-24,291.02,291.5,290.37
SPY,2018-09-25,290.75,291.65,290.4833
SPY,2018-09-26,289.88,292.24,289.41
SPY,2018-09-27,290.69,291.91,290.1
SPY,2018-09-28,290.72,291.28,289.95
SPY,2018-10-01,291.73,292.93,290.98
SPY,2018-10-02,291.56,292.355,291.14
SPY,2018-10-03,291.72,293.21,291.32
SPY,2018-10-04,289.44,291.24,287.66
SPY,2018-10-05,287.82,290.27,286.22
SPY,2018-10-08,287.82,288.22,285.5
SPY,2018-10-09,287.4,288.86,286.77
SPY,2018-10-10,278.3,286.91,277.88
SPY,2018-10-11,272.17,278.9,270.36
SPY,2018-10-12,275.95,277.09,272.37
SPY,2018-10-15,274.4,277.04,274.3
SPY,2018-10-16,280.4,280.82,276.07
SPY,2018-10-17,280.45,281.15,277.56
SPY,2018-10-18,276.4,280.07,274.97
SPY,2018-10-19,276.25,279.3,275.47
SPY,2018-10-22,275.01,277.36,274.41
SPY,2018-10-23,273.61,274.87,268.61
SPY,2018-10-24,265.32,273.76,264.7
SPY,2018-10-25,270.08,271.81,266.23
SPY,2018-10-26,265.33,271.0,262.29
SPY,2018-10-29,263.86,270.25,259.85
SPY,2018-10-30,267.77,268.12,263.12
SPY,2018-10-31,270.63,273.23,270.12
SPY,2018-11-01,273.51,273.73,270.38
SPY,2018-11-02,271.89,275.23,269.59
SPY,2018-11-05,273.39,274.01,271.35
SPY,2018-11-06,275.12,275.3,273.25
SPY,2018-11-07,281.01,281.1,277.08
SPY,2018-11-08,280.5,281.22,279.22
SPY,2018-11-09,277.76,279.24,276.18
SPY,2018-11-12,272.57,277.46,271.99
SPY,2018-11-13,272.06,275.325,271.25
SPY,2018-11-14,270.2,274.61,268.45
SPY,2018-11-15,273.02,273.54,267.0102
SPY,2018-11-16,273.73,274.75,271.21
SPY,2018-11-19,269.1,273.38,268.07
SPY,2018-11-20,264.12,267.0,263.15
SPY,2018-11-21,265.02,267.15,265.01
SPY,2018-11-23,263.25,264.8234,263.07
SPY,2018-11-26,267.5,267.75,265.34
SPY,2018-11-27,268.4,268.4,265.66
SPY,2018-11-28,274.58,274.58,268.3272
SPY,2018-11-29,273.98,275.55,272.43
SPY,2018-11-30,275.65,276.28,273.45
SPY,2018-12-03,279.3,280.4,277.505
SPY,2018-12-04,270.25,278.85,269.9
SPY,2018-12-06,269.84,269.97,262.44
SPY,2018-12-07,263.57,271.22,262.63
SPY,2018-12-10,264.07,265.1613,258.62
SPY,2018-12-11,264.13,267.87,262.48
SPY,2018-12-12,265.46,269.0,265.37
SPY,2018-12-13,265.37,267.49,264.12
SPY,2018-12-14,260.47,264.03,259.85
SPY,2018-12-17,255.36,260.65,253.525
SPY,2018-12-18,255.08,257.95,253.28
SPY,2018-12-19,251.26,259.4,249.35
SPY,2018-12-20,247.17,251.62,244.65
SPY,2018-12-21,240.7,249.71,239.98
SPY,2018-12-24,234.34,240.8355,234.27
SPY,2018-12-26,246.18,246.18,233.76
SPY,2018-12-27,248.07,248.29,238.96
SPY,2018-12-28,247.75,251.4,246.45
SPY,2018-12-31,249.92,250.19,247.47
SPY,2019-01-02,250.18,251.21,245.95
SPY,2019-01-03,244.21,248.57,243.67
SPY,2019-01-04,252.39,253.11,247.17
SPY,2019-01-07,254.38,255.95,251.69
SPY,2019-01-08,256.77,257.31,254.0
SPY,2019-01-09,257.97,258.91,256.19
SPY,2019-01-10,258.88,259.16,255.5
SPY,2019-01-11,258.98,259.0098,257.03
SPY,2019-01-14,257.4,258.3,256.41
SPY,2019-01-15,260.35,260.7,257.81
SPY,2019-01-16,260.98,261.9666,260.6
SPY,2019-01-17,262.96,263.92,259.96
SPY,2019-01-18,266.46,266.98,262.998
SPY,2019-01-22,262.86,265.06,261.06
SPY,2019-01-23,263.41,264.79,260.66
SPY,2019-01-24,263.55,264.2,262.08
SPY,2019-01-25,265.78,266.7,263.6595
SPY,2019-01-28,263.76,263.83,261.79
SPY,2019-01-29,263.41,264.55,262.48
SPY,2019-01-30,267.58,268.52,264.25
SPY,2019-01-31,269.93,270.47,267.27
SPY,2019-02-01,270.06,271.2,269.18
SPY,2019-02-04,271.96,272.03,269.36
SPY,2019-02-05,273.1,273.44,271.88
SPY,2019-02-06,272.74,273.34,271.92
SPY,2019-02-07,270.14,271.55,268.29
SPY,2019-02-08,270.47,270.58,267.83
SPY,2019-02-11,270.62,271.49,270.03
SPY,2019-02-12,274.1,274.52,272.34
SPY,2019-02-13,274.99,275.93,274.56
SPY,2019-02-14,274.38,275.64,272.87
SPY,2019-02-15,277.37,277.41,276.13
SPY,2019-02-19,277.85,278.58,276.47
SPY,2019-02-20,278.41,278.92,277.25
SPY,2019-02-21,277.42,278.1,276.345
SPY,2019-02-22,279.14,279.36,277.82
SPY,2019-02-25,279.52,281.31,279.43
SPY,2019-02-26,279.32,280.3,278.9
SPY,2019-02-27,279.2,279.59,277.48
SPY,2019-02-28,278.68,279.45,278.32
SPY,2019-03-01,280.42,280.88,278.82
SPY,2019-03-04,279.4,281.87,276.84
SPY,2019-03-05,279.02,279.76,278.41
SPY,2019-03-06,277.33,279.16,276.97
SPY,2019-03-07,275.01,276.99,274.07
SPY,2019-03-08,274.46,274.65,272.42
SPY,2019-03-11,278.44,278.62,275.23
SPY,2019-03-12,279.49,280.07,278.85
SPY,2019-03-13,281.34,283.3052,280.3
SPY,2019-03-14,281.16,281.84,280.6662
SPY,2019-03-15,281.31,282.21,280.33
SPY,2019-03-18,282.33,282.66,281.3
SPY,2019-03-19,282.4,284.36,281.41
SPY,2019-03-20,281.55,283.5,280.32
SPY,2019-03-21,284.73,285.18,280.59
SPY,2019-03-22,279.25,283.8034,279.18
SPY,2019-03-25,279.04,280.1853,277.64
SPY,2019-03-26,281.12,282.18,279.56
SPY,2019-03-27,279.65,281.76,277.93
SPY,2019-03-28,280.71,281.21,279.07
SPY,2019-03-29,282.48,282.84,281.14
SPY,2019-04-01,285.83,286.16,284.4
SPY,2019-04-02,285.97,286.23,285.09
SPY,2019-04-03,286.42,287.76,285.75
SPY,2019-04-04,287.18,287.459,286.01
SPY,2019-04-05,288.57,288.63,287.6
SPY,2019-04-08,288.79,288.89,287.37
SPY,2019-04-09,287.31,288.08,286.7
SPY,2019-04-10,288.29,288.3899,287.31
SPY,2019-04-11,288.21,288.84,287.578
SPY,2019-04-12,290.16,290.47,289.26
SPY,2019-04-15,289.97,290.35,289.075
SPY,2019-04-16,290.16,291.01,289.5
SPY,2019-04-17,289.45,291.425,288.99
SPY,2019-04-18,290.02,290.32,288.66
SPY,2019-04-22,290.27,290.435,289.07
SPY,2019-04-23,292.88,293.14,290.42
SPY,2019-04-24,292.23,293.16,292.07
SPY,2019-04-25,292.05,292.78,290.73
SPY,2019-04-26,293.41,293.49,291.2401
SPY,2019-04-29,293.87,294.45,293.41
SPY,2019-04-30,294.02,294.34,291.92
SPY,2019-05-01,291.81,294.95,291.8
SPY,2019-05-02,291.18,292.7,289.52
SPY,2019-05-03,294.03,294.34,292.56
SPY,2019-05-06,292.82,293.31,288.9
SPY,2019-05-07,287.93,290.81,285.81
SPY,2019-05-08,287.53,289.43,286.87
SPY,2019-05-09,286.66,287.33,283.3
SPY,2019-05-10,288.1,288.94,282.3
SPY,2019-05-13,280.86,283.49,279.93
SPY,2019-05-14,283.4,285.1,281.85
SPY,2019-05-15,285.06,285.77,281.36
SPY,2019-05-16,287.7,289.21,285.76
SPY,2019-05-17,285.84,288.6,285.1207
SPY,2019-05-20,283.95,285.43,283.12
SPY,2019-05-21,286.51,286.93,285.55
SPY,2019-05-22,285.63,286.69,285.1
SPY,2019-05-23,282.14,283.21,280.57
SPY,2019-05-24,282.78,284.2,282.09
SPY,2019-05-28,280.15,284.15,280.13
SPY,2019-05-29,278.27,279.36,276.71
SPY,2019-05-30,279.03,280.04,277.805
SPY,2019-05-31,275.27,277.12,275.24
SPY,2019-06-03,274.57,276.5521,273.09
SPY,2019-06-04,280.53,280.68,276.62
SPY,2019-06-05,282.96,282.99,280.32
SPY,2019-06-06,284.8,285.55,282.57
SPY,2019-06-07,287.65,288.85,285.74
SPY,2019-06-10,288.97,290.82,288.8734
SPY,2019-06-11,288.9,291.4,288.1805
SPY,2019-06-12,288.39,289.26,287.815
SPY,2019-06-13,289.58,289.98,288.62
SPY,2019-06-14,289.26,289.93,288.41
SPY,2019-06-17,289.37,290.22,289.18
SPY,2019-06-18,292.4,293.57,290.99
SPY,2019-06-19,293.06,293.65,291.47
SPY,2019-06-20,295.86,296.3093,293.1255
SPY,2019-06-21,294.0,295.52,293.76
SPY,2019-06-24,293.64,294.58,293.47
SPY,2019-06-25,290.76,293.73,290.64
SPY,2019-06-26,290.47,292.31,290.345
SPY,2019-06-27,291.5,292.06,290.89
SPY,2019-06-28,293.0,293.55,292.01
SPY,2019-07-01,295.66,296.92,294.33
SPY,2019-07-02,296.43,296.49,291.21
SPY,2019-07-03,298.8,298.82,297.02
SPY,2019-07-05,298.46,298.64,296.01
SPY,2019-07-08,296.82,297.35,296.22
SPY,2019-07-09,297.19,297.52,295.48
SPY,2019-07-10,298.61,299.66,297.78
SPY,2019-07-11,299.31,299.58,298.2
SPY,2019-07-12,300.65,300.73,299.51
SPY,2019-07-15,300.75,301.13,300.19
SPY,2019-07-16,299.71,300.88,299.44
SPY,2019-07-17,297.74,299.93,297.74
SPY,2019-07-18,298.83,299.25,296.7
SPY,2019-07-19,297.17,300.07,296.96
SPY,2019-07-22,297.9,298.5,297.04
SPY,2019-07-23,300.03,300.03,298.22
SPY,2019-07-24,301.44,301.44,299.09
SPY,2019-07-25,300.0,301.0,299.11
SPY,2019-07-26,302.01,302.23,300.62
SPY,2019-07-29,301.46,302.01,300.85
SPY,2019-07-30,300.72,301.17,299.49
SPY,2019-07-31,297.43,301.2,295.2
SPY,2019-08-01,294.84,300.87,293.96
SPY,2019-08-02,292.62,294.12,290.9
SPY,2019-08-05,283.82,288.21,281.72
SPY,2019-08-06,287.8,288.04,284.28
SPY,2019-08-07,287.97,288.82,282.04
SPY,2019-08-08,293.62,293.62,289.01
SPY,2019-08-09,291.62,293.24,289.65
SPY,2019-08-12,288.07,291.6052,287.02
SPY,2019-08-13,292.55,294.15,287.36
SPY,2019-08-14,283.9,288.74,283.76
SPY,2019-08-15,284.65,285.64,282.39
SPY,2019-08-16,288.85,289.33,284.7138
SPY,2019-08-19,292.33,293.08,291.44
SPY,2019-08-20,290.09,292.36,289.95
SPY,2019-08-21,292.45,292.86,291.72
SPY,2019-08-22,292.36,293.93,290.4
SPY,2019-08-23,284.85,292.76,283.47
SPY,2019-08-26,288.0,288.0,285.58
SPY,2019-08-27,286.87,289.95,286.03
SPY,2019-08-28,288.89,289.07,285.25
SPY,2019-08-29,292.58,293.16,290.61
SPY,2019-08-30,292.45,294.2399,291.42
SPY,2019-09-03,290.74,291.58,289.27
SPY,2019-09-04,294.04,294.055,292.31
SPY,2019-09-05,297.82,298.83,296.64
SPY,2019-09-06,298.05,298.76,297.42
SPY,2019-09-09,298.2,299.24,297.16
SPY,2019-09-10,298.13,298.13,295.97
SPY,2019-09-11,300.25,300.34,297.75
SPY,2019-09-12,301.29,302.46,300.41
SPY,2019-09-13,301.09,302.17,300.68
SPY,2019-09-16,300.16,300.65,299.45
SPY,2019-09-17,300.92,301.02,299.75
SPY,2019-09-18,301.1,301.22,298.24
SPY,2019-09-19,301.08,302.63,300.7103
SPY,2019-09-20,298.28,300.67,297.41
SPY,2019-09-23,298.21,299.0,297.27
SPY,2019-09-24,295.87,299.84,294.81
SPY,2019-09-25,297.62,298.11,294.33
SPY,2019-09-26,297.0,297.86,295.45
SPY,2019-09-27,295.4,297.9465,293.69
SPY,2019-09-30,296.77,297.55,295.92
SPY,2019-10-01,293.24,298.455,293.0
SPY,2019-10-02,288.06,291.51,286.64
SPY,2019-10-03,290.42,290.45,284.82
SPY,2019-10-04,294.35,294.63,290.82
SPY,2019-10-07,293.08,295.26,292.77
SPY,2019-10-08,288.53,291.85,288.49
SPY,2019-10-09,291.27,292.3,290.06
SPY,2019-10-10,293.24,294.21,291.0
SPY,2019-10-11,296.28,298.74,296.1448
SPY,2019-10-14,295.95,296.67,295.57
SPY,2019-10-15,298.88,299.7,296.97
SPY,2019-10-16,298.4,299.16,297.92
SPY,2019-10-17,299.28,300.24,298.515
SPY,2019-10-18,297.97,299.395,296.99
SPY,2019-10-21,299.99,300.21,298.935
SPY,2019-10-22,299.01,300.9,298.91
SPY,2019-10-23,299.88,299.94,298.495
SPY,2019-10-24,300.37,301.07,299.4601
SPY,2019-10-25,301.6,302.2,299.69
SPY,2019-10-28,303.3,303.85,302.91
SPY,2019-10-29,303.21,304.23,302.86
SPY,2019-10-30,304.14,304.55,301.99
SPY,2019-10-31,303.33,304.13,301.73
SPY,2019-11-01,306.14,306.19,304.74
SPY,2019-11-04,307.37,308.0,306.96
SPY,2019-11-05,307.03,307.9195,306.71
SPY,2019-11-06,307.1,307.4,306.06
SPY,2019-11-07,308.18,309.65,307.66
SPY,2019-11-08,308.94,308.97,307.03
SPY,2019-11-11,308.35,308.54,307.27
SPY,2019-11-12,309.0,309.99,307.7
SPY,2019-11-13,309.1,309.54,307.66
SPY,2019-11-14,309.55,309.64,308.09
SPY,2019-11-15,311.79,311.84,310.26
SPY,2019-11-18,312.02,312.28,311.03
SPY,2019-11-19,311.93,312.69,311.22
SPY,2019-11-20,310.77,311.85,309.06
SPY,2019-11-21,310.27,311.01,309.39
SPY,2019-11-22,310.96,311.24,309.85
SPY,2019-11-25,313.37,313.37,311.98
SPY,2019-11-26,314.08,314.28,313.06
SPY,2019-11-27,315.48,315.48,314.37
SPY,2019-11-29,314.31,315.13,314.06
SPY,2019-12-02,311.64,314.66,311.17
SPY,2019-12-03,309.55,309.64,307.13
SPY,2019-12-04,311.46,312.12,310.32
SPY,2019-12-05,312.02,312.25,310.58
SPY,2019-12-06,314.87,315.31,314.11
SPY,2019-12-09,313.88,315.18,313.8
SPY,2019-12-10,313.53,314.55,312.81
SPY,2019-12-11,314.42,314.7,313.5312
SPY,2019-12-12,317.13,317.99,314.17
SPY,2019-12-13,317.32,318.67,316.02
SPY,2019-12-16,319.5,320.15,319.17
SPY,2019-12-17,319.57,320.25,319.48
SPY,2019-12-18,319.59,320.25,319.53
SPY,2019-12-19,320.9,320.98,319.75
SPY,2019-12-20,320.73,321.08,320.37
SPY,2019-12-23,321.22,321.65,321.06
SPY,2019-12-24,321.23,321.52,320.9
SPY,2019-12-26,322.94,322.95,321.64
SPY,2019-12-27,322.86,323.8,322.28
SPY,2019-12-30,321.08,323.1,320.55
SPY,2020-01-02,324.87,324.89,322.53
SPY,2020-01-03,322.41,323.64,321.1
SPY,2020-01-06,323.64,323.73,320.36
SPY,2020-01-07,322.73,323.54,322.24
SPY,2020-01-08,324.45,325.78,322.67
SPY,2020-01-09,326.65,326.73,325.52
SPY,2020-01-10,325.71,327.46,325.2
SPY,2020-01-13,327.95,327.96,325.92
SPY,2020-01-14,327.45,328.62,326.844
SPY,2020-01-15,328.19,329.02,327.26
SPY,2020-01-16,330.92,330.92,329.45
SPY,2020-01-17,331.95,332.18,331.07
SPY,2020-01-21,331.3,332.18,330.82
SPY,2020-01-22,331.34,332.95,331.17
SPY,2020-01-23,331.72,332.1682,329.41
SPY,2020-01-24,328.77,332.53,327.36
SPY,2020-01-27,323.5,325.12,322.66
SPY,2020-01-28,326.89,327.85,324.55
SPY,2020-01-29,326.62,328.63,326.4
SPY,2020-01-30,327.68,327.91,323.54
SPY,2020-01-31,321.73,327.17,320.73
SPY,2020-02-03,324.12,326.16,323.22
SPY,2020-02-04,329.06,330.01,327.72
SPY,2020-02-05,332.86,333.09,330.67
SPY,2020-02-06,333.98,334.19,332.8
SPY,2020-02-07,332.2,333.62,331.6
SPY,2020-02-10,334.68,334.75,331.19
SPY,2020-02-11,335.26,337.02,334.75
SPY,2020-02-12,337.42,337.65,336.43
SPY,2020-02-13,337.06,338.12,335.56
SPY,2020-02-14,337.6,337.73,336.2
SPY,2020-02-18,336.73,337.17,335.21
SPY,2020-02-19,338.34,339.08,337.48
SPY,2020-02-20,336.95,338.64,333.6817
SPY,2020-02-21,333.48,335.81,332.58
SPY,2020-02-24,322.42,325.85,321.24
SPY,2020-02-25,312.65,324.61,311.69
SPY,2020-02-26,311.5,318.11,310.7
SPY,2020-02-27,297.51,306.94,297.51
SPY,2020-02-28,296.26,296.26,285.54
SPY,2020-03-02,309.09,309.16,294.46
SPY,2020-03-03,300.24,313.84,297.57
SPY,2020-03-04,312.86,313.1,303.33
SPY,2020-03-05,302.46,308.47,300.01
SPY,2020-03-06,297.46,298.78,290.23
SPY,2020-03-09,274.23,284.19,273.45
SPY,2020-03-10,288.42,288.52,273.5
SPY,2020-03-11,274.36,281.94,270.88
SPY,2020-03-12,248.11,266.66,247.68
SPY,2020-03-13,269.32,271.08,249.58
SPY,2020-03-16,239.85,256.9,237.36
SPY,2020-03-17,252.8,256.17,237.07
SPY,2020-03-18,240.0,248.37,228.02
SPY,2020-03-19,240.51,247.38,232.22
SPY,2020-03-20,228.8,244.47,228.5
SPY,2020-03-23,222.95,229.39,218.26
SPY,2020-03-24,243.15,244.1,233.8
SPY,2020-03-25,246.79,256.35,239.75
SPY,2020-03-26,261.2,262.8,249.05
SPY,2020-03-27,253.42,260.81,251.05
SPY,2020-03-30,261.65,262.43,253.53
SPY,2020-03-31,257.75,263.33,256.22
SPY,2020-04-01,246.15,251.44,243.9
SPY,2020-04-02,251.83,252.68,244.59
SPY,2020-04-03,248.19,253.32,245.22
SPY,2020-04-06,264.86,267.0,256.725
SPY,2020-04-07,265.13,275.03,264.89
SPY,2020-04-08,274.03,276.0,265.56
SPY,2020-04-09,278.2,280.61,276.86
SPY,2020-04-13,275.66,277.51,271.41
SPY,2020-04-14,283.79,284.9,279.91
SPY,2020-04-15,277.76,279.59,275.46
SPY,2020-04-16,279.1,280.03,275.76
SPY,2020-04-17,286.64,287.3,282.4
SPY,2020-04-20,281.59,286.29,281.35
SPY,2020-04-21,273.04,278.04,272.02
SPY,2020-04-22,279.1,281.0,276.91
SPY,2020-04-23,279.08,283.94,278.75
SPY,2020-04-24,282.97,283.7,278.5
SPY,2020-04-27,287.05,288.27,284.62
SPY,2020-04-28,285.73,291.4,285.4
SPY,2020-04-29,293.21,294.88,290.41
SPY,2020-04-30,290.48,292.235,288.59
SPY,2020-05-01,282.79,286.04,281.52
SPY,2020-05-04,283.57,283.9,279.13
SPY,2020-05-05,286.19,289.25,285.75
SPY,2020-05-06,284.25,288.46,283.78
SPY,2020-05-07,287.68,289.78,287.13
SPY,2020-05-08,292.44,292.95,287.68
SPY,2020-05-11,292.5,294.0,289.88
SPY,2020-05-12,286.67,294.24,286.52
SPY,2020-05-13,281.6,287.19,278.965
SPY,2020-05-14,284.97,285.11,272.99
SPY,2020-05-15,286.28,286.33,281.34
SPY,2020-05-18,295.0,296.75,292.7
SPY,2020-05-19,291.97,296.205,291.95
SPY,2020-05-20,296.93,297.87,295.57
SPY,2020-05-21,294.88,297.67,293.6886
SPY,2020-05-22,295.44,295.63,293.22
SPY,2020-05-26,299.08,302.19,299.08
SPY,2020-05-27,303.53,303.57,296.87
SPY,2020-05-28,302.97,306.84,302.24
SPY,2020-05-29,304.32,304.96,299.47
SPY,2020-06-01,305.55,306.205,303.06
SPY,2020-06-02,308.08,308.13,305.1
SPY,2020-06-03,312.18,313.22,309.94
SPY,2020-06-04,311.36,313.0,309.08
SPY,2020-06-05,319.34,321.275,317.16
SPY,2020-06-08,323.2,323.41,319.63
SPY,2020-06-09,320.79,322.365,319.36
SPY,2020-06-10,319.0,322.39,318.2209
SPY,2020-06-11,300.61,312.15,300.01
SPY,2020-06-12,304.21,309.08,298.6
SPY,2020-06-15,307.05,308.28,296.74
SPY,2020-06-16,312.96,315.64,307.67
SPY,2020-06-17,311.66,314.39,310.86
SPY,2020-06-18,311.78,312.3,309.51
SPY,2020-06-19,308.64,314.38,306.53
SPY,2020-06-22,310.62,311.05,306.75
SPY,2020-06-23,312.05,314.5,311.6101
SPY,2020-06-24,304.09,310.51,302.1
SPY,2020-06-25,307.35,307.64,301.28
SPY,2020-06-26,300.05,306.39,299.42
SPY,2020-06-29,304.46,304.61,298.93
SPY,2020-06-30,308.36,310.2,303.82
SPY,2020-07-01,310.52,311.89,309.07
SPY,2020-07-02,312.23,315.7,311.51
SPY,2020-07-06,317.05,317.68,315.56
SPY,2020-07-07,313.78,317.52,313.37
SPY,2020-07-08,316.18,316.3,312.7
SPY,2020-07-09,314.38,317.1,310.68
SPY,2020-07-10,317.59,317.88,312.76
SPY,2020-07-13,314.84,322.71,314.13
SPY,2020-07-14,318.92,319.76,312.0
SPY,2020-07-15,321.85,323.04,319.265
SPY,2020-07-16,320.79,321.28,319.09
SPY,2020-07-17,321.72,322.57,319.735
SPY,2020-07-20,324.32,325.13,320.62
SPY,2020-07-21,325.01,326.93,323.94
SPY,2020-07-22,326.86,327.2,324.5
SPY,2020-07-23,322.96,327.23,321.48
SPY,2020-07-24,320.88,321.99,319.246
SPY,2020-07-27,323.22,323.41,320.775
SPY,2020-07-28,321.17,323.64,320.85
SPY,2020-07-29,325.12,325.73,322.075
SPY,2020-07-30,323.96,324.41,319.64
SPY,2020-07-31,326.52,326.63,321.33
SPY,2020-08-03,328.79,329.62,327.73
SPY,2020-08-04,330.06,330.06,327.86
SPY,2020-08-05,332.11,332.39,331.18
SPY,2020-08-06,334.33,334.46,331.13
SPY,2020-08-07,334.57,334.88,332.3
SPY,2020-08-10,335.57,335.77,332.955
SPY,2020-08-11,332.8,337.54,332.01
SPY,2020-08-12,337.44,338.28,335.43
SPY,2020-08-13,336.83,338.2514,335.83
SPY,2020-08-14,336.84,337.42,335.62
SPY,2020-08-17,337.91,338.34,337.48
SPY,2020-08-18,338.64,339.1,336.61
SPY,2020-08-19,337.23,339.61,336.62
SPY,2020-08-20,338.28,338.8,335.22
SPY,2020-08-21,339.48,339.72,337.55
SPY,2020-08-24,342.92,343.0,341.06
SPY,2020-08-25,344.12,344.21,342.27
SPY,2020-08-26,347.57,347.86,344.17
SPY,2020-08-27,348.33,349.9,346.53
SPY,2020-08-28,350.58,350.72,348.15
SPY,2020-08-31,349.31,351.3,349.06
SPY,2020-09-01,352.6,352.71,349.24
SPY,2020-09-02,357.7,358.75,353.43
SPY,2020-09-03,345.39,356.38,342.59
SPY,2020-09-04,342.57,347.83,334.87
SPY,2020-09-08,333.21,338.06,332.88
SPY,2020-09-09,339.79,342.46,336.61
SPY,2020-09-10,333.89,342.53,332.85
SPY,2020-09-11,334.06,336.97,331.0
SPY,2020-09-14,338.46,340.38,336.93
SPY,2020-09-15,340.17,342.02,339.02
SPY,2020-09-16,338.82,343.06,338.52
SPY,2020-09-17,335.84,337.6996,332.991
SPY,2020-09-18,330.65,335.49,327.97
SPY,2020-09-21,326.97,327.13,321.73
SPY,2020-09-22,330.3,330.9,325.86
SPY,2020-09-23,322.64,331.2,322.1
SPY,2020-09-24,323.5,326.797,319.8
SPY,2020-09-25,328.73,329.58,321.64
SPY,2020-09-28,334.19,334.96,332.15
SPY,2020-09-29,332.37,334.77,331.6209
SPY,2020-09-30,334.89,338.29,332.88
SPY,2020-10-01,337.04,338.74,335.01
SPY,2020-10-02,333.84,335.92,331.19
SPY,2020-10-05,339.76,339.96,336.01
SPY,2020-10-06,334.93,342.17,334.38
SPY,2020-10-07,340.76,341.63,338.09
SPY,2020-10-08,343.78,343.85,341.86
SPY,2020-10-09,346.85,347.35,344.89
SPY,2020-10-12,352.43,354.02,349.06
SPY,2020-10-13,350.13,352.44,349.09
SPY,2020-10-14,347.93,351.93,347.14
SPY,2020-10-15,347.5,348.02,343.13
SPY,2020-10-16,347.29,350.75,347.1
SPY,2020-10-19,342.01,349.33,341.04
SPY,2020-10-20,343.38,346.88,342.64
SPY,2020-10-21,342.73,348.6847,342.4
SPY,2020-10-22,344.61,345.24,340.65
SPY,2020-10-23,345.78,345.99,343.13
SPY,2020-10-26,339.39,342.98,335.62
SPY,2020-10-27,338.22,340.12,337.99
SPY,2020-10-28,326.66,332.84,326.13
SPY,2020-10-29,329.98,333.395,325.09
SPY,2020-10-30,326.54,329.69,322.6
SPY,2020-11-02,330.2,332.36,327.24
SPY,2020-11-03,336.03,338.25,333.17
SPY,2020-11-04,343.54,347.94,339.59
SPY,2020-11-05,350.24,352.19,348.86
SPY,2020-11-06,350.16,351.51,347.65
SPY,2020-11-09,354.56,364.38,354.06
SPY,2020-11-10,354.04,355.18,350.51
SPY,2020-11-11,356.67,357.56,355.06
SPY,2020-11-12,353.21,356.42,351.26
SPY,2020-11-13,358.1,358.9,354.71
SPY,2020-11-16,362.57,362.78,359.59
SPY,2020-11-17,360.62,361.92,358.34
SPY,2020-11-18,356.28,361.5,356.24
SPY,2020-11-19,357.78,358.18,354.15
SPY,2020-11-20,355.33,357.72,355.25
SPY,2020-11-23,357.46,358.82,354.865
SPY,2020-11-24,363.22,363.81,359.29
SPY,2020-11-25,362.66,363.16,361.48
SPY,2020-11-27,363.67,364.18,362.58
SPY,2020-11-30,362.06,363.12,359.17
SPY,2020-12-01,366.02,367.68,364.93
SPY,2020-12-02,366.79,366.96,364.2
SPY,2020-12-03,366.69,368.19,365.5
SPY,2020-12-04,369.85,369.85,367.22
SPY,2020-12-07,369.09,369.62,367.72
SPY,2020-12-08,370.17,370.78,367.67
SPY,2020-12-09,366.85,371.05,365.95
SPY,2020-12-10,366.73,367.86,364.43
SPY,2020-12-11,366.3,366.58,363.26
SPY,2020-12-14,364.66,369.8,364.47
SPY,2020-12-15,369.59,369.59,365.92
SPY,2020-12-16,370.17,371.16,368.8676
SPY,2020-12-17,372.24,372.46,371.05
SPY,2020-12-18,369.18,371.15,367.02
SPY,2020-12-21,367.86,378.46,362.03
SPY,2020-12-22,367.24,368.3317,366.03
SPY,2020-12-23,367.57,369.62,367.39
SPY,2020-12-24,369.0,369.03,367.45
SPY,2020-12-28,372.17,372.59,371.07
SPY,2020-12-29,371.46,374.0,370.83
SPY,2020-12-30,371.99,373.1,371.57
SPY,2020-12-31,373.88,374.66,371.232
SPY,2021-01-04,368.79,375.45,364.82
SPY,2021-01-05,371.33,372.5,368.05
SPY,2021-01-06,373.55,376.98,369.12
SPY,2021-01-07,379.1,379.9,375.91
SPY,2021-01-08,381.26,381.49,377.1
SPY,2021-01-11,378.69,380.58,377.7189
SPY,2021-01-12,378.77,379.86,376.36
SPY,2021-01-13,379.79,380.86,377.85
SPY,2021-01-14,378.46,381.13,378.1
SPY,2021-01-15,375.7,377.58,373.7
SPY,2021-01-19,378.65,379.23,376.75
SPY,2021-01-20,383.89,384.79,380.69
SPY,2021-01-21,384.24,384.95,383.25
SPY,2021-01-22,382.88,384.08,381.835
SPY,2021-01-25,384.39,384.77,378.46
SPY,2021-01-26,383.79,385.85,383.54
SPY,2021-01-27,374.41,380.32,372.01
SPY,2021-01-28,377.63,381.93,375.89
SPY,2021-01-29,370.07,376.67,368.27
SPY,2021-02-01,376.23,377.34,371.42
SPY,2021-02-02,381.55,383.22,379.6
SPY,2021-02-03,381.85,383.7,380.48
SPY,2021-02-04,386.19,386.24,382.78
SPY,2021-02-05,387.71,388.47,386.485
SPY,2021-02-08,390.51,390.56,388.35
SPY,2021-02-09,390.25,390.89,389.17
SPY,2021-02-10,390.08,392.28,387.5
SPY,2021-02-11,390.71,391.69,388.1
SPY,2021-02-12,392.64,392.9,389.77
SPY,2021-02-16,392.3,394.17,391.53
SPY,2021-02-17,392.39,392.66,389.33
SPY,2021-02-18,390.72,391.515,387.74
SPY,2021-02-19,390.03,392.38,389.55
SPY,2021-02-22,387.03,389.62,386.74
SPY,2021-02-23,387.5,388.945,380.2
SPY,2021-02-24,391.77,392.23,385.27
SPY,2021-02-25,382.33,391.88,380.7789
SPY,2021-02-26,380.36,385.58,378.23
SPY,2021-03-01,389.58,390.92,385.54
SPY,2021-03-02,386.54,390.07,386.0
SPY,2021-03-03,381.42,386.83,381.31
SPY,2021-03-04,376.7,384.0,371.88
SPY,2021-03-05,383.63,384.76,372.64
SPY,2021-03-08,381.72,387.68,381.42
SPY,2021-03-09,387.17,389.91,385.31
SPY,2021-03-10,389.58,391.4,388.1702
SPY,2021-03-11,393.53,395.65,391.74
SPY,2021-03-12,394.06,394.21,391.2
SPY,2021-03-15,396.41,396.685,392.03
SPY,2021-03-16,395.91,397.83,395.08
SPY,2021-03-17,397.26,398.12,393.3
SPY,2021-03-18,391.48,396.72,390.75
SPY,2021-03-19,389.48,391.569,387.15
SPY,2021-03-22,392.59,394.07,389.97
SPY,2021-03-23,389.5,393.46,388.66
SPY,2021-03-24,387.52,392.75,387.47
SPY,2021-03-25,389.7,390.55,383.9
SPY,2021-03-26,395.98,396.41,390.29
SPY,2021-03-29,395.78,396.75,392.81
SPY,2021-03-30,394.73,395.45,393.02
SPY,2021-03-31,396.33,398.0,395.31
SPY,2021-04-01,400.61,400.67,398.18
SPY,2021-04-05,406.36,406.94,403.38
SPY,2021-04-06,406.12,407.24,405.4
SPY,2021-04-07,406.59,406.96,405.45
SPY,2021-04-08,408.52,408.58,406.93
SPY,2021-04-09,411.49,411.67,408.26
SPY,2021-04-12,411.64,411.93,410.2
SPY,2021-04-13,412.86,413.529,411.12
SPY,2021-04-14,411.45,413.96,410.87
SPY,2021-04-15,415.87,416.16,413.69
SPY,2021-04-16,417.26,417.91,415.73
SPY,2021-04-19,415.21,416.74,413.79
SPY,2021-04-20,412.17,414.68,410.59
SPY,2021-04-21,416.07,416.29,411.36
SPY,2021-04-22,412.27,416.78,411.13
SPY,2021-04-23,416.74,418.25,412.79
SPY,2021-04-26,417.61,418.22,416.97
SPY,2021-04-27,417.52,418.14,416.3
SPY,2021-04-28,417.4,419.01,416.9
SPY,2021-04-29,420.06,420.72,416.44
SPY,2021-04-30,417.3,418.54,416.34
SPY,2021-05-03,418.2,419.84,417.665
SPY,2021-05-04,415.62,416.6,411.67
SPY,2021-05-05,415.75,417.63,414.94
SPY,2021-05-06,419.07,419.21,413.675
SPY,2021-05-07,422.12,422.815,419.16
SPY,2021-05-10,417.94,422.74,417.81
SPY,2021-05-11,414.21,415.27,410.06
SPY,2021-05-12,405.41,412.59,404.0
SPY,2021-05-13,410.28,412.35,407.02
SPY,2021-05-14,416.58,417.49,413.18
SPY,2021-05-17,415.52,416.39,413.36
SPY,2021-05-18,411.94,416.06,411.77
SPY,2021-05-19,410.86,411.05,405.33
SPY,2021-05-20,415.28,416.625,411.67
SPY,2021-05-21,414.94,418.2,414.45
SPY,2021-05-24,419.17,420.32,417.08
SPY,2021-05-25,418.24,420.71,417.62
SPY,2021-05-26,419.07,419.61,417.76
SPY,2021-05-27,419.29,420.72,419.29
SPY,2021-05-28,420.04,421.25,419.79
SPY,2021-06-01,419.67,422.72,419.2
SPY,2021-06-02,420.33,421.23,419.29
SPY,2021-06-03,418.77,419.99,416.28
SPY,2021-06-04,422.6,422.92,420.68
SPY,2021-06-07,422.19,422.78,421.19
SPY,2021-06-08,422.28,423.21,420.32
SPY,2021-06-09,421.65,423.26,421.41
SPY,2021-06-10,423.61,424.63,421.55
SPY,2021-06-11,424.31,424.43,422.82
SPY,2021-06-14,425.26,425.37,423.1
SPY,2021-06-15,424.48,425.46,423.54
SPY,2021-06-16,422.11,424.87,419.92
SPY,2021-06-17,421.97,423.02,419.32
SPY,2021-06-18,414.92,417.8281,414.7
SPY,2021-06-21,420.86,421.06,415.93
SPY,2021-06-22,423.11,424.0,420.08
SPY,2021-06-23,422.6,424.05,422.51
SPY,2021-06-24,425.1,425.55,424.62
SPY,2021-06-25,426.61,427.0943,425.55
SPY,2021-06-28,427.47,427.65,425.89
SPY,2021-06-29,427.7,428.56,427.13
SPY,2021-06-30,428.06,428.78,427.18
SPY,2021-07-01,430.43,430.6,428.8
SPY,2021-07-02,433.72,434.1,430.52
SPY,2021-07-06,432.93,434.01,430.01
SPY,2021-07-07,434.46,434.76,431.51
SPY,2021-07-08,430.92,431.73,427.52
SPY,2021-07-09,435.52,435.84,430.71
SPY,2021-07-12,437.08,437.35,434.97
SPY,2021-07-13,435.59,437.84,435.31
SPY,2021-07-14,436.24,437.92,434.91
SPY,2021-07-15,434.75,435.53,432.72
SPY,2021-07-16,431.34,436.06,430.92
SPY,2021-07-19,424.97,431.41,421.97
SPY,2021-07-20,431.06,432.42,424.83
SPY,2021-07-21,434.55,434.7,431.01
SPY,2021-07-22,435.46,435.72,433.69
SPY,2021-07-23,439.94,440.3,436.79
SPY,2021-07-26,441.02,441.03,439.26
SPY,2021-07-27,439.01,439.94,435.99
SPY,2021-07-28,438.83,440.3,437.31
SPY,2021-07-29,440.65,441.8,439.81
SPY,2021-07-30,438.51,440.06,437.77
SPY,2021-08-02,437.59,440.93,437.21
SPY,2021-08-03,441.15,441.28,436.1
SPY,2021-08-04,438.98,441.12,438.73
SPY,2021-08-05,441.76,441.85,439.88
SPY,2021-08-06,442.49,442.94,441.8
SPY,2021-08-09,442.13,442.795,441.31
SPY,2021-08-10,442.68,443.44,441.88
SPY,2021-08-11,443.78,443.882,442.62
SPY,2021-08-12,445.11,445.2572,442.66
SPY,2021-08-13,445.92,445.94,445.07
SPY,2021-08-16,446.97,447.11,442.87
SPY,2021-08-17,444.04,444.96,440.85
SPY,2021-08-18,439.18,444.625,438.92
SPY,2021-08-19,439.86,441.14,436.12
