symbol,date,close,high,low
SPX,2000-01-03,1455.22,1478.0,1438.36
SPX,2000-01-04,1399.42,1449.0,1397.43
SPX,2000-01-05,1402.11,1413.27,1377.68
SPX,2000-01-06,1403.45,1411.9,1392.02
SPX,2000-01-07,1441.47,1441.47,1400.73
SPX,2000-01-10,1457.6,1464.36,1441.47
SPX,2000-01-11,1438.56,1458.66,1434.42
SPX,2000-01-12,1432.25,1442.6,1427.08
SPX,2000-01-13,1449.68,1454.2,1432.55
SPX,2000-01-14,1465.15,1473.0,1449.68
SPX,2000-01-18,1455.14,1465.15,1451.3
SPX,2000-01-19,1455.9,1461.39,1448.68
SPX,2000-01-20,1445.57,1465.71,1438.54
SPX,2000-01-21,1441.36,1453.18,1439.6
SPX,2000-01-24,1401.91,1454.09,1395.42
SPX,2000-01-25,1410.03,1414.26,1388.49
SPX,2000-01-26,1404.09,1412.73,1400.16
SPX,2000-01-27,1398.56,1418.86,1380.71
SPX,2000-01-28,1360.16,1397.73,1356.2
SPX,2000-01-31,1394.46,1394.5,1350.05
SPX,2000-02-01,1409.28,1412.49,1384.79
SPX,2000-02-02,1409.12,1420.61,1403.49
SPX,2000-02-03,1424.97,1425.78,1398.52
SPX,2000-02-04,1424.37,1435.91,1420.63
SPX,2000-02-07,1423.0,1427.15,1413.33
SPX,2000-02-08,1441.75,1441.83,1424.24
SPX,2000-02-09,1411.71,1444.55,1411.65
SPX,2000-02-10,1416.83,1422.1,1406.43
SPX,2000-02-11,1387.12,1416.38,1378.89
SPX,2000-02-14,1389.94,1394.93,1380.53
SPX,2000-02-15,1402.05,1407.72,1376.25
SPX,2000-02-16,1387.67,1404.55,1385.58
SPX,2000-02-17,1388.25,1399.88,1380.07
SPX,2000-02-18,1346.09,1388.59,1345.32
SPX,2000-02-22,1352.17,1358.11,1331.88
SPX,2000-02-23,1360.69,1370.11,1342.44
SPX,2000-02-24,1353.43,1364.8,1329.88
SPX,2000-02-25,1333.36,1362.14,1329.15
SPX,2000-02-28,1348.05,1360.82,1325.02
SPX,2000-02-29,1366.42,1369.63,1348.05
SPX,2000-03-01,1379.19,1383.46,1366.83
SPX,2000-03-02,1381.76,1386.56,1370.35
SPX,2000-03-03,1409.17,1410.88,1386.77
SPX,2000-03-06,1391.28,1409.74,1384.75
SPX,2000-03-07,1355.62,1399.21,1349.99
SPX,2000-03-08,1366.7,1373.79,1346.62
SPX,2000-03-09,1401.69,1401.82,1357.59
SPX,2000-03-10,1395.07,1413.46,1392.07
SPX,2000-03-13,1383.62,1398.39,1364.84
SPX,2000-03-14,1359.15,1395.38,1359.15
SPX,2000-03-15,1392.14,1397.99,1356.99
SPX,2000-03-16,1458.47,1458.47,1394.9
SPX,2000-03-17,1464.47,1477.33,1453.27
SPX,2000-03-20,1456.63,1470.74,1448.43
SPX,2000-03-21,1493.87,1493.92,1446.06
SPX,2000-03-22,1500.64,1505.08,1500.64
SPX,2000-03-23,1527.35,1532.5,1492.39
SPX,2000-03-24,1527.46,1552.87,1516.83
SPX,2000-03-27,1523.86,1534.63,1518.46
SPX,2000-03-28,1507.73,1527.36,1507.09
SPX,2000-03-29,1508.52,1521.45,1497.45
SPX,2000-03-30,1487.92,1517.38,1474.63
SPX,2000-03-31,1498.58,1519.81,1484.38
SPX,2000-04-03,1505.97,1507.19,1486.96
SPX,2000-04-04,1494.73,1526.45,1416.41
SPX,2000-04-05,1487.37,1506.55,1478.05
SPX,2000-04-06,1501.34,1511.76,1487.37
SPX,2000-04-07,1516.35,1518.68,1503.05
SPX,2000-04-10,1504.46,1527.19,1503.35
SPX,2000-04-11,1500.59,1512.8,1486.84
SPX,2000-04-12,1467.17,1509.1,1466.15
SPX,2000-04-13,1440.51,1477.52,1439.34
SPX,2000-04-14,1357.31,1436.67,1339.4
SPX,2000-04-17,1401.44,1401.53,1346.5
SPX,2000-04-18,1441.61,1441.61,1397.81
SPX,2000-04-19,1427.47,1447.69,1424.26
SPX,2000-04-20,1434.54,1435.49,1422.08
SPX,2000-04-24,1429.86,1434.54,1407.13
SPX,2000-04-25,1477.14,1477.67,1438.42
SPX,2000-04-26,1460.99,1482.94,1456.98
SPX,2000-04-27,1464.92,1469.21,1434.81
SPX,2000-04-28,1452.43,1473.62,1448.15
SPX,2000-05-01,1468.25,1481.51,1456.3
SPX,2000-05-02,1446.29,1467.58,1445.22
SPX,2000-05-03,1415.1,1444.21,1398.36
SPX,2000-05-04,1409.38,1420.99,1404.94
SPX,2000-05-05,1432.63,1436.03,1405.08
SPX,2000-05-08,1424.17,1432.63,1417.05
SPX,2000-05-09,1412.14,1430.28,1401.85
SPX,2000-05-10,1383.05,1410.53,1375.14
SPX,2000-05-11,1407.81,1410.26,1386.88
SPX,2000-05-12,1420.96,1430.13,1408.29
SPX,2000-05-15,1452.36,1452.39,1416.54
SPX,2000-05-16,1466.04,1470.4,1450.76
SPX,2000-05-17,1447.8,1466.04,1441.67
SPX,2000-05-18,1437.21,1458.04,1436.59
SPX,2000-05-19,1406.95,1433.74,1401.74
SPX,2000-05-22,1400.72,1410.55,1368.73
SPX,2000-05-23,1373.86,1404.04,1373.6
SPX,2000-05-24,1399.05,1401.75,1361.09
SPX,2000-05-26,1378.02,1391.42,1369.75
SPX,2000-05-30,1422.45,1422.45,1382.65
SPX,2000-05-31,1420.6,1434.49,1415.5
SPX,2000-06-01,1448.81,1448.81,1425.53
SPX,2000-06-02,1477.26,1483.23,1460.23
SPX,2000-06-05,1467.63,1477.28,1464.68
SPX,2000-06-06,1457.84,1471.36,1454.74
SPX,2000-06-07,1471.36,1474.64,1455.06
SPX,2000-06-08,1461.67,1475.65,1456.49
SPX,2000-06-09,1456.95,1472.67,1454.96
SPX,2000-06-12,1446.0,1462.95,1446.0
SPX,2000-06-13,1469.44,1470.42,1442.38
SPX,2000-06-14,1470.54,1483.62,1467.71
SPX,2000-06-15,1478.6,1482.04,1464.62
SPX,2000-06-16,1464.46,1480.77,1460.42
SPX,2000-06-19,1486.0,1488.93,1459.05
SPX,2000-06-20,1475.95,1487.32,1470.18
SPX,2000-06-21,1479.13,1482.19,1468.0
SPX,2000-06-22,1452.18,1478.19,1448.03
SPX,2000-06-23,1441.48,1459.94,1438.31
SPX,2000-06-26,1455.25,1459.66,1443.65
SPX,2000-06-27,1450.55,1463.44,1450.55
SPX,2000-06-28,1454.82,1467.6,1451.51
SPX,2000-06-29,1442.39,1455.14,1434.63
SPX,2000-06-30,1454.6,1454.68,1438.71
SPX,2000-07-03,1469.32,1469.58,1450.85
SPX,2000-07-05,1446.23,1468.63,1442.45
SPX,2000-07-06,1456.67,1461.65,1439.56
SPX,2000-07-07,1478.9,1484.12,1457.48
SPX,2000-07-10,1475.62,1486.56,1474.76
SPX,2000-07-11,1480.88,1488.77,1470.48
SPX,2000-07-12,1492.92,1497.69,1485.26
SPX,2000-07-13,1495.84,1501.39,1489.65
SPX,2000-07-14,1509.98,1509.99,1494.56
SPX,2000-07-17,1510.49,1517.32,1505.26
SPX,2000-07-18,1493.74,1507.64,1491.35
SPX,2000-07-19,1481.96,1495.63,1479.92
SPX,2000-07-20,1495.47,1501.92,1483.9
SPX,2000-07-21,1480.19,1495.57,1477.91
SPX,2000-07-24,1464.29,1485.88,1463.8
SPX,2000-07-25,1474.47,1476.23,1464.29
SPX,2000-07-26,1452.42,1472.08,1452.42
SPX,2000-07-27,1449.62,1464.91,1445.33
SPX,2000-07-28,1419.89,1456.68,1413.89
SPX,2000-07-31,1430.83,1437.65,1418.71
SPX,2000-08-01,1438.1,1443.54,1428.96
SPX,2000-08-02,1438.7,1451.59,1433.49
SPX,2000-08-03,1452.56,1454.19,1425.43
SPX,2000-08-04,1462.93,1462.93,1451.31
SPX,2000-08-07,1479.32,1480.8,1460.72
SPX,2000-08-08,1482.81,1484.4,1472.53
SPX,2000-08-09,1472.87,1490.37,1471.32
SPX,2000-08-10,1460.25,1475.19,1459.85
SPX,2000-08-11,1471.84,1475.72,1453.06
SPX,2000-08-14,1491.56,1491.64,1468.56
SPX,2000-08-15,1484.43,1493.12,1482.74
SPX,2000-08-16,1479.85,1496.09,1475.74
SPX,2000-08-17,1496.07,1499.32,1479.85
SPX,2000-08-18,1491.72,1499.47,1488.99
SPX,2000-08-21,1499.48,1502.84,1491.13
SPX,2000-08-22,1498.13,1508.45,1497.42
SPX,2000-08-23,1505.97,1507.2,1489.52
SPX,2000-08-24,1508.31,1511.16,1501.25
SPX,2000-08-25,1506.46,1513.47,1505.09
SPX,2000-08-28,1514.09,1523.95,1506.72
SPX,2000-08-29,1509.84,1514.89,1505.48
SPX,2000-08-30,1502.59,1510.49,1500.09
SPX,2000-08-31,1517.68,1525.21,1504.44
SPX,2000-09-01,1520.77,1530.09,1515.53
SPX,2000-09-05,1507.08,1517.1,1503.75
SPX,2000-09-06,1492.25,1512.61,1492.12
SPX,2000-09-07,1502.51,1505.34,1494.01
SPX,2000-09-08,1494.5,1502.51,1489.88
SPX,2000-09-11,1487.85,1506.76,1483.01
SPX,2000-09-12,1481.99,1496.93,1479.67
SPX,2000-09-13,1484.91,1487.45,1473.61
SPX,2000-09-14,1480.87,1494.16,1476.73
SPX,2000-09-15,1465.81,1480.96,1460.22
SPX,2000-09-18,1444.51,1467.77,1441.92
SPX,2000-09-19,1459.9,1461.16,1446.05
SPX,2000-09-20,1451.34,1460.49,1430.95
SPX,2000-09-21,1449.05,1452.77,1436.3
SPX,2000-09-22,1448.72,1448.72,1421.08
SPX,2000-09-25,1439.03,1457.42,1435.93
SPX,2000-09-26,1427.21,1448.04,1425.25
SPX,2000-09-27,1426.57,1437.22,1419.44
SPX,2000-09-28,1458.29,1461.69,1425.78
SPX,2000-09-29,1436.51,1456.98,1436.29
SPX,2000-10-02,1436.23,1445.6,1429.83
SPX,2000-10-03,1426.46,1454.82,1425.28
SPX,2000-10-04,1434.32,1439.99,1416.31
SPX,2000-10-05,1436.28,1444.17,1431.8
SPX,2000-10-06,1408.99,1443.3,1397.06
SPX,2000-10-09,1402.03,1409.69,1392.48
SPX,2000-10-10,1385.94,1408.83,1383.85
SPX,2000-10-11,1364.59,1381.97,1349.67
SPX,2000-10-12,1329.78,1374.93,1328.06
SPX,2000-10-16,1374.62,1379.48,1365.06
SPX,2000-10-17,1349.97,1380.99,1342.34
SPX,2000-10-18,1342.13,1356.65,1305.79
SPX,2000-10-19,1388.76,1389.93,1345.64
SPX,2000-10-20,1396.93,1408.47,1382.19
SPX,2000-10-23,1395.78,1406.96,1387.75
SPX,2000-10-24,1398.13,1415.64,1388.13
SPX,2000-10-25,1364.9,1393.29,1362.21
SPX,2000-10-26,1364.44,1372.72,1337.77
SPX,2000-10-27,1379.58,1384.57,1364.13
SPX,2000-10-30,1398.66,1406.36,1376.86
SPX,2000-10-31,1429.4,1432.22,1401.18
SPX,2000-11-01,1421.22,1429.6,1410.45
SPX,2000-11-02,1428.32,1433.27,1421.13
SPX,2000-11-03,1426.69,1433.21,1420.92
SPX,2000-11-06,1432.19,1438.46,1427.72
SPX,2000-11-07,1431.87,1436.22,1423.26
SPX,2000-11-08,1409.28,1437.28,1408.78
SPX,2000-11-09,1400.14,1408.65,1369.68
SPX,2000-11-10,1365.98,1393.22,1365.97
SPX,2000-11-13,1351.26,1365.98,1328.62
SPX,2000-11-14,1382.95,1390.06,1361.66
SPX,2000-11-15,1390.04,1395.96,1374.75
SPX,2000-11-16,1372.32,1394.68,1370.4
SPX,2000-11-17,1367.72,1384.85,1355.55
SPX,2000-11-20,1342.62,1360.31,1341.67
SPX,2000-11-21,1347.35,1355.87,1333.62
SPX,2000-11-22,1322.36,1346.66,1321.89
SPX,2000-11-24,1341.77,1343.83,1328.84
SPX,2000-11-27,1348.97,1362.5,1341.77
SPX,2000-11-28,1336.09,1358.81,1334.97
SPX,2000-11-29,1341.93,1352.38,1329.28
SPX,2000-11-30,1314.95,1334.55,1294.9
SPX,2000-12-01,1315.23,1334.67,1307.02
SPX,2000-12-04,1324.97,1332.06,1310.23
SPX,2000-12-05,1376.54,1376.56,1333.47
SPX,2000-12-06,1351.46,1376.01,1346.15
SPX,2000-12-07,1343.55,1353.5,1339.26
SPX,2000-12-08,1369.89,1380.33,1353.1
SPX,2000-12-11,1380.2,1389.05,1364.14
SPX,2000-12-12,1371.18,1380.27,1370.27
SPX,2000-12-13,1359.99,1385.82,1358.48
SPX,2000-12-14,1340.93,1359.68,1340.48
SPX,2000-12-15,1312.15,1336.59,1305.38
SPX,2000-12-18,1322.74,1332.32,1316.32
SPX,2000-12-19,1305.6,1346.44,1305.2
SPX,2000-12-20,1264.74,1305.6,1261.16
SPX,2000-12-21,1274.86,1285.31,1254.07
SPX,2000-12-22,1305.95,1305.97,1279.47
SPX,2000-12-26,1315.19,1315.94,1301.64
SPX,2000-12-27,1328.92,1332.03,1310.96
SPX,2000-12-28,1334.21,1335.93,1325.78
SPX,2000-12-29,1320.28,1340.1,1317.51
SPX,2001-01-02,1283.27,1320.28,1276.05
SPX,2001-01-03,1347.56,1347.76,1274.62
SPX,2001-01-04,1333.34,1350.24,1329.14
SPX,2001-01-05,1298.35,1334.77,1294.95
SPX,2001-01-08,1295.86,1296.97,1276.29
SPX,2001-01-09,1300.8,1311.72,1295.14
SPX,2001-01-10,1313.27,1313.76,1287.28
SPX,2001-01-11,1326.82,1332.19,1300.8
SPX,2001-01-12,1318.55,1333.21,1311.59
SPX,2001-01-16,1326.65,1327.81,1313.33
SPX,2001-01-17,1329.47,1346.92,1325.41
SPX,2001-01-18,1347.97,1352.71,1327.41
SPX,2001-01-19,1342.55,1354.55,1336.74
SPX,2001-01-22,1342.9,1353.62,1333.84
SPX,2001-01-23,1360.4,1362.9,1339.63
SPX,2001-01-24,1364.3,1369.75,1357.28
SPX,2001-01-25,1357.51,1367.35,1354.63
SPX,2001-01-26,1354.95,1357.48,1342.75
SPX,2001-01-29,1364.17,1365.54,1350.36
SPX,2001-01-30,1373.73,1375.68,1356.2
SPX,2001-01-31,1366.01,1383.37,1364.66
SPX,2001-02-01,1373.47,1373.5,1359.34
SPX,2001-02-02,1349.47,1376.38,1348.72
SPX,2001-02-05,1354.31,1354.56,1344.48
SPX,2001-02-06,1352.26,1363.55,1350.04
SPX,2001-02-07,1340.89,1351.8,1334.26
SPX,2001-02-08,1332.53,1350.32,1332.42
SPX,2001-02-09,1314.76,1330.39,1309.98
SPX,2001-02-12,1330.31,1330.96,1313.64
SPX,2001-02-13,1318.8,1336.62,1317.51
SPX,2001-02-14,1315.92,1320.73,1304.72
SPX,2001-02-15,1326.61,1331.29,1315.92
SPX,2001-02-16,1301.53,1314.31,1293.18
SPX,2001-02-20,1278.94,1307.16,1278.44
SPX,2001-02-21,1255.27,1282.97,1253.16
SPX,2001-02-22,1252.82,1259.94,1228.33
SPX,2001-02-23,1245.86,1250.06,1215.44
SPX,2001-02-26,1267.65,1267.69,1241.71
SPX,2001-02-27,1257.94,1272.76,1252.26
SPX,2001-02-28,1239.94,1263.47,1229.65
SPX,2001-03-01,1241.23,1241.36,1214.5
SPX,2001-03-02,1234.18,1251.01,1219.74
SPX,2001-03-05,1241.41,1242.55,1234.04
SPX,2001-03-06,1253.8,1267.42,1243.88
SPX,2001-03-07,1261.89,1263.86,1253.8
SPX,2001-03-08,1264.74,1266.5,1257.6
SPX,2001-03-09,1233.42,1262.1,1228.42
SPX,2001-03-12,1180.16,1228.88,1176.78
SPX,2001-03-13,1197.66,1197.83,1171.5
SPX,2001-03-14,1166.71,1197.45,1155.35
SPX,2001-03-15,1173.56,1182.04,1170.83
SPX,2001-03-16,1150.53,1170.96,1148.64
SPX,2001-03-19,1170.81,1173.5,1147.18
SPX,2001-03-20,1142.62,1180.56,1142.19
SPX,2001-03-21,1122.14,1149.39,1118.74
SPX,2001-03-22,1117.58,1124.27,1081.19
SPX,2001-03-23,1139.83,1141.83,1117.96
SPX,2001-03-26,1152.69,1160.02,1140.15
SPX,2001-03-27,1182.17,1183.35,1150.96
SPX,2001-03-28,1153.29,1178.04,1147.83
SPX,2001-03-29,1147.95,1161.69,1136.26
SPX,2001-03-30,1160.33,1162.8,1143.83
SPX,2001-04-02,1145.87,1169.51,1137.51
SPX,2001-04-03,1106.46,1144.04,1100.19
SPX,2001-04-04,1103.25,1117.5,1091.99
SPX,2001-04-05,1151.44,1151.47,1109.98
SPX,2001-04-06,1128.43,1148.44,1119.29
SPX,2001-04-09,1137.59,1146.13,1126.38
SPX,2001-04-10,1168.38,1173.92,1137.59
SPX,2001-04-11,1165.89,1182.24,1160.26
SPX,2001-04-12,1183.5,1183.51,1157.73
SPX,2001-04-16,1179.68,1184.64,1167.38
SPX,2001-04-17,1191.53,1192.25,1168.9
SPX,2001-04-18,1238.16,1248.42,1200.58
SPX,2001-04-19,1253.69,1253.71,1233.39
SPX,2001-04-20,1242.98,1252.88,1234.41
SPX,2001-04-23,1224.36,1242.36,1217.47
SPX,2001-04-24,1209.47,1233.54,1208.89
SPX,2001-04-25,1228.75,1232.36,1207.38
SPX,2001-04-26,1234.52,1248.3,1231.64
SPX,2001-04-30,1249.46,1269.3,1243.99
SPX,2001-05-01,1266.44,1266.47,1243.55
SPX,2001-05-03,1248.58,1264.43,1239.88
SPX,2001-05-04,1266.61,1267.51,1232.0
SPX,2001-05-07,1263.51,1270.0,1259.19
SPX,2001-05-08,1261.2,1267.01,1253.0
SPX,2001-05-09,1255.54,1261.65,1247.83
SPX,2001-05-10,1255.18,1268.14,1254.56
SPX,2001-05-11,1245.67,1259.84,1240.79
SPX,2001-05-14,1248.92,1249.68,1241.02
SPX,2001-05-15,1249.44,1257.45,1245.36
SPX,2001-05-16,1284.99,1286.39,1243.02
SPX,2001-05-17,1288.49,1296.48,1282.65
SPX,2001-05-18,1291.96,1292.06,1281.15
SPX,2001-05-21,1312.83,1312.95,1287.87
SPX,2001-05-22,1309.38,1315.93,1306.89
SPX,2001-05-23,1289.05,1308.36,1288.7
SPX,2001-05-24,1293.17,1295.04,1281.22
SPX,2001-05-25,1277.89,1293.17,1276.42
SPX,2001-05-29,1267.93,1278.42,1265.41
SPX,2001-05-30,1248.08,1265.44,1245.96
SPX,2001-05-31,1255.82,1261.91,1248.07
SPX,2001-06-01,1260.67,1265.34,1246.88
SPX,2001-06-04,1267.11,1267.17,1256.36
SPX,2001-06-05,1283.57,1286.62,1267.28
SPX,2001-06-06,1270.03,1283.85,1269.01
SPX,2001-06-07,1276.96,1277.08,1265.08
SPX,2001-06-08,1264.96,1277.11,1259.99
SPX,2001-06-11,1254.39,1264.96,1249.23
SPX,2001-06-12,1255.85,1261.0,1235.75
SPX,2001-06-13,1241.6,1259.75,1241.59
SPX,2001-06-14,1219.87,1241.6,1218.9
SPX,2001-06-15,1214.36,1221.5,1203.03
SPX,2001-06-18,1208.43,1221.23,1208.33
SPX,2001-06-19,1212.58,1226.11,1207.71
SPX,2001-06-20,1223.14,1225.61,1210.07
SPX,2001-06-21,1237.04,1240.24,1220.25
SPX,2001-06-22,1225.35,1237.73,1221.41
SPX,2001-06-25,1218.6,1231.5,1213.6
SPX,2001-06-26,1216.76,1220.7,1204.64
SPX,2001-06-27,1211.07,1219.92,1207.29
SPX,2001-06-28,1226.2,1234.44,1211.08
SPX,2001-06-29,1224.38,1237.29,1221.14
SPX,2001-07-02,1236.72,1239.78,1224.03
SPX,2001-07-03,1234.45,1236.21,1229.43
SPX,2001-07-05,1219.24,1234.05,1219.15
SPX,2001-07-06,1190.59,1219.1,1188.74
SPX,2001-07-09,1198.78,1201.76,1189.75
SPX,2001-07-10,1181.52,1203.43,1179.93
SPX,2001-07-11,1180.18,1184.93,1168.46
SPX,2001-07-12,1208.14,1210.25,1187.55
SPX,2001-07-13,1215.68,1218.54,1203.61
SPX,2001-07-16,1202.45,1219.63,1200.05
SPX,2001-07-17,1214.44,1215.36,1196.14
SPX,2001-07-18,1207.71,1211.16,1198.33
SPX,2001-07-19,1215.02,1225.04,1205.8
SPX,2001-07-20,1210.85,1215.69,1207.04
SPX,2001-07-23,1191.03,1215.22,1190.5
SPX,2001-07-24,1171.65,1190.14,1165.54
SPX,2001-07-25,1190.49,1190.52,1171.28
SPX,2001-07-26,1202.93,1204.18,1182.65
SPX,2001-07-27,1205.82,1209.26,1195.99
SPX,2001-07-30,1204.52,1209.05,1200.41
SPX,2001-07-31,1211.23,1222.74,1205.32
SPX,2001-08-01,1215.93,1223.04,1212.33
SPX,2001-08-02,1220.75,1226.38,1215.31
SPX,2001-08-03,1214.35,1220.75,1205.31
SPX,2001-08-06,1200.48,1211.9,1197.35
SPX,2001-08-07,1204.4,1207.56,1195.64
SPX,2001-08-08,1183.53,1206.79,1181.27
SPX,2001-08-09,1183.43,1184.71,1174.68
SPX,2001-08-10,1190.16,1193.33,1169.55
SPX,2001-08-13,1191.29,1193.82,1185.12
SPX,2001-08-14,1186.73,1198.79,1184.26
SPX,2001-08-15,1178.02,1191.21,1177.61
SPX,2001-08-16,1181.66,1181.8,1166.08
SPX,2001-08-17,1161.97,1177.45,1156.07
SPX,2001-08-20,1171.41,1171.41,1160.94
SPX,2001-08-21,1157.26,1179.85,1156.56
SPX,2001-08-22,1165.31,1168.56,1153.34
SPX,2001-08-23,1162.09,1169.86,1160.96
SPX,2001-08-24,1184.93,1185.15,1162.79
SPX,2001-08-27,1179.21,1186.85,1178.07
SPX,2001-08-28,1161.51,1179.66,1161.17
SPX,2001-08-29,1148.56,1166.97,1147.38
SPX,2001-08-30,1129.03,1151.75,1124.87
SPX,2001-08-31,1133.58,1141.83,1126.38
SPX,2001-09-04,1132.94,1155.4,1129.06
SPX,2001-09-05,1131.74,1135.52,1114.86
SPX,2001-09-06,1106.4,1128.95,1105.83
SPX,2001-09-07,1085.78,1105.82,1082.12
SPX,2001-09-10,1092.54,1096.94,1073.15
SPX,2001-09-11,1092.54,1092.54,1092.54
SPX,2001-09-17,1038.77,1090.23,1037.46
SPX,2001-09-18,1032.74,1046.42,1029.25
SPX,2001-09-19,1016.1,1038.91,984.62
SPX,2001-09-20,984.54,1012.98,984.49
SPX,2001-09-21,965.8,984.54,944.75
SPX,2001-09-24,1003.45,1008.44,969.73
SPX,2001-09-25,1012.27,1017.14,998.33
SPX,2001-09-26,1007.04,1020.29,1002.62
SPX,2001-09-27,1018.61,1018.92,998.24
SPX,2001-09-28,1040.94,1040.94,1019.73
SPX,2001-10-01,1038.55,1040.2,1026.76
SPX,2001-10-02,1051.33,1051.33,1034.47
SPX,2001-10-03,1072.28,1075.38,1041.48
SPX,2001-10-04,1069.62,1084.12,1067.82
SPX,2001-10-05,1071.38,1072.35,1053.5
SPX,2001-10-08,1062.44,1071.37,1056.88
SPX,2001-10-09,1056.75,1063.37,1053.83
SPX,2001-10-10,1080.99,1081.62,1052.7
SPX,2001-10-11,1097.43,1099.16,1082.44
SPX,2001-10-12,1091.65,1095.96,1072.15
SPX,2001-10-15,1089.98,1090.54,1078.19
SPX,2001-10-16,1097.54,1101.66,1087.13
SPX,2001-10-17,1077.09,1107.12,1076.57
SPX,2001-10-18,1068.61,1077.94,1064.54
SPX,2001-10-19,1073.48,1075.52,1057.24
SPX,2001-10-22,1089.9,1090.57,1070.32
SPX,2001-10-23,1084.78,1098.99,1081.53
SPX,2001-10-24,1085.2,1090.26,1079.98
SPX,2001-10-25,1100.09,1100.09,1065.64
SPX,2001-10-26,1104.61,1110.61,1094.24
SPX,2001-10-29,1078.3,1103.95,1078.3
SPX,2001-10-30,1059.79,1075.56,1053.61
SPX,2001-10-31,1059.78,1074.79,1057.55
SPX,2001-11-01,1084.1,1085.61,1054.31
SPX,2001-11-02,1087.22,1089.63,1075.58
SPX,2001-11-05,1102.84,1106.72,1087.45
SPX,2001-11-06,1118.86,1119.73,1095.36
SPX,2001-11-07,1115.8,1126.62,1112.98
SPX,2001-11-08,1118.54,1135.75,1115.42
SPX,2001-11-09,1120.31,1123.02,1111.13
SPX,2001-11-12,1118.33,1121.71,1098.32
SPX,2001-11-13,1139.09,1139.14,1122.23
SPX,2001-11-14,1141.21,1148.28,1132.87
SPX,2001-11-15,1142.24,1146.46,1135.06
SPX,2001-11-16,1138.65,1143.52,1129.92
SPX,2001-11-19,1151.06,1151.06,1140.08
SPX,2001-11-20,1142.66,1152.45,1142.17
SPX,2001-11-21,1137.03,1141.32,1129.78
SPX,2001-11-23,1150.34,1151.05,1135.9
SPX,2001-11-26,1157.42,1157.88,1146.17
SPX,2001-11-27,1149.5,1163.38,1140.81
SPX,2001-11-28,1128.52,1148.1,1128.29
SPX,2001-11-29,1140.2,1140.4,1125.51
SPX,2001-11-30,1139.45,1143.57,1135.89
SPX,2001-12-03,1129.9,1137.53,1125.78
SPX,2001-12-04,1144.8,1144.8,1128.86
SPX,2001-12-05,1170.35,1173.62,1145.05
SPX,2001-12-06,1167.1,1173.35,1164.43
SPX,2001-12-07,1158.31,1166.81,1152.66
SPX,2001-12-10,1139.93,1158.14,1139.66
SPX,2001-12-11,1136.76,1150.89,1134.32
SPX,2001-12-12,1137.07,1141.58,1126.01
SPX,2001-12-13,1119.38,1133.2,1117.85
SPX,2001-12-14,1123.07,1128.28,1114.53
SPX,2001-12-17,1134.36,1137.36,1122.34
SPX,2001-12-18,1142.92,1145.1,1135.41
SPX,2001-12-19,1149.56,1152.44,1134.75
SPX,2001-12-20,1139.93,1151.42,1139.93
SPX,2001-12-21,1144.89,1147.83,1139.93
SPX,2001-12-24,1144.65,1147.83,1144.62
SPX,2001-12-26,1149.37,1159.18,1145.06
SPX,2001-12-27,1157.13,1157.13,1149.99
SPX,2001-12-28,1161.02,1164.64,1157.8
SPX,2002-01-02,1154.67,1154.67,1136.23
SPX,2002-01-03,1165.27,1165.27,1154.01
SPX,2002-01-04,1172.51,1176.55,1163.42
SPX,2002-01-07,1164.89,1176.97,1163.55
SPX,2002-01-08,1160.71,1167.6,1157.46
SPX,2002-01-09,1155.14,1174.26,1151.89
SPX,2002-01-10,1156.55,1159.93,1150.85
SPX,2002-01-11,1145.6,1159.41,1145.45
SPX,2002-01-14,1138.41,1145.34,1138.15
SPX,2002-01-15,1146.19,1148.81,1136.88
SPX,2002-01-16,1127.57,1143.72,1127.49
SPX,2002-01-17,1138.88,1139.27,1130.31
SPX,2002-01-18,1127.58,1138.88,1124.45
SPX,2002-01-22,1119.31,1135.26,1117.91
SPX,2002-01-23,1128.18,1131.94,1117.43
SPX,2002-01-24,1132.15,1139.5,1130.42
SPX,2002-01-25,1133.28,1138.31,1127.82
SPX,2002-01-28,1133.06,1138.63,1126.66
SPX,2002-01-29,1100.64,1137.47,1098.74
SPX,2002-01-30,1113.57,1113.79,1081.66
SPX,2002-01-31,1130.2,1130.21,1113.3
SPX,2002-02-01,1122.2,1129.4,1118.51
SPX,2002-02-04,1094.44,1122.09,1092.25
SPX,2002-02-05,1090.02,1100.96,1082.58
SPX,2002-02-06,1083.51,1093.58,1077.78
SPX,2002-02-07,1080.17,1094.03,1078.44
SPX,2002-02-08,1096.22,1096.3,1079.91
SPX,2002-02-11,1111.94,1112.01,1094.68
SPX,2002-02-12,1107.5,1112.68,1102.98
SPX,2002-02-13,1118.51,1120.56,1107.5
SPX,2002-02-14,1116.48,1124.72,1112.3
SPX,2002-02-15,1104.18,1117.09,1103.23
SPX,2002-02-19,1083.34,1102.16,1082.24
SPX,2002-02-20,1097.98,1098.32,1074.36
SPX,2002-02-21,1080.95,1101.5,1080.24
SPX,2002-02-22,1089.84,1093.93,1074.39
SPX,2002-02-25,1109.43,1112.71,1090.83
SPX,2002-02-26,1109.38,1115.05,1101.72
SPX,2002-02-27,1109.89,1123.06,1102.26
SPX,2002-02-28,1106.73,1121.57,1106.73
SPX,2002-03-01,1131.78,1131.79,1108.74
SPX,2002-03-04,1153.84,1153.84,1130.93
SPX,2002-03-05,1146.14,1157.74,1144.78
SPX,2002-03-06,1162.77,1165.29,1145.11
SPX,2002-03-07,1157.54,1167.94,1150.69
SPX,2002-03-08,1164.31,1172.76,1159.77
SPX,2002-03-11,1168.26,1173.03,1159.58
SPX,2002-03-12,1165.58,1168.26,1154.34
SPX,2002-03-13,1154.09,1165.58,1151.01
SPX,2002-03-14,1153.04,1157.83,1151.08
SPX,2002-03-15,1166.16,1166.48,1153.45
SPX,2002-03-18,1165.55,1172.73,1159.14
SPX,2002-03-19,1170.29,1173.94,1165.55
SPX,2002-03-20,1151.85,1170.19,1151.61
SPX,2002-03-21,1153.59,1155.1,1139.48
SPX,2002-03-22,1148.7,1156.49,1144.6
SPX,2002-03-25,1131.87,1151.04,1131.87
SPX,2002-03-26,1138.49,1147.0,1131.61
SPX,2002-03-27,1144.58,1146.95,1135.33
SPX,2002-03-28,1147.39,1154.45,1144.98
SPX,2002-04-01,1146.54,1147.84,1132.87
SPX,2002-04-02,1136.76,1143.01,1135.71
SPX,2002-04-03,1125.4,1138.85,1119.68
SPX,2002-04-04,1126.34,1130.45,1120.06
SPX,2002-04-05,1122.73,1133.31,1119.49
SPX,2002-04-08,1125.29,1125.41,1111.79
SPX,2002-04-09,1117.8,1128.29,1116.73
SPX,2002-04-10,1130.47,1131.76,1118.41
SPX,2002-04-11,1103.69,1130.35,1102.42
SPX,2002-04-12,1111.01,1112.77,1102.74
SPX,2002-04-15,1102.55,1114.77,1099.41
SPX,2002-04-16,1128.37,1129.4,1102.55
SPX,2002-04-17,1126.07,1133.0,1123.37
SPX,2002-04-18,1124.47,1130.49,1109.29
SPX,2002-04-19,1125.17,1128.82,1122.59
SPX,2002-04-22,1107.83,1122.68,1105.62
SPX,2002-04-23,1100.96,1111.17,1098.94
SPX,2002-04-24,1093.14,1108.46,1092.51
SPX,2002-04-25,1091.48,1094.36,1084.81
SPX,2002-04-26,1076.32,1096.77,1076.31
SPX,2002-04-29,1065.45,1078.95,1063.62
SPX,2002-04-30,1076.92,1082.62,1063.46
SPX,2002-05-01,1086.46,1088.32,1065.29
SPX,2002-05-02,1084.56,1091.42,1079.46
SPX,2002-05-03,1073.43,1084.2,1068.89
SPX,2002-05-06,1052.67,1075.96,1052.65
SPX,2002-05-07,1049.49,1058.67,1048.96
SPX,2002-05-08,1088.85,1088.92,1055.97
SPX,2002-05-09,1073.01,1088.85,1072.23
SPX,2002-05-10,1054.99,1075.43,1053.93
SPX,2002-05-13,1074.56,1074.84,1053.9
SPX,2002-05-14,1097.28,1097.71,1074.56
SPX,2002-05-15,1091.07,1104.23,1088.94
SPX,2002-05-16,1098.23,1099.29,1089.17
SPX,2002-05-17,1106.59,1106.59,1096.77
SPX,2002-05-20,1091.88,1106.59,1090.61
SPX,2002-05-21,1079.88,1099.55,1079.08
SPX,2002-05-22,1086.02,1086.02,1075.64
SPX,2002-05-23,1097.08,1097.1,1080.55
SPX,2002-05-24,1083.82,1097.08,1082.19
SPX,2002-05-28,1074.55,1085.98,1070.31
SPX,2002-05-29,1067.66,1074.83,1067.66
SPX,2002-05-30,1064.66,1069.5,1054.26
SPX,2002-05-31,1067.14,1079.93,1064.66
SPX,2002-06-03,1040.68,1070.74,1039.9
SPX,2002-06-04,1040.69,1046.06,1030.52
SPX,2002-06-05,1049.9,1050.11,1038.84
SPX,2002-06-06,1029.15,1049.9,1026.91
SPX,2002-06-07,1027.53,1033.02,1012.49
SPX,2002-06-10,1030.74,1038.18,1025.45
SPX,2002-06-11,1013.6,1039.04,1012.94
SPX,2002-06-12,1020.26,1021.85,1002.58
SPX,2002-06-13,1009.56,1023.47,1008.12
SPX,2002-06-14,1007.27,1009.56,981.63
SPX,2002-06-17,1036.17,1036.17,1007.27
SPX,2002-06-18,1037.14,1040.83,1030.92
SPX,2002-06-19,1019.99,1037.61,1017.88
SPX,2002-06-20,1006.29,1023.33,1004.59
SPX,2002-06-21,989.14,1006.29,985.65
SPX,2002-06-24,992.72,1002.11,970.85
SPX,2002-06-25,976.14,1005.88,974.21
SPX,2002-06-26,973.53,977.43,952.92
SPX,2002-06-27,990.64,990.67,963.74
SPX,2002-06-28,989.82,1001.79,988.31
SPX,2002-07-01,968.65,994.46,967.43
SPX,2002-07-03,953.99,968.65,934.87
SPX,2002-07-05,989.03,989.07,953.99
SPX,2002-07-08,976.98,993.56,972.91
SPX,2002-07-09,952.83,979.63,951.71
SPX,2002-07-10,920.47,956.34,920.29
SPX,2002-07-11,927.37,929.16,900.94
SPX,2002-07-12,921.39,934.31,913.71
SPX,2002-07-15,917.93,921.39,876.46
SPX,2002-07-16,900.94,918.65,897.13
SPX,2002-07-17,906.04,926.52,895.03
SPX,2002-07-18,881.56,907.8,880.6
SPX,2002-07-19,847.75,881.56,842.07
SPX,2002-07-22,819.85,854.13,813.26
SPX,2002-07-23,797.7,827.69,796.13
SPX,2002-07-24,843.43,844.32,775.68
SPX,2002-07-25,838.68,853.83,816.11
SPX,2002-07-26,852.84,852.85,835.92
SPX,2002-07-29,898.96,898.96,852.84
SPX,2002-07-30,902.78,909.81,884.7
SPX,2002-07-31,911.62,911.64,889.88
SPX,2002-08-01,884.66,911.62,882.48
SPX,2002-08-02,864.24,884.72,853.95
SPX,2002-08-05,834.6,864.24,833.44
SPX,2002-08-06,859.57,874.44,834.6
SPX,2002-08-07,876.77,878.74,854.15
SPX,2002-08-08,905.46,905.84,875.17
SPX,2002-08-09,908.64,913.95,890.77
SPX,2002-08-12,903.8,908.64,892.38
SPX,2002-08-13,884.21,911.71,883.62
SPX,2002-08-14,919.62,920.21,876.2
SPX,2002-08-15,930.25,933.29,918.17
SPX,2002-08-16,928.77,935.38,916.21
SPX,2002-08-19,950.7,951.17,927.21
SPX,2002-08-20,937.43,950.7,931.86
SPX,2002-08-21,949.36,951.59,931.32
SPX,2002-08-22,962.7,965.0,946.43
SPX,2002-08-23,940.86,962.7,937.17
SPX,2002-08-26,947.95,950.8,930.42
SPX,2002-08-27,934.82,955.82,930.36
SPX,2002-08-28,917.87,934.82,913.21
SPX,2002-08-29,917.8,924.59,903.33
SPX,2002-08-30,916.07,928.15,910.17
SPX,2002-09-03,878.02,916.07,877.51
SPX,2002-09-04,893.4,896.1,875.73
SPX,2002-09-05,879.15,893.4,870.5
SPX,2002-09-06,893.92,899.07,879.15
SPX,2002-09-09,902.96,907.34,882.92
SPX,2002-09-10,909.58,909.89,900.5
SPX,2002-09-11,909.45,924.02,908.47
SPX,2002-09-13,889.81,909.45,877.05
SPX,2002-09-16,891.1,891.84,878.91
SPX,2002-09-17,873.52,902.68,872.38
SPX,2002-09-18,869.46,878.45,857.39
SPX,2002-09-19,843.32,869.46,843.09
SPX,2002-09-20,845.39,849.32,839.09
SPX,2002-09-23,833.7,845.39,825.76
SPX,2002-09-24,819.29,833.7,817.38
SPX,2002-09-25,839.66,844.22,818.46
SPX,2002-09-26,854.95,856.6,839.66
SPX,2002-09-27,827.37,854.95,826.84
SPX,2002-09-30,815.28,827.37,800.2
SPX,2002-10-01,847.91,847.93,812.82
SPX,2002-10-02,827.91,851.93,826.5
SPX,2002-10-03,818.95,840.02,817.25
SPX,2002-10-04,800.58,825.9,794.1
SPX,2002-10-07,785.28,808.21,782.96
SPX,2002-10-08,798.55,808.86,779.5
SPX,2002-10-09,776.76,798.55,775.8
SPX,2002-10-10,803.92,806.51,768.63
SPX,2002-10-11,835.32,843.27,803.92
SPX,2002-10-14,841.44,844.39,828.37
SPX,2002-10-16,860.02,881.27,841.44
SPX,2002-10-17,879.2,885.35,860.02
SPX,2002-10-18,884.39,886.68,866.58
SPX,2002-10-21,899.72,900.69,873.06
SPX,2002-10-22,890.16,899.72,882.4
SPX,2002-10-23,896.14,896.14,873.82
SPX,2002-10-24,882.5,902.94,879.0
SPX,2002-10-28,890.23,907.44,882.5
SPX,2002-10-29,882.15,890.64,867.91
SPX,2002-10-30,890.71,895.28,879.19
SPX,2002-10-31,885.76,898.83,879.75
SPX,2002-11-01,900.96,903.42,877.71
SPX,2002-11-04,908.35,924.58,900.96
SPX,2002-11-05,915.39,915.83,904.91
SPX,2002-11-06,923.76,925.66,905.0
SPX,2002-11-07,902.65,923.76,898.68
SPX,2002-11-08,894.74,910.11,891.62
SPX,2002-11-11,876.19,894.74,874.63
SPX,2002-11-12,882.95,894.3,876.19
SPX,2002-11-13,882.53,892.51,872.05
SPX,2002-11-14,904.27,904.27,882.53
SPX,2002-11-15,909.83,910.21,895.35
SPX,2002-11-18,900.36,915.91,899.48
SPX,2002-11-19,896.74,905.45,893.09
SPX,2002-11-20,914.15,915.01,894.93
SPX,2002-11-21,933.76,935.13,914.15
SPX,2002-11-22,930.55,937.28,928.41
SPX,2002-11-25,932.87,937.15,923.31
SPX,2002-11-26,913.31,932.87,912.1
SPX,2002-11-27,938.87,940.41,913.31
SPX,2002-11-29,936.31,941.82,935.58
SPX,2002-12-02,934.53,954.28,927.72
SPX,2002-12-03,920.75,934.53,918.73
SPX,2002-12-04,917.58,925.25,909.51
SPX,2002-12-05,906.55,921.49,905.9
SPX,2002-12-06,912.23,915.48,895.96
SPX,2002-12-09,892.0,912.23,891.97
SPX,2002-12-10,904.45,904.95,892.0
SPX,2002-12-11,904.96,909.94,896.48
SPX,2002-12-12,901.58,908.37,897.0
SPX,2002-12-13,889.48,901.58,888.48
SPX,2002-12-16,910.4,910.42,889.48
SPX,2002-12-17,902.99,911.22,901.74
SPX,2002-12-18,891.12,902.99,887.82
SPX,2002-12-19,884.25,899.19,880.32
SPX,2002-12-20,895.76,897.79,884.25
SPX,2002-12-23,897.38,902.43,892.26
SPX,2002-12-24,892.47,897.38,892.29
SPX,2002-12-26,889.66,903.89,887.48
SPX,2002-12-27,875.4,890.46,873.62
SPX,2002-12-30,879.39,882.1,870.23
SPX,2002-12-31,879.82,881.93,869.45
SPX,2003-01-02,909.03,909.03,879.82
SPX,2003-01-03,908.59,911.25,903.07
SPX,2003-01-06,929.01,931.77,908.59
SPX,2003-01-07,922.93,930.81,919.93
SPX,2003-01-08,909.93,922.93,908.32
SPX,2003-01-09,927.57,928.31,909.93
SPX,2003-01-10,927.57,932.89,917.66
SPX,2003-01-13,926.26,935.05,922.05
SPX,2003-01-14,931.66,931.66,921.72
SPX,2003-01-15,918.22,932.46,916.71
SPX,2003-01-16,914.6,926.03,911.98
SPX,2003-01-17,901.78,914.6,899.02
SPX,2003-01-21,887.62,906.0,887.62
SPX,2003-01-22,878.36,889.74,877.64
SPX,2003-01-23,887.34,890.25,876.89
SPX,2003-01-24,861.4,887.34,859.71
SPX,2003-01-27,847.48,863.95,844.25
SPX,2003-01-28,858.54,860.76,847.48
SPX,2003-01-29,864.36,868.72,845.86
SPX,2003-01-30,844.61,865.48,843.74
SPX,2003-01-31,855.7,858.33,840.34
SPX,2003-02-03,860.32,864.64,855.7
SPX,2003-02-04,848.2,860.32,840.19
SPX,2003-02-05,843.59,861.63,842.11
SPX,2003-02-06,838.16,844.23,833.25
SPX,2003-02-07,829.69,845.73,826.7
SPX,2003-02-10,835.97,837.16,823.53
SPX,2003-02-11,829.2,843.02,825.09
SPX,2003-02-12,818.68,832.12,818.49
SPX,2003-02-13,817.37,821.25,806.29
SPX,2003-02-14,834.89,834.89,815.03
SPX,2003-02-18,851.17,852.87,834.89
SPX,2003-02-19,845.13,851.17,838.79
SPX,2003-02-20,837.1,849.37,836.56
SPX,2003-02-21,848.17,852.28,831.48
SPX,2003-02-24,832.58,848.17,832.16
SPX,2003-02-25,838.57,839.55,818.54
SPX,2003-02-26,827.55,840.1,826.68
SPX,2003-02-27,837.28,842.19,827.55
SPX,2003-02-28,841.15,847.0,837.28
SPX,2003-03-03,834.81,852.34,832.74
SPX,2003-03-04,821.99,835.43,821.96
SPX,2003-03-05,829.85,829.87,819.0
SPX,2003-03-06,822.1,829.85,819.85
SPX,2003-03-07,828.89,829.55,811.23
SPX,2003-03-10,807.48,828.89,806.57
SPX,2003-03-11,800.73,814.25,800.3
SPX,2003-03-12,804.19,804.19,788.9
SPX,2003-03-13,831.9,832.02,804.19
SPX,2003-03-14,833.27,841.39,828.26
SPX,2003-03-17,862.79,862.79,827.17
SPX,2003-03-18,866.45,866.94,857.36
SPX,2003-03-19,874.02,874.99,861.21
SPX,2003-03-20,875.84,879.6,859.01
SPX,2003-03-21,895.9,895.9,875.84
SPX,2003-03-24,864.23,895.79,862.02
SPX,2003-03-25,874.74,879.87,862.59
SPX,2003-03-26,869.95,875.8,866.47
SPX,2003-03-27,868.52,874.15,858.09
SPX,2003-03-28,863.5,869.88,860.83
SPX,2003-03-31,848.18,863.5,843.68
SPX,2003-04-01,858.48,861.28,847.85
SPX,2003-04-02,880.9,884.57,858.48
SPX,2003-04-03,876.45,885.89,876.12
SPX,2003-04-04,878.85,882.73,874.23
SPX,2003-04-07,879.93,904.89,878.85
SPX,2003-04-08,878.29,883.11,874.68
SPX,2003-04-09,865.99,887.35,865.72
SPX,2003-04-10,871.58,871.78,862.76
SPX,2003-04-11,868.3,883.34,865.92
SPX,2003-04-14,885.23,885.26,868.3
SPX,2003-04-15,890.81,891.27,881.85
SPX,2003-04-16,879.91,896.77,877.93
SPX,2003-04-17,893.58,893.83,879.2
SPX,2003-04-21,892.01,898.01,888.17
SPX,2003-04-22,911.37,911.74,886.7
SPX,2003-04-23,919.02,919.74,909.89
SPX,2003-04-24,911.43,919.02,906.69
SPX,2003-04-25,898.81,911.43,897.52
SPX,2003-04-28,914.84,918.15,898.81
SPX,2003-04-29,917.84,924.24,911.1
SPX,2003-04-30,916.92,922.01,911.7
SPX,2003-05-01,916.3,919.68,902.83
SPX,2003-05-02,930.08,930.56,912.35
SPX,2003-05-05,926.55,933.88,924.55
SPX,2003-05-06,934.39,939.61,926.38
SPX,2003-05-07,929.62,937.22,926.41
SPX,2003-05-08,920.27,929.62,919.72
SPX,2003-05-12,945.11,946.84,920.27
SPX,2003-05-13,942.3,947.51,938.91
SPX,2003-05-14,939.28,947.29,935.24
SPX,2003-05-15,946.67,948.23,938.79
SPX,2003-05-16,944.3,948.65,938.6
SPX,2003-05-19,920.77,944.3,920.23
SPX,2003-05-20,919.73,925.34,912.05
SPX,2003-05-21,923.42,923.85,914.91
SPX,2003-05-22,931.87,935.3,922.54
SPX,2003-05-23,933.22,935.2,927.42
SPX,2003-05-27,951.48,952.76,927.33
SPX,2003-05-28,953.22,959.39,950.12
SPX,2003-05-29,949.64,962.08,946.23
SPX,2003-05-30,963.59,965.38,949.64
SPX,2003-06-02,967.0,979.11,963.59
SPX,2003-06-03,971.56,973.02,964.47
SPX,2003-06-04,986.24,987.85,970.72
SPX,2003-06-06,987.76,1007.69,986.01
SPX,2003-06-09,975.93,987.76,972.59
SPX,2003-06-10,984.84,984.84,975.93
SPX,2003-06-11,997.48,997.48,981.61
SPX,2003-06-12,998.51,1002.74,991.27
SPX,2003-06-13,988.61,1000.92,984.27
SPX,2003-06-16,1010.74,1010.86,988.61
SPX,2003-06-17,1011.66,1015.33,1007.04
SPX,2003-06-18,1010.09,1015.12,1004.61
SPX,2003-06-19,994.7,1011.22,993.08
SPX,2003-06-20,995.69,1002.09,993.36
SPX,2003-06-23,981.64,995.69,977.4
SPX,2003-06-24,983.45,987.84,979.08
SPX,2003-06-25,975.32,991.64,974.86
SPX,2003-06-26,985.82,986.53,973.8
SPX,2003-06-27,976.22,988.88,974.29
SPX,2003-06-30,974.5,983.61,973.6
SPX,2003-07-01,982.32,983.26,962.1
SPX,2003-07-02,993.75,993.78,982.32
SPX,2003-07-03,985.7,995.0,983.34
SPX,2003-07-07,1004.42,1005.56,985.7
SPX,2003-07-08,1007.84,1008.92,998.73
SPX,2003-07-09,1002.21,1010.43,998.17
SPX,2003-07-11,998.14,1000.86,988.7
SPX,2003-07-14,1003.86,1015.41,998.14
SPX,2003-07-15,1000.42,1009.61,996.67
SPX,2003-07-16,994.09,1003.47,989.3
SPX,2003-07-17,981.73,994.0,978.6
SPX,2003-07-18,993.32,994.25,981.7
SPX,2003-07-21,978.8,993.32,975.63
SPX,2003-07-22,988.11,990.29,976.08
SPX,2003-07-23,988.61,989.86,979.79
SPX,2003-07-24,981.6,998.89,981.07
SPX,2003-07-25,998.68,998.71,977.42
SPX,2003-07-28,996.52,1000.68,993.59
SPX,2003-07-29,989.28,998.64,984.15
SPX,2003-07-30,987.49,992.62,985.96
SPX,2003-07-31,990.31,1004.59,987.49
SPX,2003-08-01,980.15,990.31,978.86
SPX,2003-08-04,982.82,985.75,966.79
SPX,2003-08-05,965.46,982.82,964.97
SPX,2003-08-06,967.08,975.74,960.84
SPX,2003-08-07,974.12,974.89,963.82
SPX,2003-08-08,977.59,980.57,973.83
SPX,2003-08-11,980.59,985.46,974.21
SPX,2003-08-12,990.35,990.41,979.9
SPX,2003-08-13,984.03,992.5,980.85
SPX,2003-08-14,990.51,991.91,980.36
SPX,2003-08-15,990.67,992.39,986.44
SPX,2003-08-18,999.74,1000.35,990.67
SPX,2003-08-19,1002.35,1003.3,995.3
SPX,2003-08-22,993.06,1011.01,992.62
SPX,2003-08-25,993.71,993.71,987.91
SPX,2003-08-27,996.79,998.05,993.33
SPX,2003-08-28,1002.84,1004.12,991.42
SPX,2003-08-29,1008.01,1008.85,999.52
SPX,2003-09-02,1021.99,1022.59,1005.67
SPX,2003-09-03,1026.27,1029.34,1021.99
SPX,2003-09-04,1027.97,1029.17,1022.19
SPX,2003-09-05,1021.39,1029.21,1018.19
SPX,2003-09-08,1031.64,1032.41,1021.39
SPX,2003-09-09,1023.17,1031.64,1021.14
SPX,2003-09-10,1010.92,1023.17,1009.74
SPX,2003-09-11,1016.42,1020.88,1010.92
SPX,2003-09-12,1018.63,1019.65,1007.71
SPX,2003-09-15,1014.81,1019.79,1013.59
SPX,2003-09-16,1029.32,1029.66,1014.81
SPX,2003-09-17,1025.97,1031.34,1024.53
SPX,2003-09-18,1039.58,1040.16,1025.75
SPX,2003-09-19,1036.3,1040.29,1031.89
SPX,2003-09-22,1022.82,1036.3,1018.3
SPX,2003-09-23,1029.03,1030.12,1021.54
SPX,2003-09-24,1009.38,1029.83,1008.93
SPX,2003-09-25,1003.27,1015.97,1003.26
SPX,2003-09-26,996.85,1003.45,996.08
SPX,2003-09-29,1006.58,1006.89,995.31
SPX,2003-09-30,995.97,1006.58,990.36
SPX,2003-10-01,1018.22,1018.22,995.97
SPX,2003-10-02,1020.24,1021.87,1013.38
SPX,2003-10-03,1029.85,1039.31,1020.24
SPX,2003-10-06,1034.35,1036.48,1029.15
SPX,2003-10-07,1039.25,1039.25,1026.19
SPX,2003-10-08,1033.78,1040.08,1030.96
SPX,2003-10-09,1038.73,1048.28,1033.78
SPX,2003-10-10,1038.06,1040.84,1035.74
SPX,2003-10-13,1045.35,1048.9,1038.06
SPX,2003-10-14,1049.48,1049.49,1040.84
SPX,2003-10-15,1046.76,1053.79,1043.15
SPX,2003-10-16,1050.07,1052.94,1044.04
SPX,2003-10-17,1039.32,1053.79,1035.74
SPX,2003-10-21,1046.03,1048.57,1042.5
SPX,2003-10-22,1030.36,1046.03,1028.39
SPX,2003-10-23,1033.77,1035.44,1025.87
SPX,2003-10-24,1028.91,1033.77,1018.32
SPX,2003-10-27,1031.13,1037.75,1028.91
SPX,2003-10-28,1046.79,1046.79,1031.13
SPX,2003-10-29,1048.11,1049.83,1043.35
SPX,2003-10-30,1046.94,1052.82,1043.82
SPX,2003-10-31,1050.71,1053.09,1046.94
SPX,2003-11-03,1059.02,1061.44,1050.71
SPX,2003-11-04,1053.25,1059.02,1051.7
SPX,2003-11-05,1051.81,1054.54,1044.88
SPX,2003-11-06,1058.05,1058.94,1046.93
SPX,2003-11-07,1053.21,1062.39,1052.17
SPX,2003-11-10,1047.11,1053.65,1045.58
SPX,2003-11-11,1046.57,1048.23,1043.46
SPX,2003-11-12,1058.53,1059.1,1046.57
SPX,2003-11-13,1058.41,1059.62,1052.96
SPX,2003-11-14,1050.35,1063.65,1048.11
SPX,2003-11-17,1043.63,1050.35,1035.28
SPX,2003-11-18,1034.15,1048.77,1034.0
SPX,2003-11-19,1042.44,1043.95,1034.15
SPX,2003-11-20,1033.65,1046.48,1033.42
SPX,2003-11-21,1035.28,1037.57,1031.2
SPX,2003-11-24,1052.08,1052.08,1035.28
SPX,2003-11-25,1053.89,1058.05,1049.31
SPX,2003-11-26,1058.45,1058.45,1048.28
SPX,2003-11-28,1058.2,1060.63,1056.77
SPX,2003-12-01,1070.12,1070.47,1058.2
SPX,2003-12-02,1066.62,1071.22,1065.22
SPX,2003-12-03,1064.73,1074.3,1064.63
SPX,2003-12-04,1069.72,1070.37,1063.15
SPX,2003-12-05,1061.5,1069.72,1060.09
SPX,2003-12-08,1069.3,1069.59,1060.93
SPX,2003-12-09,1060.18,1071.94,1059.16
SPX,2003-12-10,1059.05,1063.02,1053.41
SPX,2003-12-12,1074.14,1074.76,1067.64
SPX,2003-12-15,1068.04,1082.79,1068.0
SPX,2003-12-16,1075.13,1075.94,1068.04
SPX,2003-12-17,1076.48,1076.54,1071.14
SPX,2003-12-18,1089.18,1089.5,1076.48
SPX,2003-12-19,1088.66,1091.06,1084.19
SPX,2003-12-22,1092.94,1092.94,1086.14
SPX,2003-12-23,1096.02,1096.95,1091.73
SPX,2003-12-24,1094.04,1096.4,1092.73
SPX,2003-12-26,1095.89,1098.47,1094.04
SPX,2003-12-29,1109.48,1109.48,1095.89
SPX,2003-12-30,1109.64,1109.75,1106.41
SPX,2004-01-02,1108.48,1118.85,1105.08
SPX,2004-01-05,1122.22,1122.22,1108.48
SPX,2004-01-06,1123.67,1124.46,1118.44
SPX,2004-01-07,1126.33,1126.33,1116.45
SPX,2004-01-08,1131.92,1131.92,1124.91
SPX,2004-01-09,1121.86,1131.92,1120.9
SPX,2004-01-12,1127.23,1127.85,1120.9
SPX,2004-01-13,1121.22,1129.07,1115.19
SPX,2004-01-14,1130.52,1130.75,1121.22
SPX,2004-01-15,1132.05,1137.11,1124.5
SPX,2004-01-16,1139.83,1139.83,1132.05
SPX,2004-01-20,1138.77,1142.93,1135.4
SPX,2004-01-21,1147.62,1149.21,1134.62
SPX,2004-01-22,1143.94,1150.51,1143.01
SPX,2004-01-23,1141.55,1150.31,1136.85
SPX,2004-01-26,1155.37,1155.38,1141.0
SPX,2004-01-27,1144.05,1155.37,1144.05
SPX,2004-01-28,1128.48,1149.14,1126.5
SPX,2004-01-29,1134.11,1134.39,1122.38
SPX,2004-01-30,1131.13,1134.17,1127.73
SPX,2004-02-02,1135.26,1142.58,1127.87
SPX,2004-02-03,1136.03,1137.44,1131.33
SPX,2004-02-04,1126.52,1136.03,1124.74
SPX,2004-02-05,1128.59,1131.17,1124.44
SPX,2004-02-06,1142.76,1142.79,1128.39
SPX,2004-02-09,1139.81,1144.46,1139.21
SPX,2004-02-10,1145.54,1147.02,1138.7
SPX,2004-02-11,1157.76,1158.89,1142.33
SPX,2004-02-12,1152.11,1157.76,1151.44
SPX,2004-02-13,1145.81,1156.88,1143.23
SPX,2004-02-17,1156.99,1158.98,1145.81
SPX,2004-02-18,1151.82,1157.4,1149.42
SPX,2004-02-19,1147.06,1158.57,1146.83
SPX,2004-02-20,1144.11,1149.81,1139.0
SPX,2004-02-23,1140.99,1146.69,1136.98
SPX,2004-02-24,1139.09,1144.54,1134.43
SPX,2004-02-25,1143.67,1145.24,1138.71
SPX,2004-02-26,1144.91,1147.23,1138.62
SPX,2004-02-27,1144.94,1151.68,1141.8
SPX,2004-03-01,1155.97,1157.45,1144.94
SPX,2004-03-02,1149.1,1156.54,1147.31
SPX,2004-03-03,1151.03,1152.44,1143.78
SPX,2004-03-04,1154.87,1154.97,1149.81
SPX,2004-03-05,1156.86,1163.23,1148.71
SPX,2004-03-08,1147.2,1159.94,1146.97
SPX,2004-03-09,1140.58,1147.32,1136.84
SPX,2004-03-10,1123.89,1141.45,1122.53
SPX,2004-03-11,1106.78,1125.96,1105.87
SPX,2004-03-12,1120.57,1120.63,1106.78
SPX,2004-03-15,1104.49,1120.57,1103.36
SPX,2004-03-16,1110.7,1113.82,1102.61
SPX,2004-03-17,1123.75,1125.76,1110.7
SPX,2004-03-18,1122.32,1125.5,1113.25
SPX,2004-03-19,1109.78,1122.72,1109.69
SPX,2004-03-22,1095.4,1109.78,1089.49
SPX,2004-03-23,1093.95,1101.52,1091.57
SPX,2004-03-24,1091.33,1098.39,1087.06
SPX,2004-03-25,1109.19,1110.38,1091.33
SPX,2004-03-26,1108.06,1115.27,1106.13
SPX,2004-03-29,1122.47,1124.37,1108.06
SPX,2004-03-30,1127.0,1127.6,1119.66
SPX,2004-03-31,1126.21,1127.0,1121.46
SPX,2004-04-01,1132.17,1135.67,1126.2
SPX,2004-04-02,1141.81,1144.81,1132.17
SPX,2004-04-05,1150.57,1150.57,1141.64
SPX,2004-04-06,1148.16,1150.57,1143.3
SPX,2004-04-07,1140.53,1148.16,1138.41
SPX,2004-04-08,1139.32,1148.97,1134.52
SPX,2004-04-12,1145.2,1147.29,1139.32
SPX,2004-04-13,1129.44,1147.81,1127.7
SPX,2004-04-14,1128.17,1132.52,1122.15
SPX,2004-04-15,1128.84,1134.08,1120.75
SPX,2004-04-16,1134.61,1136.8,1126.79
SPX,2004-04-19,1135.82,1136.18,1129.84
SPX,2004-04-20,1118.15,1139.26,1118.09
SPX,2004-04-21,1124.09,1125.72,1116.03
SPX,2004-04-23,1140.6,1141.92,1134.81
SPX,2004-04-26,1135.53,1145.08,1132.91
SPX,2004-04-27,1138.11,1146.84,1135.53
SPX,2004-04-28,1122.41,1138.11,1121.7
SPX,2004-04-29,1113.89,1128.8,1108.02
SPX,2004-04-30,1107.3,1119.26,1107.23
SPX,2004-05-03,1117.49,1118.72,1107.3
SPX,2004-05-04,1119.55,1127.74,1112.89
SPX,2004-05-05,1121.53,1125.07,1117.86
SPX,2004-05-06,1113.99,1121.53,1106.3
SPX,2004-05-07,1098.7,1117.33,1098.63
SPX,2004-05-10,1087.12,1098.7,1079.63
SPX,2004-05-11,1095.45,1095.69,1087.12
SPX,2004-05-12,1097.28,1097.55,1076.32
SPX,2004-05-13,1096.44,1102.77,1091.76
SPX,2004-05-14,1095.7,1102.37,1088.24
SPX,2004-05-17,1084.1,1095.7,1079.36
SPX,2004-05-18,1091.49,1094.14,1084.1
SPX,2004-05-19,1088.68,1105.93,1088.49
SPX,2004-05-20,1089.19,1092.62,1085.43
SPX,2004-05-21,1093.56,1099.7,1089.19
SPX,2004-05-24,1095.41,1101.71,1091.77
SPX,2004-05-25,1113.05,1113.8,1090.74
SPX,2004-05-26,1114.94,1116.71,1109.91
SPX,2004-05-27,1121.28,1123.95,1114.86
SPX,2004-05-28,1120.68,1122.69,1118.1
SPX,2004-06-01,1121.2,1122.7,1113.32
SPX,2004-06-02,1124.99,1128.1,1118.64
SPX,2004-06-03,1116.64,1125.31,1116.56
SPX,2004-06-04,1122.5,1129.17,1116.64
SPX,2004-06-07,1140.42,1140.54,1122.5
SPX,2004-06-08,1142.18,1142.18,1135.45
SPX,2004-06-09,1131.33,1142.18,1114.76
SPX,2004-06-10,1136.47,1136.47,1131.33
SPX,2004-06-14,1125.29,1136.47,1122.16
SPX,2004-06-15,1132.01,1137.36,1125.29
SPX,2004-06-16,1133.56,1135.28,1130.55
SPX,2004-06-17,1132.05,1133.56,1126.88
SPX,2004-06-18,1135.02,1139.08,1129.82
SPX,2004-06-21,1130.3,1138.05,1129.64
SPX,2004-06-22,1134.41,1135.05,1124.37
SPX,2004-06-23,1144.06,1145.16,1131.73
SPX,2004-06-24,1140.65,1146.34,1139.94
SPX,2004-06-25,1134.43,1145.97,1134.24
SPX,2004-06-28,1133.35,1142.6,1131.62
SPX,2004-06-29,1136.2,1138.26,1131.81
SPX,2004-06-30,1140.84,1144.22,1133.62
SPX,2004-07-01,1128.94,1140.84,1123.06
SPX,2004-07-02,1125.38,1129.18,1123.26
SPX,2004-07-06,1116.21,1125.38,1113.21
SPX,2004-07-07,1118.33,1122.37,1114.92
SPX,2004-07-08,1109.11,1119.12,1108.72
SPX,2004-07-09,1112.81,1115.57,1109.11
SPX,2004-07-12,1114.35,1116.11,1106.71
SPX,2004-07-13,1115.14,1116.3,1112.99
SPX,2004-07-14,1111.47,1119.6,1107.83
SPX,2004-07-15,1106.69,1114.67,1106.6
SPX,2004-07-16,1101.39,1112.17,1101.07
SPX,2004-07-19,1100.9,1105.52,1096.55
SPX,2004-07-20,1108.67,1108.88,1099.1
SPX,2004-07-21,1093.88,1116.27,1093.88
SPX,2004-07-22,1096.84,1099.69,1084.16
SPX,2004-07-23,1086.2,1096.84,1083.49
SPX,2004-07-26,1084.07,1089.82,1078.78
SPX,2004-07-27,1094.83,1096.65,1084.07
SPX,2004-07-28,1095.42,1098.84,1082.17
SPX,2004-07-29,1100.43,1103.71,1095.42
SPX,2004-07-30,1101.72,1103.73,1096.96
SPX,2004-08-02,1106.62,1108.6,1097.34
SPX,2004-08-03,1099.69,1106.62,1099.2
SPX,2004-08-04,1098.63,1102.45,1092.44
SPX,2004-08-05,1080.7,1098.83,1079.98
SPX,2004-08-06,1063.97,1080.7,1062.23
SPX,2004-08-09,1065.22,1069.46,1063.97
SPX,2004-08-10,1079.04,1079.04,1065.22
SPX,2004-08-11,1075.79,1079.04,1065.92
SPX,2004-08-12,1063.23,1075.79,1062.82
SPX,2004-08-13,1064.8,1067.58,1060.72
SPX,2004-08-16,1079.34,1080.66,1064.8
SPX,2004-08-17,1081.71,1086.96,1079.34
SPX,2004-08-18,1095.17,1095.17,1078.93
SPX,2004-08-19,1091.23,1095.17,1086.28
SPX,2004-08-20,1098.35,1100.26,1089.57
SPX,2004-08-23,1095.68,1101.4,1094.73
SPX,2004-08-24,1096.19,1100.94,1092.82
SPX,2004-08-25,1104.96,1106.29,1093.24
SPX,2004-08-26,1105.09,1106.78,1102.43
SPX,2004-08-27,1107.77,1109.68,1104.61
SPX,2004-08-30,1099.15,1107.77,1099.15
SPX,2004-08-31,1104.24,1104.24,1094.72
SPX,2004-09-01,1105.91,1109.25,1099.11
SPX,2004-09-02,1118.31,1119.11,1105.6
SPX,2004-09-03,1113.63,1120.8,1113.57
SPX,2004-09-07,1121.3,1124.08,1113.63
SPX,2004-09-08,1116.27,1123.05,1116.27
SPX,2004-09-09,1118.38,1121.3,1113.62
SPX,2004-09-10,1123.92,1125.26,1114.39
SPX,2004-09-13,1125.82,1129.78,1123.35
SPX,2004-09-14,1128.33,1129.46,1124.72
SPX,2004-09-15,1120.37,1128.33,1119.74
SPX,2004-09-16,1123.5,1126.06,1120.37
SPX,2004-09-17,1128.55,1130.48,1123.5
SPX,2004-09-20,1122.2,1128.55,1120.34
SPX,2004-09-21,1129.3,1131.54,1122.2
SPX,2004-09-22,1113.56,1129.3,1112.67
SPX,2004-09-23,1108.36,1113.61,1108.05
SPX,2004-09-24,1110.11,1113.81,1108.36
SPX,2004-09-27,1103.52,1110.11,1103.24
SPX,2004-09-28,1110.06,1111.77,1101.29
SPX,2004-09-29,1114.8,1114.8,1107.36
SPX,2004-09-30,1114.58,1116.31,1109.61
SPX,2004-10-01,1131.5,1131.64,1114.58
SPX,2004-10-04,1135.17,1140.19,1131.5
SPX,2004-10-05,1134.48,1137.87,1132.03
SPX,2004-10-06,1142.05,1142.05,1132.94
SPX,2004-10-07,1130.65,1142.05,1130.46
SPX,2004-10-08,1122.14,1132.92,1120.19
SPX,2004-10-11,1124.39,1126.2,1122.14
SPX,2004-10-12,1121.84,1124.39,1115.77
SPX,2004-10-13,1113.65,1127.01,1109.63
SPX,2004-10-14,1103.29,1114.97,1102.06
SPX,2004-10-15,1108.2,1113.17,1102.14
SPX,2004-10-18,1114.02,1114.46,1103.33
SPX,2004-10-19,1103.23,1118.03,1103.15
SPX,2004-10-20,1103.66,1104.09,1094.25
SPX,2004-10-21,1106.49,1108.96,1098.47
SPX,2004-10-22,1095.74,1108.32,1095.29
SPX,2004-10-25,1094.8,1096.81,1090.19
SPX,2004-10-26,1111.09,1111.1,1094.81
SPX,2004-10-27,1125.4,1126.29,1107.43
SPX,2004-10-28,1127.44,1130.67,1120.57
SPX,2004-10-29,1130.2,1131.44,1124.62
SPX,2004-11-01,1130.51,1133.43,1127.53
SPX,2004-11-02,1130.56,1140.48,1128.12
SPX,2004-11-03,1143.2,1147.6,1130.54
SPX,2004-11-04,1161.67,1161.67,1142.34
SPX,2004-11-05,1166.17,1170.87,1160.36
SPX,2004-11-08,1164.89,1166.86,1162.32
SPX,2004-11-09,1164.08,1168.97,1162.48
SPX,2004-11-10,1162.91,1169.35,1162.51
SPX,2004-11-11,1173.48,1174.82,1162.91
SPX,2004-11-12,1184.17,1184.17,1171.39
SPX,2004-11-15,1183.81,1184.48,1179.85
SPX,2004-11-16,1175.43,1183.81,1175.32
SPX,2004-11-17,1181.94,1188.46,1175.43
SPX,2004-11-18,1183.55,1184.9,1180.09
SPX,2004-11-19,1170.34,1184.0,1169.17
SPX,2004-11-22,1177.24,1178.18,1167.89
SPX,2004-11-23,1176.94,1179.52,1171.41
SPX,2004-11-24,1181.76,1182.46,1176.94
SPX,2004-11-26,1182.65,1186.62,1181.08
SPX,2004-11-29,1178.57,1186.94,1172.37
SPX,2004-11-30,1173.82,1178.66,1173.81
SPX,2004-12-01,1191.37,1191.37,1173.78
SPX,2004-12-02,1190.33,1194.81,1186.66
SPX,2004-12-03,1191.17,1197.46,1187.7
SPX,2004-12-06,1190.25,1192.41,1185.18
SPX,2004-12-07,1177.07,1192.19,1177.07
SPX,2004-12-08,1182.81,1184.05,1176.8
SPX,2004-12-09,1189.24,1190.51,1173.76
SPX,2004-12-10,1188.0,1191.45,1185.24
SPX,2004-12-13,1198.68,1198.77,1188.0
SPX,2004-12-14,1203.38,1205.29,1197.84
SPX,2004-12-15,1205.72,1206.61,1199.44
SPX,2004-12-16,1203.21,1207.97,1198.41
SPX,2004-12-17,1194.2,1203.21,1193.44
SPX,2004-12-20,1194.65,1203.64,1193.36
SPX,2004-12-21,1205.45,1205.93,1194.65
SPX,2004-12-22,1209.57,1211.42,1203.81
SPX,2004-12-23,1210.13,1213.66,1208.71
SPX,2004-12-27,1204.92,1214.17,1204.92
SPX,2004-12-28,1213.54,1213.54,1204.92
SPX,2004-12-29,1213.45,1213.95,1210.95
SPX,2004-12-30,1213.55,1216.47,1213.41
SPX,2004-12-31,1211.92,1217.33,1211.65
SPX,2005-01-03,1202.08,1217.9,1200.3
SPX,2005-01-04,1188.05,1205.84,1185.39
SPX,2005-01-05,1183.74,1192.75,1183.72
SPX,2005-01-06,1187.89,1191.63,1183.23
SPX,2005-01-07,1186.19,1192.2,1182.11
SPX,2005-01-10,1190.25,1194.78,1184.8
SPX,2005-01-11,1182.99,1190.25,1180.43
SPX,2005-01-12,1187.7,1187.98,1175.64
SPX,2005-01-13,1177.45,1187.7,1175.61
SPX,2005-01-14,1184.52,1185.21,1177.45
SPX,2005-01-18,1195.98,1195.98,1180.1
SPX,2005-01-19,1184.63,1195.98,1184.37
SPX,2005-01-20,1175.41,1184.63,1173.39
SPX,2005-01-21,1167.87,1179.55,1167.82
SPX,2005-01-24,1163.75,1173.17,1163.75
SPX,2005-01-25,1168.41,1174.3,1163.75
SPX,2005-01-26,1174.07,1175.99,1168.41
SPX,2005-01-27,1174.55,1177.5,1170.15
SPX,2005-01-28,1171.36,1175.63,1166.3
SPX,2005-01-31,1181.27,1182.07,1171.36
SPX,2005-02-01,1189.41,1190.39,1180.95
SPX,2005-02-02,1193.19,1195.25,1188.92
SPX,2005-02-03,1189.89,1193.19,1185.63
SPX,2005-02-04,1203.03,1203.47,1189.67
SPX,2005-02-07,1201.72,1204.15,1199.27
SPX,2005-02-08,1202.3,1205.11,1200.16
SPX,2005-02-09,1191.99,1203.83,1191.54
SPX,2005-02-10,1197.01,1198.75,1191.54
SPX,2005-02-11,1205.3,1208.38,1193.28
SPX,2005-02-14,1206.14,1206.93,1203.59
SPX,2005-02-15,1210.12,1212.44,1205.52
SPX,2005-02-16,1210.34,1212.44,1205.06
SPX,2005-02-17,1200.75,1211.33,1200.74
SPX,2005-02-18,1201.59,1202.92,1197.35
SPX,2005-02-22,1184.16,1202.48,1184.16
SPX,2005-02-23,1190.8,1193.52,1184.16
SPX,2005-02-24,1200.2,1200.42,1187.8
SPX,2005-02-25,1211.37,1212.15,1199.61
SPX,2005-02-28,1203.6,1211.37,1198.13
SPX,2005-03-01,1210.41,1212.25,1203.6
SPX,2005-03-02,1210.08,1215.79,1204.22
SPX,2005-03-03,1210.47,1215.72,1204.45
SPX,2005-03-04,1222.12,1224.76,1210.47
SPX,2005-03-07,1225.31,1229.11,1222.12
SPX,2005-03-08,1219.43,1225.69,1218.57
SPX,2005-03-09,1207.01,1219.43,1206.66
SPX,2005-03-10,1209.25,1211.23,1201.41
SPX,2005-03-11,1200.08,1213.04,1198.15
SPX,2005-03-14,1206.83,1206.83,1199.51
SPX,2005-03-15,1197.75,1210.54,1197.75
SPX,2005-03-16,1188.07,1197.75,1185.61
SPX,2005-03-17,1190.21,1193.28,1186.34
SPX,2005-03-18,1189.65,1191.98,1182.78
SPX,2005-03-21,1183.78,1189.65,1178.82
SPX,2005-03-22,1171.71,1189.59,1171.63
SPX,2005-03-23,1172.53,1176.26,1168.7
SPX,2005-03-24,1171.42,1180.11,1171.42
SPX,2005-03-28,1174.28,1179.91,1171.42
SPX,2005-03-29,1165.36,1179.39,1163.69
SPX,2005-03-30,1181.41,1181.54,1165.36
SPX,2005-03-31,1180.59,1184.53,1179.49
SPX,2005-04-01,1172.92,1189.8,1169.91
SPX,2005-04-04,1176.12,1178.61,1167.72
SPX,2005-04-05,1181.39,1183.56,1176.12
SPX,2005-04-06,1184.07,1189.34,1181.39
SPX,2005-04-07,1191.14,1191.88,1183.81
SPX,2005-04-08,1181.2,1191.75,1181.13
SPX,2005-04-11,1181.21,1184.07,1178.69
SPX,2005-04-12,1187.76,1190.17,1170.85
SPX,2005-04-13,1173.79,1187.76,1171.4
SPX,2005-04-14,1162.05,1174.67,1161.7
SPX,2005-04-15,1142.62,1162.05,1141.92
SPX,2005-04-18,1145.98,1148.92,1139.8
SPX,2005-04-19,1152.78,1154.67,1145.98
SPX,2005-04-20,1137.5,1155.5,1136.15
SPX,2005-04-21,1159.95,1159.95,1137.5
SPX,2005-04-22,1152.12,1159.95,1142.95
SPX,2005-04-25,1162.1,1164.05,1152.12
SPX,2005-04-26,1151.74,1164.8,1151.74
SPX,2005-04-27,1156.38,1159.87,1144.42
SPX,2005-04-28,1143.22,1156.38,1143.22
SPX,2005-04-29,1156.85,1156.97,1139.19
SPX,2005-05-02,1162.16,1162.87,1154.71
SPX,2005-05-03,1161.17,1166.89,1156.71
SPX,2005-05-04,1175.65,1176.01,1161.17
SPX,2005-05-05,1172.63,1178.62,1166.77
SPX,2005-05-06,1171.35,1177.75,1170.5
SPX,2005-05-09,1178.84,1178.87,1169.38
SPX,2005-05-10,1166.22,1178.84,1162.98
SPX,2005-05-11,1171.11,1171.77,1157.71
SPX,2005-05-12,1159.36,1173.37,1157.76
SPX,2005-05-13,1154.05,1163.75,1146.18
SPX,2005-05-16,1165.69,1165.75,1153.64
SPX,2005-05-17,1173.8,1174.35,1159.86
SPX,2005-05-18,1185.56,1187.9,1173.8
SPX,2005-05-19,1191.08,1191.09,1184.49
SPX,2005-05-20,1189.28,1191.22,1185.19
SPX,2005-05-23,1193.86,1197.44,1188.76
SPX,2005-05-24,1194.07,1195.29,1189.87
SPX,2005-05-25,1190.01,1194.07,1185.96
SPX,2005-05-26,1197.62,1198.95,1190.01
SPX,2005-05-27,1198.78,1199.56,1195.28
SPX,2005-05-30,1199.56,1199.56,1195.28
SPX,2005-05-31,1191.5,1198.78,1191.5
SPX,2005-06-01,1202.22,1205.64,1191.03
SPX,2005-06-02,1204.29,1204.67,1198.42
SPX,2005-06-03,1196.02,1205.09,1194.55
SPX,2005-06-06,1197.51,1198.78,1192.75
SPX,2005-06-07,1197.26,1208.85,1197.26
SPX,2005-06-08,1194.67,1201.97,1193.33
SPX,2005-06-09,1200.93,1201.86,1191.09
SPX,2005-06-10,1198.11,1202.79,1192.64
SPX,2005-06-13,1200.82,1206.03,1194.51
SPX,2005-06-14,1203.91,1207.53,1200.18
SPX,2005-06-15,1206.58,1208.08,1198.66
SPX,2005-06-16,1210.96,1212.1,1205.47
SPX,2005-06-17,1216.96,1219.55,1210.93
SPX,2005-06-20,1216.1,1219.1,1210.65
SPX,2005-06-21,1213.61,1217.13,1211.86
SPX,2005-06-22,1213.88,1219.59,1211.69
SPX,2005-06-23,1200.73,1216.45,1200.72
SPX,2005-06-24,1191.57,1200.9,1191.45
SPX,2005-06-27,1190.69,1194.33,1188.3
SPX,2005-06-28,1201.57,1202.54,1190.69
SPX,2005-06-29,1199.85,1204.07,1198.7
SPX,2005-06-30,1191.33,1203.27,1190.51
SPX,2005-07-01,1194.44,1197.89,1191.33
SPX,2005-07-05,1204.99,1206.34,1192.49
SPX,2005-07-06,1194.94,1206.11,1194.78
SPX,2005-07-07,1197.87,1198.46,1183.55
SPX,2005-07-08,1211.86,1212.73,1197.2
SPX,2005-07-11,1219.44,1220.03,1211.86
SPX,2005-07-12,1222.21,1225.54,1216.6
SPX,2005-07-13,1223.29,1224.46,1219.64
SPX,2005-07-14,1226.5,1233.16,1223.29
SPX,2005-07-15,1227.92,1229.53,1223.5
SPX,2005-07-18,1221.13,1227.92,1221.13
SPX,2005-07-19,1229.35,1230.34,1221.13
SPX,2005-07-20,1235.2,1236.56,1222.91
SPX,2005-07-21,1227.04,1235.83,1224.7
SPX,2005-07-22,1233.68,1234.19,1226.15
SPX,2005-07-25,1229.03,1238.36,1228.15
SPX,2005-07-26,1231.16,1234.42,1229.03
SPX,2005-07-27,1236.79,1237.64,1230.15
SPX,2005-07-28,1243.72,1245.15,1235.81
SPX,2005-07-29,1234.18,1245.04,1234.18
SPX,2005-08-01,1235.35,1239.1,1233.8
SPX,2005-08-02,1244.12,1244.69,1235.35
SPX,2005-08-03,1245.04,1245.86,1240.57
SPX,2005-08-04,1235.86,1245.04,1235.15
SPX,2005-08-05,1226.42,1235.86,1225.62
SPX,2005-08-08,1223.13,1232.28,1222.67
SPX,2005-08-09,1231.38,1234.11,1223.13
SPX,2005-08-10,1229.13,1242.69,1226.58
SPX,2005-08-11,1237.81,1237.81,1228.33
SPX,2005-08-12,1230.39,1237.81,1225.87
SPX,2005-08-15,1233.87,1236.24,1226.2
SPX,2005-08-16,1219.34,1233.87,1219.05
SPX,2005-08-17,1220.24,1225.63,1218.07
SPX,2005-08-18,1219.02,1222.64,1215.93
SPX,2005-08-19,1219.71,1225.08,1219.02
SPX,2005-08-22,1221.73,1228.96,1216.47
SPX,2005-08-23,1217.59,1223.04,1214.44
SPX,2005-08-24,1209.59,1224.15,1209.37
SPX,2005-08-25,1212.37,1213.73,1209.57
SPX,2005-08-26,1205.1,1212.4,1204.23
SPX,2005-08-29,1212.28,1214.28,1201.53
SPX,2005-08-30,1208.41,1212.28,1201.07
SPX,2005-08-31,1220.33,1220.36,1204.4
SPX,2005-09-01,1221.59,1227.29,1216.18
SPX,2005-09-02,1218.02,1224.45,1217.75
SPX,2005-09-06,1233.39,1233.61,1218.02
SPX,2005-09-07,1236.36,1237.06,1230.93
SPX,2005-09-08,1231.67,1236.36,1229.51
SPX,2005-09-09,1241.48,1243.13,1231.67
SPX,2005-09-12,1240.56,1242.6,1239.15
SPX,2005-09-13,1231.2,1240.57,1231.2
SPX,2005-09-14,1227.16,1234.74,1226.16
SPX,2005-09-15,1227.73,1231.88,1224.85
SPX,2005-09-16,1237.91,1237.95,1228.42
SPX,2005-09-19,1231.02,1237.91,1227.65
SPX,2005-09-20,1221.34,1236.49,1220.07
SPX,2005-09-21,1210.2,1221.52,1209.89
SPX,2005-09-22,1214.62,1216.64,1205.35
SPX,2005-09-23,1215.29,1218.83,1209.8
SPX,2005-09-26,1215.63,1222.56,1211.84
SPX,2005-09-27,1215.66,1220.17,1211.11
SPX,2005-09-28,1216.89,1220.98,1212.72
SPX,2005-09-29,1227.68,1228.7,1211.54
SPX,2005-09-30,1228.81,1229.57,1225.22
SPX,2005-10-03,1226.7,1233.34,1225.15
SPX,2005-10-04,1214.47,1229.88,1214.02
SPX,2005-10-05,1196.39,1214.47,1196.25
SPX,2005-10-06,1191.49,1202.14,1181.92
SPX,2005-10-07,1195.9,1199.71,1191.46
SPX,2005-10-10,1187.33,1196.52,1186.12
SPX,2005-10-11,1184.87,1193.1,1183.16
SPX,2005-10-12,1177.68,1190.02,1173.65
SPX,2005-10-13,1176.84,1179.56,1168.2
SPX,2005-10-14,1186.57,1187.13,1175.44
SPX,2005-10-17,1190.1,1191.21,1184.48
SPX,2005-10-18,1178.14,1190.1,1178.13
SPX,2005-10-19,1195.76,1195.76,1170.55
SPX,2005-10-20,1177.8,1197.3,1173.3
SPX,2005-10-21,1179.59,1186.46,1174.92
SPX,2005-10-24,1199.38,1199.39,1179.59
SPX,2005-10-25,1196.54,1201.3,1189.29
SPX,2005-10-26,1191.38,1204.01,1191.38
SPX,2005-10-27,1178.9,1192.65,1178.89
SPX,2005-10-28,1198.41,1198.41,1178.9
SPX,2005-10-31,1207.01,1211.43,1198.41
SPX,2005-11-01,1202.76,1207.34,1201.66
SPX,2005-11-02,1214.76,1215.17,1201.07
SPX,2005-11-03,1219.94,1224.7,1214.76
SPX,2005-11-04,1220.14,1222.52,1214.45
SPX,2005-11-07,1222.81,1224.18,1217.29
SPX,2005-11-08,1218.59,1222.81,1216.08
SPX,2005-11-09,1220.65,1226.59,1216.53
SPX,2005-11-10,1230.96,1232.41,1215.05
SPX,2005-11-11,1234.72,1235.7,1230.72
SPX,2005-11-14,1233.71,1237.2,1231.78
SPX,2005-11-15,1229.01,1237.94,1226.41
SPX,2005-11-16,1231.21,1232.24,1227.18
SPX,2005-11-17,1242.8,1242.96,1231.21
SPX,2005-11-18,1248.27,1249.58,1240.71
SPX,2005-11-21,1254.85,1255.89,1246.9
SPX,2005-11-22,1261.23,1261.9,1251.4
SPX,2005-11-23,1265.61,1270.64,1259.51
SPX,2005-11-25,1268.25,1268.78,1265.54
SPX,2005-11-28,1257.46,1268.44,1257.17
SPX,2005-11-29,1257.48,1266.18,1257.46
SPX,2005-11-30,1249.48,1260.93,1249.39
SPX,2005-12-01,1264.67,1266.17,1249.48
SPX,2005-12-02,1265.08,1266.85,1261.42
SPX,2005-12-05,1262.09,1265.08,1258.12
SPX,2005-12-06,1263.7,1272.89,1262.09
SPX,2005-12-07,1257.37,1264.85,1253.02
SPX,2005-12-08,1255.84,1263.36,1250.91
SPX,2005-12-09,1259.37,1263.08,1254.24
SPX,2005-12-12,1260.43,1263.86,1255.52
SPX,2005-12-13,1267.43,1272.11,1258.56
SPX,2005-12-14,1272.74,1275.8,1267.07
SPX,2005-12-15,1270.94,1275.17,1267.74
SPX,2005-12-16,1267.32,1275.24,1267.32
SPX,2005-12-19,1259.92,1270.51,1259.28
SPX,2005-12-20,1259.62,1263.86,1257.21
SPX,2005-12-21,1262.79,1269.37,1259.62
SPX,2005-12-22,1268.12,1268.19,1262.5
SPX,2005-12-23,1268.66,1269.76,1265.92
SPX,2005-12-27,1256.54,1271.83,1256.54
SPX,2005-12-28,1258.17,1261.1,1256.54
SPX,2005-12-29,1254.42,1260.61,1254.18
SPX,2005-12-30,1248.29,1254.42,1246.59
SPX,2006-01-03,1268.8,1270.22,1245.74
SPX,2006-01-04,1273.46,1275.37,1267.74
SPX,2006-01-05,1273.48,1276.91,1270.3
SPX,2006-01-06,1285.45,1286.09,1273.48
SPX,2006-01-09,1290.15,1290.78,1284.82
SPX,2006-01-10,1289.69,1290.15,1283.76
SPX,2006-01-11,1294.18,1294.9,1288.12
SPX,2006-01-12,1286.06,1294.18,1285.04
SPX,2006-01-13,1287.61,1288.96,1282.78
SPX,2006-01-17,1282.93,1287.61,1278.61
SPX,2006-01-18,1277.93,1282.93,1272.08
SPX,2006-01-19,1285.04,1287.79,1277.93
SPX,2006-01-20,1261.49,1285.04,1260.92
SPX,2006-01-23,1263.82,1268.19,1261.49
SPX,2006-01-24,1266.86,1271.47,1263.82
SPX,2006-01-25,1264.68,1271.87,1259.42
SPX,2006-01-26,1273.83,1276.44,1264.68
SPX,2006-01-27,1283.72,1286.38,1273.83
SPX,2006-01-30,1285.2,1287.94,1283.51
SPX,2006-01-31,1280.08,1285.2,1276.85
SPX,2006-02-01,1282.46,1283.33,1277.57
SPX,2006-02-02,1270.84,1282.46,1267.72
SPX,2006-02-03,1264.03,1270.87,1261.02
SPX,2006-02-06,1265.02,1267.04,1261.62
SPX,2006-02-07,1254.78,1265.78,1253.61
SPX,2006-02-08,1265.65,1266.47,1254.78
SPX,2006-02-09,1263.78,1274.56,1262.8
SPX,2006-02-10,1266.99,1269.89,1254.98
SPX,2006-02-13,1262.86,1266.99,1258.34
SPX,2006-02-14,1275.53,1278.21,1260.8
SPX,2006-02-15,1280.0,1281.0,1271.06
SPX,2006-02-16,1289.38,1289.39,1280.0
SPX,2006-02-17,1287.24,1289.47,1284.07
SPX,2006-02-21,1283.04,1291.92,1281.33
SPX,2006-02-22,1292.67,1294.17,1283.03
SPX,2006-02-23,1287.79,1293.84,1285.14
SPX,2006-02-24,1289.43,1292.11,1285.62
SPX,2006-02-27,1294.12,1297.57,1289.43
SPX,2006-02-28,1280.66,1294.12,1278.66
SPX,2006-03-01,1291.24,1291.8,1280.66
SPX,2006-03-02,1289.14,1291.24,1283.21
SPX,2006-03-03,1287.23,1297.33,1284.2
SPX,2006-03-06,1278.26,1288.23,1275.67
SPX,2006-03-07,1275.88,1278.26,1271.11
SPX,2006-03-08,1278.47,1280.33,1268.42
SPX,2006-03-09,1272.23,1282.74,1272.23
SPX,2006-03-10,1281.58,1284.37,1271.11
SPX,2006-03-13,1284.13,1287.37,1281.58
SPX,2006-03-14,1297.48,1298.14,1282.67
SPX,2006-03-15,1303.02,1304.4,1294.97
SPX,2006-03-16,1305.33,1310.45,1303.02
SPX,2006-03-17,1307.25,1309.79,1305.32
SPX,2006-03-20,1305.08,1310.0,1303.59
SPX,2006-03-21,1297.23,1310.88,1295.82
SPX,2006-03-22,1305.04,1305.97,1295.81
SPX,2006-03-23,1301.67,1305.04,1298.11
SPX,2006-03-24,1302.95,1306.53,1298.89
SPX,2006-03-27,1301.61,1303.74,1299.09
SPX,2006-03-28,1293.23,1306.24,1291.84
SPX,2006-03-29,1302.89,1305.6,1293.23
SPX,2006-03-30,1300.25,1310.15,1296.72
SPX,2006-03-31,1294.83,1303.0,1294.83
SPX,2006-04-03,1297.81,1309.19,1296.65
SPX,2006-04-04,1305.93,1307.55,1294.71
SPX,2006-04-05,1311.56,1312.81,1304.82
SPX,2006-04-06,1309.04,1311.99,1302.44
SPX,2006-04-07,1295.5,1314.07,1294.18
SPX,2006-04-10,1296.62,1300.74,1293.17
SPX,2006-04-11,1286.57,1300.71,1282.96
SPX,2006-04-12,1288.12,1290.93,1286.45
SPX,2006-04-13,1289.12,1292.09,1283.37
SPX,2006-04-17,1285.33,1292.45,1280.74
SPX,2006-04-18,1307.65,1309.02,1285.33
SPX,2006-04-19,1309.93,1310.39,1302.79
SPX,2006-04-20,1311.46,1318.16,1306.38
SPX,2006-04-21,1311.28,1317.67,1306.59
SPX,2006-04-24,1308.11,1311.28,1303.79
SPX,2006-04-25,1301.74,1310.79,1299.17
SPX,2006-04-26,1305.41,1310.97,1301.74
SPX,2006-04-27,1309.72,1315.0,1295.57
SPX,2006-04-28,1310.61,1316.04,1306.16
SPX,2006-05-01,1305.19,1317.21,1303.46
SPX,2006-05-02,1313.21,1313.66,1305.19
SPX,2006-05-03,1307.85,1313.47,1303.92
SPX,2006-05-04,1312.25,1315.14,1307.85
SPX,2006-05-05,1325.76,1326.53,1312.25
SPX,2006-05-08,1324.66,1326.7,1322.87
SPX,2006-05-09,1325.14,1326.6,1322.48
SPX,2006-05-10,1322.85,1325.51,1317.44
SPX,2006-05-11,1305.92,1322.63,1303.45
SPX,2006-05-12,1291.24,1305.88,1290.38
SPX,2006-05-15,1294.5,1294.81,1284.51
SPX,2006-05-16,1292.08,1297.88,1288.51
SPX,2006-05-17,1270.32,1291.73,1267.31
SPX,2006-05-18,1261.81,1274.89,1261.75
SPX,2006-05-19,1267.03,1272.15,1256.28
SPX,2006-05-22,1262.07,1268.77,1252.98
SPX,2006-05-23,1256.58,1273.67,1256.15
SPX,2006-05-24,1258.57,1264.53,1245.34
SPX,2006-05-25,1272.88,1273.26,1258.41
SPX,2006-05-26,1280.16,1280.54,1272.5
SPX,2006-05-30,1259.84,1280.04,1259.84
SPX,2006-05-31,1270.09,1270.09,1259.38
SPX,2006-06-01,1285.71,1285.71,1269.19
SPX,2006-06-02,1288.22,1290.68,1280.22
SPX,2006-06-05,1265.29,1288.16,1264.66
SPX,2006-06-06,1263.85,1269.88,1254.46
SPX,2006-06-07,1256.15,1272.47,1255.77
SPX,2006-06-08,1257.93,1259.85,1235.18
SPX,2006-06-09,1252.3,1262.58,1250.03
SPX,2006-06-12,1236.4,1255.22,1236.2
SPX,2006-06-13,1223.69,1243.37,1222.52
SPX,2006-06-14,1230.04,1231.46,1219.29
SPX,2006-06-15,1256.16,1258.64,1230.01
SPX,2006-06-16,1251.54,1256.27,1246.33
SPX,2006-06-19,1240.14,1255.93,1237.17
SPX,2006-06-20,1240.12,1249.01,1238.87
SPX,2006-06-21,1252.2,1257.96,1240.09
SPX,2006-06-22,1245.6,1251.92,1241.53
SPX,2006-06-23,1244.5,1253.13,1241.43
SPX,2006-06-26,1250.56,1250.92,1243.68
SPX,2006-06-27,1239.2,1253.37,1238.94
SPX,2006-06-28,1246.0,1247.06,1237.59
SPX,2006-06-29,1272.87,1272.88,1245.94
SPX,2006-06-30,1270.2,1276.3,1270.2
SPX,2006-07-03,1280.19,1280.38,1270.06
SPX,2006-07-05,1270.91,1280.05,1265.91
SPX,2006-07-06,1274.08,1278.32,1270.58
SPX,2006-07-07,1265.48,1275.38,1263.13
SPX,2006-07-10,1267.34,1274.06,1264.46
SPX,2006-07-11,1272.52,1273.64,1259.65
SPX,2006-07-12,1258.6,1273.31,1257.29
SPX,2006-07-13,1242.29,1258.58,1241.43
SPX,2006-07-14,1236.2,1242.7,1228.45
SPX,2006-07-17,1234.49,1240.07,1231.49
SPX,2006-07-18,1236.86,1239.86,1224.54
SPX,2006-07-19,1259.81,1261.81,1236.74
SPX,2006-07-20,1249.13,1262.56,1249.13
SPX,2006-07-21,1240.29,1250.96,1238.72
SPX,2006-07-24,1260.91,1262.5,1240.25
SPX,2006-07-25,1268.88,1272.39,1257.19
SPX,2006-07-26,1268.4,1273.89,1261.94
SPX,2006-07-27,1263.2,1275.85,1261.92
SPX,2006-07-28,1278.55,1280.42,1263.15
SPX,2006-07-31,1276.66,1278.66,1274.31
SPX,2006-08-01,1270.92,1276.66,1265.71
SPX,2006-08-02,1278.55,1283.42,1270.73
SPX,2006-08-03,1280.27,1283.96,1271.25
SPX,2006-08-04,1279.36,1292.92,1273.82
SPX,2006-08-07,1275.77,1279.31,1273.0
SPX,2006-08-08,1271.48,1282.75,1268.37
SPX,2006-08-09,1265.95,1283.74,1264.73
SPX,2006-08-10,1271.81,1272.55,1261.3
SPX,2006-08-11,1266.74,1271.64,1262.08
SPX,2006-08-14,1268.21,1278.9,1266.67
SPX,2006-08-15,1285.58,1286.23,1268.19
SPX,2006-08-16,1295.43,1296.21,1285.27
SPX,2006-08-17,1297.48,1300.78,1292.71
SPX,2006-08-18,1302.3,1302.3,1293.57
SPX,2006-08-21,1297.52,1302.3,1295.51
SPX,2006-08-22,1298.82,1302.49,1294.44
SPX,2006-08-23,1292.99,1301.5,1289.49
SPX,2006-08-24,1296.06,1297.23,1291.4
SPX,2006-08-25,1295.09,1298.88,1292.39
SPX,2006-08-28,1301.78,1305.02,1293.97
SPX,2006-08-29,1304.28,1305.02,1295.29
SPX,2006-08-30,1304.27,1306.74,1302.15
SPX,2006-08-31,1303.82,1306.11,1302.45
SPX,2006-09-01,1311.01,1312.03,1303.8
SPX,2006-09-05,1313.25,1314.67,1308.82
SPX,2006-09-06,1300.26,1313.04,1299.28
SPX,2006-09-07,1294.02,1301.25,1292.13
SPX,2006-09-08,1298.92,1300.14,1294.02
SPX,2006-09-11,1299.54,1302.36,1290.93
SPX,2006-09-12,1313.11,1314.28,1299.53
SPX,2006-09-13,1318.07,1319.92,1311.12
SPX,2006-09-14,1316.28,1318.0,1313.25
SPX,2006-09-15,1319.87,1324.65,1316.28
SPX,2006-09-18,1321.18,1324.87,1318.16
SPX,2006-09-19,1318.31,1322.04,1312.17
SPX,2006-09-20,1325.18,1328.53,1318.28
SPX,2006-09-21,1318.03,1328.19,1315.45
SPX,2006-09-22,1314.78,1318.03,1310.94
SPX,2006-09-25,1326.37,1329.35,1311.58
SPX,2006-09-26,1336.34,1336.6,1325.3
SPX,2006-09-27,1336.59,1340.08,1333.54
SPX,2006-09-28,1339.15,1340.28,1333.75
SPX,2006-09-29,1335.85,1339.88,1335.64
SPX,2006-10-02,1331.32,1338.54,1330.28
SPX,2006-10-03,1334.11,1338.31,1327.1
SPX,2006-10-04,1350.22,1350.22,1331.48
SPX,2006-10-05,1353.22,1353.79,1347.75
SPX,2006-10-06,1349.58,1353.22,1344.21
SPX,2006-10-09,1350.66,1352.69,1346.55
SPX,2006-10-10,1353.42,1354.23,1348.6
SPX,2006-10-11,1349.95,1353.97,1343.57
SPX,2006-10-12,1362.83,1363.76,1349.94
SPX,2006-10-13,1365.62,1366.63,1360.5
SPX,2006-10-16,1369.05,1370.2,1364.48
SPX,2006-10-17,1364.05,1369.05,1356.87
SPX,2006-10-18,1365.96,1372.87,1360.95
SPX,2006-10-19,1366.96,1368.09,1362.06
SPX,2006-10-20,1368.6,1368.66,1362.1
SPX,2006-10-23,1377.02,1377.4,1363.94
SPX,2006-10-24,1377.38,1377.78,1372.42
SPX,2006-10-25,1382.22,1383.61,1376.0
SPX,2006-10-26,1389.08,1389.45,1379.47
SPX,2006-10-27,1377.34,1388.89,1375.85
SPX,2006-10-30,1377.93,1381.22,1373.46
SPX,2006-10-31,1377.94,1381.21,1372.19
SPX,2006-11-01,1367.81,1381.95,1366.26
SPX,2006-11-02,1367.34,1368.39,1362.21
SPX,2006-11-03,1364.3,1371.68,1360.98
SPX,2006-11-06,1379.78,1381.4,1364.27
SPX,2006-11-07,1382.84,1388.19,1379.19
SPX,2006-11-08,1385.72,1388.61,1376.29
SPX,2006-11-09,1378.33,1388.92,1377.31
SPX,2006-11-10,1380.9,1381.04,1375.6
SPX,2006-11-13,1384.42,1387.61,1378.8
SPX,2006-11-14,1393.22,1394.49,1379.07
SPX,2006-11-15,1396.57,1401.35,1392.13
SPX,2006-11-16,1399.76,1403.76,1396.53
SPX,2006-11-17,1401.2,1401.21,1394.55
SPX,2006-11-20,1400.5,1404.37,1397.85
SPX,2006-11-21,1402.81,1403.49,1399.99
SPX,2006-11-22,1406.09,1407.89,1402.26
SPX,2006-11-24,1400.95,1405.94,1399.25
SPX,2006-11-27,1381.9,1400.95,1381.44
SPX,2006-11-28,1386.72,1387.91,1377.83
SPX,2006-11-29,1399.48,1401.14,1386.11
SPX,2006-11-30,1400.63,1406.3,1393.83
SPX,2006-12-01,1396.71,1402.46,1385.93
SPX,2006-12-04,1409.12,1411.23,1396.67
SPX,2006-12-05,1414.76,1415.27,1408.78
SPX,2006-12-06,1412.9,1415.93,1411.05
SPX,2006-12-07,1407.29,1418.27,1406.8
SPX,2006-12-08,1409.84,1414.09,1403.67
SPX,2006-12-11,1413.04,1415.6,1408.56
SPX,2006-12-12,1411.56,1413.78,1404.75
SPX,2006-12-13,1413.21,1416.64,1411.05
SPX,2006-12-14,1425.49,1427.23,1413.16
SPX,2006-12-15,1427.09,1431.63,1425.48
SPX,2006-12-18,1422.48,1431.81,1420.65
SPX,2006-12-19,1425.55,1428.3,1414.88
SPX,2006-12-20,1423.53,1429.05,1423.51
SPX,2006-12-21,1418.3,1426.4,1415.9
SPX,2006-12-22,1410.76,1418.82,1410.28
SPX,2006-12-26,1416.9,1417.91,1410.45
SPX,2006-12-27,1426.84,1427.72,1416.63
SPX,2006-12-28,1424.73,1427.26,1422.05
SPX,2006-12-29,1418.3,1427.0,1416.72
SPX,2007-01-03,1416.63,1429.42,1407.86
SPX,2007-01-04,1418.34,1421.84,1408.22
SPX,2007-01-05,1409.71,1418.34,1405.75
SPX,2007-01-08,1412.84,1414.98,1403.97
SPX,2007-01-09,1412.11,1415.61,1405.42
SPX,2007-01-10,1414.85,1415.99,1404.33
SPX,2007-01-11,1423.82,1427.12,1414.84
SPX,2007-01-12,1430.73,1431.23,1422.58
SPX,2007-01-16,1431.9,1433.93,1428.62
SPX,2007-01-17,1430.62,1435.27,1428.57
SPX,2007-01-18,1426.37,1433.3,1424.21
SPX,2007-01-19,1430.5,1431.57,1425.19
SPX,2007-01-22,1422.95,1431.39,1420.4
SPX,2007-01-23,1427.99,1431.33,1421.66
SPX,2007-01-24,1440.13,1440.14,1427.96
SPX,2007-01-25,1423.9,1440.69,1422.34
SPX,2007-01-26,1422.18,1427.27,1416.96
SPX,2007-01-29,1420.62,1426.94,1418.46
SPX,2007-01-30,1428.82,1428.82,1420.61
SPX,2007-01-31,1438.24,1441.61,1424.78
SPX,2007-02-01,1445.94,1446.64,1437.9
SPX,2007-02-02,1448.39,1449.33,1444.49
SPX,2007-02-05,1446.99,1449.38,1443.85
SPX,2007-02-06,1448.0,1450.19,1443.4
SPX,2007-02-08,1448.31,1450.45,1442.81
SPX,2007-02-09,1438.06,1452.45,1433.44
SPX,2007-02-12,1433.37,1439.11,1431.44
SPX,2007-02-13,1444.26,1444.41,1433.22
SPX,2007-02-14,1455.3,1457.65,1443.91
SPX,2007-02-15,1456.81,1457.97,1453.19
SPX,2007-02-16,1455.54,1456.77,1451.57
SPX,2007-02-20,1459.68,1460.53,1449.2
SPX,2007-02-21,1457.63,1459.6,1452.02
SPX,2007-02-22,1456.38,1461.57,1450.51
SPX,2007-02-23,1451.19,1456.22,1448.36
SPX,2007-02-26,1449.37,1456.95,1445.48
SPX,2007-02-27,1399.04,1449.25,1389.42
SPX,2007-02-28,1406.82,1415.89,1396.65
SPX,2007-03-01,1403.17,1409.46,1380.87
SPX,2007-03-02,1387.17,1403.4,1386.87
SPX,2007-03-05,1374.12,1391.86,1373.97
SPX,2007-03-06,1395.41,1397.9,1374.06
SPX,2007-03-07,1391.97,1401.16,1390.64
SPX,2007-03-08,1401.89,1407.93,1391.88
SPX,2007-03-09,1402.85,1410.15,1397.3
SPX,2007-03-12,1406.6,1409.34,1398.4
SPX,2007-03-13,1377.95,1406.23,1377.71
SPX,2007-03-14,1387.17,1388.09,1363.98
SPX,2007-03-15,1392.28,1395.73,1385.16
SPX,2007-03-16,1386.95,1397.51,1383.63
SPX,2007-03-19,1402.06,1403.2,1386.95
SPX,2007-03-20,1410.94,1411.53,1400.7
SPX,2007-03-21,1435.04,1437.77,1409.75
SPX,2007-03-22,1434.54,1437.66,1429.88
SPX,2007-03-23,1436.11,1438.89,1433.21
SPX,2007-03-26,1437.5,1437.65,1423.28
SPX,2007-03-27,1428.61,1437.49,1425.54
SPX,2007-03-28,1417.23,1428.35,1414.07
SPX,2007-03-29,1422.53,1426.24,1413.27
SPX,2007-03-30,1420.86,1429.22,1408.9
SPX,2007-04-02,1424.55,1425.49,1416.37
SPX,2007-04-03,1437.77,1440.57,1424.27
SPX,2007-04-04,1439.37,1440.16,1435.08
SPX,2007-04-05,1443.76,1444.88,1436.67
SPX,2007-04-09,1444.61,1448.1,1443.28
SPX,2007-04-10,1448.39,1448.73,1443.99
SPX,2007-04-11,1438.87,1448.39,1436.15
SPX,2007-04-12,1447.8,1448.02,1433.91
SPX,2007-04-13,1452.85,1453.11,1444.15
SPX,2007-04-16,1468.47,1468.62,1452.84
SPX,2007-04-17,1471.48,1474.35,1467.15
SPX,2007-04-18,1472.5,1476.57,1466.41
SPX,2007-04-19,1470.73,1474.23,1464.47
SPX,2007-04-20,1484.35,1484.74,1470.69
SPX,2007-04-23,1480.93,1487.32,1480.19
SPX,2007-04-24,1480.41,1483.82,1473.74
SPX,2007-04-25,1495.42,1496.59,1480.28
SPX,2007-04-26,1494.25,1498.02,1491.17
SPX,2007-04-27,1494.07,1497.32,1488.67
SPX,2007-04-30,1482.37,1497.16,1482.29
SPX,2007-05-01,1486.3,1487.27,1476.7
SPX,2007-05-02,1495.92,1499.1,1486.13
SPX,2007-05-03,1502.39,1503.34,1495.56
SPX,2007-05-04,1505.62,1510.34,1501.8
SPX,2007-05-07,1509.48,1511.0,1505.54
SPX,2007-05-08,1507.72,1509.36,1500.66
SPX,2007-05-09,1512.58,1513.8,1503.77
SPX,2007-05-10,1491.47,1512.33,1491.42
SPX,2007-05-11,1505.85,1506.24,1491.47
SPX,2007-05-14,1503.15,1510.9,1498.34
SPX,2007-05-15,1501.19,1514.83,1500.43
SPX,2007-05-16,1514.14,1514.15,1500.75
SPX,2007-05-17,1512.75,1517.14,1509.29
SPX,2007-05-18,1522.75,1522.75,1512.74
SPX,2007-05-21,1525.1,1529.87,1522.71
SPX,2007-05-22,1524.12,1529.24,1522.05
SPX,2007-05-23,1522.28,1532.43,1521.9
SPX,2007-05-24,1507.51,1529.31,1505.18
SPX,2007-05-25,1515.73,1517.41,1507.5
SPX,2007-05-29,1518.11,1521.8,1512.02
SPX,2007-05-30,1530.23,1530.23,1512.38
SPX,2007-05-31,1530.62,1535.56,1528.26
SPX,2007-06-01,1536.34,1540.56,1530.62
SPX,2007-06-04,1539.18,1540.53,1532.31
SPX,2007-06-05,1530.95,1539.12,1525.62
SPX,2007-06-06,1517.38,1530.57,1514.13
SPX,2007-06-07,1490.72,1517.36,1490.37
SPX,2007-06-08,1507.67,1507.76,1487.41
SPX,2007-06-11,1509.12,1515.53,1503.35
SPX,2007-06-12,1493.0,1511.33,1492.97
SPX,2007-06-13,1515.67,1515.7,1492.65
SPX,2007-06-14,1522.97,1526.45,1515.58
SPX,2007-06-15,1532.91,1538.71,1522.97
SPX,2007-06-18,1531.05,1535.44,1529.31
SPX,2007-06-19,1533.7,1535.85,1525.67
SPX,2007-06-20,1512.84,1537.32,1512.36
SPX,2007-06-21,1522.19,1522.9,1504.75
SPX,2007-06-22,1502.56,1522.19,1500.74
SPX,2007-06-25,1497.74,1514.29,1492.68
SPX,2007-06-26,1492.89,1506.12,1490.54
SPX,2007-06-27,1506.34,1506.8,1484.18
SPX,2007-06-28,1505.71,1514.84,1503.41
SPX,2007-06-29,1503.35,1517.53,1493.61
SPX,2007-07-02,1519.43,1519.45,1504.66
SPX,2007-07-03,1524.87,1526.01,1519.12
SPX,2007-07-05,1525.4,1526.57,1517.72
SPX,2007-07-06,1530.44,1532.4,1520.47
SPX,2007-07-09,1531.85,1534.26,1527.45
SPX,2007-07-10,1510.12,1531.85,1510.01
SPX,2007-07-11,1518.76,1519.34,1506.1
SPX,2007-07-12,1547.7,1547.92,1518.74
SPX,2007-07-13,1552.5,1555.1,1544.85
SPX,2007-07-16,1549.52,1555.9,1546.69
SPX,2007-07-17,1549.37,1555.32,1547.74
SPX,2007-07-18,1546.17,1549.2,1533.67
SPX,2007-07-19,1553.08,1555.2,1546.13
SPX,2007-07-20,1534.1,1553.19,1529.2
SPX,2007-07-23,1541.57,1547.23,1534.06
SPX,2007-07-24,1511.04,1541.57,1508.62
SPX,2007-07-25,1518.09,1524.31,1504.87
SPX,2007-07-26,1482.66,1518.09,1465.3
SPX,2007-07-27,1458.95,1488.53,1458.95
SPX,2007-07-30,1473.91,1477.88,1454.32
SPX,2007-07-31,1455.27,1488.3,1454.25
SPX,2007-08-01,1465.81,1468.38,1439.59
SPX,2007-08-02,1472.2,1476.43,1460.58
SPX,2007-08-03,1433.06,1473.23,1432.8
SPX,2007-08-06,1467.67,1467.67,1427.39
SPX,2007-08-07,1476.71,1488.3,1455.8
SPX,2007-08-08,1497.49,1503.89,1476.22
SPX,2007-08-09,1453.09,1497.21,1453.09
SPX,2007-08-10,1453.64,1462.02,1429.74
SPX,2007-08-13,1452.92,1466.29,1451.54
SPX,2007-08-14,1426.54,1456.74,1426.2
SPX,2007-08-15,1406.7,1440.78,1404.36
SPX,2007-08-16,1411.27,1415.97,1370.6
SPX,2007-08-17,1445.94,1450.33,1411.26
SPX,2007-08-20,1445.55,1451.75,1430.54
SPX,2007-08-21,1447.12,1455.32,1439.76
SPX,2007-08-22,1464.07,1464.86,1447.03
SPX,2007-08-23,1462.5,1472.06,1453.88
SPX,2007-08-24,1479.37,1479.4,1460.54
SPX,2007-08-27,1466.79,1479.36,1465.98
SPX,2007-08-28,1432.36,1466.72,1432.01
SPX,2007-08-29,1463.76,1463.76,1432.01
SPX,2007-08-30,1457.64,1468.43,1451.25
SPX,2007-08-31,1473.99,1481.47,1457.61
SPX,2007-09-04,1489.42,1496.4,1472.15
SPX,2007-09-05,1472.29,1488.76,1466.34
SPX,2007-09-06,1478.55,1481.49,1472.03
SPX,2007-09-07,1453.55,1478.55,1449.07
SPX,2007-09-10,1451.7,1462.25,1439.29
SPX,2007-09-11,1471.49,1472.48,1451.69
SPX,2007-09-12,1471.56,1479.5,1465.75
SPX,2007-09-13,1483.95,1489.58,1474.4
SPX,2007-09-14,1484.25,1485.99,1473.18
SPX,2007-09-17,1476.65,1484.24,1471.82
SPX,2007-09-18,1519.78,1519.89,1476.63
SPX,2007-09-19,1529.03,1538.74,1519.75
SPX,2007-09-20,1518.75,1529.14,1516.42
SPX,2007-09-21,1525.75,1530.89,1518.75
SPX,2007-09-24,1517.73,1530.18,1516.15
SPX,2007-09-25,1517.21,1518.27,1507.13
SPX,2007-09-26,1525.42,1529.39,1518.62
SPX,2007-09-27,1531.38,1532.46,1525.81
SPX,2007-09-28,1526.75,1533.74,1521.99
SPX,2007-10-01,1547.04,1549.02,1527.25
SPX,2007-10-02,1546.63,1548.01,1540.37
SPX,2007-10-03,1539.59,1545.84,1536.34
SPX,2007-10-04,1542.84,1544.02,1537.63
SPX,2007-10-05,1557.59,1561.91,1543.84
SPX,2007-10-08,1552.58,1556.51,1549.0
SPX,2007-10-09,1565.15,1565.26,1551.82
SPX,2007-10-10,1562.47,1565.42,1555.46
SPX,2007-10-11,1554.41,1576.09,1546.72
SPX,2007-10-12,1561.8,1563.03,1554.09
SPX,2007-10-15,1548.71,1564.74,1540.81
SPX,2007-10-16,1538.53,1547.81,1536.29
SPX,2007-10-17,1541.24,1550.66,1526.01
SPX,2007-10-18,1540.08,1542.79,1531.76
SPX,2007-10-19,1500.63,1540.0,1500.26
SPX,2007-10-22,1506.33,1508.06,1490.4
SPX,2007-10-23,1519.59,1520.01,1503.61
SPX,2007-10-24,1515.88,1517.23,1489.56
SPX,2007-10-25,1514.4,1523.24,1500.46
SPX,2007-10-26,1535.28,1535.53,1520.18
SPX,2007-10-29,1540.98,1544.67,1536.43
SPX,2007-10-30,1531.02,1539.42,1529.55
SPX,2007-10-31,1549.38,1552.76,1529.4
SPX,2007-11-01,1508.44,1545.79,1506.66
SPX,2007-11-02,1509.65,1513.15,1492.53
SPX,2007-11-05,1502.17,1510.84,1489.95
SPX,2007-11-06,1520.27,1520.77,1499.07
SPX,2007-11-07,1475.62,1515.46,1475.04
SPX,2007-11-08,1474.77,1482.5,1450.31
SPX,2007-11-09,1453.7,1474.09,1448.51
SPX,2007-11-12,1439.18,1464.94,1438.53
SPX,2007-11-13,1481.05,1481.37,1441.35
SPX,2007-11-14,1470.58,1492.14,1466.47
SPX,2007-11-15,1451.15,1472.67,1443.49
SPX,2007-11-16,1458.74,1462.18,1443.99
SPX,2007-11-19,1433.27,1456.7,1430.42
SPX,2007-11-20,1439.7,1452.64,1419.28
SPX,2007-11-21,1416.77,1436.4,1415.64
SPX,2007-11-23,1440.7,1440.86,1417.62
SPX,2007-11-26,1407.22,1446.09,1406.1
SPX,2007-11-27,1428.23,1429.49,1407.43
SPX,2007-11-28,1469.02,1471.62,1432.95
SPX,2007-11-29,1469.72,1473.81,1458.36
SPX,2007-11-30,1481.14,1488.94,1470.89
SPX,2007-12-03,1472.42,1481.16,1470.08
SPX,2007-12-04,1462.79,1471.34,1460.66
SPX,2007-12-05,1485.01,1486.09,1465.22
SPX,2007-12-06,1507.34,1508.02,1482.19
SPX,2007-12-07,1504.66,1510.63,1502.66
SPX,2007-12-10,1515.96,1518.27,1504.96
SPX,2007-12-11,1477.65,1523.57,1475.99
SPX,2007-12-12,1486.59,1511.96,1468.23
SPX,2007-12-13,1488.41,1489.4,1469.21
SPX,2007-12-14,1467.95,1486.67,1467.78
SPX,2007-12-17,1445.9,1465.05,1445.43
SPX,2007-12-18,1454.98,1460.16,1435.65
SPX,2007-12-19,1453.0,1464.42,1445.31
SPX,2007-12-20,1460.12,1461.53,1447.22
SPX,2007-12-21,1484.46,1485.4,1463.19
SPX,2007-12-24,1496.45,1497.63,1484.55
SPX,2007-12-26,1497.66,1498.85,1488.2
SPX,2007-12-27,1476.27,1495.05,1475.86
SPX,2007-12-28,1478.49,1488.01,1471.7
SPX,2008-01-02,1447.16,1471.77,1442.07
SPX,2008-01-03,1447.16,1456.8,1443.73
SPX,2008-01-04,1411.63,1444.01,1411.19
SPX,2008-01-07,1416.18,1423.87,1403.45
SPX,2008-01-08,1390.19,1430.28,1388.3
SPX,2008-01-09,1409.13,1409.19,1378.7
SPX,2008-01-10,1420.33,1429.09,1395.31
SPX,2008-01-11,1401.02,1419.91,1394.83
SPX,2008-01-14,1416.25,1417.89,1402.91
SPX,2008-01-15,1380.95,1411.88,1380.6
SPX,2008-01-16,1373.2,1391.99,1364.27
SPX,2008-01-17,1333.25,1377.72,1330.67
SPX,2008-01-18,1325.19,1350.28,1312.51
SPX,2008-01-22,1310.5,1322.09,1274.29
SPX,2008-01-23,1338.6,1339.09,1270.05
SPX,2008-01-24,1352.07,1355.15,1334.31
SPX,2008-01-25,1330.61,1368.56,1327.5
SPX,2008-01-28,1353.96,1353.97,1322.26
SPX,2008-01-29,1362.3,1364.93,1350.19
SPX,2008-01-30,1355.81,1385.86,1352.95
SPX,2008-01-31,1378.55,1385.62,1334.08
SPX,2008-02-01,1395.42,1396.02,1375.93
SPX,2008-02-04,1380.82,1395.38,1379.69
SPX,2008-02-05,1336.64,1380.28,1336.64
SPX,2008-02-06,1326.45,1351.96,1324.34
SPX,2008-02-07,1336.91,1347.16,1316.75
SPX,2008-02-08,1331.29,1341.22,1321.06
SPX,2008-02-11,1339.13,1341.4,1320.32
SPX,2008-02-12,1348.86,1362.1,1339.36
SPX,2008-02-13,1367.21,1369.23,1350.78
SPX,2008-02-14,1348.86,1368.16,1347.31
SPX,2008-02-15,1349.99,1350.0,1338.13
SPX,2008-02-19,1348.78,1367.28,1345.05
SPX,2008-02-20,1360.03,1363.71,1336.55
SPX,2008-02-21,1342.53,1367.94,1339.34
SPX,2008-02-22,1353.11,1354.3,1327.04
SPX,2008-02-25,1371.8,1374.36,1346.03
SPX,2008-02-26,1381.29,1387.34,1363.29
SPX,2008-02-27,1380.02,1388.34,1372.0
SPX,2008-02-28,1367.68,1378.16,1363.16
SPX,2008-02-29,1330.63,1364.07,1330.63
SPX,2008-03-03,1331.34,1335.13,1320.04
SPX,2008-03-04,1326.75,1331.03,1307.39
SPX,2008-03-05,1333.7,1344.19,1320.22
SPX,2008-03-06,1304.34,1332.2,1303.42
SPX,2008-03-07,1293.37,1313.24,1282.43
SPX,2008-03-10,1273.37,1295.01,1272.66
SPX,2008-03-11,1320.65,1320.65,1274.4
SPX,2008-03-12,1308.77,1333.26,1307.86
SPX,2008-03-13,1315.48,1321.68,1282.11
SPX,2008-03-14,1288.14,1321.47,1274.86
SPX,2008-03-17,1276.6,1287.5,1256.98
SPX,2008-03-18,1330.74,1330.74,1277.16
SPX,2008-03-19,1298.42,1341.51,1298.42
SPX,2008-03-20,1329.51,1330.67,1295.22
SPX,2008-03-24,1349.88,1359.68,1330.29
SPX,2008-03-25,1352.99,1357.47,1341.21
SPX,2008-03-26,1341.13,1352.45,1336.41
SPX,2008-03-27,1325.76,1345.62,1325.66
SPX,2008-03-28,1315.22,1334.87,1312.95
SPX,2008-03-31,1322.7,1328.52,1312.81
SPX,2008-04-01,1370.18,1370.18,1326.41
SPX,2008-04-02,1367.53,1377.95,1361.55
SPX,2008-04-03,1369.31,1375.66,1358.68
SPX,2008-04-04,1370.4,1380.91,1362.83
SPX,2008-04-07,1372.54,1386.74,1369.02
SPX,2008-04-08,1365.54,1370.16,1360.62
SPX,2008-04-09,1354.49,1368.39,1349.97
SPX,2008-04-10,1360.55,1367.24,1350.11
SPX,2008-04-11,1332.83,1357.98,1331.21
SPX,2008-04-14,1328.32,1335.64,1326.16
SPX,2008-04-15,1334.43,1337.72,1324.35
SPX,2008-04-16,1364.71,1365.49,1337.02
SPX,2008-04-17,1365.56,1368.6,1357.25
SPX,2008-04-18,1390.33,1395.9,1369.0
SPX,2008-04-21,1388.17,1390.23,1379.25
SPX,2008-04-22,1375.94,1386.43,1369.84
SPX,2008-04-23,1379.93,1387.87,1372.24
SPX,2008-04-24,1388.82,1397.72,1371.09
SPX,2008-04-25,1397.84,1399.11,1379.98
SPX,2008-04-28,1396.37,1402.9,1394.4
SPX,2008-04-29,1390.94,1397.0,1386.7
SPX,2008-04-30,1385.59,1404.57,1384.25
SPX,2008-05-01,1409.34,1410.07,1383.07
SPX,2008-05-02,1413.9,1422.72,1406.25
SPX,2008-05-05,1407.49,1415.34,1404.37
SPX,2008-05-06,1418.26,1421.57,1397.1
SPX,2008-05-07,1392.57,1419.54,1391.16
SPX,2008-05-08,1397.68,1402.35,1389.39
SPX,2008-05-09,1388.28,1394.9,1384.11
SPX,2008-05-12,1403.58,1404.06,1386.2
SPX,2008-05-13,1403.04,1406.3,1396.26
SPX,2008-05-14,1408.66,1420.19,1405.65
SPX,2008-05-15,1423.57,1424.4,1406.87
SPX,2008-05-16,1425.35,1425.82,1414.35
SPX,2008-05-19,1426.63,1440.24,1421.63
SPX,2008-05-20,1413.4,1424.49,1409.09
SPX,2008-05-21,1390.71,1419.12,1388.81
SPX,2008-05-22,1394.35,1399.07,1390.23
SPX,2008-05-23,1375.93,1392.2,1373.72
SPX,2008-05-27,1385.35,1387.4,1373.07
SPX,2008-05-28,1390.84,1391.25,1378.16
SPX,2008-05-29,1398.26,1406.32,1388.59
SPX,2008-05-30,1400.38,1404.46,1398.08
SPX,2008-06-02,1385.67,1399.62,1377.79
SPX,2008-06-03,1377.65,1393.12,1370.12
SPX,2008-06-04,1377.2,1388.18,1371.74
SPX,2008-06-05,1404.05,1404.05,1377.48
SPX,2008-06-06,1360.68,1400.06,1359.9
SPX,2008-06-09,1361.76,1370.63,1350.62
SPX,2008-06-10,1358.44,1366.84,1351.56
SPX,2008-06-11,1335.49,1357.09,1335.47
SPX,2008-06-12,1339.87,1353.03,1331.29
SPX,2008-06-13,1360.03,1360.03,1341.71
SPX,2008-06-16,1360.14,1364.7,1352.07
SPX,2008-06-17,1350.93,1366.59,1350.54
SPX,2008-06-18,1337.81,1349.59,1333.4
SPX,2008-06-19,1342.83,1347.66,1330.5
SPX,2008-06-20,1317.93,1341.02,1314.46
SPX,2008-06-23,1318.0,1323.78,1315.31
SPX,2008-06-24,1314.29,1326.02,1304.42
SPX,2008-06-25,1321.97,1335.63,1314.54
SPX,2008-06-26,1283.15,1316.29,1283.15
SPX,2008-06-27,1278.38,1289.45,1272.0
SPX,2008-06-30,1280.0,1290.31,1274.86
SPX,2008-07-01,1284.91,1285.31,1260.68
SPX,2008-07-02,1261.52,1292.17,1261.51
SPX,2008-07-03,1262.9,1271.48,1252.01
SPX,2008-07-07,1252.31,1273.95,1240.68
SPX,2008-07-08,1273.7,1274.17,1242.84
SPX,2008-07-09,1244.69,1277.36,1244.57
SPX,2008-07-10,1253.39,1257.65,1236.76
SPX,2008-07-11,1239.49,1257.27,1225.35
SPX,2008-07-14,1228.3,1253.5,1225.01
SPX,2008-07-15,1214.91,1234.35,1200.44
SPX,2008-07-16,1245.36,1245.52,1211.39
SPX,2008-07-17,1260.32,1262.31,1241.49
SPX,2008-07-18,1260.68,1262.23,1251.81
SPX,2008-07-21,1260.0,1267.74,1255.7
SPX,2008-07-22,1277.0,1277.42,1248.83
SPX,2008-07-23,1282.19,1291.17,1276.06
SPX,2008-07-24,1252.54,1283.22,1251.48
SPX,2008-07-25,1257.76,1263.23,1251.75
SPX,2008-07-28,1234.37,1260.09,1234.37
SPX,2008-07-29,1263.2,1263.2,1236.38
SPX,2008-07-30,1284.26,1284.33,1264.52
SPX,2008-07-31,1267.38,1284.93,1265.97
SPX,2008-08-01,1260.31,1270.52,1254.54
SPX,2008-08-04,1249.01,1260.49,1247.45
SPX,2008-08-05,1284.88,1284.88,1254.67
SPX,2008-08-06,1289.19,1291.67,1276.0
SPX,2008-08-07,1266.07,1286.51,1264.29
SPX,2008-08-08,1296.32,1297.85,1262.11
SPX,2008-08-11,1305.32,1313.15,1291.41
SPX,2008-08-12,1289.59,1304.79,1285.64
SPX,2008-08-13,1285.83,1294.03,1274.86
SPX,2008-08-14,1292.93,1300.11,1276.84
SPX,2008-08-15,1298.2,1302.05,1290.74
SPX,2008-08-18,1278.6,1300.22,1274.51
SPX,2008-08-19,1266.69,1276.65,1263.11
SPX,2008-08-20,1274.54,1276.01,1261.16
SPX,2008-08-21,1277.72,1281.4,1265.22
SPX,2008-08-22,1292.2,1293.09,1277.59
SPX,2008-08-25,1266.84,1290.47,1264.87
SPX,2008-08-26,1271.51,1275.65,1263.21
SPX,2008-08-27,1281.66,1285.05,1270.03
SPX,2008-08-28,1300.68,1300.68,1283.79
SPX,2008-08-29,1282.83,1297.59,1282.74
SPX,2008-09-02,1277.58,1303.04,1272.2
SPX,2008-09-03,1274.98,1280.6,1265.59
SPX,2008-09-04,1236.83,1271.8,1232.83
SPX,2008-09-05,1242.31,1244.94,1217.23
SPX,2008-09-08,1267.79,1274.42,1247.12
SPX,2008-09-09,1224.51,1268.66,1224.51
SPX,2008-09-10,1232.04,1243.9,1221.6
SPX,2008-09-11,1249.05,1249.98,1211.54
SPX,2008-09-12,1251.7,1255.09,1233.81
SPX,2008-09-15,1192.7,1250.92,1192.7
SPX,2008-09-16,1213.6,1214.07,1169.28
SPX,2008-09-17,1156.39,1210.34,1155.88
SPX,2008-09-18,1206.51,1211.14,1133.5
SPX,2008-09-19,1255.08,1265.12,1213.11
SPX,2008-09-22,1207.09,1255.37,1205.61
SPX,2008-09-23,1188.22,1221.15,1187.06
SPX,2008-09-24,1185.87,1197.41,1179.79
SPX,2008-09-25,1209.18,1220.03,1187.87
SPX,2008-09-26,1213.27,1215.77,1187.54
SPX,2008-09-29,1106.42,1209.07,1106.42
SPX,2008-09-30,1164.74,1168.03,1113.78
SPX,2008-10-01,1161.06,1167.03,1140.77
SPX,2008-10-02,1114.28,1160.64,1111.43
SPX,2008-10-03,1099.23,1153.82,1098.14
SPX,2008-10-06,1056.89,1097.56,1007.97
SPX,2008-10-07,996.23,1072.91,996.23
SPX,2008-10-08,984.94,1021.06,970.97
SPX,2008-10-09,909.92,1005.25,909.19
SPX,2008-10-10,899.22,936.36,839.8
SPX,2008-10-13,1003.35,1006.93,912.75
SPX,2008-10-14,998.01,1044.31,972.07
SPX,2008-10-15,907.84,994.6,903.99
SPX,2008-10-16,946.43,947.71,865.83
SPX,2008-10-17,940.55,984.64,918.74
SPX,2008-10-20,985.4,985.4,943.51
SPX,2008-10-21,955.05,985.44,952.47
SPX,2008-10-22,896.78,951.67,875.81
SPX,2008-10-23,908.11,922.83,858.44
SPX,2008-10-24,876.77,896.3,852.85
SPX,2008-10-27,848.92,893.78,846.75
SPX,2008-10-28,940.51,940.51,845.27
SPX,2008-10-29,930.09,969.97,922.26
SPX,2008-10-30,954.09,963.23,928.5
SPX,2008-10-31,968.75,984.38,944.59
SPX,2008-11-03,966.3,975.57,958.82
SPX,2008-11-04,1005.75,1007.51,971.31
SPX,2008-11-05,952.77,1001.84,949.86
SPX,2008-11-06,904.88,952.4,899.73
SPX,2008-11-07,930.99,931.46,906.9
SPX,2008-11-10,919.21,951.95,907.47
SPX,2008-11-11,898.95,917.15,884.9
SPX,2008-11-12,852.3,893.39,850.48
SPX,2008-11-13,911.29,913.01,818.69
SPX,2008-11-14,873.29,916.88,869.88
SPX,2008-11-17,850.75,882.29,848.98
SPX,2008-11-18,859.12,865.9,826.84
SPX,2008-11-19,806.58,864.57,806.18
SPX,2008-11-20,752.44,820.52,747.78
SPX,2008-11-21,800.03,801.2,741.02
SPX,2008-11-24,851.81,865.6,801.2
SPX,2008-11-25,857.39,868.94,834.99
SPX,2008-11-26,887.68,887.68,841.37
SPX,2008-11-28,896.24,896.25,881.21
SPX,2008-12-01,816.21,888.61,815.69
SPX,2008-12-02,848.81,850.54,817.94
SPX,2008-12-03,870.74,873.12,827.6
SPX,2008-12-04,845.22,875.6,833.6
SPX,2008-12-05,876.07,879.42,818.41
SPX,2008-12-08,909.7,918.57,882.71
SPX,2008-12-09,888.67,916.26,885.38
SPX,2008-12-10,899.24,908.27,885.45
SPX,2008-12-11,873.59,904.63,868.73
SPX,2008-12-12,879.73,883.24,851.35
SPX,2008-12-15,868.57,884.63,857.72
SPX,2008-12-16,913.18,914.66,871.53
SPX,2008-12-17,904.42,918.85,895.94
SPX,2008-12-18,885.28,911.02,877.44
SPX,2008-12-19,887.88,905.47,883.02
SPX,2008-12-22,871.63,887.37,857.09
SPX,2008-12-23,863.16,880.44,860.1
SPX,2008-12-24,868.15,869.79,861.44
SPX,2008-12-26,872.8,873.74,866.52
SPX,2008-12-29,869.42,873.7,857.07
SPX,2008-12-30,890.64,891.12,870.58
SPX,2008-12-31,903.25,910.32,889.67
SPX,2009-01-02,931.8,934.73,899.35
SPX,2009-01-05,927.45,936.63,919.53
SPX,2009-01-06,934.7,943.85,927.28
SPX,2009-01-07,906.65,927.45,902.37
SPX,2009-01-08,909.73,910.0,896.81
SPX,2009-01-09,890.35,911.93,888.31
SPX,2009-01-12,870.26,890.4,864.32
SPX,2009-01-13,871.79,877.02,862.02
SPX,2009-01-14,842.62,867.28,836.93
SPX,2009-01-15,843.74,851.59,817.04
SPX,2009-01-16,850.12,858.13,830.66
SPX,2009-01-20,805.22,849.64,804.47
SPX,2009-01-21,840.24,841.72,804.3
SPX,2009-01-22,827.5,839.74,811.29
SPX,2009-01-23,831.95,838.61,806.07
SPX,2009-01-26,836.57,852.53,827.69
SPX,2009-01-27,845.71,850.45,835.4
SPX,2009-01-28,874.09,877.86,845.73
SPX,2009-01-29,845.14,868.89,844.15
SPX,2009-01-30,825.88,851.66,821.67
SPX,2009-02-02,825.44,830.78,812.87
SPX,2009-02-03,838.51,842.6,821.98
SPX,2009-02-04,832.23,851.85,829.18
SPX,2009-02-05,845.85,850.55,819.91
SPX,2009-02-06,868.6,870.75,845.42
SPX,2009-02-09,869.89,875.01,861.65
SPX,2009-02-10,827.16,868.05,822.99
SPX,2009-02-11,833.74,838.22,822.3
SPX,2009-02-12,835.19,835.48,808.06
SPX,2009-02-13,826.84,839.43,825.21
SPX,2009-02-17,789.17,818.61,789.17
SPX,2009-02-18,788.42,796.17,780.43
SPX,2009-02-19,778.94,797.58,777.03
SPX,2009-02-20,770.05,778.69,754.25
SPX,2009-02-23,743.33,777.85,742.37
SPX,2009-02-24,773.14,775.49,744.69
SPX,2009-02-25,764.9,780.12,752.89
SPX,2009-02-26,752.83,779.42,751.75
SPX,2009-02-27,735.09,751.27,734.52
SPX,2009-03-02,700.82,729.57,699.7
SPX,2009-03-03,696.33,711.67,692.3
SPX,2009-03-04,712.87,724.12,698.6
SPX,2009-03-05,682.55,708.27,677.93
SPX,2009-03-06,683.38,699.09,666.79
SPX,2009-03-09,676.53,695.27,672.88
SPX,2009-03-10,719.6,719.6,679.28
SPX,2009-03-11,721.36,731.92,713.85
SPX,2009-03-12,750.74,752.63,714.76
SPX,2009-03-13,756.55,758.29,742.46
SPX,2009-03-16,753.89,774.53,753.37
SPX,2009-03-17,778.12,778.12,749.93
SPX,2009-03-18,794.35,803.04,765.64
SPX,2009-03-19,784.04,803.24,781.82
SPX,2009-03-20,768.54,788.91,766.2
SPX,2009-03-23,822.92,823.37,772.31
SPX,2009-03-24,806.25,823.65,805.48
SPX,2009-03-25,813.88,826.78,791.37
SPX,2009-03-26,832.86,832.98,814.06
SPX,2009-03-27,815.94,828.68,813.43
SPX,2009-03-30,787.53,809.07,779.81
SPX,2009-03-31,797.87,810.48,790.88
SPX,2009-04-01,811.08,813.62,783.32
SPX,2009-04-02,834.38,845.61,814.53
SPX,2009-04-03,842.5,842.5,826.7
SPX,2009-04-06,835.48,839.75,822.79
SPX,2009-04-07,815.55,834.12,814.53
SPX,2009-04-08,825.16,828.42,814.84
SPX,2009-04-09,856.56,856.91,829.29
SPX,2009-04-13,858.73,864.31,845.35
SPX,2009-04-14,841.5,856.88,840.25
SPX,2009-04-15,852.06,852.93,835.58
SPX,2009-04-16,865.3,870.35,847.04
SPX,2009-04-17,869.6,875.63,860.87
SPX,2009-04-20,832.39,868.27,832.39
SPX,2009-04-21,850.08,850.09,826.83
SPX,2009-04-22,843.55,861.78,840.57
SPX,2009-04-23,851.92,852.87,835.45
SPX,2009-04-24,866.23,871.8,853.91
SPX,2009-04-27,857.51,868.83,854.65
SPX,2009-04-28,855.16,864.48,847.12
SPX,2009-04-29,873.64,882.06,856.85
SPX,2009-04-30,872.81,888.7,868.51
SPX,2009-05-01,877.52,880.48,866.1
SPX,2009-05-04,907.24,907.85,879.21
SPX,2009-05-05,903.8,907.7,897.34
SPX,2009-05-06,919.53,920.28,903.95
SPX,2009-05-07,907.39,929.58,901.36
SPX,2009-05-08,929.23,930.17,909.03
SPX,2009-05-11,909.24,922.99,908.68
SPX,2009-05-12,908.35,915.57,896.46
SPX,2009-05-13,883.92,905.4,882.8
SPX,2009-05-14,893.07,898.36,882.52
SPX,2009-05-15,882.88,896.97,878.94
SPX,2009-05-18,909.71,910.0,886.07
SPX,2009-05-19,908.13,916.39,905.22
SPX,2009-05-20,903.47,924.6,901.37
SPX,2009-05-21,888.33,900.42,879.61
SPX,2009-05-22,887.0,896.65,883.75
SPX,2009-05-26,910.33,911.76,881.46
SPX,2009-05-27,893.06,913.84,891.87
SPX,2009-05-28,906.83,909.45,887.6
SPX,2009-05-29,919.14,920.02,903.56
SPX,2009-06-01,942.87,947.77,923.26
SPX,2009-06-02,944.74,949.38,938.46
SPX,2009-06-03,931.76,942.51,923.85
SPX,2009-06-04,942.46,942.47,929.32
SPX,2009-06-05,940.09,951.69,934.13
SPX,2009-06-08,939.14,946.33,926.44
SPX,2009-06-09,942.43,946.92,936.15
SPX,2009-06-10,939.15,949.77,927.97
SPX,2009-06-11,944.89,956.23,939.04
SPX,2009-06-12,946.21,946.3,935.66
SPX,2009-06-15,923.72,942.45,919.65
SPX,2009-06-16,911.97,928.0,911.6
SPX,2009-06-17,910.71,918.44,903.78
SPX,2009-06-18,918.37,921.93,907.94
SPX,2009-06-19,921.23,927.09,915.8
SPX,2009-06-22,893.04,918.13,893.04
SPX,2009-06-23,895.1,898.69,888.86
SPX,2009-06-24,900.94,910.85,896.31
SPX,2009-06-25,920.26,921.42,896.27
SPX,2009-06-26,918.9,922.0,913.03
SPX,2009-06-29,927.23,927.99,916.18
SPX,2009-06-30,919.32,930.01,912.86
SPX,2009-07-01,923.33,931.92,920.82
SPX,2009-07-02,896.42,921.24,896.42
SPX,2009-07-06,898.72,898.72,886.36
SPX,2009-07-07,881.03,898.6,879.93
SPX,2009-07-08,879.56,886.8,869.32
SPX,2009-07-09,882.68,887.86,878.45
SPX,2009-07-10,879.13,883.57,872.81
SPX,2009-07-13,901.05,901.05,875.32
SPX,2009-07-14,905.84,905.84,896.5
SPX,2009-07-15,932.68,933.95,910.15
SPX,2009-07-16,940.74,943.96,927.45
SPX,2009-07-17,940.38,941.89,934.65
SPX,2009-07-20,951.13,951.62,940.99
SPX,2009-07-21,954.58,956.53,943.22
SPX,2009-07-22,954.07,959.83,947.75
SPX,2009-07-23,976.29,979.42,953.27
SPX,2009-07-24,979.26,979.79,965.95
SPX,2009-07-27,982.18,982.49,972.29
SPX,2009-07-28,979.62,982.35,969.35
SPX,2009-07-29,975.15,977.76,968.65
SPX,2009-07-30,986.75,996.68,976.01
SPX,2009-07-31,987.48,993.18,982.85
SPX,2009-08-03,1002.63,1003.61,990.22
SPX,2009-08-04,1005.65,1007.12,996.68
SPX,2009-08-05,1002.72,1006.64,994.31
SPX,2009-08-06,997.08,1008.0,992.49
SPX,2009-08-07,1010.48,1018.0,999.83
SPX,2009-08-10,1007.1,1010.12,1000.99
SPX,2009-08-11,994.35,1005.77,992.4
SPX,2009-08-12,1005.81,1012.78,993.36
SPX,2009-08-13,1012.73,1013.14,1000.82
SPX,2009-08-14,1004.09,1012.6,994.6
SPX,2009-08-17,979.73,998.18,978.51
SPX,2009-08-18,989.67,991.2,980.62
SPX,2009-08-19,996.46,999.61,980.62
SPX,2009-08-20,1007.37,1008.92,996.39
SPX,2009-08-21,1026.13,1027.59,1009.06
SPX,2009-08-24,1025.57,1035.82,1022.48
SPX,2009-08-25,1028.0,1037.75,1026.21
SPX,2009-08-26,1028.12,1032.47,1021.57
SPX,2009-08-27,1030.98,1033.33,1016.2
SPX,2009-08-28,1028.93,1039.47,1023.13
SPX,2009-08-31,1020.62,1025.21,1014.62
SPX,2009-09-01,998.04,1028.45,996.28
SPX,2009-09-02,994.75,1000.34,991.97
SPX,2009-09-03,1003.24,1003.43,992.25
SPX,2009-09-04,1016.4,1016.48,1001.65
SPX,2009-09-08,1025.39,1026.07,1018.67
SPX,2009-09-09,1033.37,1036.34,1023.97
SPX,2009-09-10,1044.14,1044.14,1028.04
SPX,2009-09-11,1042.73,1048.18,1038.4
SPX,2009-09-14,1049.34,1049.74,1035.0
SPX,2009-09-15,1052.63,1056.04,1043.42
SPX,2009-09-16,1068.76,1068.76,1052.87
SPX,2009-09-17,1065.49,1074.77,1061.2
SPX,2009-09-18,1068.3,1071.52,1064.27
SPX,2009-09-21,1064.66,1067.28,1057.46
SPX,2009-09-22,1071.66,1073.81,1066.35
SPX,2009-09-23,1060.87,1080.15,1060.39
SPX,2009-09-24,1050.78,1066.29,1045.85
SPX,2009-09-25,1044.38,1053.47,1041.17
SPX,2009-09-28,1062.98,1065.13,1045.38
SPX,2009-09-29,1060.61,1069.62,1057.83
SPX,2009-09-30,1057.08,1063.4,1046.47
SPX,2009-10-01,1029.85,1054.91,1029.45
SPX,2009-10-02,1025.21,1030.6,1019.95
SPX,2009-10-05,1040.46,1042.58,1025.92
SPX,2009-10-06,1054.72,1060.55,1042.02
SPX,2009-10-07,1057.58,1058.02,1050.1
SPX,2009-10-08,1065.48,1070.67,1060.03
SPX,2009-10-09,1071.49,1071.51,1063.0
SPX,2009-10-12,1076.19,1079.46,1071.63
SPX,2009-10-13,1073.19,1075.3,1066.71
SPX,2009-10-14,1092.02,1093.17,1078.68
SPX,2009-10-15,1096.56,1096.56,1086.41
SPX,2009-10-16,1087.68,1094.67,1081.53
SPX,2009-10-19,1097.91,1100.17,1086.48
SPX,2009-10-20,1091.06,1098.64,1086.16
SPX,2009-10-21,1081.4,1101.36,1080.77
SPX,2009-10-22,1092.91,1095.21,1074.31
SPX,2009-10-23,1079.6,1095.83,1075.49
SPX,2009-10-26,1066.95,1091.75,1065.23
SPX,2009-10-27,1063.41,1072.48,1060.62
SPX,2009-10-28,1042.63,1063.26,1042.19
SPX,2009-10-29,1066.11,1066.83,1043.69
SPX,2009-10-30,1036.19,1065.41,1033.38
SPX,2009-11-02,1042.88,1052.18,1029.38
SPX,2009-11-03,1045.41,1046.36,1033.94
SPX,2009-11-04,1046.5,1061.0,1045.15
SPX,2009-11-05,1066.63,1066.65,1047.3
SPX,2009-11-06,1069.3,1071.48,1059.32
SPX,2009-11-09,1093.08,1093.19,1072.31
SPX,2009-11-10,1093.01,1096.42,1087.4
SPX,2009-11-11,1098.51,1105.37,1093.81
SPX,2009-11-12,1087.24,1101.97,1084.9
SPX,2009-11-13,1093.48,1097.79,1085.33
SPX,2009-11-16,1109.3,1113.69,1094.13
SPX,2009-11-17,1110.32,1110.52,1102.19
SPX,2009-11-18,1109.8,1111.1,1102.7
SPX,2009-11-19,1094.9,1106.44,1088.4
SPX,2009-11-20,1091.38,1094.66,1086.81
SPX,2009-11-23,1106.24,1112.38,1094.86
SPX,2009-11-24,1105.65,1107.56,1097.63
SPX,2009-11-25,1110.63,1111.18,1104.75
SPX,2009-11-27,1087.27,1105.47,1083.74
SPX,2009-11-30,1095.63,1097.24,1086.25
SPX,2009-12-01,1108.86,1112.28,1098.89
SPX,2009-12-02,1109.24,1115.58,1105.29
SPX,2009-12-03,1099.92,1117.28,1098.74
SPX,2009-12-04,1105.98,1119.13,1096.52
SPX,2009-12-07,1103.25,1110.72,1100.83
SPX,2009-12-08,1091.94,1103.04,1088.61
SPX,2009-12-09,1095.95,1097.04,1085.89
SPX,2009-12-10,1102.35,1106.25,1098.69
SPX,2009-12-11,1106.41,1108.5,1101.34
SPX,2009-12-14,1114.11,1114.76,1107.84
SPX,2009-12-15,1107.93,1114.11,1105.35
SPX,2009-12-16,1109.18,1116.21,1107.96
SPX,2009-12-17,1096.08,1106.36,1095.88
SPX,2009-12-18,1102.47,1103.74,1093.88
SPX,2009-12-21,1114.05,1117.68,1105.31
SPX,2009-12-22,1118.02,1120.27,1114.51
SPX,2009-12-23,1120.59,1121.58,1116.0
SPX,2009-12-24,1126.48,1126.48,1121.08
SPX,2009-12-28,1127.78,1130.38,1123.51
SPX,2009-12-29,1126.2,1130.38,1126.08
SPX,2009-12-30,1126.42,1126.42,1121.94
SPX,2010-01-04,1132.99,1133.87,1116.56
SPX,2010-01-05,1136.52,1136.63,1129.66
SPX,2010-01-06,1137.14,1139.19,1133.95
SPX,2010-01-07,1141.69,1142.46,1131.32
SPX,2010-01-08,1144.98,1145.39,1136.22
SPX,2010-01-11,1146.98,1149.74,1047.28
SPX,2010-01-12,1136.22,1143.81,1131.77
SPX,2010-01-13,1145.68,1148.4,1133.18
SPX,2010-01-14,1148.46,1150.41,1143.8
SPX,2010-01-15,1136.03,1147.77,1131.39
SPX,2010-01-19,1150.23,1150.45,1135.77
SPX,2010-01-20,1138.04,1147.95,1129.25
SPX,2010-01-21,1116.48,1141.58,1114.84
SPX,2010-01-22,1091.76,1115.49,1090.18
SPX,2010-01-25,1096.78,1102.97,1092.4
SPX,2010-01-26,1092.17,1103.69,1089.86
SPX,2010-01-27,1097.5,1099.51,1083.11
SPX,2010-01-28,1084.53,1100.22,1078.46
SPX,2010-01-29,1073.87,1096.45,1071.59
SPX,2010-02-01,1089.19,1089.38,1073.89
SPX,2010-02-02,1103.32,1104.73,1087.96
SPX,2010-02-03,1097.28,1102.72,1093.97
SPX,2010-02-04,1063.11,1097.25,1062.78
SPX,2010-02-05,1066.19,1067.13,1044.5
SPX,2010-02-08,1056.74,1071.2,1056.51
SPX,2010-02-09,1070.52,1079.28,1060.06
SPX,2010-02-10,1068.13,1073.67,1059.34
SPX,2010-02-11,1078.47,1080.04,1060.59
SPX,2010-02-12,1075.51,1077.81,1062.97
SPX,2010-02-16,1094.87,1095.67,1079.13
SPX,2010-02-17,1099.51,1101.03,1094.72
SPX,2010-02-18,1106.75,1108.24,1097.48
SPX,2010-02-19,1109.17,1112.42,1100.8
SPX,2010-02-22,1108.01,1112.29,1105.38
SPX,2010-02-23,1094.6,1108.58,1092.18
SPX,2010-02-24,1105.24,1106.42,1095.5
SPX,2010-02-25,1102.94,1103.5,1086.02
SPX,2010-02-26,1104.49,1107.24,1097.56
SPX,2010-03-01,1115.71,1116.11,1105.36
SPX,2010-03-02,1118.31,1123.46,1116.51
SPX,2010-03-03,1118.79,1125.64,1116.58
SPX,2010-03-04,1122.97,1123.73,1116.66
SPX,2010-03-05,1138.7,1139.38,1125.12
SPX,2010-03-08,1138.5,1141.05,1136.77
SPX,2010-03-09,1140.45,1145.37,1134.9
SPX,2010-03-10,1145.61,1148.26,1140.09
SPX,2010-03-11,1150.24,1150.24,1138.99
SPX,2010-03-12,1149.99,1153.41,1146.97
SPX,2010-03-15,1150.51,1150.98,1141.45
SPX,2010-03-16,1159.46,1160.28,1150.35
SPX,2010-03-17,1166.21,1169.84,1159.94
SPX,2010-03-18,1165.83,1167.77,1161.16
SPX,2010-03-19,1159.9,1169.2,1155.33
SPX,2010-03-22,1165.81,1167.82,1152.88
SPX,2010-03-23,1174.17,1174.72,1163.83
SPX,2010-03-24,1167.72,1173.04,1166.01
SPX,2010-03-25,1165.73,1180.69,1165.09
SPX,2010-03-26,1166.59,1173.93,1161.48
SPX,2010-03-29,1173.22,1174.85,1167.71
SPX,2010-03-30,1173.27,1177.83,1168.92
SPX,2010-03-31,1169.43,1174.56,1165.77
SPX,2010-04-01,1178.1,1181.43,1170.69
SPX,2010-04-05,1187.44,1187.73,1178.71
SPX,2010-04-06,1189.44,1191.8,1182.77
SPX,2010-04-07,1182.45,1189.6,1177.25
SPX,2010-04-08,1186.44,1188.55,1175.12
SPX,2010-04-09,1194.37,1194.66,1187.15
SPX,2010-04-12,1196.48,1199.2,1194.71
SPX,2010-04-13,1197.3,1199.04,1188.82
SPX,2010-04-14,1210.65,1210.65,1198.69
SPX,2010-04-15,1211.67,1213.92,1208.5
SPX,2010-04-16,1192.13,1210.17,1186.77
SPX,2010-04-19,1197.52,1197.87,1183.68
SPX,2010-04-20,1207.17,1208.58,1199.04
SPX,2010-04-21,1205.94,1210.99,1198.85
SPX,2010-04-22,1208.67,1210.27,1190.19
SPX,2010-04-23,1217.28,1217.28,1205.1
SPX,2010-04-26,1212.05,1219.8,1211.07
SPX,2010-04-27,1183.71,1211.38,1181.62
SPX,2010-04-28,1191.36,1195.05,1181.81
SPX,2010-04-29,1206.78,1209.36,1193.3
SPX,2010-04-30,1186.69,1207.99,1186.32
SPX,2010-05-03,1202.26,1205.13,1188.58
SPX,2010-05-04,1173.6,1197.5,1168.12
SPX,2010-05-05,1165.87,1175.95,1158.15
SPX,2010-05-06,1128.15,1167.58,1065.79
SPX,2010-05-07,1110.88,1135.13,1094.15
SPX,2010-05-10,1159.73,1163.85,1122.27
SPX,2010-05-11,1155.79,1170.48,1147.71
SPX,2010-05-12,1171.67,1172.87,1155.43
SPX,2010-05-13,1157.44,1173.57,1156.14
SPX,2010-05-14,1135.68,1157.19,1126.14
SPX,2010-05-17,1136.94,1141.88,1114.96
SPX,2010-05-18,1120.8,1148.66,1117.2
SPX,2010-05-19,1115.05,1124.27,1100.66
SPX,2010-05-20,1071.59,1107.34,1071.58
SPX,2010-05-21,1087.69,1090.16,1055.9
SPX,2010-05-24,1073.65,1089.95,1072.7
SPX,2010-05-25,1074.03,1074.75,1040.78
SPX,2010-05-26,1067.95,1090.75,1065.59
SPX,2010-05-27,1103.06,1103.52,1074.27
SPX,2010-05-28,1089.41,1102.59,1084.78
SPX,2010-06-01,1070.71,1094.77,1069.89
SPX,2010-06-02,1098.38,1098.56,1072.03
SPX,2010-06-03,1102.83,1105.67,1091.81
SPX,2010-06-04,1064.88,1098.43,1060.5
SPX,2010-06-07,1050.47,1071.36,1049.86
SPX,2010-06-08,1062.0,1063.15,1042.17
SPX,2010-06-09,1055.69,1077.74,1052.25
SPX,2010-06-10,1086.84,1087.85,1058.77
SPX,2010-06-11,1091.6,1092.25,1077.12
SPX,2010-06-14,1089.63,1105.91,1089.03
SPX,2010-06-15,1115.23,1115.59,1091.21
SPX,2010-06-16,1114.61,1118.74,1107.13
SPX,2010-06-17,1116.04,1117.72,1105.87
SPX,2010-06-18,1117.51,1121.01,1113.93
SPX,2010-06-21,1113.2,1131.23,1108.24
SPX,2010-06-22,1095.31,1118.5,1094.18
SPX,2010-06-23,1092.04,1099.64,1085.31
SPX,2010-06-24,1073.69,1090.93,1071.6
SPX,2010-06-25,1076.76,1083.56,1067.89
SPX,2010-06-28,1074.57,1082.6,1071.45
SPX,2010-06-29,1041.24,1071.1,1035.18
SPX,2010-06-30,1030.71,1048.08,1028.33
SPX,2010-07-01,1027.37,1033.58,1010.91
SPX,2010-07-02,1022.58,1032.95,1015.93
SPX,2010-07-06,1028.06,1042.5,1018.35
SPX,2010-07-07,1060.27,1060.89,1028.54
SPX,2010-07-08,1070.25,1071.25,1058.24
SPX,2010-07-09,1077.96,1078.16,1068.1
SPX,2010-07-12,1078.75,1080.78,1070.45
SPX,2010-07-13,1095.34,1099.46,1080.65
SPX,2010-07-14,1095.17,1099.08,1087.68
SPX,2010-07-15,1096.48,1098.66,1080.53
SPX,2010-07-16,1064.88,1093.85,1063.32
SPX,2010-07-19,1071.25,1074.7,1061.11
SPX,2010-07-20,1083.48,1083.94,1056.88
SPX,2010-07-21,1069.59,1088.96,1065.25
SPX,2010-07-22,1093.67,1097.5,1072.14
SPX,2010-07-23,1102.66,1103.73,1087.88
SPX,2010-07-26,1115.01,1115.01,1101.3
SPX,2010-07-27,1113.84,1120.95,1109.78
SPX,2010-07-28,1106.13,1114.66,1103.11
SPX,2010-07-29,1101.53,1115.9,1092.82
SPX,2010-07-30,1101.6,1106.44,1088.01
SPX,2010-08-02,1125.86,1127.3,1107.53
SPX,2010-08-03,1120.46,1125.44,1116.76
SPX,2010-08-04,1127.24,1128.75,1119.46
SPX,2010-08-05,1125.81,1126.56,1118.81
SPX,2010-08-06,1121.64,1123.06,1107.17
SPX,2010-08-09,1127.79,1129.24,1120.91
SPX,2010-08-10,1121.06,1127.16,1111.58
SPX,2010-08-11,1089.47,1116.89,1088.55
SPX,2010-08-12,1083.61,1086.72,1076.69
SPX,2010-08-13,1079.25,1086.25,1079.0
SPX,2010-08-16,1079.38,1082.62,1069.49
SPX,2010-08-17,1092.54,1100.14,1081.16
SPX,2010-08-18,1094.16,1099.77,1085.76
SPX,2010-08-19,1075.63,1092.44,1070.66
SPX,2010-08-20,1071.69,1075.63,1063.91
SPX,2010-08-23,1067.36,1081.58,1067.08
SPX,2010-08-24,1051.87,1063.2,1046.68
SPX,2010-08-25,1055.33,1059.38,1039.83
SPX,2010-08-26,1047.22,1061.45,1045.4
SPX,2010-08-27,1064.59,1065.21,1039.7
SPX,2010-08-30,1048.92,1064.4,1048.79
SPX,2010-08-31,1049.33,1055.14,1040.88
SPX,2010-09-01,1080.29,1081.3,1049.72
SPX,2010-09-02,1090.1,1090.1,1080.39
SPX,2010-09-03,1104.51,1105.1,1093.61
SPX,2010-09-07,1091.84,1102.6,1091.15
SPX,2010-09-08,1098.87,1103.26,1092.36
SPX,2010-09-09,1104.18,1110.27,1101.15
SPX,2010-09-10,1109.55,1110.88,1103.92
SPX,2010-09-13,1121.9,1123.87,1113.38
SPX,2010-09-14,1121.1,1127.36,1115.58
SPX,2010-09-15,1125.07,1126.46,1114.63
SPX,2010-09-16,1124.66,1125.44,1118.88
SPX,2010-09-17,1125.59,1131.47,1122.43
SPX,2010-09-20,1142.71,1144.86,1126.57
SPX,2010-09-21,1139.78,1148.59,1136.22
SPX,2010-09-22,1134.28,1144.38,1131.58
SPX,2010-09-23,1124.83,1136.77,1122.79
SPX,2010-09-24,1148.67,1148.9,1131.69
SPX,2010-09-27,1142.16,1149.92,1142.0
SPX,2010-09-28,1147.7,1150.0,1132.09
SPX,2010-09-29,1144.73,1148.63,1140.26
SPX,2010-09-30,1141.2,1157.16,1136.08
SPX,2010-10-01,1146.24,1150.3,1139.42
SPX,2010-10-04,1137.03,1148.16,1131.87
SPX,2010-10-05,1160.75,1162.76,1140.68
SPX,2010-10-06,1159.97,1162.33,1154.85
SPX,2010-10-07,1158.06,1163.87,1151.41
SPX,2010-10-08,1165.15,1167.73,1155.58
SPX,2010-10-11,1165.32,1168.68,1162.02
SPX,2010-10-12,1169.77,1172.58,1155.71
SPX,2010-10-13,1178.1,1184.38,1171.32
SPX,2010-10-14,1173.81,1178.89,1166.71
SPX,2010-10-15,1176.19,1181.2,1167.12
SPX,2010-10-18,1184.71,1185.53,1174.55
SPX,2010-10-19,1165.9,1178.64,1159.71
SPX,2010-10-20,1178.17,1182.94,1166.74
SPX,2010-10-21,1180.26,1189.43,1171.17
SPX,2010-10-22,1183.08,1183.93,1178.99
SPX,2010-10-25,1185.62,1196.14,1184.74
SPX,2010-10-26,1185.64,1187.11,1177.72
SPX,2010-10-27,1182.45,1183.84,1171.7
SPX,2010-10-28,1183.78,1189.53,1177.1
SPX,2010-10-29,1183.26,1185.46,1179.7
SPX,2010-11-01,1184.38,1195.81,1177.65
SPX,2010-11-02,1193.57,1195.88,1187.86
SPX,2010-11-03,1197.96,1198.3,1183.56
SPX,2010-11-04,1221.06,1221.25,1198.34
SPX,2010-11-05,1225.85,1227.08,1220.29
SPX,2010-11-08,1223.25,1224.57,1217.55
SPX,2010-11-09,1213.4,1226.84,1208.94
SPX,2010-11-10,1218.71,1218.75,1204.33
SPX,2010-11-11,1213.54,1215.45,1204.49
SPX,2010-11-12,1199.21,1210.5,1194.08
SPX,2010-11-15,1197.75,1207.43,1197.15
SPX,2010-11-16,1178.34,1194.79,1173.0
SPX,2010-11-17,1178.59,1183.56,1175.82
SPX,2010-11-18,1196.69,1200.29,1183.75
SPX,2010-11-19,1199.73,1199.97,1189.44
SPX,2010-11-22,1197.84,1198.94,1184.58
SPX,2010-11-23,1180.73,1192.51,1176.91
SPX,2010-11-24,1198.35,1198.62,1183.7
SPX,2010-11-26,1189.4,1194.16,1186.93
SPX,2010-11-29,1187.76,1190.34,1173.64
SPX,2010-11-30,1180.55,1187.4,1174.14
SPX,2010-12-01,1206.07,1207.61,1186.6
SPX,2010-12-02,1221.53,1221.89,1206.81
SPX,2010-12-03,1224.71,1225.57,1216.82
SPX,2010-12-06,1223.12,1225.8,1220.67
SPX,2010-12-07,1223.75,1235.05,1223.25
SPX,2010-12-08,1228.28,1228.93,1219.5
SPX,2010-12-09,1233.0,1234.71,1226.85
SPX,2010-12-10,1240.4,1240.4,1232.58
SPX,2010-12-13,1240.46,1246.73,1240.34
SPX,2010-12-14,1241.59,1246.59,1238.17
SPX,2010-12-15,1235.23,1244.25,1234.01
SPX,2010-12-16,1242.87,1243.75,1232.85
SPX,2010-12-17,1243.91,1245.81,1239.87
SPX,2010-12-20,1247.08,1250.2,1241.51
SPX,2010-12-21,1254.6,1255.82,1249.43
SPX,2010-12-22,1258.84,1259.39,1254.94
SPX,2010-12-23,1256.77,1258.59,1254.05
SPX,2010-12-27,1257.54,1258.43,1251.48
SPX,2010-12-28,1258.51,1259.9,1256.22
SPX,2010-12-29,1259.78,1262.6,1258.78
SPX,2010-12-30,1257.88,1261.09,1256.32
SPX,2010-12-31,1257.64,1259.34,1254.19
SPX,2011-01-03,1271.89,1276.17,1257.62
SPX,2011-01-04,1270.2,1274.12,1262.66
SPX,2011-01-05,1276.56,1277.63,1265.36
SPX,2011-01-06,1273.85,1278.17,1270.43
SPX,2011-01-07,1271.5,1276.83,1261.7
SPX,2011-01-10,1269.75,1271.52,1262.18
SPX,2011-01-11,1274.48,1277.25,1269.62
SPX,2011-01-12,1285.96,1286.87,1275.65
SPX,2011-01-13,1283.76,1286.7,1280.47
SPX,2011-01-14,1293.24,1293.24,1281.24
SPX,2011-01-18,1295.02,1296.06,1290.16
SPX,2011-01-19,1281.92,1294.6,1278.92
SPX,2011-01-20,1280.26,1283.35,1271.26
SPX,2011-01-21,1283.35,1291.21,1282.07
SPX,2011-01-24,1290.84,1291.93,1282.47
SPX,2011-01-25,1291.18,1291.26,1281.07
SPX,2011-01-26,1296.63,1299.74,1291.97
SPX,2011-01-27,1299.54,1301.29,1294.41
SPX,2011-01-28,1276.34,1302.67,1275.1
SPX,2011-01-31,1286.12,1287.17,1276.5
SPX,2011-02-01,1307.59,1308.86,1289.14
SPX,2011-02-02,1304.03,1307.61,1302.62
SPX,2011-02-03,1307.1,1308.6,1294.83
SPX,2011-02-04,1310.87,1311.0,1301.67
SPX,2011-02-07,1319.05,1322.85,1311.85
SPX,2011-02-08,1324.57,1324.87,1316.03
SPX,2011-02-09,1320.88,1324.54,1314.89
SPX,2011-02-10,1321.87,1322.78,1311.74
SPX,2011-02-11,1329.15,1330.79,1316.08
SPX,2011-02-14,1332.32,1332.96,1326.9
SPX,2011-02-15,1328.01,1330.43,1324.61
SPX,2011-02-16,1336.32,1337.61,1329.51
SPX,2011-02-17,1340.43,1341.5,1331.0
SPX,2011-02-18,1343.01,1344.07,1338.12
SPX,2011-02-22,1315.44,1338.91,1312.33
SPX,2011-02-23,1307.4,1317.91,1299.55
SPX,2011-02-24,1306.1,1310.91,1294.26
SPX,2011-02-25,1319.88,1320.61,1307.34
SPX,2011-02-28,1327.22,1329.38,1320.55
SPX,2011-03-01,1306.33,1332.09,1306.14
SPX,2011-03-02,1308.44,1314.19,1302.58
SPX,2011-03-03,1330.97,1332.28,1312.37
SPX,2011-03-04,1321.15,1331.08,1312.59
SPX,2011-03-07,1310.13,1327.68,1303.99
SPX,2011-03-08,1321.82,1325.74,1306.86
SPX,2011-03-09,1320.02,1323.21,1312.27
SPX,2011-03-10,1295.11,1315.72,1294.21
SPX,2011-03-11,1304.28,1308.35,1291.99
SPX,2011-03-14,1296.39,1301.19,1286.37
SPX,2011-03-15,1281.87,1288.46,1261.12
SPX,2011-03-16,1256.88,1280.91,1249.05
SPX,2011-03-17,1273.72,1278.88,1261.61
SPX,2011-03-18,1279.2,1288.88,1276.18
SPX,2011-03-21,1298.38,1300.58,1281.65
SPX,2011-03-22,1293.77,1299.35,1292.7
SPX,2011-03-23,1297.54,1300.51,1284.05
SPX,2011-03-24,1309.66,1311.34,1297.74
SPX,2011-03-25,1313.8,1319.18,1310.15
SPX,2011-03-28,1310.19,1319.74,1310.19
SPX,2011-03-29,1319.44,1319.45,1305.26
SPX,2011-03-30,1328.26,1331.74,1321.89
SPX,2011-03-31,1325.83,1329.77,1325.03
SPX,2011-04-01,1332.41,1337.85,1328.89
SPX,2011-04-04,1332.87,1336.74,1329.1
SPX,2011-04-05,1332.63,1338.21,1330.03
SPX,2011-04-06,1335.54,1339.38,1331.09
SPX,2011-04-07,1333.51,1338.8,1326.56
SPX,2011-04-08,1328.17,1339.46,1322.94
SPX,2011-04-11,1324.46,1333.77,1321.06
SPX,2011-04-12,1314.16,1321.96,1309.51
SPX,2011-04-13,1314.41,1321.35,1309.19
SPX,2011-04-14,1314.52,1316.79,1302.42
SPX,2011-04-15,1319.68,1322.88,1313.68
SPX,2011-04-18,1305.14,1313.35,1294.7
SPX,2011-04-19,1312.62,1312.7,1303.97
SPX,2011-04-20,1330.36,1332.66,1319.12
SPX,2011-04-21,1337.38,1337.49,1332.83
SPX,2011-04-25,1335.25,1337.55,1331.47
SPX,2011-04-26,1347.24,1349.55,1336.75
SPX,2011-04-27,1355.66,1357.49,1344.25
SPX,2011-04-28,1360.48,1361.71,1353.6
SPX,2011-04-29,1363.61,1364.56,1358.69
SPX,2011-05-02,1361.22,1370.58,1358.59
SPX,2011-05-03,1356.62,1360.84,1349.52
SPX,2011-05-04,1347.32,1355.9,1341.5
SPX,2011-05-05,1335.1,1348.0,1329.17
SPX,2011-05-06,1340.2,1354.36,1335.58
SPX,2011-05-09,1346.29,1349.44,1338.64
SPX,2011-05-10,1357.16,1359.44,1348.34
SPX,2011-05-11,1342.08,1354.51,1336.36
SPX,2011-05-12,1348.65,1351.05,1332.03
SPX,2011-05-13,1337.77,1350.47,1333.36
SPX,2011-05-16,1329.47,1343.33,1327.32
SPX,2011-05-17,1328.98,1330.42,1318.51
SPX,2011-05-18,1340.68,1341.82,1326.59
SPX,2011-05-19,1343.6,1346.82,1336.36
SPX,2011-05-20,1333.27,1342.0,1330.67
SPX,2011-05-23,1317.37,1333.07,1312.88
SPX,2011-05-24,1316.28,1323.72,1313.87
SPX,2011-05-25,1320.47,1325.86,1311.8
SPX,2011-05-26,1325.69,1328.51,1314.41
SPX,2011-05-27,1331.1,1334.62,1325.69
SPX,2011-05-31,1345.2,1345.2,1331.1
SPX,2011-06-01,1314.55,1345.2,1313.71
SPX,2011-06-02,1312.94,1318.03,1305.61
SPX,2011-06-03,1300.16,1312.94,1297.9
SPX,2011-06-06,1286.17,1300.26,1284.72
SPX,2011-06-07,1284.94,1296.22,1284.74
SPX,2011-06-08,1279.56,1287.04,1277.42
SPX,2011-06-09,1289.0,1294.54,1279.63
SPX,2011-06-10,1270.98,1288.6,1268.28
SPX,2011-06-13,1271.83,1277.04,1265.64
SPX,2011-06-14,1287.87,1292.5,1272.22
SPX,2011-06-15,1265.42,1287.87,1261.9
SPX,2011-06-16,1267.64,1274.11,1258.07
SPX,2011-06-17,1271.5,1279.82,1267.4
SPX,2011-06-20,1278.36,1280.42,1267.56
SPX,2011-06-21,1295.52,1297.62,1278.4
SPX,2011-06-22,1287.14,1298.61,1286.79
SPX,2011-06-23,1283.5,1286.6,1262.87
SPX,2011-06-24,1268.45,1283.93,1267.24
SPX,2011-06-27,1280.1,1284.91,1267.53
SPX,2011-06-28,1296.67,1296.8,1280.21
SPX,2011-06-29,1307.41,1309.21,1296.85
SPX,2011-06-30,1320.64,1321.97,1307.64
SPX,2011-07-01,1339.67,1341.01,1318.18
SPX,2011-07-05,1337.88,1340.89,1334.3
SPX,2011-07-06,1339.22,1340.94,1330.92
SPX,2011-07-07,1353.22,1356.48,1339.62
SPX,2011-07-08,1343.8,1352.39,1333.71
SPX,2011-07-11,1319.49,1343.31,1316.42
SPX,2011-07-12,1313.64,1327.17,1313.33
SPX,2011-07-13,1317.72,1331.48,1314.45
SPX,2011-07-14,1308.87,1326.88,1306.51
SPX,2011-07-15,1316.14,1317.7,1307.52
SPX,2011-07-18,1305.44,1315.94,1295.92
SPX,2011-07-19,1326.73,1328.14,1307.07
SPX,2011-07-20,1325.84,1330.43,1323.65
SPX,2011-07-21,1343.8,1347.0,1325.65
SPX,2011-07-22,1345.02,1346.1,1336.95
SPX,2011-07-25,1337.43,1344.32,1331.09
SPX,2011-07-26,1331.94,1338.51,1329.59
SPX,2011-07-27,1304.89,1331.91,1303.49
SPX,2011-07-28,1300.67,1316.32,1299.16
SPX,2011-07-29,1292.28,1304.16,1282.86
SPX,2011-08-01,1286.94,1307.38,1274.73
SPX,2011-08-02,1254.05,1286.56,1254.03
SPX,2011-08-03,1260.34,1261.2,1234.56
SPX,2011-08-04,1200.07,1260.23,1199.54
SPX,2011-08-05,1199.38,1218.11,1168.09
SPX,2011-08-08,1119.46,1198.48,1119.28
SPX,2011-08-09,1172.53,1172.88,1101.54
SPX,2011-08-10,1120.76,1171.77,1118.01
SPX,2011-08-11,1172.64,1186.29,1121.3
SPX,2011-08-12,1178.81,1189.04,1170.74
SPX,2011-08-15,1204.49,1204.49,1178.86
SPX,2011-08-16,1192.76,1204.22,1180.53
SPX,2011-08-17,1193.89,1208.47,1184.36
SPX,2011-08-18,1140.65,1189.62,1131.03
SPX,2011-08-19,1123.53,1154.54,1122.05
SPX,2011-08-22,1123.82,1145.49,1121.09
SPX,2011-08-23,1162.35,1162.35,1122.91
SPX,2011-08-24,1177.6,1178.56,1156.3
SPX,2011-08-25,1159.27,1190.68,1155.47
SPX,2011-08-26,1176.8,1181.23,1135.91
SPX,2011-08-29,1210.08,1210.28,1177.91
SPX,2011-08-30,1212.92,1220.1,1195.77
SPX,2011-08-31,1218.89,1230.71,1209.35
SPX,2011-09-01,1204.42,1229.29,1203.85
SPX,2011-09-02,1173.97,1203.9,1170.56
SPX,2011-09-06,1165.24,1173.97,1140.13
SPX,2011-09-07,1198.62,1198.62,1165.85
SPX,2011-09-08,1185.9,1204.4,1183.34
SPX,2011-09-09,1154.23,1185.37,1148.37
SPX,2011-09-12,1162.27,1162.52,1136.07
SPX,2011-09-13,1172.87,1176.41,1157.44
SPX,2011-09-14,1188.68,1202.38,1162.73
SPX,2011-09-15,1209.11,1209.11,1189.44
SPX,2011-09-16,1216.01,1220.06,1204.46
SPX,2011-09-19,1204.09,1214.99,1188.36
SPX,2011-09-20,1202.09,1220.39,1201.29
SPX,2011-09-21,1166.76,1206.3,1166.21
SPX,2011-09-22,1129.56,1164.55,1114.22
SPX,2011-09-23,1136.43,1141.72,1121.36
SPX,2011-09-26,1162.95,1164.19,1131.07
SPX,2011-09-27,1175.38,1195.86,1163.32
SPX,2011-09-28,1151.06,1184.71,1150.4
SPX,2011-09-29,1160.4,1175.87,1139.93
SPX,2011-09-30,1131.42,1159.93,1131.34
SPX,2011-10-03,1099.23,1138.99,1098.92
SPX,2011-10-04,1123.95,1125.12,1074.77
SPX,2011-10-05,1144.03,1146.07,1115.68
SPX,2011-10-06,1164.97,1165.55,1134.95
SPX,2011-10-07,1155.46,1171.4,1150.26
SPX,2011-10-10,1194.89,1194.91,1158.15
SPX,2011-10-11,1195.54,1199.24,1187.3
SPX,2011-10-12,1207.25,1220.25,1196.19
SPX,2011-10-13,1203.66,1207.46,1190.58
SPX,2011-10-14,1224.58,1224.61,1205.65
SPX,2011-10-17,1200.86,1224.47,1198.55
SPX,2011-10-18,1225.38,1233.1,1191.48
SPX,2011-10-19,1209.88,1229.64,1206.31
SPX,2011-10-20,1215.39,1219.53,1197.34
SPX,2011-10-21,1238.25,1239.03,1215.39
SPX,2011-10-24,1254.19,1256.55,1238.72
SPX,2011-10-25,1229.05,1254.19,1226.79
SPX,2011-10-26,1242.0,1246.28,1221.06
SPX,2011-10-27,1284.59,1292.66,1243.97
SPX,2011-10-28,1285.09,1287.08,1277.01
SPX,2011-10-31,1253.3,1284.96,1253.16
SPX,2011-11-01,1218.28,1251.0,1215.42
SPX,2011-11-02,1237.9,1242.48,1219.62
SPX,2011-11-03,1261.15,1263.21,1234.81
SPX,2011-11-04,1253.23,1260.82,1238.92
SPX,2011-11-07,1261.12,1261.7,1240.75
SPX,2011-11-08,1275.92,1277.55,1254.99
SPX,2011-11-09,1229.1,1275.18,1226.64
SPX,2011-11-10,1239.7,1246.22,1227.7
SPX,2011-11-11,1263.85,1266.98,1240.12
SPX,2011-11-14,1251.78,1263.85,1246.68
SPX,2011-11-15,1257.81,1264.25,1244.34
SPX,2011-11-16,1236.91,1259.61,1235.67
SPX,2011-11-17,1216.13,1237.73,1209.43
SPX,2011-11-18,1215.65,1223.51,1211.36
SPX,2011-11-21,1192.98,1215.62,1183.16
SPX,2011-11-22,1188.04,1196.81,1181.65
SPX,2011-11-23,1161.79,1187.48,1161.79
SPX,2011-11-25,1158.67,1172.66,1158.66
SPX,2011-11-28,1192.55,1197.35,1158.67
SPX,2011-11-29,1195.19,1203.67,1191.8
SPX,2011-11-30,1246.96,1247.11,1196.72
SPX,2011-12-01,1244.58,1251.09,1239.73
SPX,2011-12-02,1244.28,1260.08,1243.35
SPX,2011-12-05,1257.08,1266.73,1244.33
SPX,2011-12-06,1258.47,1266.03,1253.03
SPX,2011-12-07,1261.01,1267.06,1244.8
SPX,2011-12-08,1234.35,1260.87,1231.47
SPX,2011-12-09,1255.19,1258.25,1234.48
SPX,2011-12-12,1236.47,1255.05,1227.25
SPX,2011-12-13,1225.73,1249.86,1219.43
SPX,2011-12-14,1211.82,1225.73,1209.47
SPX,2011-12-15,1215.75,1225.6,1212.12
SPX,2011-12-16,1219.66,1231.04,1215.2
SPX,2011-12-19,1205.35,1224.57,1202.37
SPX,2011-12-20,1241.3,1242.82,1205.72
SPX,2011-12-21,1243.72,1245.09,1229.51
SPX,2011-12-22,1254.0,1255.22,1243.72
SPX,2011-12-23,1265.33,1265.42,1254.0
SPX,2011-12-27,1265.43,1269.37,1262.3
SPX,2011-12-28,1249.64,1265.85,1248.64
SPX,2011-12-29,1263.02,1263.54,1249.75
SPX,2011-12-30,1257.6,1264.12,1257.46
SPX,2012-01-03,1277.06,1284.62,1258.86
SPX,2012-01-04,1277.3,1278.73,1268.1
SPX,2012-01-05,1281.06,1283.05,1265.26
SPX,2012-01-06,1277.81,1281.84,1273.34
SPX,2012-01-09,1280.7,1281.99,1274.55
SPX,2012-01-10,1292.08,1296.46,1280.77
SPX,2012-01-11,1292.48,1293.8,1285.41
SPX,2012-01-12,1295.5,1296.82,1285.77
SPX,2012-01-13,1289.09,1294.82,1277.58
SPX,2012-01-17,1293.67,1303.0,1290.22
SPX,2012-01-18,1308.04,1308.11,1290.99
SPX,2012-01-19,1314.5,1315.49,1308.07
SPX,2012-01-20,1315.38,1315.38,1309.17
SPX,2012-01-23,1316.0,1322.28,1309.89
SPX,2012-01-24,1314.65,1315.96,1306.06
SPX,2012-01-25,1326.06,1328.3,1307.65
SPX,2012-01-26,1318.43,1333.47,1313.6
SPX,2012-01-27,1316.33,1320.06,1311.72
SPX,2012-01-30,1313.01,1316.16,1300.49
SPX,2012-01-31,1312.41,1321.41,1306.69
SPX,2012-02-01,1324.09,1330.52,1312.45
SPX,2012-02-02,1325.54,1329.19,1321.57
SPX,2012-02-03,1344.9,1345.34,1326.21
SPX,2012-02-06,1344.33,1344.36,1337.52
SPX,2012-02-07,1347.05,1349.24,1335.92
SPX,2012-02-08,1349.96,1351.0,1341.95
SPX,2012-02-09,1351.95,1354.32,1344.63
SPX,2012-02-10,1342.64,1351.21,1337.35
SPX,2012-02-13,1351.77,1353.35,1343.06
SPX,2012-02-14,1350.5,1351.3,1340.83
SPX,2012-02-15,1343.23,1355.87,1340.8
SPX,2012-02-16,1358.04,1359.02,1341.22
SPX,2012-02-17,1361.23,1363.4,1357.24
SPX,2012-02-21,1362.21,1367.76,1358.11
SPX,2012-02-22,1357.66,1362.7,1355.53
SPX,2012-02-23,1363.46,1364.24,1352.28
SPX,2012-02-24,1365.74,1368.92,1363.46
SPX,2012-02-27,1367.59,1371.94,1354.92
SPX,2012-02-28,1372.18,1373.09,1365.97
SPX,2012-02-29,1365.68,1378.04,1363.81
SPX,2012-03-01,1374.09,1376.17,1365.9
SPX,2012-03-02,1369.63,1374.53,1366.42
SPX,2012-03-05,1364.33,1369.59,1359.13
SPX,2012-03-06,1343.36,1363.63,1340.03
SPX,2012-03-07,1352.63,1354.85,1343.39
SPX,2012-03-08,1365.91,1368.72,1352.65
SPX,2012-03-09,1370.87,1374.76,1365.97
SPX,2012-03-12,1371.09,1373.04,1366.69
SPX,2012-03-13,1395.95,1396.13,1371.92
SPX,2012-03-14,1394.28,1399.42,1389.97
SPX,2012-03-15,1402.6,1402.63,1392.78
SPX,2012-03-16,1404.17,1405.88,1401.47
SPX,2012-03-19,1409.75,1414.0,1402.43
SPX,2012-03-20,1405.52,1409.59,1397.68
SPX,2012-03-21,1402.89,1407.75,1400.64
SPX,2012-03-22,1392.78,1402.89,1388.73
SPX,2012-03-23,1397.11,1399.18,1386.87
SPX,2012-03-26,1416.51,1416.58,1397.11
SPX,2012-03-27,1412.52,1419.15,1411.95
SPX,2012-03-28,1405.54,1413.65,1397.2
SPX,2012-03-29,1403.28,1405.39,1391.56
SPX,2012-03-30,1408.47,1410.89,1401.42
SPX,2012-04-02,1419.04,1422.38,1404.46
SPX,2012-04-03,1413.38,1419.0,1404.62
SPX,2012-04-04,1398.96,1413.09,1394.09
SPX,2012-04-05,1398.08,1401.6,1392.92
SPX,2012-04-09,1382.2,1397.45,1378.24
SPX,2012-04-10,1358.59,1383.01,1357.38
SPX,2012-04-11,1368.71,1374.71,1358.98
SPX,2012-04-12,1387.57,1388.13,1368.77
SPX,2012-04-13,1370.26,1387.61,1369.85
SPX,2012-04-16,1369.57,1379.66,1365.38
SPX,2012-04-17,1390.78,1392.76,1369.57
SPX,2012-04-18,1385.14,1390.78,1383.29
SPX,2012-04-19,1376.92,1390.46,1370.3
SPX,2012-04-20,1378.53,1387.4,1376.96
SPX,2012-04-23,1366.94,1378.53,1358.79
SPX,2012-04-24,1371.97,1375.57,1366.82
SPX,2012-04-25,1390.69,1391.37,1372.11
SPX,2012-04-26,1399.98,1402.09,1387.28
SPX,2012-04-27,1403.36,1406.64,1397.31
SPX,2012-04-30,1397.91,1403.26,1394.0
SPX,2012-05-01,1405.82,1415.32,1395.73
SPX,2012-05-02,1402.31,1405.5,1393.92
SPX,2012-05-03,1391.57,1403.07,1388.71
SPX,2012-05-04,1369.1,1391.51,1367.96
SPX,2012-05-07,1369.58,1373.91,1363.94
SPX,2012-05-08,1363.72,1369.16,1347.75
SPX,2012-05-09,1354.58,1363.73,1343.13
SPX,2012-05-10,1357.99,1365.88,1354.58
SPX,2012-05-11,1353.39,1365.66,1348.89
SPX,2012-05-14,1338.35,1351.93,1336.61
SPX,2012-05-15,1330.66,1344.94,1328.41
SPX,2012-05-16,1324.8,1341.78,1324.79
SPX,2012-05-17,1304.86,1326.36,1304.86
SPX,2012-05-18,1295.22,1312.24,1291.98
SPX,2012-05-21,1315.99,1316.39,1295.73
SPX,2012-05-22,1316.63,1328.49,1310.04
SPX,2012-05-23,1318.86,1320.71,1296.53
SPX,2012-05-24,1320.68,1324.14,1310.5
SPX,2012-05-25,1317.82,1324.2,1314.23
SPX,2012-05-29,1332.42,1334.93,1318.9
SPX,2012-05-30,1313.32,1331.25,1310.76
SPX,2012-05-31,1310.33,1319.74,1298.9
SPX,2012-06-01,1278.04,1309.87,1277.25
SPX,2012-06-04,1278.18,1282.55,1266.74
SPX,2012-06-05,1285.5,1287.62,1274.16
SPX,2012-06-06,1315.13,1315.13,1285.61
SPX,2012-06-07,1314.99,1329.05,1312.68
SPX,2012-06-08,1325.66,1325.81,1307.77
SPX,2012-06-11,1308.93,1335.52,1307.73
SPX,2012-06-12,1324.18,1324.31,1306.62
SPX,2012-06-13,1314.88,1327.28,1310.51
SPX,2012-06-14,1329.1,1333.68,1314.14
SPX,2012-06-15,1342.84,1343.32,1329.19
SPX,2012-06-18,1344.78,1348.22,1334.46
SPX,2012-06-19,1357.98,1363.46,1344.83
SPX,2012-06-20,1355.69,1361.57,1346.45
SPX,2012-06-21,1325.51,1358.27,1324.41
SPX,2012-06-22,1335.02,1337.82,1325.92
SPX,2012-06-25,1313.72,1334.9,1309.27
SPX,2012-06-26,1319.99,1324.24,1310.3
SPX,2012-06-27,1331.85,1334.4,1320.71
SPX,2012-06-28,1329.04,1331.52,1313.29
SPX,2012-06-29,1362.16,1362.17,1330.12
SPX,2012-07-02,1365.51,1366.35,1355.7
SPX,2012-07-03,1374.02,1374.81,1363.53
SPX,2012-07-05,1367.58,1373.85,1363.02
SPX,2012-07-06,1354.68,1367.09,1348.03
SPX,2012-07-09,1352.46,1354.87,1346.65
SPX,2012-07-10,1341.47,1361.54,1336.27
SPX,2012-07-11,1341.45,1345.0,1333.25
SPX,2012-07-12,1334.76,1341.29,1325.41
SPX,2012-07-13,1356.78,1357.7,1334.81
SPX,2012-07-16,1353.64,1357.26,1348.51
SPX,2012-07-17,1363.67,1365.36,1345.07
SPX,2012-07-18,1372.78,1375.26,1358.96
SPX,2012-07-19,1376.51,1380.39,1371.21
SPX,2012-07-20,1362.66,1376.51,1362.19
SPX,2012-07-23,1350.52,1362.34,1337.56
SPX,2012-07-24,1338.31,1351.53,1329.24
SPX,2012-07-25,1337.89,1343.98,1331.5
SPX,2012-07-26,1360.02,1363.13,1338.17
SPX,2012-07-27,1385.97,1389.19,1360.05
SPX,2012-07-30,1385.3,1391.74,1381.37
SPX,2012-07-31,1379.32,1387.16,1379.17
SPX,2012-08-01,1375.32,1385.03,1373.35
SPX,2012-08-02,1365.0,1375.13,1354.65
SPX,2012-08-03,1390.99,1394.16,1365.45
SPX,2012-08-06,1394.23,1399.63,1391.04
SPX,2012-08-07,1401.35,1407.14,1394.46
SPX,2012-08-08,1402.22,1404.14,1396.13
SPX,2012-08-09,1402.8,1405.95,1398.8
SPX,2012-08-10,1405.87,1405.98,1395.62
SPX,2012-08-13,1404.11,1405.87,1397.32
SPX,2012-08-14,1403.93,1410.03,1400.6
SPX,2012-08-15,1405.53,1407.73,1401.83
SPX,2012-08-16,1415.51,1417.44,1404.15
SPX,2012-08-17,1418.16,1418.71,1414.67
SPX,2012-08-20,1418.13,1418.13,1412.12
SPX,2012-08-21,1413.17,1426.68,1410.86
SPX,2012-08-22,1413.49,1416.12,1406.78
SPX,2012-08-23,1402.08,1413.49,1400.5
SPX,2012-08-24,1411.13,1413.46,1398.04
SPX,2012-08-27,1410.44,1416.17,1409.11
SPX,2012-08-28,1409.3,1413.63,1405.59
SPX,2012-08-29,1410.49,1413.95,1406.57
SPX,2012-08-30,1399.48,1410.08,1397.01
SPX,2012-08-31,1406.58,1413.09,1398.96
SPX,2012-09-04,1404.94,1409.31,1396.56
SPX,2012-09-05,1403.44,1408.81,1401.25
SPX,2012-09-06,1432.12,1432.12,1403.74
SPX,2012-09-07,1437.92,1437.92,1431.45
SPX,2012-09-10,1429.08,1438.74,1428.98
SPX,2012-09-11,1433.56,1437.76,1429.13
SPX,2012-09-12,1436.56,1439.15,1432.99
SPX,2012-09-13,1459.99,1463.76,1435.34
SPX,2012-09-14,1465.77,1474.51,1460.07
SPX,2012-09-17,1461.19,1465.63,1457.55
SPX,2012-09-18,1459.32,1461.47,1456.13
SPX,2012-09-19,1461.05,1465.15,1457.88
SPX,2012-09-20,1460.26,1461.23,1449.98
SPX,2012-09-21,1460.15,1467.07,1459.51
SPX,2012-09-24,1456.89,1460.72,1452.06
SPX,2012-09-25,1441.59,1463.24,1441.59
SPX,2012-09-26,1433.32,1441.6,1430.53
SPX,2012-09-27,1447.15,1450.2,1433.36
SPX,2012-09-28,1440.67,1447.13,1435.6
SPX,2012-10-01,1444.49,1457.14,1440.9
SPX,2012-10-02,1445.75,1451.52,1439.01
SPX,2012-10-03,1450.99,1454.3,1441.99
SPX,2012-10-04,1461.4,1463.14,1451.08
SPX,2012-10-05,1460.93,1470.96,1456.89
SPX,2012-10-08,1455.88,1460.93,1453.1
SPX,2012-10-09,1441.48,1455.9,1441.18
SPX,2012-10-10,1432.56,1442.52,1430.64
SPX,2012-10-11,1432.84,1443.9,1432.82
SPX,2012-10-12,1428.59,1438.43,1425.53
SPX,2012-10-15,1440.13,1441.31,1427.24
SPX,2012-10-16,1454.92,1455.51,1440.31
SPX,2012-10-17,1460.91,1462.2,1453.35
SPX,2012-10-18,1457.34,1464.02,1452.63
SPX,2012-10-19,1433.19,1457.34,1429.85
SPX,2012-10-22,1433.82,1435.46,1422.06
SPX,2012-10-23,1413.11,1433.74,1407.56
SPX,2012-10-24,1408.75,1420.04,1407.1
SPX,2012-10-25,1412.97,1421.12,1405.14
SPX,2012-10-26,1411.94,1417.09,1403.28
SPX,2012-10-31,1412.16,1418.76,1405.95
SPX,2012-11-01,1427.59,1428.35,1412.2
SPX,2012-11-02,1414.2,1434.27,1412.91
SPX,2012-11-05,1417.26,1419.9,1408.13
SPX,2012-11-06,1428.39,1433.38,1417.26
SPX,2012-11-07,1394.53,1428.27,1388.14
SPX,2012-11-08,1377.51,1401.23,1377.51
SPX,2012-11-09,1379.85,1391.39,1373.03
SPX,2012-11-12,1380.03,1384.87,1377.19
SPX,2012-11-13,1374.53,1388.81,1371.39
SPX,2012-11-14,1355.49,1380.13,1352.5
SPX,2012-11-15,1353.33,1360.62,1348.05
SPX,2012-11-16,1359.88,1362.03,1343.35
SPX,2012-11-19,1386.89,1386.89,1359.88
SPX,2012-11-20,1387.81,1389.77,1377.04
SPX,2012-11-21,1391.03,1391.25,1386.39
SPX,2012-11-23,1409.15,1409.16,1391.03
SPX,2012-11-26,1406.29,1409.15,1397.68
SPX,2012-11-27,1398.94,1409.01,1398.03
SPX,2012-11-28,1409.93,1410.31,1385.43
SPX,2012-11-29,1415.95,1419.7,1409.04
SPX,2012-11-30,1416.18,1418.86,1411.63
SPX,2012-12-03,1409.46,1423.73,1408.46
SPX,2012-12-04,1407.05,1413.14,1403.65
SPX,2012-12-05,1409.28,1415.56,1398.23
SPX,2012-12-06,1413.94,1413.95,1405.93
SPX,2012-12-07,1418.07,1420.34,1410.9
SPX,2012-12-10,1418.55,1421.64,1415.64
SPX,2012-12-11,1427.84,1434.27,1418.55
SPX,2012-12-12,1428.48,1438.59,1426.76
SPX,2012-12-13,1419.45,1431.36,1416.0
SPX,2012-12-14,1413.58,1419.45,1411.88
SPX,2012-12-17,1430.36,1430.67,1413.54
SPX,2012-12-18,1446.79,1448.0,1430.47
SPX,2012-12-19,1435.81,1447.75,1435.8
SPX,2012-12-20,1443.69,1443.7,1432.82
SPX,2012-12-21,1430.15,1443.67,1422.58
SPX,2012-12-24,1426.66,1430.15,1424.66
SPX,2012-12-26,1419.83,1429.42,1416.43
SPX,2012-12-27,1418.1,1422.8,1401.8
SPX,2012-12-28,1402.43,1418.1,1401.58
SPX,2012-12-31,1426.19,1426.74,1398.11
SPX,2013-01-02,1462.42,1462.43,1426.19
SPX,2013-01-03,1459.37,1465.47,1455.53
SPX,2013-01-04,1466.47,1467.94,1458.99
SPX,2013-01-07,1461.89,1466.47,1456.62
SPX,2013-01-08,1457.15,1461.89,1451.64
SPX,2013-01-09,1461.02,1464.73,1457.15
SPX,2013-01-10,1472.12,1472.3,1461.02
SPX,2013-01-11,1472.05,1472.75,1467.58
SPX,2013-01-14,1470.68,1472.05,1465.69
SPX,2013-01-15,1472.34,1473.31,1463.76
SPX,2013-01-16,1472.63,1473.96,1467.6
SPX,2013-01-17,1480.94,1485.16,1472.63
SPX,2013-01-18,1485.98,1485.98,1475.81
SPX,2013-01-22,1492.56,1492.56,1481.16
SPX,2013-01-23,1494.81,1496.13,1489.9
SPX,2013-01-24,1494.82,1502.27,1489.46
SPX,2013-01-25,1502.96,1503.26,1494.82
SPX,2013-01-28,1500.18,1503.23,1496.33
SPX,2013-01-29,1507.84,1509.35,1498.09
SPX,2013-01-30,1501.96,1509.94,1500.11
SPX,2013-01-31,1498.11,1504.19,1496.76
SPX,2013-02-01,1513.17,1514.41,1498.11
SPX,2013-02-04,1495.71,1513.17,1495.02
SPX,2013-02-05,1511.29,1514.96,1495.71
SPX,2013-02-06,1512.12,1512.53,1504.71
SPX,2013-02-07,1509.39,1512.9,1498.49
SPX,2013-02-08,1517.93,1518.31,1509.39
SPX,2013-02-11,1517.01,1518.31,1513.61
SPX,2013-02-12,1519.43,1522.29,1515.61
SPX,2013-02-13,1520.33,1524.69,1515.93
SPX,2013-02-14,1521.38,1523.14,1514.02
SPX,2013-02-15,1519.79,1524.24,1514.14
SPX,2013-02-19,1530.94,1530.94,1519.79
SPX,2013-02-20,1511.95,1530.94,1511.41
SPX,2013-02-21,1502.42,1511.95,1497.29
SPX,2013-02-22,1515.6,1515.64,1502.42
SPX,2013-02-25,1487.85,1525.84,1487.85
SPX,2013-02-26,1496.94,1498.99,1485.01
SPX,2013-02-27,1515.99,1520.08,1494.88
SPX,2013-02-28,1514.68,1525.34,1514.46
SPX,2013-03-01,1518.2,1519.99,1501.48
SPX,2013-03-04,1525.2,1525.27,1512.29
SPX,2013-03-05,1539.79,1543.47,1525.2
SPX,2013-03-06,1541.46,1545.25,1538.11
SPX,2013-03-07,1544.26,1545.78,1541.46
SPX,2013-03-08,1551.18,1552.48,1542.94
SPX,2013-03-11,1556.22,1556.27,1547.36
SPX,2013-03-12,1552.48,1556.77,1548.24
SPX,2013-03-13,1554.52,1556.39,1548.25
SPX,2013-03-14,1563.23,1563.32,1554.52
SPX,2013-03-15,1560.7,1563.62,1555.74
SPX,2013-03-18,1552.1,1560.7,1545.13
SPX,2013-03-19,1548.34,1557.25,1538.57
SPX,2013-03-20,1558.71,1561.56,1548.34
SPX,2013-03-21,1545.8,1558.71,1543.55
SPX,2013-03-22,1556.89,1557.74,1545.9
SPX,2013-03-25,1551.69,1564.91,1546.22
SPX,2013-03-26,1563.77,1563.95,1551.69
SPX,2013-03-27,1562.85,1564.07,1551.9
SPX,2013-03-28,1569.19,1570.28,1561.08
SPX,2013-04-01,1562.17,1570.57,1558.47
SPX,2013-04-02,1570.25,1573.66,1562.17
SPX,2013-04-03,1553.69,1571.47,1549.8
SPX,2013-04-04,1559.98,1562.6,1552.52
SPX,2013-04-05,1553.28,1559.98,1539.5
SPX,2013-04-08,1563.07,1563.07,1548.63
SPX,2013-04-09,1568.61,1573.89,1560.92
SPX,2013-04-10,1587.73,1589.07,1568.61
SPX,2013-04-11,1593.37,1597.35,1586.17
SPX,2013-04-12,1588.85,1593.3,1579.97
SPX,2013-04-15,1552.36,1588.84,1552.28
SPX,2013-04-16,1574.57,1575.35,1552.36
SPX,2013-04-17,1552.01,1574.57,1543.69
SPX,2013-04-18,1541.61,1554.38,1536.03
SPX,2013-04-19,1555.25,1555.89,1539.4
SPX,2013-04-22,1562.5,1565.55,1548.19
SPX,2013-04-23,1578.78,1579.58,1562.5
SPX,2013-04-24,1578.79,1583.0,1575.8
SPX,2013-04-25,1585.16,1592.64,1578.93
SPX,2013-04-26,1582.24,1585.78,1577.56
SPX,2013-04-29,1593.61,1596.65,1582.34
SPX,2013-04-30,1597.57,1597.57,1586.5
SPX,2013-05-01,1582.7,1597.55,1581.28
SPX,2013-05-02,1597.59,1598.6,1582.77
SPX,2013-05-03,1614.42,1618.46,1597.6
SPX,2013-05-06,1617.5,1619.77,1614.21
SPX,2013-05-07,1625.96,1626.03,1616.64
SPX,2013-05-08,1632.69,1632.78,1622.7
SPX,2013-05-09,1626.67,1635.01,1623.09
SPX,2013-05-10,1633.7,1633.7,1623.71
SPX,2013-05-13,1633.77,1636.0,1626.74
SPX,2013-05-14,1650.34,1651.1,1633.75
SPX,2013-05-15,1658.78,1661.49,1646.68
SPX,2013-05-16,1650.47,1660.51,1648.6
SPX,2013-05-17,1667.47,1667.47,1652.45
SPX,2013-05-20,1666.29,1672.84,1663.52
SPX,2013-05-21,1669.16,1674.93,1662.67
SPX,2013-05-22,1655.35,1687.18,1648.86
SPX,2013-05-23,1650.51,1655.5,1635.53
SPX,2013-05-24,1649.6,1649.78,1636.88
SPX,2013-05-28,1660.06,1674.21,1652.63
SPX,2013-05-29,1648.36,1656.57,1640.05
SPX,2013-05-30,1654.41,1661.91,1648.61
SPX,2013-05-31,1630.74,1658.99,1630.74
SPX,2013-06-03,1640.42,1640.42,1622.72
SPX,2013-06-04,1631.38,1646.53,1623.62
SPX,2013-06-05,1608.9,1629.31,1607.09
SPX,2013-06-06,1622.56,1622.56,1598.23
SPX,2013-06-07,1643.38,1644.4,1625.27
SPX,2013-06-10,1642.81,1648.69,1639.26
SPX,2013-06-11,1626.13,1640.13,1622.92
SPX,2013-06-12,1612.52,1637.71,1610.92
SPX,2013-06-13,1636.36,1639.25,1608.07
SPX,2013-06-14,1626.73,1640.8,1623.96
SPX,2013-06-17,1639.04,1646.5,1630.34
SPX,2013-06-18,1651.81,1654.19,1639.77
SPX,2013-06-19,1628.93,1652.45,1628.91
SPX,2013-06-20,1588.19,1624.62,1584.32
SPX,2013-06-21,1592.43,1599.19,1577.7
SPX,2013-06-24,1573.09,1588.77,1560.33
SPX,2013-06-25,1588.03,1593.79,1577.09
SPX,2013-06-26,1603.26,1606.83,1592.27
SPX,2013-06-27,1613.2,1620.07,1606.44
SPX,2013-06-28,1606.28,1615.94,1601.06
SPX,2013-07-01,1614.96,1626.61,1609.78
SPX,2013-07-02,1614.08,1624.26,1606.77
SPX,2013-07-03,1615.41,1618.97,1604.57
SPX,2013-07-05,1631.89,1632.07,1614.71
SPX,2013-07-08,1640.46,1644.68,1634.2
SPX,2013-07-09,1652.32,1654.18,1642.89
SPX,2013-07-10,1652.62,1657.92,1647.66
SPX,2013-07-11,1675.02,1676.63,1657.41
SPX,2013-07-12,1680.19,1680.19,1672.33
SPX,2013-07-15,1682.5,1684.51,1677.89
SPX,2013-07-16,1676.26,1683.73,1671.84
SPX,2013-07-17,1680.91,1684.75,1677.91
SPX,2013-07-18,1689.37,1693.12,1681.05
SPX,2013-07-19,1692.09,1692.09,1684.08
SPX,2013-07-22,1695.53,1697.61,1690.67
SPX,2013-07-23,1692.39,1698.78,1691.13
SPX,2013-07-24,1685.94,1698.38,1682.57
SPX,2013-07-25,1690.25,1690.94,1680.07
SPX,2013-07-26,1691.65,1691.85,1676.03
SPX,2013-07-29,1685.33,1690.92,1681.86
SPX,2013-07-30,1685.96,1693.19,1682.42
SPX,2013-07-31,1685.73,1698.43,1684.94
SPX,2013-08-01,1706.87,1707.85,1689.42
SPX,2013-08-02,1709.67,1709.67,1700.68
SPX,2013-08-05,1707.14,1709.24,1703.55
SPX,2013-08-06,1697.37,1705.79,1693.29
SPX,2013-08-07,1690.91,1695.3,1684.91
SPX,2013-08-08,1697.48,1700.18,1688.38
SPX,2013-08-09,1691.42,1699.42,1686.02
SPX,2013-08-12,1689.47,1691.49,1683.35
SPX,2013-08-13,1694.16,1696.81,1682.62
SPX,2013-08-14,1685.39,1695.52,1684.83
SPX,2013-08-15,1661.32,1679.61,1658.59
SPX,2013-08-16,1655.83,1663.6,1652.61
SPX,2013-08-19,1646.06,1659.18,1645.84
SPX,2013-08-20,1652.35,1658.92,1646.08
SPX,2013-08-21,1642.8,1656.99,1639.43
SPX,2013-08-22,1656.96,1659.55,1645.03
SPX,2013-08-23,1663.5,1664.85,1654.81
SPX,2013-08-26,1656.78,1669.51,1656.02
SPX,2013-08-27,1630.48,1652.54,1629.05
SPX,2013-08-28,1634.96,1641.18,1627.47
SPX,2013-08-29,1638.17,1646.41,1630.88
SPX,2013-08-30,1632.97,1640.08,1628.05
SPX,2013-09-03,1639.77,1651.35,1633.41
SPX,2013-09-04,1653.08,1655.72,1637.41
SPX,2013-09-05,1655.08,1659.17,1653.07
SPX,2013-09-06,1655.17,1664.83,1640.62
SPX,2013-09-09,1671.71,1672.4,1656.85
SPX,2013-09-10,1683.99,1684.09,1674.32
SPX,2013-09-11,1689.13,1689.13,1678.7
SPX,2013-09-12,1683.42,1689.97,1681.96
SPX,2013-09-13,1687.99,1688.73,1682.22
SPX,2013-09-16,1697.6,1704.95,1691.7
SPX,2013-09-17,1704.76,1705.52,1697.73
SPX,2013-09-18,1725.52,1729.44,1700.35
SPX,2013-09-19,1722.34,1729.86,1720.2
SPX,2013-09-20,1709.91,1725.23,1708.89
SPX,2013-09-23,1701.84,1711.44,1697.1
SPX,2013-09-24,1697.42,1707.63,1694.9
SPX,2013-09-25,1692.77,1701.71,1691.88
SPX,2013-09-26,1698.67,1703.85,1693.11
SPX,2013-09-27,1691.75,1695.52,1687.11
SPX,2013-09-30,1681.55,1687.26,1674.99
SPX,2013-10-01,1695.0,1696.55,1682.07
SPX,2013-10-02,1693.87,1693.87,1680.34
SPX,2013-10-03,1678.66,1692.35,1670.36
SPX,2013-10-04,1690.5,1691.94,1677.33
SPX,2013-10-07,1676.12,1687.15,1674.7
SPX,2013-10-08,1655.45,1676.79,1655.03
SPX,2013-10-09,1656.4,1662.47,1646.47
SPX,2013-10-10,1692.56,1692.56,1660.88
SPX,2013-10-11,1703.2,1703.44,1688.52
SPX,2013-10-14,1710.14,1711.03,1692.13
SPX,2013-10-15,1698.06,1711.57,1695.93
SPX,2013-10-16,1721.54,1721.76,1700.49
SPX,2013-10-17,1733.15,1733.45,1714.12
SPX,2013-10-18,1744.5,1745.31,1735.74
SPX,2013-10-21,1744.66,1747.79,1740.67
SPX,2013-10-22,1754.67,1759.33,1746.48
SPX,2013-10-23,1746.38,1752.27,1740.5
SPX,2013-10-24,1752.07,1753.94,1745.5
SPX,2013-10-25,1759.77,1759.82,1752.45
SPX,2013-10-28,1762.11,1764.99,1757.67
SPX,2013-10-29,1771.95,1772.09,1762.93
SPX,2013-10-30,1763.31,1775.22,1757.24
SPX,2013-10-31,1756.54,1768.53,1755.72
SPX,2013-11-01,1761.64,1765.67,1752.7
SPX,2013-11-04,1767.93,1768.78,1761.56
SPX,2013-11-05,1762.97,1767.03,1755.76
SPX,2013-11-06,1770.49,1773.74,1764.4
SPX,2013-11-07,1747.15,1774.54,1746.2
SPX,2013-11-08,1770.61,1770.78,1747.63
SPX,2013-11-11,1771.89,1773.44,1767.85
SPX,2013-11-12,1767.69,1771.78,1762.29
SPX,2013-11-13,1782.0,1782.0,1760.64
SPX,2013-11-14,1790.62,1791.53,1780.22
SPX,2013-11-15,1798.18,1798.22,1790.66
SPX,2013-11-18,1791.53,1802.33,1788.0
SPX,2013-11-19,1787.87,1795.51,1784.72
SPX,2013-11-20,1781.37,1795.73,1777.23
SPX,2013-11-21,1795.85,1797.16,1783.52
SPX,2013-11-22,1804.76,1804.84,1794.7
SPX,2013-11-25,1802.48,1808.1,1800.58
SPX,2013-11-26,1802.75,1808.42,1800.77
SPX,2013-11-27,1807.23,1808.27,1802.77
SPX,2013-11-29,1805.81,1813.55,1803.98
SPX,2013-12-02,1800.9,1810.02,1798.6
SPX,2013-12-03,1795.15,1800.1,1787.85
SPX,2013-12-04,1792.81,1799.8,1779.09
SPX,2013-12-05,1785.03,1792.82,1783.38
SPX,2013-12-06,1805.09,1806.04,1788.36
SPX,2013-12-09,1808.37,1811.52,1806.21
SPX,2013-12-10,1802.62,1808.52,1801.75
SPX,2013-12-11,1782.22,1802.97,1780.09
SPX,2013-12-12,1775.5,1782.99,1772.28
SPX,2013-12-13,1775.32,1780.92,1772.45
SPX,2013-12-16,1786.54,1792.22,1777.48
SPX,2013-12-17,1781.0,1786.77,1777.05
SPX,2013-12-18,1810.65,1811.08,1767.99
SPX,2013-12-19,1809.6,1810.88,1801.35
SPX,2013-12-20,1818.32,1823.75,1810.25
SPX,2013-12-23,1827.99,1829.75,1822.92
SPX,2013-12-24,1833.32,1833.32,1828.02
SPX,2013-12-26,1842.02,1842.84,1834.96
SPX,2013-12-27,1841.4,1844.89,1839.81
SPX,2013-12-30,1841.07,1842.47,1838.77
SPX,2014-01-02,1831.98,1845.86,1827.74
SPX,2014-01-03,1831.37,1838.24,1829.13
SPX,2014-01-06,1826.77,1837.16,1823.73
SPX,2014-01-07,1837.88,1840.1,1828.71
SPX,2014-01-08,1837.49,1840.02,1831.4
SPX,2014-01-09,1838.13,1843.23,1830.38
SPX,2014-01-10,1842.37,1843.15,1832.43
SPX,2014-01-13,1819.2,1843.45,1815.52
SPX,2014-01-14,1838.88,1839.26,1821.36
SPX,2014-01-15,1848.38,1850.84,1840.52
SPX,2014-01-16,1845.89,1847.99,1840.3
SPX,2014-01-17,1838.7,1846.04,1835.23
SPX,2014-01-21,1843.8,1849.31,1832.38
SPX,2014-01-22,1844.86,1846.87,1840.88
SPX,2014-01-23,1828.46,1842.29,1820.06
SPX,2014-01-24,1790.29,1826.96,1790.29
SPX,2014-01-27,1781.56,1795.98,1772.88
SPX,2014-01-28,1792.5,1793.87,1779.49
SPX,2014-01-29,1774.2,1790.15,1770.45
SPX,2014-01-30,1794.19,1798.77,1777.17
SPX,2014-01-31,1782.59,1793.88,1772.26
SPX,2014-02-03,1741.89,1784.83,1739.66
SPX,2014-02-04,1755.2,1758.73,1743.82
SPX,2014-02-05,1751.64,1755.79,1737.92
SPX,2014-02-06,1773.43,1774.06,1752.99
SPX,2014-02-07,1797.02,1798.03,1776.01
SPX,2014-02-10,1799.84,1799.94,1791.83
SPX,2014-02-11,1819.75,1823.54,1800.41
SPX,2014-02-12,1819.26,1826.55,1815.97
SPX,2014-02-13,1829.83,1830.25,1809.22
SPX,2014-02-14,1838.63,1841.65,1825.59
SPX,2014-02-18,1840.76,1842.87,1835.01
SPX,2014-02-19,1828.75,1847.5,1826.99
SPX,2014-02-20,1839.78,1842.79,1824.58
SPX,2014-02-21,1836.25,1846.13,1835.6
SPX,2014-02-24,1847.61,1858.71,1836.78
SPX,2014-02-25,1845.12,1852.91,1840.19
SPX,2014-02-26,1845.16,1852.65,1840.66
SPX,2014-02-27,1854.29,1854.53,1841.13
SPX,2014-02-28,1859.45,1867.92,1847.67
SPX,2014-03-03,1845.73,1857.68,1834.44
SPX,2014-03-04,1873.91,1876.23,1849.23
SPX,2014-03-05,1873.81,1876.53,1871.11
SPX,2014-03-06,1877.03,1881.94,1874.18
SPX,2014-03-07,1878.04,1883.57,1870.56
SPX,2014-03-10,1877.17,1877.87,1867.04
SPX,2014-03-11,1867.63,1882.35,1863.88
SPX,2014-03-12,1868.2,1868.38,1854.38
SPX,2014-03-13,1846.34,1874.4,1841.86
SPX,2014-03-14,1841.13,1852.44,1839.57
SPX,2014-03-17,1858.83,1862.3,1842.81
SPX,2014-03-18,1872.25,1873.76,1858.92
SPX,2014-03-19,1860.77,1874.14,1850.35
SPX,2014-03-20,1872.01,1873.49,1854.63
SPX,2014-03-21,1866.52,1883.97,1863.46
SPX,2014-03-24,1857.44,1873.34,1849.69
SPX,2014-03-25,1865.62,1871.87,1855.96
SPX,2014-03-26,1852.56,1875.92,1852.56
SPX,2014-03-27,1849.04,1855.55,1842.11
SPX,2014-03-28,1857.62,1866.63,1850.07
SPX,2014-03-31,1872.34,1875.18,1859.16
SPX,2014-04-01,1885.52,1885.84,1873.96
SPX,2014-04-02,1890.9,1893.17,1883.79
SPX,2014-04-03,1888.77,1893.8,1882.65
SPX,2014-04-04,1865.09,1897.28,1863.26
SPX,2014-04-07,1845.04,1864.04,1841.48
SPX,2014-04-08,1851.96,1854.95,1837.49
SPX,2014-04-09,1872.18,1872.43,1852.38
SPX,2014-04-10,1833.08,1872.53,1830.87
SPX,2014-04-11,1815.69,1835.07,1814.36
SPX,2014-04-14,1830.61,1834.19,1815.8
SPX,2014-04-15,1842.98,1844.02,1816.29
SPX,2014-04-16,1862.31,1862.31,1846.01
SPX,2014-04-17,1864.85,1869.63,1856.72
SPX,2014-04-21,1871.89,1871.89,1863.18
SPX,2014-04-22,1879.55,1884.89,1872.57
SPX,2014-04-23,1875.39,1879.75,1873.91
SPX,2014-04-24,1878.61,1884.06,1870.24
SPX,2014-04-25,1863.4,1877.72,1859.7
SPX,2014-04-28,1869.43,1877.01,1850.61
SPX,2014-04-29,1878.33,1880.6,1870.78
SPX,2014-04-30,1883.95,1885.2,1872.69
SPX,2014-05-01,1883.68,1888.59,1878.04
SPX,2014-05-02,1881.14,1891.33,1878.5
SPX,2014-05-05,1884.66,1885.51,1866.77
SPX,2014-05-06,1867.72,1883.69,1867.72
SPX,2014-05-07,1878.21,1878.83,1859.79
SPX,2014-05-08,1875.63,1889.07,1870.05
SPX,2014-05-09,1878.48,1878.57,1867.02
SPX,2014-05-12,1896.65,1897.13,1880.03
SPX,2014-05-13,1897.45,1902.17,1896.06
SPX,2014-05-14,1888.53,1897.13,1885.77
SPX,2014-05-15,1870.85,1888.16,1862.36
SPX,2014-05-16,1877.86,1878.28,1864.82
SPX,2014-05-19,1885.08,1886.0,1872.42
SPX,2014-05-20,1872.83,1884.88,1868.14
SPX,2014-05-21,1888.03,1888.8,1873.34
SPX,2014-05-22,1892.49,1896.33,1885.39
SPX,2014-05-23,1900.53,1901.26,1893.32
SPX,2014-05-27,1911.91,1912.28,1902.01
SPX,2014-05-28,1909.78,1914.46,1907.3
SPX,2014-05-29,1920.03,1920.03,1909.82
SPX,2014-05-30,1923.57,1924.03,1916.64
SPX,2014-06-02,1924.97,1925.88,1915.98
SPX,2014-06-03,1924.24,1925.07,1918.79
SPX,2014-06-04,1927.88,1928.63,1918.6
SPX,2014-06-05,1940.46,1941.74,1922.93
SPX,2014-06-06,1949.44,1949.44,1942.41
SPX,2014-06-09,1951.27,1955.55,1947.16
SPX,2014-06-10,1950.79,1950.86,1944.64
SPX,2014-06-11,1943.89,1949.37,1940.08
SPX,2014-06-12,1930.11,1943.35,1925.78
SPX,2014-06-13,1936.16,1937.3,1927.69
SPX,2014-06-16,1937.78,1941.15,1930.91
SPX,2014-06-17,1941.99,1943.69,1933.55
SPX,2014-06-18,1956.98,1957.74,1939.29
SPX,2014-06-19,1959.48,1959.87,1952.26
SPX,2014-06-20,1962.87,1963.91,1959.17
SPX,2014-06-23,1962.61,1963.74,1958.89
SPX,2014-06-24,1949.98,1968.17,1948.34
SPX,2014-06-25,1959.53,1960.83,1947.49
SPX,2014-06-26,1957.22,1959.89,1944.69
SPX,2014-06-27,1960.96,1961.47,1952.18
SPX,2014-06-30,1960.23,1964.24,1958.22
SPX,2014-07-01,1973.32,1978.58,1962.29
SPX,2014-07-02,1974.62,1976.67,1972.58
SPX,2014-07-03,1985.44,1985.59,1975.88
SPX,2014-07-07,1977.65,1984.22,1974.88
SPX,2014-07-08,1963.71,1976.39,1959.46
SPX,2014-07-09,1972.83,1974.15,1965.1
SPX,2014-07-10,1964.68,1969.84,1952.86
SPX,2014-07-11,1967.57,1968.67,1959.63
SPX,2014-07-14,1977.1,1979.85,1969.86
SPX,2014-07-15,1973.28,1982.52,1965.34
SPX,2014-07-16,1981.57,1983.94,1975.67
SPX,2014-07-17,1958.12,1981.8,1955.59
SPX,2014-07-18,1978.22,1979.91,1960.82
SPX,2014-07-21,1973.63,1976.93,1965.77
SPX,2014-07-22,1983.53,1986.24,1975.65
SPX,2014-07-23,1987.01,1989.23,1982.44
SPX,2014-07-24,1987.98,1991.39,1985.79
SPX,2014-07-25,1978.34,1984.6,1974.37
SPX,2014-07-28,1978.91,1981.52,1967.31
SPX,2014-07-29,1969.95,1984.85,1969.95
SPX,2014-07-30,1970.07,1978.9,1962.42
SPX,2014-07-31,1930.67,1965.14,1930.67
SPX,2014-08-01,1925.15,1937.35,1916.37
SPX,2014-08-04,1938.99,1942.92,1921.2
SPX,2014-08-05,1920.21,1936.34,1913.77
SPX,2014-08-06,1920.24,1927.91,1911.45
SPX,2014-08-07,1909.57,1928.89,1904.78
SPX,2014-08-08,1931.59,1932.38,1909.01
SPX,2014-08-11,1936.92,1944.9,1933.43
SPX,2014-08-12,1933.75,1939.65,1928.29
SPX,2014-08-13,1946.72,1948.41,1935.6
SPX,2014-08-14,1955.18,1955.23,1947.41
SPX,2014-08-15,1955.06,1964.04,1941.5
SPX,2014-08-18,1971.74,1971.99,1958.36
SPX,2014-08-19,1981.6,1982.57,1972.73
SPX,2014-08-20,1986.51,1988.57,1977.68
SPX,2014-08-21,1992.37,1994.76,1986.82
SPX,2014-08-22,1988.4,1993.54,1984.76
SPX,2014-08-25,1997.92,2001.95,1991.74
SPX,2014-08-26,2000.02,2005.04,1998.59
SPX,2014-08-27,2000.12,2002.14,1996.2
SPX,2014-08-28,1996.74,1998.55,1990.52
SPX,2014-08-29,2003.37,2003.38,1994.65
SPX,2014-09-02,2002.28,2006.12,1994.85
SPX,2014-09-03,2000.72,2009.28,1998.14
SPX,2014-09-04,1997.65,2011.17,1992.54
SPX,2014-09-05,2007.71,2007.71,1990.1
SPX,2014-09-08,2001.54,2007.17,1995.6
SPX,2014-09-09,1988.44,2001.01,1984.61
SPX,2014-09-10,1995.69,1996.66,1982.99
SPX,2014-09-11,1997.45,1997.65,1985.93
SPX,2014-09-12,1985.54,1996.74,1980.26
SPX,2014-09-15,1984.13,1987.18,1978.48
SPX,2014-09-16,1998.98,2002.28,1979.06
SPX,2014-09-17,2001.57,2010.74,1993.29
SPX,2014-09-18,2011.36,2012.34,2003.07
SPX,2014-09-19,2010.4,2019.26,2006.59
SPX,2014-09-22,1994.29,2009.08,1991.01
SPX,2014-09-23,1982.77,1995.41,1982.77
SPX,2014-09-24,1998.3,1999.79,1978.63
SPX,2014-09-25,1965.99,1997.32,1965.99
SPX,2014-09-26,1982.85,1986.37,1966.22
SPX,2014-09-29,1977.8,1981.28,1964.04
SPX,2014-09-30,1972.29,1985.17,1968.96
SPX,2014-10-01,1946.16,1971.44,1941.72
SPX,2014-10-02,1946.17,1952.32,1926.03
SPX,2014-10-03,1967.9,1971.19,1948.12
SPX,2014-10-06,1964.82,1977.84,1958.43
SPX,2014-10-07,1935.1,1962.36,1934.87
SPX,2014-10-08,1968.89,1970.36,1925.25
SPX,2014-10-09,1928.21,1967.68,1927.56
SPX,2014-10-10,1906.13,1936.98,1906.05
SPX,2014-10-13,1874.74,1912.09,1874.14
SPX,2014-10-14,1877.7,1898.71,1871.79
SPX,2014-10-15,1862.49,1874.18,1820.66
SPX,2014-10-16,1862.76,1876.01,1835.02
SPX,2014-10-17,1886.76,1898.16,1864.91
SPX,2014-10-20,1904.01,1905.03,1882.3
SPX,2014-10-21,1941.28,1942.45,1909.38
SPX,2014-10-22,1927.11,1949.31,1926.83
SPX,2014-10-23,1950.82,1961.95,1931.02
SPX,2014-10-24,1964.58,1965.27,1946.27
SPX,2014-10-27,1961.63,1964.64,1951.37
SPX,2014-10-28,1985.05,1985.05,1964.14
SPX,2014-10-29,1982.3,1991.4,1969.04
SPX,2014-10-30,1994.65,1999.4,1974.75
SPX,2014-10-31,2018.05,2018.19,2001.2
SPX,2014-11-03,2017.81,2024.46,2013.68
SPX,2014-11-04,2012.1,2015.98,2001.01
SPX,2014-11-05,2023.57,2023.77,2014.42
SPX,2014-11-06,2031.21,2031.61,2015.86
SPX,2014-11-07,2031.92,2034.26,2025.07
SPX,2014-11-10,2038.26,2038.7,2030.17
SPX,2014-11-11,2039.68,2041.28,2035.28
SPX,2014-11-12,2038.25,2040.33,2031.95
SPX,2014-11-13,2039.33,2046.18,2030.44
SPX,2014-11-14,2039.82,2042.22,2035.2
SPX,2014-11-17,2041.32,2043.07,2034.46
SPX,2014-11-18,2051.8,2056.08,2041.48
SPX,2014-11-19,2048.72,2052.14,2040.37
SPX,2014-11-20,2052.75,2053.84,2040.49
SPX,2014-11-21,2063.5,2071.46,2056.75
SPX,2014-11-24,2069.41,2070.17,2065.07
SPX,2014-11-25,2067.03,2074.21,2064.75
SPX,2014-11-26,2072.83,2073.29,2066.62
SPX,2014-11-28,2067.56,2075.76,2065.06
SPX,2014-12-01,2053.44,2065.78,2049.57
SPX,2014-12-02,2066.55,2068.77,2053.77
SPX,2014-12-03,2074.33,2076.28,2066.65
SPX,2014-12-04,2071.92,2077.34,2062.34
SPX,2014-12-05,2075.37,2079.47,2070.81
SPX,2014-12-08,2060.31,2075.78,2054.27
SPX,2014-12-09,2059.82,2060.6,2034.17
SPX,2014-12-10,2026.14,2058.86,2024.26
SPX,2014-12-11,2035.33,2055.53,2027.92
SPX,2014-12-12,2002.33,2032.25,2002.33
SPX,2014-12-15,1989.63,2018.69,1982.26
SPX,2014-12-16,1972.74,2016.89,1972.56
SPX,2014-12-17,2012.89,2016.75,1973.77
SPX,2014-12-18,2061.23,2061.23,2018.98
SPX,2014-12-19,2070.65,2077.85,2061.03
SPX,2014-12-22,2078.54,2078.76,2069.28
SPX,2014-12-23,2082.17,2086.73,2079.77
SPX,2014-12-24,2081.88,2087.56,2081.86
SPX,2014-12-26,2088.77,2092.7,2084.3
SPX,2014-12-29,2090.57,2093.55,2085.75
SPX,2014-12-30,2080.35,2088.49,2079.53
SPX,2014-12-31,2058.9,2085.58,2057.94
SPX,2015-01-02,2058.2,2072.36,2046.04
SPX,2015-01-05,2020.58,2054.44,2017.34
SPX,2015-01-06,2002.61,2030.25,1992.44
SPX,2015-01-07,2025.9,2029.61,2005.55
SPX,2015-01-08,2062.14,2064.08,2030.61
SPX,2015-01-09,2044.81,2064.43,2038.33
SPX,2015-01-12,2028.26,2049.3,2022.58
SPX,2015-01-13,2023.03,2056.93,2008.25
SPX,2015-01-14,2011.27,2018.4,1988.44
SPX,2015-01-15,1992.67,2021.35,1991.47
SPX,2015-01-16,2019.42,2020.46,1988.12
SPX,2015-01-20,2022.55,2028.94,2004.49
SPX,2015-01-21,2032.12,2038.29,2012.04
SPX,2015-01-22,2063.15,2064.62,2026.38
SPX,2015-01-23,2051.82,2062.98,2050.54
SPX,2015-01-26,2057.09,2057.62,2040.97
SPX,2015-01-27,2029.55,2047.86,2019.91
SPX,2015-01-28,2002.16,2042.49,2001.49
SPX,2015-01-29,2021.25,2024.64,1989.18
SPX,2015-01-30,1994.99,2023.32,1993.38
SPX,2015-02-02,2020.85,2021.66,1980.9
SPX,2015-02-03,2050.03,2050.3,2022.71
SPX,2015-02-04,2041.51,2054.74,2036.72
SPX,2015-02-05,2062.52,2063.55,2043.45
SPX,2015-02-06,2055.47,2072.4,2049.97
SPX,2015-02-09,2046.74,2056.16,2041.88
SPX,2015-02-10,2068.59,2070.86,2048.62
SPX,2015-02-11,2068.53,2073.48,2057.99
SPX,2015-02-12,2088.48,2088.53,2069.98
SPX,2015-02-13,2096.99,2097.03,2086.7
SPX,2015-02-17,2100.34,2101.3,2089.8
SPX,2015-02-18,2099.68,2100.23,2092.15
SPX,2015-02-19,2097.45,2102.13,2090.79
SPX,2015-02-20,2110.3,2110.61,2085.44
SPX,2015-02-23,2109.66,2110.05,2103.0
SPX,2015-02-24,2115.48,2117.94,2105.87
SPX,2015-02-25,2113.86,2119.59,2109.89
SPX,2015-02-26,2110.74,2113.91,2103.76
SPX,2015-02-27,2104.5,2112.74,2103.75
SPX,2015-03-02,2117.39,2117.52,2104.5
SPX,2015-03-03,2107.78,2115.76,2098.26
SPX,2015-03-04,2098.53,2107.72,2087.62
SPX,2015-03-05,2101.04,2104.25,2095.22
SPX,2015-03-06,2071.26,2100.91,2067.27
SPX,2015-03-09,2079.43,2083.49,2072.21
SPX,2015-03-10,2044.16,2076.14,2044.16
SPX,2015-03-11,2040.24,2050.08,2039.69
SPX,2015-03-12,2065.95,2066.41,2041.1
SPX,2015-03-13,2053.4,2064.56,2041.17
SPX,2015-03-16,2081.19,2081.41,2055.35
SPX,2015-03-17,2074.28,2080.59,2065.08
SPX,2015-03-18,2099.5,2106.85,2061.23
SPX,2015-03-19,2089.27,2098.69,2085.56
SPX,2015-03-20,2108.1,2113.92,2090.32
SPX,2015-03-23,2104.42,2114.86,2104.42
SPX,2015-03-24,2091.5,2107.63,2091.5
SPX,2015-03-25,2061.05,2097.43,2061.05
SPX,2015-03-26,2056.15,2067.15,2045.5
SPX,2015-03-27,2061.02,2062.83,2052.96
SPX,2015-03-30,2086.24,2088.97,2064.11
SPX,2015-03-31,2067.89,2084.05,2067.04
SPX,2015-04-01,2059.69,2067.63,2048.38
SPX,2015-04-02,2066.96,2072.17,2057.32
SPX,2015-04-06,2080.62,2086.99,2056.52
SPX,2015-04-07,2076.33,2089.81,2076.1
SPX,2015-04-08,2081.9,2086.69,2073.3
SPX,2015-04-09,2091.18,2093.31,2074.29
SPX,2015-04-10,2102.06,2102.61,2091.51
SPX,2015-04-13,2092.43,2107.65,2092.33
SPX,2015-04-14,2095.84,2098.62,2083.24
SPX,2015-04-15,2106.63,2111.91,2097.82
SPX,2015-04-16,2104.99,2111.3,2100.02
SPX,2015-04-17,2081.18,2102.58,2072.37
SPX,2015-04-20,2100.4,2103.94,2084.11
SPX,2015-04-21,2097.29,2109.64,2094.38
SPX,2015-04-22,2107.96,2109.98,2091.05
SPX,2015-04-23,2112.93,2120.49,2103.19
SPX,2015-04-24,2117.69,2120.92,2112.8
SPX,2015-04-27,2108.92,2125.92,2107.04
SPX,2015-04-28,2114.76,2116.09,2094.89
SPX,2015-04-29,2106.85,2113.65,2097.41
SPX,2015-04-30,2085.51,2105.52,2077.59
SPX,2015-05-01,2108.29,2108.41,2087.38
SPX,2015-05-04,2114.49,2120.95,2110.23
SPX,2015-05-05,2089.46,2115.24,2088.46
SPX,2015-05-06,2080.15,2098.42,2067.93
SPX,2015-05-07,2088.0,2092.9,2074.99
SPX,2015-05-08,2116.1,2117.66,2092.13
SPX,2015-05-11,2105.33,2117.69,2104.58
SPX,2015-05-12,2099.12,2105.06,2085.57
SPX,2015-05-13,2098.48,2110.19,2096.04
SPX,2015-05-14,2121.1,2121.45,2100.43
SPX,2015-05-15,2122.73,2123.89,2116.79
SPX,2015-05-18,2129.2,2131.78,2120.01
SPX,2015-05-19,2127.83,2133.02,2124.5
SPX,2015-05-20,2125.85,2134.72,2122.59
SPX,2015-05-21,2130.82,2134.28,2122.95
SPX,2015-05-22,2126.06,2132.15,2126.06
SPX,2015-05-26,2104.2,2125.34,2099.18
SPX,2015-05-27,2123.48,2126.22,2105.13
SPX,2015-05-28,2120.79,2122.27,2112.86
SPX,2015-05-29,2107.39,2120.66,2104.89
SPX,2015-06-01,2111.73,2119.15,2102.54
SPX,2015-06-02,2109.6,2117.59,2099.14
SPX,2015-06-03,2114.07,2121.92,2109.61
SPX,2015-06-04,2095.84,2112.89,2093.23
SPX,2015-06-05,2092.83,2100.99,2085.67
SPX,2015-06-08,2079.28,2093.01,2079.11
SPX,2015-06-09,2080.15,2085.62,2072.14
SPX,2015-06-10,2105.2,2108.5,2081.12
SPX,2015-06-11,2108.86,2115.02,2106.24
SPX,2015-06-12,2094.11,2107.43,2091.33
SPX,2015-06-15,2084.43,2091.34,2072.49
SPX,2015-06-16,2096.29,2097.4,2082.1
SPX,2015-06-17,2100.44,2106.79,2088.86
SPX,2015-06-18,2121.24,2126.65,2101.58
SPX,2015-06-19,2109.99,2121.64,2109.45
SPX,2015-06-22,2122.85,2129.87,2112.5
SPX,2015-06-23,2124.2,2128.03,2119.89
SPX,2015-06-24,2108.58,2125.1,2108.58
SPX,2015-06-25,2102.31,2116.04,2101.78
SPX,2015-06-26,2101.49,2108.92,2095.38
SPX,2015-06-29,2057.64,2098.63,2056.64
SPX,2015-06-30,2063.11,2074.28,2056.32
SPX,2015-07-01,2077.42,2082.78,2067.0
SPX,2015-07-02,2076.78,2085.06,2071.02
SPX,2015-07-06,2068.76,2078.61,2058.4
SPX,2015-07-07,2081.34,2083.74,2044.02
SPX,2015-07-08,2046.68,2077.66,2044.66
SPX,2015-07-09,2051.31,2074.28,2049.73
SPX,2015-07-10,2076.62,2081.31,2052.74
SPX,2015-07-13,2099.6,2100.67,2080.03
SPX,2015-07-14,2108.95,2111.98,2098.18
SPX,2015-07-15,2107.4,2114.14,2102.49
SPX,2015-07-16,2124.29,2124.42,2110.55
SPX,2015-07-17,2126.64,2128.91,2119.88
SPX,2015-07-20,2128.28,2132.82,2123.65
SPX,2015-07-21,2119.21,2128.49,2115.4
SPX,2015-07-22,2114.15,2118.51,2110.0
SPX,2015-07-23,2102.15,2116.87,2098.63
SPX,2015-07-24,2079.65,2106.01,2077.09
SPX,2015-07-27,2067.64,2078.19,2063.52
SPX,2015-07-28,2093.25,2095.6,2069.09
SPX,2015-07-29,2108.57,2110.6,2094.08
SPX,2015-07-30,2108.63,2110.48,2094.97
SPX,2015-07-31,2103.84,2114.24,2102.07
SPX,2015-08-03,2098.04,2105.7,2087.31
SPX,2015-08-04,2093.32,2102.51,2088.6
SPX,2015-08-05,2099.84,2112.66,2095.27
SPX,2015-08-06,2083.56,2103.32,2075.53
SPX,2015-08-07,2077.57,2082.61,2067.91
SPX,2015-08-10,2104.18,2105.35,2080.98
SPX,2015-08-11,2084.07,2102.66,2076.49
SPX,2015-08-12,2086.05,2089.06,2052.09
SPX,2015-08-13,2083.39,2092.93,2078.26
SPX,2015-08-14,2091.54,2092.45,2080.61
SPX,2015-08-17,2102.44,2102.87,2079.3
SPX,2015-08-18,2096.92,2103.47,2094.14
SPX,2015-08-19,2079.61,2096.17,2070.53
SPX,2015-08-20,2035.73,2076.61,2035.73
SPX,2015-08-21,1970.89,2034.08,1970.89
SPX,2015-08-24,1893.21,1965.15,1867.01
SPX,2015-08-25,1867.61,1948.04,1867.08
SPX,2015-08-26,1940.51,1943.09,1872.75
SPX,2015-08-27,1987.66,1989.6,1942.77
SPX,2015-08-28,1988.87,1993.48,1975.19
SPX,2015-08-31,1972.18,1986.73,1965.98
SPX,2015-09-01,1913.85,1970.09,1903.07
SPX,2015-09-02,1948.86,1948.91,1916.52
SPX,2015-09-03,1951.13,1975.01,1944.72
SPX,2015-09-04,1921.22,1947.76,1911.21
SPX,2015-09-08,1969.41,1970.42,1927.3
SPX,2015-09-09,1942.04,1988.63,1937.88
SPX,2015-09-10,1952.29,1965.29,1937.19
SPX,2015-09-11,1961.05,1961.05,1939.19
SPX,2015-09-14,1953.03,1963.06,1948.27
SPX,2015-09-15,1978.09,1983.19,1954.3
SPX,2015-09-16,1995.31,1997.26,1977.93
SPX,2015-09-17,1990.2,2020.86,1986.73
SPX,2015-09-18,1958.03,1989.66,1953.45
SPX,2015-09-21,1966.97,1979.64,1955.8
SPX,2015-09-22,1942.74,1961.39,1929.22
SPX,2015-09-23,1938.76,1949.52,1932.57
SPX,2015-09-24,1932.24,1937.17,1908.92
SPX,2015-09-25,1931.34,1952.89,1921.5
SPX,2015-09-28,1881.77,1929.18,1879.21
SPX,2015-09-29,1884.09,1899.48,1871.91
SPX,2015-09-30,1920.03,1920.53,1887.14
SPX,2015-10-01,1923.82,1927.21,1900.7
SPX,2015-10-02,1951.36,1951.36,1893.7
SPX,2015-10-05,1987.05,1989.17,1954.33
SPX,2015-10-06,1979.92,1991.62,1971.99
SPX,2015-10-07,1995.83,1999.31,1976.44
SPX,2015-10-08,2013.43,2016.5,1987.53
SPX,2015-10-09,2014.89,2020.13,2007.61
SPX,2015-10-13,2003.69,2022.34,2001.78
SPX,2015-10-14,1994.24,2009.56,1990.73
SPX,2015-10-15,2023.86,2024.15,1996.47
SPX,2015-10-16,2033.11,2033.54,2020.46
SPX,2015-10-19,2033.66,2034.45,2022.31
SPX,2015-10-20,2030.77,2039.12,2026.61
SPX,2015-10-21,2018.94,2037.97,2017.22
SPX,2015-10-22,2052.51,2055.2,2021.88
SPX,2015-10-23,2075.15,2079.74,2058.19
SPX,2015-10-26,2071.18,2075.14,2066.53
SPX,2015-10-27,2065.89,2070.37,2058.84
SPX,2015-10-28,2090.35,2090.35,2063.11
SPX,2015-10-29,2089.41,2092.52,2082.63
SPX,2015-10-30,2079.36,2094.32,2079.34
SPX,2015-11-02,2104.05,2106.2,2080.76
SPX,2015-11-03,2109.79,2116.48,2097.51
SPX,2015-11-04,2102.31,2114.59,2096.98
SPX,2015-11-05,2099.93,2108.78,2090.41
SPX,2015-11-06,2099.2,2101.91,2083.74
SPX,2015-11-09,2078.58,2096.56,2068.24
SPX,2015-11-10,2081.72,2083.67,2069.91
SPX,2015-11-11,2075.0,2086.94,2074.85
SPX,2015-11-12,2045.97,2072.29,2045.66
SPX,2015-11-13,2023.04,2044.64,2022.02
SPX,2015-11-16,2053.19,2053.22,2019.39
SPX,2015-11-17,2050.44,2066.69,2045.9
SPX,2015-11-18,2083.58,2085.31,2051.99
SPX,2015-11-19,2081.24,2086.74,2078.76
SPX,2015-11-20,2089.17,2097.06,2082.82
SPX,2015-11-23,2086.59,2095.61,2081.39
SPX,2015-11-24,2089.14,2094.12,2070.29
SPX,2015-11-25,2088.87,2093.0,2086.3
SPX,2015-11-27,2090.11,2093.29,2084.13
SPX,2015-11-30,2080.41,2093.81,2080.41
SPX,2015-12-01,2102.63,2103.37,2082.93
SPX,2015-12-02,2079.51,2104.27,2077.11
SPX,2015-12-03,2049.62,2085.0,2042.35
SPX,2015-12-04,2091.69,2093.84,2051.24
SPX,2015-12-07,2077.07,2090.42,2066.78
SPX,2015-12-08,2063.59,2073.85,2052.32
SPX,2015-12-09,2047.62,2080.33,2036.53
SPX,2015-12-10,2052.23,2067.65,2045.67
SPX,2015-12-11,2012.37,2047.27,2008.8
SPX,2015-12-14,2021.94,2022.92,1993.26
SPX,2015-12-15,2043.41,2053.87,2025.55
SPX,2015-12-16,2073.07,2076.72,2042.43
SPX,2015-12-17,2041.89,2076.37,2041.66
SPX,2015-12-18,2005.55,2040.81,2005.33
SPX,2015-12-21,2021.15,2022.9,2005.93
SPX,2015-12-22,2038.97,2042.74,2020.49
SPX,2015-12-23,2064.29,2064.73,2042.2
SPX,2015-12-24,2060.99,2067.36,2058.73
SPX,2015-12-28,2056.5,2057.77,2044.2
SPX,2015-12-29,2078.36,2081.56,2060.54
SPX,2015-12-30,2063.36,2077.34,2061.97
SPX,2016-01-04,2012.66,2038.2,1989.68
SPX,2016-01-05,2016.71,2021.94,2004.17
SPX,2016-01-06,1990.26,2011.71,1979.05
SPX,2016-01-07,1943.09,1985.32,1938.83
SPX,2016-01-08,1922.03,1960.4,1918.46
SPX,2016-01-11,1923.67,1935.65,1901.1
SPX,2016-01-12,1938.68,1947.38,1914.35
SPX,2016-01-13,1890.28,1950.33,1886.41
SPX,2016-01-14,1921.84,1934.47,1878.93
SPX,2016-01-15,1880.33,1916.68,1857.83
SPX,2016-01-19,1881.33,1901.44,1864.6
SPX,2016-01-20,1859.33,1876.18,1812.29
SPX,2016-01-21,1868.99,1889.85,1848.98
SPX,2016-01-22,1906.9,1908.85,1877.4
SPX,2016-01-25,1877.08,1906.28,1875.97
SPX,2016-01-26,1903.63,1906.73,1878.79
SPX,2016-01-27,1882.95,1916.99,1872.7
SPX,2016-01-28,1893.36,1902.96,1873.65
SPX,2016-01-29,1940.24,1940.24,1894.0
SPX,2016-02-01,1939.38,1947.2,1920.3
SPX,2016-02-02,1903.03,1935.26,1897.29
SPX,2016-02-03,1912.53,1918.01,1872.23
SPX,2016-02-04,1915.45,1927.35,1900.52
SPX,2016-02-05,1880.05,1913.07,1872.65
SPX,2016-02-08,1853.44,1873.25,1828.46
SPX,2016-02-09,1852.21,1868.25,1834.94
SPX,2016-02-10,1851.86,1881.6,1850.32
SPX,2016-02-11,1829.08,1847.0,1810.1
SPX,2016-02-12,1864.78,1864.78,1833.4
SPX,2016-02-16,1895.58,1895.77,1871.44
SPX,2016-02-17,1926.82,1930.68,1898.8
SPX,2016-02-18,1917.83,1930.0,1915.09
SPX,2016-02-19,1917.78,1918.78,1902.17
SPX,2016-02-22,1945.5,1946.7,1924.44
SPX,2016-02-23,1921.27,1942.38,1919.44
SPX,2016-02-24,1929.8,1932.08,1891.0
SPX,2016-02-25,1951.7,1951.83,1925.41
SPX,2016-02-26,1948.05,1962.96,1945.78
SPX,2016-02-29,1932.23,1958.27,1931.81
SPX,2016-03-01,1978.35,1978.35,1937.09
SPX,2016-03-02,1986.45,1986.51,1968.8
SPX,2016-03-03,1993.4,1993.69,1977.37
SPX,2016-03-04,1999.99,2009.13,1986.77
SPX,2016-03-07,2001.76,2006.12,1989.38
SPX,2016-03-08,1979.26,1996.88,1977.43
SPX,2016-03-09,1989.26,1992.69,1979.84
SPX,2016-03-10,1989.57,2005.08,1969.25
SPX,2016-03-11,2022.19,2022.37,1994.71
SPX,2016-03-14,2019.64,2024.57,2012.05
SPX,2016-03-15,2015.93,2015.94,2005.23
SPX,2016-03-16,2027.22,2032.02,2010.04
SPX,2016-03-17,2040.59,2046.24,2022.16
SPX,2016-03-18,2049.58,2052.36,2041.16
SPX,2016-03-21,2051.6,2053.91,2043.14
SPX,2016-03-22,2049.8,2056.6,2040.57
SPX,2016-03-23,2036.71,2048.55,2034.86
SPX,2016-03-24,2035.94,2036.04,2022.49
SPX,2016-03-28,2037.05,2042.67,2031.96
SPX,2016-03-29,2055.01,2055.91,2028.31
SPX,2016-03-30,2063.95,2072.21,2058.27
SPX,2016-03-31,2059.74,2067.92,2057.46
SPX,2016-04-01,2072.78,2075.07,2043.98
SPX,2016-04-04,2066.13,2074.02,2062.57
SPX,2016-04-05,2045.17,2062.5,2042.56
SPX,2016-04-06,2066.66,2067.33,2043.09
SPX,2016-04-07,2041.91,2063.01,2033.8
SPX,2016-04-08,2047.6,2060.63,2041.69
SPX,2016-04-11,2041.99,2062.93,2041.88
SPX,2016-04-12,2061.72,2065.05,2039.74
SPX,2016-04-13,2082.42,2083.18,2065.92
SPX,2016-04-14,2082.78,2087.84,2078.13
SPX,2016-04-15,2080.73,2083.22,2076.31
SPX,2016-04-18,2094.34,2094.66,2073.65
SPX,2016-04-19,2100.8,2104.05,2091.68
SPX,2016-04-20,2102.4,2111.05,2096.32
SPX,2016-04-21,2091.48,2103.78,2088.52
SPX,2016-04-22,2091.58,2094.32,2081.2
SPX,2016-04-25,2087.79,2089.37,2077.52
SPX,2016-04-26,2091.7,2096.87,2085.8
SPX,2016-04-27,2095.15,2099.89,2082.31
SPX,2016-04-28,2075.81,2099.3,2071.62
SPX,2016-04-29,2065.3,2073.85,2052.28
SPX,2016-05-02,2081.43,2083.42,2066.11
SPX,2016-05-03,2063.37,2077.18,2054.89
SPX,2016-05-04,2051.12,2060.3,2045.55
SPX,2016-05-05,2050.63,2060.23,2045.77
SPX,2016-05-06,2057.14,2057.72,2039.45
SPX,2016-05-09,2058.69,2064.15,2054.31
SPX,2016-05-10,2084.39,2084.87,2062.63
SPX,2016-05-11,2064.46,2083.29,2064.46
SPX,2016-05-12,2064.11,2073.99,2053.13
SPX,2016-05-13,2046.61,2066.79,2043.13
SPX,2016-05-16,2066.66,2071.88,2046.53
SPX,2016-05-17,2047.21,2065.69,2040.82
SPX,2016-05-18,2047.63,2060.61,2034.49
SPX,2016-05-19,2040.04,2044.21,2025.91
SPX,2016-05-20,2052.32,2058.35,2041.88
SPX,2016-05-23,2048.04,2055.58,2047.26
SPX,2016-05-24,2076.06,2079.67,2052.65
SPX,2016-05-25,2090.54,2094.73,2078.93
SPX,2016-05-26,2090.1,2094.3,2087.08
SPX,2016-05-27,2099.06,2099.06,2090.06
SPX,2016-05-31,2096.96,2103.48,2088.66
SPX,2016-06-01,2099.33,2100.97,2085.1
SPX,2016-06-02,2105.26,2105.26,2088.59
SPX,2016-06-03,2099.13,2104.07,2085.36
SPX,2016-06-06,2109.41,2113.36,2100.83
SPX,2016-06-07,2112.13,2119.22,2110.18
SPX,2016-06-08,2119.12,2120.55,2112.71
SPX,2016-06-09,2115.48,2117.64,2107.73
SPX,2016-06-10,2096.07,2109.57,2089.96
SPX,2016-06-13,2079.06,2098.12,2078.46
SPX,2016-06-14,2075.32,2081.3,2064.1
SPX,2016-06-15,2071.5,2085.65,2069.8
SPX,2016-06-16,2077.99,2079.62,2050.37
SPX,2016-06-17,2071.22,2078.2,2062.84
SPX,2016-06-20,2083.25,2100.66,2075.58
SPX,2016-06-21,2088.9,2093.66,2083.02
SPX,2016-06-22,2085.45,2099.71,2084.36
SPX,2016-06-23,2113.32,2113.32,2092.8
SPX,2016-06-24,2037.41,2103.81,2032.57
SPX,2016-06-27,2000.54,2031.45,1991.68
SPX,2016-06-28,2036.09,2036.09,2006.67
SPX,2016-06-29,2070.77,2073.13,2042.69
SPX,2016-06-30,2098.86,2098.94,2070.0
SPX,2016-07-01,2102.95,2108.71,2097.9
SPX,2016-07-05,2088.55,2095.05,2080.86
SPX,2016-07-06,2099.73,2100.72,2074.02
SPX,2016-07-07,2097.9,2109.08,2089.39
SPX,2016-07-08,2129.9,2131.71,2106.97
SPX,2016-07-11,2137.16,2143.16,2131.72
SPX,2016-07-12,2152.14,2155.4,2139.5
SPX,2016-07-13,2152.43,2156.45,2146.21
SPX,2016-07-14,2163.75,2168.99,2157.88
SPX,2016-07-15,2161.74,2169.05,2155.79
SPX,2016-07-18,2166.89,2168.35,2159.63
SPX,2016-07-19,2163.78,2164.63,2159.01
SPX,2016-07-20,2173.02,2175.63,2164.89
SPX,2016-07-21,2165.17,2174.56,2159.75
SPX,2016-07-22,2175.03,2175.11,2163.24
SPX,2016-07-25,2168.48,2173.71,2161.95
SPX,2016-07-26,2169.18,2173.54,2160.18
SPX,2016-07-27,2166.58,2174.98,2159.07
SPX,2016-07-28,2170.06,2172.85,2159.74
SPX,2016-07-29,2173.6,2177.09,2163.49
SPX,2016-08-01,2170.84,2178.29,2166.21
SPX,2016-08-02,2157.03,2170.2,2147.58
SPX,2016-08-03,2163.79,2163.79,2152.56
SPX,2016-08-04,2164.25,2168.19,2159.07
SPX,2016-08-05,2182.87,2182.87,2168.79
SPX,2016-08-08,2180.89,2185.44,2177.85
SPX,2016-08-09,2181.74,2187.66,2178.61
SPX,2016-08-10,2175.49,2183.41,2172.0
SPX,2016-08-11,2185.79,2188.45,2177.97
SPX,2016-08-12,2184.05,2186.28,2179.42
SPX,2016-08-15,2190.15,2193.81,2186.08
SPX,2016-08-16,2178.15,2186.24,2178.14
SPX,2016-08-17,2182.22,2183.08,2168.5
SPX,2016-08-18,2187.02,2187.03,2180.46
SPX,2016-08-19,2183.87,2185.0,2175.13
SPX,2016-08-22,2182.64,2185.15,2175.96
SPX,2016-08-23,2186.9,2193.42,2186.8
SPX,2016-08-24,2175.44,2186.66,2171.25
SPX,2016-08-25,2172.47,2179.0,2169.74
SPX,2016-08-26,2169.04,2187.94,2160.39
SPX,2016-08-29,2180.38,2183.48,2170.19
SPX,2016-08-30,2176.12,2182.27,2170.41
SPX,2016-08-31,2170.95,2173.79,2161.35
SPX,2016-09-01,2170.86,2173.56,2157.09
SPX,2016-09-02,2179.98,2184.87,2173.59
SPX,2016-09-06,2186.48,2186.57,2175.1
SPX,2016-09-07,2186.16,2187.87,2179.07
SPX,2016-09-08,2181.3,2184.94,2177.49
SPX,2016-09-09,2127.81,2169.08,2127.81
SPX,2016-09-12,2159.04,2163.3,2119.12
SPX,2016-09-13,2127.02,2150.47,2120.27
SPX,2016-09-14,2125.77,2141.33,2119.9
SPX,2016-09-15,2147.26,2151.31,2122.36
SPX,2016-09-16,2139.16,2146.48,2131.2
SPX,2016-09-19,2139.12,2153.61,2135.91
SPX,2016-09-20,2139.76,2150.8,2139.17
SPX,2016-09-21,2163.12,2165.11,2139.57
SPX,2016-09-22,2177.18,2179.99,2170.94
SPX,2016-09-23,2164.69,2173.75,2163.97
SPX,2016-09-26,2146.1,2158.54,2145.04
SPX,2016-09-27,2159.93,2161.13,2141.55
SPX,2016-09-28,2171.37,2172.4,2151.79
SPX,2016-09-29,2151.13,2172.67,2145.2
SPX,2016-09-30,2168.27,2175.3,2156.51
SPX,2016-10-03,2161.2,2164.41,2154.77
SPX,2016-10-04,2150.49,2165.46,2144.01
SPX,2016-10-05,2159.73,2163.95,2155.15
SPX,2016-10-06,2160.77,2162.93,2150.28
SPX,2016-10-07,2153.74,2165.86,2144.85
SPX,2016-10-10,2163.66,2169.6,2160.39
SPX,2016-10-11,2136.73,2161.56,2128.84
SPX,2016-10-12,2139.18,2145.36,2132.77
SPX,2016-10-13,2132.55,2138.19,2114.74
SPX,2016-10-14,2132.98,2149.19,2132.98
SPX,2016-10-17,2126.5,2135.61,2124.43
SPX,2016-10-18,2139.6,2144.38,2135.49
SPX,2016-10-19,2144.29,2148.44,2138.15
SPX,2016-10-20,2141.34,2147.18,2133.44
SPX,2016-10-21,2141.16,2142.63,2130.09
SPX,2016-10-24,2151.33,2154.79,2146.91
SPX,2016-10-25,2143.16,2151.44,2141.93
SPX,2016-10-26,2139.43,2145.73,2131.59
SPX,2016-10-27,2133.04,2147.13,2132.52
SPX,2016-10-28,2126.41,2140.72,2119.36
SPX,2016-10-31,2126.15,2133.25,2125.53
SPX,2016-11-01,2111.72,2131.45,2097.85
SPX,2016-11-02,2097.94,2111.76,2094.0
SPX,2016-11-03,2088.66,2102.56,2085.23
SPX,2016-11-04,2085.18,2099.07,2083.79
SPX,2016-11-07,2131.52,2132.0,2100.59
SPX,2016-11-08,2139.56,2146.87,2123.56
SPX,2016-11-09,2163.26,2170.1,2125.35
SPX,2016-11-10,2167.48,2182.3,2151.17
SPX,2016-11-11,2164.45,2165.92,2152.49
SPX,2016-11-14,2164.2,2171.36,2156.08
SPX,2016-11-15,2180.39,2180.84,2166.38
SPX,2016-11-16,2176.94,2179.22,2172.2
SPX,2016-11-17,2187.12,2188.06,2176.65
SPX,2016-11-18,2181.9,2189.89,2180.38
SPX,2016-11-21,2198.18,2198.7,2186.43
SPX,2016-11-22,2202.94,2204.8,2194.51
SPX,2016-11-23,2204.72,2204.72,2194.51
SPX,2016-11-25,2213.35,2213.35,2206.27
SPX,2016-11-28,2201.72,2211.14,2200.36
SPX,2016-11-29,2204.66,2210.46,2198.15
SPX,2016-11-30,2198.81,2214.1,2198.81
SPX,2016-12-01,2191.08,2202.6,2187.44
SPX,2016-12-02,2191.95,2197.95,2188.37
SPX,2016-12-05,2204.71,2209.42,2199.97
SPX,2016-12-06,2212.23,2212.78,2202.21
SPX,2016-12-07,2241.35,2241.63,2208.93
SPX,2016-12-08,2246.19,2251.69,2237.57
SPX,2016-12-09,2259.53,2259.8,2249.23
SPX,2016-12-12,2256.96,2264.03,2252.37
SPX,2016-12-13,2271.72,2277.53,2263.32
SPX,2016-12-14,2253.28,2276.2,2248.44
SPX,2016-12-15,2262.03,2272.12,2253.77
SPX,2016-12-16,2258.07,2268.05,2254.24
SPX,2016-12-19,2262.53,2267.47,2258.21
SPX,2016-12-20,2270.76,2272.56,2266.14
SPX,2016-12-21,2265.18,2271.23,2265.15
SPX,2016-12-22,2260.96,2263.18,2256.08
SPX,2016-12-23,2263.79,2263.79,2258.84
SPX,2016-12-27,2268.88,2273.82,2266.15
SPX,2016-12-28,2249.92,2271.31,2249.11
SPX,2016-12-29,2249.26,2254.51,2244.56
SPX,2016-12-30,2238.83,2253.58,2233.62
SPX,2017-01-03,2257.83,2263.88,2245.13
SPX,2017-01-04,2270.75,2272.82,2261.6
SPX,2017-01-05,2269.0,2271.5,2260.45
SPX,2017-01-06,2276.98,2282.1,2264.06
SPX,2017-01-09,2268.9,2275.49,2268.9
SPX,2017-01-10,2268.9,2279.27,2265.27
SPX,2017-01-11,2275.32,2275.32,2260.83
SPX,2017-01-12,2270.44,2271.78,2254.25
SPX,2017-01-13,2274.64,2278.68,2271.51
SPX,2017-01-17,2267.89,2272.08,2262.81
SPX,2017-01-18,2271.89,2272.01,2263.35
SPX,2017-01-19,2263.69,2274.33,2258.41
SPX,2017-01-20,2271.31,2276.96,2265.01
SPX,2017-01-23,2265.2,2271.78,2257.02
SPX,2017-01-24,2280.07,2284.63,2266.68
SPX,2017-01-25,2298.37,2299.55,2288.88
SPX,2017-01-26,2296.68,2300.99,2294.08
SPX,2017-01-27,2294.69,2299.02,2291.62
SPX,2017-01-30,2280.9,2286.01,2268.04
SPX,2017-01-31,2278.87,2279.09,2267.21
SPX,2017-02-01,2279.55,2289.14,2272.44
SPX,2017-02-02,2280.85,2283.97,2271.65
SPX,2017-02-03,2297.42,2298.31,2287.88
SPX,2017-02-06,2292.56,2296.18,2288.57
SPX,2017-02-07,2293.08,2299.4,2290.16
SPX,2017-02-08,2294.67,2295.91,2285.38
SPX,2017-02-09,2307.87,2311.08,2296.61
SPX,2017-02-10,2316.1,2319.23,2311.1
SPX,2017-02-13,2328.25,2331.58,2321.42
SPX,2017-02-14,2337.58,2337.58,2322.17
SPX,2017-02-15,2349.25,2351.3,2334.81
SPX,2017-02-16,2347.22,2351.31,2338.87
SPX,2017-02-17,2351.16,2351.16,2339.58
SPX,2017-02-21,2365.38,2366.71,2354.91
SPX,2017-02-22,2362.82,2365.13,2358.34
SPX,2017-02-23,2363.81,2368.26,2355.09
SPX,2017-02-24,2367.34,2367.34,2352.87
SPX,2017-02-27,2369.75,2371.54,2361.87
SPX,2017-02-28,2363.64,2367.79,2358.96
SPX,2017-03-01,2395.96,2400.98,2380.13
SPX,2017-03-02,2381.92,2394.75,2380.17
SPX,2017-03-03,2383.12,2383.89,2375.39
SPX,2017-03-06,2375.31,2378.8,2367.98
SPX,2017-03-07,2368.39,2375.12,2365.51
SPX,2017-03-08,2362.98,2373.09,2361.01
SPX,2017-03-09,2364.87,2369.08,2354.54
SPX,2017-03-10,2372.6,2376.86,2363.04
SPX,2017-03-13,2373.47,2374.42,2368.52
SPX,2017-03-14,2365.45,2368.55,2358.18
SPX,2017-03-15,2385.26,2390.01,2368.94
SPX,2017-03-16,2381.38,2388.1,2377.18
SPX,2017-03-17,2378.25,2385.71,2377.64
SPX,2017-03-20,2373.47,2379.55,2369.66
SPX,2017-03-21,2344.02,2381.93,2341.9
SPX,2017-03-22,2348.45,2351.81,2336.45
SPX,2017-03-23,2345.96,2358.92,2342.13
SPX,2017-03-24,2343.98,2356.22,2335.74
SPX,2017-03-27,2341.59,2344.9,2322.25
SPX,2017-03-28,2358.57,2363.78,2337.63
SPX,2017-03-29,2361.13,2363.36,2352.94
SPX,2017-03-30,2368.06,2370.42,2358.58
SPX,2017-03-31,2362.72,2370.35,2362.6
SPX,2017-04-03,2358.84,2365.87,2344.73
SPX,2017-04-04,2360.16,2360.53,2350.72
SPX,2017-04-05,2352.95,2378.36,2350.52
SPX,2017-04-06,2357.49,2364.16,2348.9
SPX,2017-04-07,2355.54,2363.76,2350.74
SPX,2017-04-10,2357.16,2366.37,2351.5
SPX,2017-04-11,2353.78,2355.22,2337.25
SPX,2017-04-12,2344.93,2352.72,2341.18
SPX,2017-04-13,2328.95,2348.26,2328.95
SPX,2017-04-17,2349.01,2349.14,2332.51
SPX,2017-04-18,2342.19,2348.35,2334.54
SPX,2017-04-19,2338.17,2352.63,2335.05
SPX,2017-04-20,2355.84,2361.37,2340.91
SPX,2017-04-21,2348.69,2356.18,2344.51
SPX,2017-04-24,2374.15,2376.98,2369.19
SPX,2017-04-25,2388.61,2392.48,2381.15
SPX,2017-04-26,2387.45,2398.16,2386.76
SPX,2017-04-27,2388.77,2392.1,2382.68
SPX,2017-04-28,2384.2,2393.68,2382.36
SPX,2017-05-01,2388.33,2394.49,2384.83
SPX,2017-05-02,2391.17,2392.93,2385.82
SPX,2017-05-03,2388.13,2389.82,2379.75
SPX,2017-05-04,2389.52,2391.43,2380.35
SPX,2017-05-05,2399.29,2399.29,2389.38
SPX,2017-05-08,2399.38,2401.36,2393.92
SPX,2017-05-09,2396.92,2403.87,2392.44
SPX,2017-05-10,2399.63,2399.74,2392.79
SPX,2017-05-11,2394.44,2395.72,2381.74
SPX,2017-05-12,2390.9,2392.44,2387.19
SPX,2017-05-15,2402.32,2404.05,2393.94
SPX,2017-05-16,2400.67,2405.77,2396.05
SPX,2017-05-17,2357.03,2384.87,2356.21
SPX,2017-05-18,2365.72,2375.74,2352.72
SPX,2017-05-19,2381.73,2389.06,2370.43
SPX,2017-05-22,2394.02,2395.46,2386.92
SPX,2017-05-23,2398.42,2400.85,2393.88
SPX,2017-05-24,2404.39,2405.58,2397.99
SPX,2017-05-25,2415.07,2418.71,2408.01
SPX,2017-05-26,2415.82,2416.68,2412.2
SPX,2017-05-30,2412.91,2415.26,2409.43
SPX,2017-05-31,2411.8,2415.99,2403.59
SPX,2017-06-01,2430.06,2430.06,2413.54
SPX,2017-06-02,2439.07,2440.23,2427.71
SPX,2017-06-05,2436.1,2439.55,2434.32
SPX,2017-06-06,2429.33,2436.21,2428.12
SPX,2017-06-07,2433.14,2435.28,2424.75
SPX,2017-06-08,2433.79,2439.27,2427.94
SPX,2017-06-09,2431.77,2446.2,2415.7
SPX,2017-06-12,2429.39,2430.38,2419.97
SPX,2017-06-13,2440.35,2441.49,2431.28
SPX,2017-06-14,2437.92,2443.75,2428.34
SPX,2017-06-15,2432.46,2433.95,2418.53
SPX,2017-06-16,2433.15,2433.15,2422.88
SPX,2017-06-19,2453.46,2453.82,2441.79
SPX,2017-06-20,2437.03,2450.66,2436.6
SPX,2017-06-21,2435.61,2442.23,2430.74
SPX,2017-06-22,2434.5,2441.62,2433.27
SPX,2017-06-23,2438.3,2441.4,2431.11
SPX,2017-06-26,2439.07,2450.42,2437.03
SPX,2017-06-27,2419.38,2440.15,2419.38
SPX,2017-06-28,2440.69,2442.97,2428.02
SPX,2017-06-29,2419.7,2442.73,2405.7
SPX,2017-06-30,2423.41,2432.71,2421.65
SPX,2017-07-03,2429.01,2439.17,2428.69
SPX,2017-07-05,2432.54,2434.9,2422.05
SPX,2017-07-06,2409.75,2424.28,2407.7
SPX,2017-07-07,2425.18,2426.92,2413.52
SPX,2017-07-10,2427.43,2432.0,2422.27
SPX,2017-07-11,2425.53,2429.3,2412.79
SPX,2017-07-12,2443.25,2445.76,2435.75
SPX,2017-07-13,2447.83,2449.32,2441.69
SPX,2017-07-14,2459.27,2463.54,2446.69
SPX,2017-07-17,2459.14,2462.82,2457.16
SPX,2017-07-18,2460.61,2460.92,2450.34
SPX,2017-07-19,2473.83,2473.83,2463.85
SPX,2017-07-20,2473.45,2477.62,2468.43
SPX,2017-07-21,2472.54,2472.54,2465.06
SPX,2017-07-24,2469.91,2473.1,2466.32
SPX,2017-07-25,2477.13,2481.24,2474.91
SPX,2017-07-26,2477.83,2481.69,2474.94
SPX,2017-07-27,2475.42,2484.04,2459.93
SPX,2017-07-28,2472.1,2473.53,2464.66
SPX,2017-07-31,2470.3,2477.96,2468.53
SPX,2017-08-01,2476.35,2478.51,2471.14
SPX,2017-08-02,2477.57,2480.38,2466.48
SPX,2017-08-03,2472.16,2476.03,2468.85
SPX,2017-08-04,2476.83,2480.0,2472.08
SPX,2017-08-07,2480.91,2480.95,2475.88
SPX,2017-08-08,2474.92,2490.87,2470.32
SPX,2017-08-09,2474.02,2474.41,2462.08
SPX,2017-08-10,2438.21,2465.38,2437.75
SPX,2017-08-11,2441.32,2448.09,2437.85
SPX,2017-08-14,2465.84,2468.22,2454.96
SPX,2017-08-15,2464.61,2468.9,2461.61
SPX,2017-08-16,2468.11,2474.93,2463.86
SPX,2017-08-17,2430.01,2465.02,2430.01
SPX,2017-08-18,2425.55,2440.27,2420.69
SPX,2017-08-21,2428.37,2430.58,2417.35
SPX,2017-08-22,2452.51,2454.77,2433.67
SPX,2017-08-23,2444.04,2448.91,2441.42
SPX,2017-08-24,2438.97,2450.39,2436.19
SPX,2017-08-25,2443.05,2453.96,2442.22
SPX,2017-08-28,2444.24,2449.12,2439.03
SPX,2017-08-29,2446.3,2449.19,2428.2
SPX,2017-08-30,2457.59,2460.31,2443.77
SPX,2017-08-31,2471.65,2475.01,2462.65
SPX,2017-09-01,2476.55,2480.38,2473.85
SPX,2017-09-05,2457.85,2471.97,2446.55
SPX,2017-09-06,2465.54,2469.64,2459.2
SPX,2017-09-07,2465.1,2468.62,2460.29
SPX,2017-09-08,2461.43,2467.11,2459.4
SPX,2017-09-11,2488.11,2488.95,2474.52
SPX,2017-09-12,2496.48,2496.77,2490.37
SPX,2017-09-13,2498.37,2498.37,2492.14
SPX,2017-09-14,2495.62,2498.43,2491.35
SPX,2017-09-15,2500.23,2500.23,2493.16
SPX,2017-09-18,2503.87,2508.32,2499.92
SPX,2017-09-19,2506.65,2507.84,2503.19
SPX,2017-09-20,2508.24,2508.85,2496.67
SPX,2017-09-21,2500.6,2507.16,2499.0
SPX,2017-09-22,2502.22,2503.47,2496.54
SPX,2017-09-25,2496.66,2502.54,2488.03
SPX,2017-09-26,2496.84,2503.51,2495.12
SPX,2017-09-27,2507.04,2511.75,2495.91
SPX,2017-09-28,2510.06,2510.81,2502.93
SPX,2017-09-29,2519.36,2519.44,2507.99
SPX,2017-10-02,2529.12,2529.23,2520.4
SPX,2017-10-03,2534.58,2535.13,2528.85
SPX,2017-10-04,2537.74,2540.53,2531.8
SPX,2017-10-05,2552.07,2552.51,2540.02
SPX,2017-10-06,2549.33,2549.41,2543.79
SPX,2017-10-09,2544.73,2551.82,2541.6
SPX,2017-10-10,2550.64,2555.23,2544.86
SPX,2017-10-11,2555.24,2555.24,2547.95
SPX,2017-10-12,2550.93,2555.33,2548.31
SPX,2017-10-13,2553.17,2557.65,2552.09
SPX,2017-10-16,2557.64,2559.47,2552.64
SPX,2017-10-17,2559.36,2559.71,2554.69
SPX,2017-10-18,2561.26,2564.11,2559.67
SPX,2017-10-19,2562.1,2562.36,2547.92
SPX,2017-10-20,2575.21,2575.44,2567.56
SPX,2017-10-23,2564.98,2578.29,2564.33
SPX,2017-10-24,2569.13,2572.18,2565.58
SPX,2017-10-25,2557.15,2567.4,2544.0
SPX,2017-10-26,2560.4,2567.07,2559.8
SPX,2017-10-27,2581.07,2582.98,2565.94
SPX,2017-10-30,2572.83,2580.03,2568.25
SPX,2017-10-31,2575.26,2578.29,2572.15
SPX,2017-11-01,2579.36,2588.4,2574.92
SPX,2017-11-02,2579.85,2581.11,2566.17
SPX,2017-11-03,2587.84,2588.42,2576.77
SPX,2017-11-06,2591.13,2593.38,2585.66
SPX,2017-11-07,2590.64,2597.02,2584.35
SPX,2017-11-08,2594.38,2595.47,2585.02
SPX,2017-11-09,2584.62,2586.5,2566.33
SPX,2017-11-10,2582.3,2583.81,2575.57
SPX,2017-11-13,2584.84,2587.66,2574.48
SPX,2017-11-14,2578.87,2579.66,2566.56
SPX,2017-11-15,2564.62,2572.84,2557.45
SPX,2017-11-16,2585.64,2590.09,2572.95
SPX,2017-11-17,2578.85,2583.96,2577.62
SPX,2017-11-20,2582.14,2584.64,2578.24
SPX,2017-11-21,2599.03,2601.19,2589.17
SPX,2017-11-22,2597.08,2600.94,2595.23
SPX,2017-11-24,2602.42,2602.42,2602.42
SPX,2017-11-27,2601.42,2606.41,2598.87
SPX,2017-11-28,2627.04,2627.69,2605.44
SPX,2017-11-29,2626.07,2634.89,2620.32
SPX,2017-11-30,2647.58,2657.74,2633.93
SPX,2017-12-01,2642.22,2650.62,2605.52
SPX,2017-12-04,2639.44,2665.19,2639.03
SPX,2017-12-05,2629.57,2648.72,2627.73
SPX,2017-12-06,2629.27,2634.41,2624.75
SPX,2017-12-07,2636.98,2640.99,2626.53
SPX,2017-12-08,2651.5,2651.65,2644.1
SPX,2017-12-11,2659.99,2660.33,2651.47
SPX,2017-12-12,2664.11,2669.72,2659.78
SPX,2017-12-13,2662.85,2671.88,2662.85
SPX,2017-12-14,2652.01,2668.09,2652.01
SPX,2017-12-15,2675.81,2679.63,2659.14
SPX,2017-12-18,2690.16,2694.97,2685.92
SPX,2017-12-19,2681.47,2694.44,2680.74
SPX,2017-12-20,2679.25,2691.01,2676.11
SPX,2017-12-21,2684.57,2692.64,2682.4
SPX,2017-12-22,2683.34,2685.35,2678.13
SPX,2017-12-26,2680.5,2682.74,2677.96
SPX,2017-12-27,2682.62,2685.64,2678.91
SPX,2017-12-28,2687.54,2687.66,2682.69
SPX,2017-12-29,2673.61,2692.12,2673.61
SPX,2018-01-02,2695.81,2695.89,2682.36
SPX,2018-01-03,2713.06,2714.37,2697.77
SPX,2018-01-04,2723.99,2729.29,2719.07
SPX,2018-01-05,2743.15,2743.45,2727.92
SPX,2018-01-08,2747.71,2748.51,2737.6
SPX,2018-01-09,2751.29,2759.14,2747.86
SPX,2018-01-10,2748.23,2750.8,2736.06
SPX,2018-01-11,2767.56,2767.56,2752.78
SPX,2018-01-12,2786.24,2787.85,2769.64
SPX,2018-01-16,2776.42,2807.54,2768.64
SPX,2018-01-17,2802.56,2807.04,2778.38
SPX,2018-01-18,2798.03,2805.83,2792.56
SPX,2018-01-19,2810.3,2810.33,2798.08
SPX,2018-01-22,2832.97,2833.03,2808.12
SPX,2018-01-23,2839.13,2842.24,2830.59
SPX,2018-01-24,2837.54,2852.97,2824.81
SPX,2018-01-25,2839.25,2848.56,2830.94
SPX,2018-01-26,2872.87,2872.87,2846.18
SPX,2018-01-29,2853.53,2870.62,2851.48
SPX,2018-01-30,2822.43,2837.75,2818.27
SPX,2018-01-31,2823.81,2839.26,2813.04
SPX,2018-02-01,2821.98,2835.96,2812.7
SPX,2018-02-02,2762.13,2808.92,2759.97
SPX,2018-02-05,2648.94,2763.39,2638.17
SPX,2018-02-06,2695.14,2701.04,2593.07
SPX,2018-02-07,2681.66,2727.67,2681.33
SPX,2018-02-08,2581.0,2685.27,2580.56
SPX,2018-02-09,2619.55,2638.67,2532.69
SPX,2018-02-12,2656.0,2672.61,2622.45
SPX,2018-02-13,2662.94,2668.84,2637.08
SPX,2018-02-14,2698.63,2702.1,2648.87
SPX,2018-02-15,2731.2,2731.51,2689.82
SPX,2018-02-16,2732.22,2754.42,2725.11
SPX,2018-02-20,2716.26,2737.6,2706.76
SPX,2018-02-21,2701.33,2747.75,2701.29
SPX,2018-02-22,2703.96,2731.26,2697.77
SPX,2018-02-23,2747.3,2747.76,2713.74
SPX,2018-02-26,2779.6,2780.64,2753.78
SPX,2018-02-27,2744.28,2789.15,2744.22
SPX,2018-02-28,2713.83,2761.52,2713.54
SPX,2018-03-01,2677.67,2730.89,2659.65
SPX,2018-03-02,2691.25,2696.25,2647.32
SPX,2018-03-05,2720.94,2728.09,2675.75
SPX,2018-03-06,2728.12,2732.08,2711.26
SPX,2018-03-07,2726.8,2730.6,2701.74
SPX,2018-03-08,2738.97,2740.45,2722.65
SPX,2018-03-09,2786.57,2786.57,2751.54
SPX,2018-03-12,2783.02,2796.98,2779.26
SPX,2018-03-13,2765.31,2801.9,2758.68
SPX,2018-03-14,2749.48,2777.11,2744.38
SPX,2018-03-15,2747.33,2763.03,2741.47
SPX,2018-03-16,2752.01,2761.85,2749.97
SPX,2018-03-19,2712.92,2741.38,2694.59
SPX,2018-03-20,2716.94,2724.22,2710.05
SPX,2018-03-21,2711.93,2739.14,2709.79
SPX,2018-03-22,2643.69,2695.68,2641.59
SPX,2018-03-23,2588.26,2657.67,2585.89
SPX,2018-03-26,2658.55,2661.36,2601.81
SPX,2018-03-27,2612.62,2674.78,2596.12
SPX,2018-03-28,2605.0,2632.65,2593.06
SPX,2018-03-29,2640.87,2659.07,2609.72
SPX,2018-04-02,2581.88,2638.3,2553.8
SPX,2018-04-03,2614.45,2619.14,2575.49
SPX,2018-04-04,2644.69,2649.86,2573.61
SPX,2018-04-05,2662.84,2672.08,2649.58
SPX,2018-04-06,2604.47,2656.88,2586.27
SPX,2018-04-09,2613.16,2653.55,2610.79
SPX,2018-04-10,2656.87,2665.45,2635.78
SPX,2018-04-11,2642.19,2661.43,2639.25
SPX,2018-04-12,2663.99,2674.72,2653.83
SPX,2018-04-13,2656.3,2680.26,2645.05
SPX,2018-04-16,2677.84,2686.49,2665.16
SPX,2018-04-17,2706.39,2713.34,2692.05
SPX,2018-04-18,2708.64,2717.49,2703.63
SPX,2018-04-19,2693.13,2702.84,2681.9
SPX,2018-04-20,2670.14,2693.94,2660.61
SPX,2018-04-23,2670.29,2682.86,2657.99
SPX,2018-04-24,2634.56,2683.55,2617.32
SPX,2018-04-25,2639.4,2645.3,2612.67
SPX,2018-04-26,2666.94,2676.48,2647.16
SPX,2018-04-27,2669.91,2677.35,2659.01
SPX,2018-04-30,2648.05,2682.92,2648.04
SPX,2018-05-01,2654.8,2655.27,2625.41
SPX,2018-05-02,2635.67,2660.87,2631.7
SPX,2018-05-03,2629.73,2637.14,2594.62
SPX,2018-05-04,2663.42,2670.93,2615.32
SPX,2018-05-07,2672.63,2683.35,2664.7
SPX,2018-05-08,2671.92,2676.34,2655.2
SPX,2018-05-09,2697.79,2701.27,2674.14
SPX,2018-05-10,2723.07,2726.11,2704.54
SPX,2018-05-11,2727.72,2732.86,2717.45
SPX,2018-05-14,2730.13,2742.1,2725.47
SPX,2018-05-15,2711.45,2718.59,2701.91
SPX,2018-05-16,2722.46,2727.76,2712.17
SPX,2018-05-17,2720.13,2731.96,2711.36
SPX,2018-05-18,2712.97,2719.5,2709.18
SPX,2018-05-21,2733.01,2739.19,2725.7
SPX,2018-05-22,2724.44,2742.24,2721.88
SPX,2018-05-23,2733.29,2733.33,2709.54
SPX,2018-05-24,2727.76,2731.97,2707.38
SPX,2018-05-25,2721.33,2727.36,2714.99
SPX,2018-05-29,2689.86,2710.67,2676.81
SPX,2018-05-30,2724.01,2729.34,2702.43
SPX,2018-05-31,2705.27,2722.5,2700.68
SPX,2018-06-01,2734.62,2736.93,2718.7
SPX,2018-06-04,2746.87,2749.16,2740.54
SPX,2018-06-05,2748.8,2752.61,2739.51
SPX,2018-06-06,2772.35,2772.39,2748.46
SPX,2018-06-07,2770.37,2779.9,2760.16
SPX,2018-06-08,2779.03,2779.39,2763.59
SPX,2018-06-11,2782.0,2790.21,2780.17
SPX,2018-06-12,2786.85,2789.8,2778.78
SPX,2018-06-13,2775.63,2791.47,2774.65
SPX,2018-06-14,2782.49,2789.06,2776.52
SPX,2018-06-15,2779.66,2782.81,2761.73
SPX,2018-06-18,2773.75,2774.99,2757.12
SPX,2018-06-19,2762.59,2765.05,2743.19
SPX,2018-06-20,2767.32,2774.86,2763.91
SPX,2018-06-21,2749.76,2769.28,2744.39
SPX,2018-06-22,2754.88,2764.17,2752.68
SPX,2018-06-25,2717.07,2742.94,2698.67
SPX,2018-06-26,2723.06,2732.91,2715.6
SPX,2018-06-27,2699.63,2746.09,2699.38
SPX,2018-06-28,2716.31,2724.34,2691.99
SPX,2018-06-29,2718.37,2743.26,2718.03
SPX,2018-07-02,2726.71,2727.26,2698.95
SPX,2018-07-03,2713.22,2736.58,2711.16
SPX,2018-07-05,2736.61,2737.83,2716.02
SPX,2018-07-06,2759.82,2764.41,2733.52
SPX,2018-07-09,2784.17,2784.65,2768.51
SPX,2018-07-10,2793.84,2795.58,2786.24
SPX,2018-07-11,2774.02,2785.91,2770.77
SPX,2018-07-12,2798.29,2799.22,2781.53
SPX,2018-07-13,2801.31,2804.53,2791.69
SPX,2018-07-16,2798.43,2803.71,2793.39
SPX,2018-07-17,2809.55,2814.19,2789.24
SPX,2018-07-18,2815.62,2816.76,2805.89
SPX,2018-07-19,2804.49,2812.05,2799.77
SPX,2018-07-20,2801.83,2809.7,2800.01
SPX,2018-07-23,2806.98,2808.61,2795.14
SPX,2018-07-24,2820.4,2829.99,2811.12
SPX,2018-07-25,2846.07,2848.03,2817.73
SPX,2018-07-26,2837.44,2845.57,2835.26
SPX,2018-07-27,2818.82,2843.17,2808.34
SPX,2018-07-30,2802.6,2821.74,2798.11
SPX,2018-07-31,2816.29,2824.46,2808.06
SPX,2018-08-01,2813.36,2825.83,2805.85
SPX,2018-08-02,2827.22,2829.91,2796.34
SPX,2018-08-03,2840.35,2840.38,2827.37
SPX,2018-08-06,2850.4,2853.29,2835.98
SPX,2018-08-07,2858.45,2863.43,2855.92
SPX,2018-08-08,2857.7,2862.44,2853.09
SPX,2018-08-09,2853.58,2862.48,2851.98
SPX,2018-08-10,2833.28,2842.2,2825.81
SPX,2018-08-13,2821.93,2843.4,2819.88
SPX,2018-08-14,2839.96,2843.11,2826.58
SPX,2018-08-15,2818.37,2827.95,2802.49
SPX,2018-08-16,2840.69,2850.49,2831.44
SPX,2018-08-17,2850.13,2855.63,2833.73
SPX,2018-08-20,2857.05,2859.76,2850.62
SPX,2018-08-21,2862.96,2873.23,2861.32
SPX,2018-08-22,2861.82,2867.54,2856.05
SPX,2018-08-23,2856.98,2868.78,2854.03
SPX,2018-08-24,2874.69,2876.16,2862.35
SPX,2018-08-27,2896.74,2898.25,2884.69
SPX,2018-08-28,2897.52,2903.77,2893.5
SPX,2018-08-29,2914.04,2916.5,2898.4
SPX,2018-08-30,2901.13,2912.46,2895.22
SPX,2018-08-31,2901.52,2906.32,2891.73
SPX,2018-09-04,2896.72,2900.18,2885.13
SPX,2018-09-05,2888.6,2894.21,2876.92
SPX,2018-09-06,2878.05,2892.05,2867.29
SPX,2018-09-07,2871.68,2883.81,2864.12
SPX,2018-09-10,2877.13,2886.93,2875.94
SPX,2018-09-11,2887.89,2892.52,2866.78
SPX,2018-09-12,2888.92,2894.65,2879.2
SPX,2018-09-13,2904.18,2906.76,2896.39
SPX,2018-09-14,2904.98,2908.3,2895.77
SPX,2018-09-17,2888.8,2904.65,2886.16
SPX,2018-09-18,2904.31,2911.17,2890.43
SPX,2018-09-19,2907.95,2912.36,2903.82
SPX,2018-09-20,2930.75,2934.8,2919.73
SPX,2018-09-21,2929.67,2940.91,2927.11
SPX,2018-09-24,2919.37,2923.79,2912.63
SPX,2018-09-25,2915.56,2923.95,2913.7
SPX,2018-09-26,2905.97,2931.15,2903.28
SPX,2018-09-27,2914.0,2927.22,2909.27
SPX,2018-09-28,2913.98,2920.53,2907.5
SPX,2018-10-01,2924.59,2937.06,2917.91
SPX,2018-10-02,2923.43,2931.42,2919.37
SPX,2018-10-03,2925.51,2939.86,2921.36
SPX,2018-10-04,2901.61,2919.78,2883.92
SPX,2018-10-05,2885.57,2909.64,2869.29
SPX,2018-10-08,2884.43,2889.45,2862.08
SPX,2018-10-09,2880.34,2894.83,2874.27
SPX,2018-10-10,2785.68,2874.02,2784.86
SPX,2018-10-11,2728.37,2795.14,2710.51
SPX,2018-10-12,2767.13,2775.77,2729.44
SPX,2018-10-15,2750.79,2775.99,2749.03
SPX,2018-10-16,2809.92,2813.46,2766.91
SPX,2018-10-17,2809.21,2816.94,2781.81
SPX,2018-10-18,2768.78,2806.04,2755.18
SPX,2018-10-19,2767.78,2797.77,2760.27
SPX,2018-10-22,2755.88,2778.94,2749.22
SPX,2018-10-23,2740.69,2753.59,2691.43
SPX,2018-10-24,2656.1,2742.59,2651.89
SPX,2018-10-25,2705.57,2722.7,2667.84
SPX,2018-10-26,2658.69,2692.38,2628.16
SPX,2018-10-29,2641.25,2706.85,2603.54
SPX,2018-10-30,2682.63,2685.43,2635.34
SPX,2018-10-31,2711.74,2736.69,2705.6
SPX,2018-11-01,2740.37,2741.67,2708.85
SPX,2018-11-02,2723.06,2756.55,2700.44
SPX,2018-11-05,2738.31,2744.27,2717.94
SPX,2018-11-06,2755.45,2756.82,2737.08
SPX,2018-11-07,2813.89,2815.15,2774.13
SPX,2018-11-08,2806.83,2814.75,2794.99
SPX,2018-11-09,2781.01,2794.1,2764.24
SPX,2018-11-12,2726.22,2775.99,2722.0
SPX,2018-11-13,2722.18,2754.6,2714.98
SPX,2018-11-14,2701.58,2746.8,2685.75
SPX,2018-11-15,2730.2,2735.38,2670.75
SPX,2018-11-16,2736.27,2746.75,2712.16
SPX,2018-11-19,2690.73,2733.16,2681.09
SPX,2018-11-20,2641.89,2669.44,2631.52
SPX,2018-11-21,2649.93,2670.73,2649.82
SPX,2018-11-23,2632.56,2647.55,2631.09
SPX,2018-11-26,2673.45,2674.35,2649.97
SPX,2018-11-27,2682.17,2682.53,2655.89
SPX,2018-11-28,2743.79,2744.0,2684.38
SPX,2018-11-29,2737.76,2753.75,2722.94
SPX,2018-11-30,2760.17,2760.88,2732.76
SPX,2018-12-03,2790.37,2800.18,2773.38
SPX,2018-12-04,2700.06,2785.93,2697.18
SPX,2018-12-06,2695.95,2696.15,2621.53
SPX,2018-12-07,2633.08,2708.54,2623.14
SPX,2018-12-10,2637.72,2647.51,2583.23
SPX,2018-12-11,2636.78,2674.35,2621.3
SPX,2018-12-12,2651.07,2685.44,2650.26
SPX,2018-12-13,2650.54,2670.19,2637.27
SPX,2018-12-14,2599.95,2635.07,2593.84
SPX,2018-12-17,2545.94,2601.13,2530.54
SPX,2018-12-18,2546.16,2573.99,2528.71
SPX,2018-12-19,2506.96,2585.29,2488.96
SPX,2018-12-20,2467.42,2509.63,2441.18
SPX,2018-12-21,2416.62,2504.41,2408.55
SPX,2018-12-24,2351.1,2410.34,2351.1
SPX,2018-12-26,2467.7,2467.76,2346.58
SPX,2018-12-27,2488.83,2489.1,2397.94
SPX,2018-12-28,2485.74,2520.27,2472.89
SPX,2018-12-31,2506.85,2509.24,2482.82
SPX,2019-01-02,2510.03,2519.49,2467.47
SPX,2019-01-03,2447.89,2493.14,2443.96
SPX,2019-01-04,2531.94,2538.07,2474.33
SPX,2019-01-07,2549.69,2566.16,2524.56
SPX,2019-01-08,2574.41,2579.82,2547.56
SPX,2019-01-09,2584.96,2595.32,2568.89
SPX,2019-01-10,2596.64,2597.82,2562.02
SPX,2019-01-11,2596.26,2596.27,2577.4
SPX,2019-01-14,2582.61,2589.32,2570.41
SPX,2019-01-15,2610.3,2613.08,2585.1
SPX,2019-01-16,2616.1,2625.76,2612.68
SPX,2019-01-17,2635.96,2645.06,2606.36
SPX,2019-01-18,2670.71,2675.47,2647.58
SPX,2019-01-22,2632.9,2657.88,2617.27
SPX,2019-01-23,2638.7,2653.19,2612.86
SPX,2019-01-24,2642.33,2647.2,2627.01
SPX,2019-01-25,2664.76,2672.38,2657.33
SPX,2019-01-28,2643.85,2644.97,2624.06
SPX,2019-01-29,2640.0,2650.93,2631.05
SPX,2019-01-30,2681.05,2690.44,2648.34
SPX,2019-01-31,2704.1,2708.95,2678.65
SPX,2019-02-01,2706.53,2716.66,2696.88
SPX,2019-02-04,2724.87,2724.99,2698.75
SPX,2019-02-05,2737.7,2738.98,2724.03
SPX,2019-02-06,2731.61,2738.08,2724.15
SPX,2019-02-07,2706.05,2719.32,2687.26
SPX,2019-02-08,2707.88,2708.07,2681.83
SPX,2019-02-11,2709.8,2718.05,2703.79
SPX,2019-02-12,2744.73,2748.19,2722.61
SPX,2019-02-13,2753.03,2761.85,2748.63
SPX,2019-02-14,2745.73,2757.9,2731.23
SPX,2019-02-15,2775.6,2775.66,2760.24
SPX,2019-02-19,2779.76,2787.33,2767.29
SPX,2019-02-20,2784.7,2789.88,2774.06
SPX,2019-02-22,2792.67,2794.2,2779.11
SPX,2019-02-25,2796.11,2813.49,2794.99
SPX,2019-02-26,2793.9,2803.12,2789.47
SPX,2019-02-27,2792.38,2795.76,2775.13
SPX,2019-02-28,2784.49,2793.73,2782.51
SPX,2019-03-01,2803.69,2808.02,2787.38
SPX,2019-03-04,2792.81,2816.88,2767.66
SPX,2019-03-05,2789.65,2796.44,2782.97
SPX,2019-03-06,2771.45,2790.27,2768.69
SPX,2019-03-07,2748.93,2767.25,2739.09
SPX,2019-03-08,2743.07,2744.13,2722.27
SPX,2019-03-11,2783.3,2784.0,2747.61
SPX,2019-03-12,2791.52,2798.32,2786.73
SPX,2019-03-13,2810.92,2821.24,2799.78
SPX,2019-03-14,2808.48,2815.0,2803.46
SPX,2019-03-15,2822.48,2830.73,2810.79
SPX,2019-03-18,2832.94,2835.41,2821.99
SPX,2019-03-19,2832.57,2852.42,2823.27
SPX,2019-03-20,2824.23,2843.54,2812.43
SPX,2019-03-21,2854.88,2860.31,2817.38
SPX,2019-03-22,2800.71,2846.16,2800.47
SPX,2019-03-25,2798.36,2809.79,2785.02
SPX,2019-03-26,2818.46,2829.87,2803.99
SPX,2019-03-27,2805.37,2825.56,2787.72
SPX,2019-03-28,2815.44,2819.71,2798.77
SPX,2019-03-29,2834.4,2836.03,2819.23
SPX,2019-04-01,2867.19,2869.4,2848.63
SPX,2019-04-02,2867.24,2872.9,2858.75
SPX,2019-04-03,2873.4,2885.25,2865.17
SPX,2019-04-04,2879.39,2881.28,2867.14
SPX,2019-04-05,2892.74,2893.24,2882.99
SPX,2019-04-08,2895.77,2895.95,2880.78
SPX,2019-04-09,2878.2,2886.88,2873.33
SPX,2019-04-10,2888.21,2889.71,2879.13
SPX,2019-04-11,2888.32,2893.42,2881.99
SPX,2019-04-12,2907.41,2910.54,2898.37
SPX,2019-04-15,2905.58,2909.6,2896.48
SPX,2019-04-16,2907.06,2916.06,2900.71
SPX,2019-04-17,2900.45,2918.0,2895.45
SPX,2019-04-18,2905.03,2908.4,2891.9
SPX,2019-04-22,2907.97,2909.51,2896.35
SPX,2019-04-23,2933.68,2936.31,2908.53
SPX,2019-04-24,2927.25,2936.83,2926.05
SPX,2019-04-25,2926.17,2933.1,2912.84
SPX,2019-04-26,2939.88,2939.88,2917.56
SPX,2019-04-29,2943.03,2949.52,2939.35
SPX,2019-04-30,2945.83,2948.22,2924.11
SPX,2019-05-01,2923.73,2954.13,2923.36
SPX,2019-05-02,2917.52,2931.68,2900.5
SPX,2019-05-03,2945.64,2947.85,2929.21
SPX,2019-05-06,2932.47,2937.32,2898.21
SPX,2019-05-07,2884.05,2913.03,2862.6
SPX,2019-05-08,2879.42,2897.96,2873.28
SPX,2019-05-09,2870.72,2875.97,2836.4
SPX,2019-05-10,2881.4,2891.31,2825.39
SPX,2019-05-13,2811.87,2840.19,2801.43
SPX,2019-05-14,2834.41,2852.54,2820.12
SPX,2019-05-15,2850.96,2858.68,2815.08
SPX,2019-05-16,2876.32,2892.15,2855.8
SPX,2019-05-17,2859.53,2885.48,2854.23
SPX,2019-05-20,2840.23,2852.93,2831.29
SPX,2019-05-21,2864.36,2868.88,2854.02
SPX,2019-05-22,2856.27,2865.47,2851.11
SPX,2019-05-23,2822.24,2836.7,2805.49
SPX,2019-05-24,2826.06,2841.36,2820.19
SPX,2019-05-28,2802.39,2840.51,2801.58
SPX,2019-05-29,2783.02,2792.03,2766.06
SPX,2019-05-30,2788.86,2799.0,2776.74
SPX,2019-05-31,2752.06,2768.98,2750.52
SPX,2019-06-03,2744.45,2763.07,2728.81
SPX,2019-06-04,2803.27,2804.49,2762.64
SPX,2019-06-05,2826.15,2827.28,2800.92
SPX,2019-06-06,2843.49,2852.1,2822.45
SPX,2019-06-07,2873.34,2884.97,2852.87
SPX,2019-06-10,2886.73,2904.77,2885.51
SPX,2019-06-11,2885.72,2910.61,2878.53
SPX,2019-06-12,2879.84,2888.57,2874.68
SPX,2019-06-13,2891.64,2895.24,2881.99
SPX,2019-06-14,2886.98,2894.45,2879.62
SPX,2019-06-17,2889.67,2897.27,2887.3
SPX,2019-06-18,2917.75,2930.79,2905.44
SPX,2019-06-19,2926.46,2931.74,2911.43
SPX,2019-06-20,2954.18,2958.06,2931.5
SPX,2019-06-21,2950.46,2964.15,2946.87
SPX,2019-06-24,2945.35,2954.92,2944.05
SPX,2019-06-25,2917.38,2946.52,2916.01
SPX,2019-06-26,2913.78,2932.59,2912.99
SPX,2019-06-27,2924.92,2929.3,2918.57
SPX,2019-06-28,2941.76,2943.98,2929.05
SPX,2019-07-01,2964.33,2977.93,2952.22
SPX,2019-07-02,2973.01,2973.21,2955.92
SPX,2019-07-03,2995.82,2995.84,2977.96
SPX,2019-07-05,2990.41,2994.03,2967.97
SPX,2019-07-08,2975.95,2980.76,2970.09
SPX,2019-07-09,2979.63,2981.9,2963.44
SPX,2019-07-10,2993.07,3002.98,2984.62
SPX,2019-07-11,2999.91,3002.33,2988.8
SPX,2019-07-12,3013.77,3013.92,3001.87
SPX,2019-07-15,3014.3,3017.8,3008.77
SPX,2019-07-16,3004.04,3015.02,3001.15
SPX,2019-07-17,2984.42,3005.26,2984.25
SPX,2019-07-18,2995.11,2998.28,2973.09
SPX,2019-07-19,2976.61,3006.02,2975.86
SPX,2019-07-22,2985.03,2990.71,2976.65
SPX,2019-07-23,3005.47,3005.9,2988.56
SPX,2019-07-24,3019.56,3019.59,2996.82
SPX,2019-07-25,3003.67,3016.31,2997.24
SPX,2019-07-26,3025.86,3027.98,3012.59
SPX,2019-07-29,3020.97,3025.61,3014.3
SPX,2019-07-30,3013.18,3017.19,3000.94
SPX,2019-07-31,2980.38,3017.4,2958.08
SPX,2019-08-01,2953.56,3013.59,2945.23
SPX,2019-08-02,2932.05,2945.5,2914.11
SPX,2019-08-05,2844.74,2898.07,2822.12
SPX,2019-08-06,2881.77,2884.4,2847.42
SPX,2019-08-07,2883.98,2892.17,2825.71
SPX,2019-08-08,2938.09,2938.72,2894.47
SPX,2019-08-09,2918.65,2935.75,2900.15
SPX,2019-08-12,2883.09,2907.58,2873.14
SPX,2019-08-13,2926.32,2943.31,2877.05
SPX,2019-08-14,2840.6,2894.15,2839.64
SPX,2019-08-15,2847.6,2856.67,2825.51
SPX,2019-08-16,2888.68,2893.63,2864.74
SPX,2019-08-19,2923.65,2931.0,2913.48
SPX,2019-08-20,2900.51,2923.63,2899.6
SPX,2019-08-21,2924.43,2928.73,2917.91
SPX,2019-08-22,2922.95,2939.08,2904.51
SPX,2019-08-23,2847.11,2927.01,2834.97
SPX,2019-08-26,2878.38,2879.27,2856.0
SPX,2019-08-27,2869.16,2898.79,2860.59
SPX,2019-08-28,2887.94,2890.03,2853.05
SPX,2019-08-29,2924.58,2930.5,2905.67
SPX,2019-08-30,2926.46,2940.43,2913.32
SPX,2019-09-03,2906.27,2914.39,2891.85
SPX,2019-09-04,2937.78,2938.84,2921.86
SPX,2019-09-05,2976.0,2985.86,2960.6
SPX,2019-09-06,2978.71,2985.03,2972.51
SPX,2019-09-09,2978.43,2989.43,2969.39
SPX,2019-09-10,2979.39,2979.39,2957.01
SPX,2019-09-11,3000.93,3000.93,2975.31
SPX,2019-09-12,3009.57,3020.74,3000.92
SPX,2019-09-13,3007.39,3017.33,3002.9
SPX,2019-09-16,2997.96,3002.19,2990.67
SPX,2019-09-17,3005.7,3006.21,2993.73
SPX,2019-09-18,3006.73,3007.83,2978.57
SPX,2019-09-19,3006.79,3021.99,3003.16
SPX,2019-09-20,2992.07,3016.37,2984.68
SPX,2019-09-23,2991.78,2999.15,2982.23
SPX,2019-09-24,2966.6,3007.98,2957.73
SPX,2019-09-25,2984.87,2989.82,2952.86
SPX,2019-09-26,2977.62,2987.28,2963.71
SPX,2019-09-27,2961.79,2987.31,2945.53
SPX,2019-09-30,2976.74,2983.85,2967.07
SPX,2019-10-01,2940.25,2992.53,2938.7
SPX,2019-10-02,2887.61,2924.78,2874.93
SPX,2019-10-03,2910.63,2911.13,2855.94
SPX,2019-10-04,2952.01,2953.74,2918.56
SPX,2019-10-07,2938.79,2959.75,2935.68
SPX,2019-10-08,2893.06,2925.47,2892.66
SPX,2019-10-09,2919.4,2929.32,2907.41
SPX,2019-10-10,2938.13,2948.46,2917.12
SPX,2019-10-11,2970.27,2993.28,2963.07
SPX,2019-10-14,2966.15,2972.84,2962.94
SPX,2019-10-15,2995.68,3003.28,2973.61
SPX,2019-10-16,2989.69,2997.54,2985.2
SPX,2019-10-17,2997.95,3008.29,2991.79
SPX,2019-10-18,2986.2,3000.0,2976.31
SPX,2019-10-21,3006.72,3007.33,2995.35
SPX,2019-10-22,2995.99,3014.57,2995.04
SPX,2019-10-23,3004.52,3004.78,2991.21
SPX,2019-10-24,3010.29,3016.07,3000.42
SPX,2019-10-25,3022.55,3027.39,3001.94
SPX,2019-10-28,3039.42,3044.08,3032.12
SPX,2019-10-29,3036.89,3047.87,3034.81
SPX,2019-10-30,3046.77,3050.1,3025.96
SPX,2019-10-31,3037.56,3046.9,3023.19
SPX,2019-11-01,3066.91,3066.95,3050.72
SPX,2019-11-04,3078.27,3085.2,3074.87
SPX,2019-11-05,3074.62,3083.95,3072.15
SPX,2019-11-06,3076.78,3078.34,3065.89
SPX,2019-11-07,3085.18,3097.77,3080.23
SPX,2019-11-08,3093.08,3093.09,3073.58
SPX,2019-11-11,3087.01,3088.33,3075.82
SPX,2019-11-12,3091.84,3102.61,3084.73
SPX,2019-11-13,3094.04,3098.06,3078.8
SPX,2019-11-14,3096.63,3098.2,3083.26
SPX,2019-11-15,3120.46,3120.46,3104.6
SPX,2019-11-18,3122.03,3124.17,3112.06
SPX,2019-11-19,3120.18,3127.64,3113.47
SPX,2019-11-20,3108.46,3118.97,3091.41
SPX,2019-11-21,3103.54,3110.11,3094.55
SPX,2019-11-22,3110.29,3112.87,3099.26
SPX,2019-11-25,3133.64,3133.83,3117.44
SPX,2019-11-26,3140.52,3142.69,3131.0
SPX,2019-11-27,3153.63,3154.26,3143.41
SPX,2019-11-29,3140.98,3150.3,3139.34
SPX,2019-12-02,3113.87,3144.31,3110.78
SPX,2019-12-03,3093.2,3094.97,3070.33
SPX,2019-12-04,3112.76,3119.38,3102.53
SPX,2019-12-05,3117.43,3119.45,3103.76
SPX,2019-12-06,3145.91,3150.6,3134.62
SPX,2019-12-09,3135.96,3148.87,3135.46
SPX,2019-12-10,3132.52,3142.12,3126.09
SPX,2019-12-11,3141.63,3143.98,3133.21
SPX,2019-12-12,3168.57,3176.28,3138.47
SPX,2019-12-13,3168.8,3182.68,3156.51
SPX,2019-12-16,3191.45,3197.71,3183.63
SPX,2019-12-17,3192.52,3198.22,3191.03
SPX,2019-12-18,3191.14,3198.48,3191.14
SPX,2019-12-19,3205.37,3205.48,3192.32
SPX,2019-12-20,3221.22,3225.65,3216.03
SPX,2019-12-23,3224.01,3227.78,3222.3
SPX,2019-12-24,3223.38,3226.43,3220.51
SPX,2019-12-26,3239.91,3240.08,3227.2
SPX,2019-12-27,3240.02,3247.93,3234.37
SPX,2019-12-30,3221.29,3240.92,3216.57
SPX,2020-01-02,3257.85,3258.14,3235.53
SPX,2020-01-03,3234.85,3246.15,3222.34
SPX,2020-01-06,3246.28,3246.84,3214.64
SPX,2020-01-07,3237.18,3244.91,3232.43
SPX,2020-01-08,3253.05,3267.07,3236.67
SPX,2020-01-09,3274.7,3275.58,3263.67
SPX,2020-01-10,3265.35,3282.99,3260.86
SPX,2020-01-13,3288.13,3288.13,3268.43
SPX,2020-01-14,3283.15,3294.25,3277.19
SPX,2020-01-15,3289.29,3298.66,3280.69
SPX,2020-01-16,3316.81,3317.11,3302.82
SPX,2020-01-17,3329.62,3329.88,3318.86
SPX,2020-01-21,3320.79,3329.79,3316.61
SPX,2020-01-22,3321.75,3337.77,3320.04
SPX,2020-01-23,3325.54,3326.88,3301.87
SPX,2020-01-24,3295.47,3333.18,3281.53
SPX,2020-01-27,3243.63,3258.85,3234.5
SPX,2020-01-28,3276.24,3285.78,3253.22
SPX,2020-01-29,3273.4,3293.47,3271.89
SPX,2020-01-30,3283.66,3285.91,3242.8
SPX,2020-01-31,3225.52,3282.33,3214.68
SPX,2020-02-03,3248.92,3268.44,3235.66
SPX,2020-02-04,3297.59,3306.92,3280.61
SPX,2020-02-05,3334.69,3337.58,3313.75
SPX,2020-02-06,3345.78,3347.96,3334.39
SPX,2020-02-07,3327.71,3341.42,3322.12
SPX,2020-02-10,3352.09,3352.26,3317.77
SPX,2020-02-11,3357.75,3375.63,3352.72
SPX,2020-02-12,3379.45,3381.47,3369.72
SPX,2020-02-13,3373.94,3385.09,3360.52
SPX,2020-02-14,3380.16,3380.69,3366.15
SPX,2020-02-18,3370.29,3375.01,3355.61
SPX,2020-02-19,3386.15,3393.52,3378.83
SPX,2020-02-20,3373.23,3389.15,3341.02
SPX,2020-02-21,3337.75,3360.76,3328.45
SPX,2020-02-24,3225.89,3259.81,3214.65
SPX,2020-02-25,3128.21,3246.99,3118.77
SPX,2020-02-26,3116.39,3182.51,3108.99
SPX,2020-02-27,2978.76,3097.07,2977.39
SPX,2020-02-28,2954.22,2959.72,2855.84
SPX,2020-03-02,3090.23,3090.96,2945.19
SPX,2020-03-03,3003.37,3136.72,2976.63
SPX,2020-03-04,3130.12,3130.97,3034.38
SPX,2020-03-05,3023.94,3083.04,2999.83
SPX,2020-03-06,2972.37,2985.93,2901.54
SPX,2020-03-09,2746.56,2863.89,2734.43
SPX,2020-03-10,2882.23,2882.59,2734.0
SPX,2020-03-11,2741.38,2825.6,2707.22
SPX,2020-03-12,2480.64,2660.95,2478.86
SPX,2020-03-13,2711.02,2711.33,2492.37
SPX,2020-03-16,2386.13,2562.98,2380.94
SPX,2020-03-17,2529.19,2553.93,2367.04
SPX,2020-03-18,2398.1,2453.57,2280.52
SPX,2020-03-19,2409.39,2466.97,2319.78
SPX,2020-03-20,2304.92,2453.01,2295.56
SPX,2020-03-23,2237.4,2300.73,2191.86
SPX,2020-03-24,2447.33,2449.71,2344.44
SPX,2020-03-25,2475.56,2571.42,2407.53
SPX,2020-03-26,2630.07,2637.01,2500.72
SPX,2020-03-27,2541.47,2615.91,2520.02
SPX,2020-03-30,2626.65,2631.8,2545.28
SPX,2020-03-31,2584.59,2641.39,2571.15
SPX,2020-04-01,2470.5,2522.75,2447.49
SPX,2020-04-02,2526.9,2533.22,2455.79
SPX,2020-04-03,2488.65,2538.18,2459.96
SPX,2020-04-06,2663.68,2676.85,2574.57
SPX,2020-04-07,2659.41,2756.89,2657.67
SPX,2020-04-08,2749.98,2760.75,2663.3
SPX,2020-04-09,2789.82,2813.07,2776.99
SPX,2020-04-13,2761.63,2782.46,2721.17
SPX,2020-04-14,2846.06,2851.85,2805.1
SPX,2020-04-15,2783.36,2801.88,2761.54
SPX,2020-04-16,2799.55,2806.51,2764.32
SPX,2020-04-17,2874.56,2879.22,2830.88
SPX,2020-04-20,2823.16,2868.98,2820.43
SPX,2020-04-21,2736.56,2785.54,2727.1
SPX,2020-04-22,2799.31,2815.1,2775.95
SPX,2020-04-23,2797.8,2844.9,2794.26
SPX,2020-04-24,2836.74,2842.71,2791.76
SPX,2020-04-27,2878.48,2887.72,2852.89
SPX,2020-04-28,2863.39,2921.15,2860.71
SPX,2020-04-29,2939.51,2954.86,2912.16
SPX,2020-04-30,2912.43,2930.91,2892.47
SPX,2020-05-01,2830.71,2869.09,2821.61
SPX,2020-05-04,2842.74,2844.24,2797.85
SPX,2020-05-05,2868.44,2898.23,2863.55
SPX,2020-05-06,2848.42,2891.11,2847.65
SPX,2020-05-07,2881.19,2901.92,2876.48
SPX,2020-05-08,2929.8,2932.16,2902.88
SPX,2020-05-11,2930.32,2944.25,2903.44
SPX,2020-05-12,2870.12,2945.82,2869.59
SPX,2020-05-13,2820.0,2874.14,2793.15
SPX,2020-05-14,2852.5,2852.8,2766.64
SPX,2020-05-15,2863.7,2865.01,2816.78
SPX,2020-05-18,2953.91,2968.09,2913.86
SPX,2020-05-19,2922.94,2964.21,2922.35
SPX,2020-05-20,2971.61,2980.29,2953.63
SPX,2020-05-21,2948.51,2978.5,2938.57
SPX,2020-05-22,2955.45,2956.76,2933.59
SPX,2020-05-26,2991.77,3021.72,2988.17
SPX,2020-05-27,3036.13,3036.25,2969.75
SPX,2020-05-28,3029.73,3068.67,3023.4
SPX,2020-05-29,3044.31,3049.17,2998.61
SPX,2020-06-01,3055.73,3062.18,3031.54
SPX,2020-06-02,3080.82,3081.07,3051.64
SPX,2020-06-03,3122.87,3130.94,3098.9
SPX,2020-06-04,3112.35,3128.91,3090.41
SPX,2020-06-05,3193.93,3211.72,3163.84
SPX,2020-06-08,3232.39,3233.13,3196.0
SPX,2020-06-09,3207.18,3222.71,3193.11
SPX,2020-06-10,3190.14,3223.27,3181.49
SPX,2020-06-11,3002.1,3123.53,2999.49
SPX,2020-06-12,3041.31,3088.42,2984.47
SPX,2020-06-15,3066.59,3079.76,2965.66
SPX,2020-06-16,3124.74,3153.45,3076.06
SPX,2020-06-17,3113.49,3141.16,3108.03
SPX,2020-06-18,3115.34,3120.0,3093.51
SPX,2020-06-19,3097.74,3155.53,3083.11
SPX,2020-06-22,3117.86,3120.92,3079.39
SPX,2020-06-23,3131.29,3154.9,3127.12
SPX,2020-06-24,3050.33,3115.01,3032.13
SPX,2020-06-25,3083.76,3086.25,3024.01
SPX,2020-06-26,3009.05,3073.73,3004.63
SPX,2020-06-29,3053.24,3053.89,2999.74
SPX,2020-06-30,3100.29,3111.51,3047.83
SPX,2020-07-01,3115.86,3128.44,3101.17
SPX,2020-07-02,3130.01,3165.81,3124.52
SPX,2020-07-06,3179.72,3182.59,3155.29
SPX,2020-07-07,3145.32,3184.15,3142.93
SPX,2020-07-08,3169.94,3171.8,3136.53
SPX,2020-07-09,3152.05,3179.78,3115.7
SPX,2020-07-10,3185.04,3186.82,3136.22
SPX,2020-07-13,3155.22,3235.32,3149.43
SPX,2020-07-14,3197.52,3200.95,3127.66
SPX,2020-07-15,3226.56,3238.28,3200.76
SPX,2020-07-16,3215.57,3220.39,3198.59
SPX,2020-07-17,3224.73,3233.52,3205.65
SPX,2020-07-20,3251.84,3258.61,3215.16
SPX,2020-07-21,3257.3,3277.29,3247.77
SPX,2020-07-22,3276.02,3279.32,3253.1
SPX,2020-07-23,3235.66,3279.99,3222.66
SPX,2020-07-24,3215.63,3227.26,3200.05
SPX,2020-07-27,3239.41,3241.43,3214.25
SPX,2020-07-28,3218.44,3243.72,3216.17
SPX,2020-07-29,3258.44,3264.74,3227.22
SPX,2020-07-30,3246.22,3250.92,3204.13
SPX,2020-07-31,3271.12,3272.17,3220.26
SPX,2020-08-03,3294.61,3302.73,3284.53
SPX,2020-08-04,3306.51,3306.84,3286.37
SPX,2020-08-05,3327.77,3330.77,3317.37
SPX,2020-08-06,3349.16,3351.03,3318.14
SPX,2020-08-07,3351.28,3352.54,3328.72
SPX,2020-08-10,3360.47,3363.29,3335.44
SPX,2020-08-11,3333.69,3381.01,3326.44
SPX,2020-08-12,3380.35,3387.89,3355.46
SPX,2020-08-13,3373.43,3387.24,3363.35
SPX,2020-08-14,3372.85,3378.51,3361.64
SPX,2020-08-17,3381.99,3387.59,3379.22
SPX,2020-08-18,3389.78,3395.06,3370.15
SPX,2020-08-19,3374.85,3399.54,3369.66
SPX,2020-08-20,3385.51,3390.8,3354.69
SPX,2020-08-21,3397.16,3399.96,3379.31
SPX,2020-08-24,3431.28,3432.09,3413.13
SPX,2020-08-25,3443.62,3444.21,3425.84
SPX,2020-08-26,3478.73,3481.07,3444.15
SPX,2020-08-27,3484.55,3501.38,3468.35
SPX,2020-08-28,3508.01,3509.23,3484.32
SPX,2020-08-31,3500.31,3514.77,3493.25
SPX,2020-09-01,3526.65,3528.03,3494.6
SPX,2020-09-02,3580.84,3588.11,3535.23
SPX,2020-09-03,3455.06,3564.85,3427.41
SPX,2020-09-04,3426.96,3479.15,3349.63
SPX,2020-09-08,3331.84,3379.97,3329.27
SPX,2020-09-09,3398.96,3424.77,3366.84
SPX,2020-09-10,3339.19,3425.55,3329.25
SPX,2020-09-11,3340.97,3368.95,3310.47
SPX,2020-09-14,3383.54,3402.93,3363.56
SPX,2020-09-15,3401.2,3419.48,3389.25
SPX,2020-09-16,3385.49,3428.92,3384.45
SPX,2020-09-17,3357.01,3375.17,3328.82
SPX,2020-09-18,3319.47,3362.27,3292.4
SPX,2020-09-21,3281.06,3285.57,3229.1
SPX,2020-09-22,3315.57,3320.31,3270.95
SPX,2020-09-23,3236.92,3323.35,3232.57
SPX,2020-09-24,3246.59,3278.7,3209.45
SPX,2020-09-25,3298.46,3306.88,3228.44
SPX,2020-09-28,3351.6,3360.74,3332.91
SPX,2020-09-29,3335.47,3357.92,3327.54
SPX,2020-09-30,3363.0,3393.56,3340.47
SPX,2020-10-01,3380.8,3397.18,3361.39
SPX,2020-10-02,3348.44,3369.1,3323.69
SPX,2020-10-05,3408.63,3409.57,3367.27
SPX,2020-10-06,3360.95,3431.56,3354.54
SPX,2020-10-07,3419.45,3426.26,3384.56
SPX,2020-10-08,3446.83,3447.28,3428.15
SPX,2020-10-09,3477.13,3482.34,3458.07
SPX,2020-10-12,3534.22,3549.85,3499.61
SPX,2020-10-13,3511.93,3534.01,3500.86
SPX,2020-10-14,3488.67,3527.94,3480.55
SPX,2020-10-15,3483.34,3489.08,3440.89
SPX,2020-10-16,3483.81,3515.76,3480.45
SPX,2020-10-19,3426.92,3502.42,3419.93
SPX,2020-10-20,3443.12,3476.93,3435.65
SPX,2020-10-21,3435.56,3464.86,3433.06
SPX,2020-10-22,3453.49,3460.53,3415.34
SPX,2020-10-23,3465.39,3466.46,3440.45
SPX,2020-10-26,3400.97,3441.42,3364.86
SPX,2020-10-27,3390.68,3409.51,3388.71
SPX,2020-10-28,3271.03,3342.48,3268.89
SPX,2020-10-29,3310.11,3341.05,3259.82
SPX,2020-10-30,3269.96,3304.93,3233.94
SPX,2020-11-02,3310.24,3330.14,3279.74
SPX,2020-11-03,3369.02,3389.49,3336.25
SPX,2020-11-04,3443.44,3486.25,3405.17
SPX,2020-11-05,3510.45,3529.05,3485.74
SPX,2020-11-06,3509.44,3521.58,3484.34
SPX,2020-11-09,3550.5,3645.99,3547.48
SPX,2020-11-10,3545.53,3557.22,3511.91
SPX,2020-11-11,3572.66,3581.16,3557.0
SPX,2020-11-12,3537.01,3569.02,3518.58
SPX,2020-11-13,3585.15,3593.66,3552.57
SPX,2020-11-16,3626.91,3628.51,3600.16
SPX,2020-11-17,3609.53,3623.11,3588.68
SPX,2020-11-18,3567.79,3619.09,3567.33
SPX,2020-11-19,3581.87,3585.22,3543.84
SPX,2020-11-20,3557.54,3581.23,3556.85
SPX,2020-11-23,3577.59,3589.81,3552.77
SPX,2020-11-24,3635.41,3642.31,3594.52
SPX,2020-11-25,3629.65,3635.5,3617.76
SPX,2020-11-27,3638.35,3644.31,3629.33
SPX,2020-11-30,3621.63,3634.18,3594.39
SPX,2020-12-01,3662.45,3678.45,3645.87
SPX,2020-12-02,3669.01,3670.96,3644.84
SPX,2020-12-03,3666.72,3682.73,3657.17
SPX,2020-12-04,3699.12,3699.2,3670.94
SPX,2020-12-07,3691.96,3697.41,3678.88
SPX,2020-12-08,3702.25,3708.45,3678.83
SPX,2020-12-09,3672.82,3712.39,3660.54
SPX,2020-12-10,3668.1,3678.49,3645.18
SPX,2020-12-11,3663.46,3665.91,3633.4
SPX,2020-12-14,3647.49,3697.61,3645.84
SPX,2020-12-15,3694.62,3695.29,3659.62
SPX,2020-12-16,3701.17,3711.27,3688.57
SPX,2020-12-17,3722.48,3725.12,3710.87
SPX,2020-12-18,3709.41,3726.7,3685.84
SPX,2020-12-21,3694.92,3702.9,3636.48
SPX,2020-12-22,3687.26,3698.26,3676.16
SPX,2020-12-23,3690.01,3711.24,3689.28
SPX,2020-12-24,3703.06,3703.82,3689.32
SPX,2020-12-28,3735.36,3740.51,3723.03
SPX,2020-12-29,3727.04,3756.12,3723.31
SPX,2020-12-30,3732.04,3744.63,3730.21
SPX,2020-12-31,3756.07,3760.2,3726.88
SPX,2021-01-04,3700.65,3769.28,3662.71
SPX,2021-01-05,3726.86,3737.83,3695.07
SPX,2021-01-06,3748.14,3783.04,3705.34
SPX,2021-01-07,3803.79,3811.55,3764.71
SPX,2021-01-08,3824.68,3826.32,3783.6
SPX,2021-01-11,3799.61,3817.86,3789.31
SPX,2021-01-12,3801.19,3810.78,3776.51
SPX,2021-01-13,3809.84,3820.96,3791.5
SPX,2021-01-14,3795.54,3823.6,3792.86
SPX,2021-01-15,3768.25,3788.73,3749.62
SPX,2021-01-19,3798.91,3804.53,3780.37
SPX,2021-01-20,3851.85,3859.75,3816.22
SPX,2021-01-21,3853.07,3861.45,3845.05
SPX,2021-01-22,3841.47,3852.31,3830.41
SPX,2021-01-25,3855.36,3859.23,3797.16
SPX,2021-01-26,3849.62,3870.9,3847.78
SPX,2021-01-27,3750.77,3836.83,3732.48
SPX,2021-01-28,3787.38,3830.5,3755.75
SPX,2021-01-29,3714.24,3778.05,3694.12
SPX,2021-02-01,3773.86,3784.32,3725.62
SPX,2021-02-02,3826.31,3843.09,3791.84
SPX,2021-02-03,3830.17,3847.51,3816.68
SPX,2021-02-04,3871.74,3872.42,3836.66
SPX,2021-02-05,3886.83,3894.56,3874.93
SPX,2021-02-08,3915.59,3915.77,3892.59
SPX,2021-02-09,3911.23,3918.35,3902.64
SPX,2021-02-10,3909.88,3931.5,3884.94
SPX,2021-02-11,3916.38,3925.99,3890.39
SPX,2021-02-12,3934.83,3937.23,3905.78
SPX,2021-02-16,3932.59,3950.43,3923.85
SPX,2021-02-17,3931.33,3933.61,3900.43
SPX,2021-02-18,3913.97,3921.98,3885.03
SPX,2021-02-19,3906.71,3930.41,3903.07
SPX,2021-02-22,3876.5,3902.92,3874.71
SPX,2021-02-23,3881.37,3895.98,3805.59
SPX,2021-02-24,3925.43,3928.65,3859.6
SPX,2021-02-25,3829.34,3925.02,3814.04
SPX,2021-02-26,3811.15,3861.08,3789.54
SPX,2021-03-01,3901.82,3914.5,3842.51
SPX,2021-03-02,3870.29,3906.41,3868.57
SPX,2021-03-03,3819.72,3874.47,3818.86
SPX,2021-03-04,3768.47,3843.67,3723.34
SPX,2021-03-05,3841.94,3851.69,3730.19
SPX,2021-03-08,3821.35,3881.06,3819.25
SPX,2021-03-09,3875.44,3903.76,3851.93
SPX,2021-03-10,3898.81,3917.35,3885.73
SPX,2021-03-11,3939.34,3960.27,3915.54
SPX,2021-03-12,3943.34,3944.99,3915.21
SPX,2021-03-15,3968.94,3970.08,3923.54
SPX,2021-03-16,3962.71,3981.04,3953.44
SPX,2021-03-17,3974.12,3983.87,3935.74
SPX,2021-03-18,3915.46,3969.62,3910.86
SPX,2021-03-19,3913.1,3930.12,3886.75
SPX,2021-03-22,3940.59,3955.31,3914.16
SPX,2021-03-23,3910.52,3949.13,3901.57
SPX,2021-03-24,3889.14,3942.08,3889.07
SPX,2021-03-25,3909.52,3919.54,3853.5
SPX,2021-03-26,3974.54,3978.19,3917.12
SPX,2021-03-29,3971.09,3981.83,3943.25
SPX,2021-03-30,3958.55,3968.01,3944.35
SPX,2021-03-31,3972.89,3994.41,3966.98
SPX,2021-04-01,4019.87,4020.63,3992.78
SPX,2021-04-05,4077.91,4083.42,4034.44
SPX,2021-04-06,4073.94,4086.23,4068.14
SPX,2021-04-07,4079.95,4083.13,4068.31
SPX,2021-04-08,4097.17,4098.19,4082.54
SPX,2021-04-09,4128.8,4129.48,4095.51
SPX,2021-04-12,4127.99,4131.76,4114.82
SPX,2021-04-13,4141.59,4148.0,4124.43
SPX,2021-04-14,4124.66,4151.69,4120.87
SPX,2021-04-15,4170.42,4173.49,4139.76
SPX,2021-04-16,4185.47,4191.31,4170.75
SPX,2021-04-19,4163.26,4180.81,4150.47
SPX,2021-04-20,4134.94,4159.18,4118.38
SPX,2021-04-21,4173.42,4175.02,4126.35
SPX,2021-04-22,4134.98,4179.57,4123.69
SPX,2021-04-23,4180.17,4194.17,4138.78
SPX,2021-04-26,4187.62,4194.19,4182.36
SPX,2021-04-27,4186.72,4193.35,4176.22
SPX,2021-04-28,4183.18,4201.53,4181.78
SPX,2021-04-29,4211.47,4218.78,4176.81
SPX,2021-04-30,4181.17,4198.1,4174.85
SPX,2021-05-03,4192.66,4209.39,4188.03
SPX,2021-05-04,4164.66,4179.04,4128.59
SPX,2021-05-05,4167.59,4187.72,4160.94
SPX,2021-05-06,4201.62,4202.7,4147.33
SPX,2021-05-07,4232.6,4238.04,4201.64
SPX,2021-05-10,4188.43,4236.39,4188.13
SPX,2021-05-11,4152.1,4162.04,4111.53
SPX,2021-05-12,4063.04,4134.73,4056.88
SPX,2021-05-13,4112.5,4131.58,4074.99
SPX,2021-05-14,4173.85,4183.13,4129.58
SPX,2021-05-17,4163.29,4171.92,4142.69
SPX,2021-05-18,4127.83,4169.15,4125.99
SPX,2021-05-19,4115.68,4116.93,4061.41
SPX,2021-05-20,4159.12,4172.8,4121.97
SPX,2021-05-21,4155.86,4188.72,4151.72
SPX,2021-05-24,4197.05,4209.52,4170.16
SPX,2021-05-25,4188.13,4213.42,4182.52
SPX,2021-05-26,4195.99,4202.61,4184.11
SPX,2021-05-27,4200.88,4213.38,4197.78
SPX,2021-05-28,4204.11,4218.36,4203.57
SPX,2021-06-01,4202.04,4234.12,4197.59
SPX,2021-06-02,4208.12,4217.37,4198.27
SPX,2021-06-03,4192.85,4204.39,4167.93
SPX,2021-06-04,4229.89,4233.45,4206.05
SPX,2021-06-07,4226.52,4232.34,4215.66
SPX,2021-06-08,4227.26,4236.74,4208.41
SPX,2021-06-09,4219.55,4237.09,4218.74
SPX,2021-06-10,4239.18,4249.74,4220.34
SPX,2021-06-11,4247.44,4248.38,4232.25
SPX,2021-06-14,4255.15,4255.59,4234.07
SPX,2021-06-15,4246.59,4257.16,4238.35
SPX,2021-06-16,4223.7,4251.89,4202.45
SPX,2021-06-17,4221.86,4232.29,4196.05
SPX,2021-06-18,4166.45,4204.78,4164.4
SPX,2021-06-21,4224.79,4226.24,4173.4
SPX,2021-06-22,4246.44,4255.84,4217.27
SPX,2021-06-23,4241.84,4256.6,4241.43
SPX,2021-06-24,4266.49,4271.28,4256.97
SPX,2021-06-25,4280.7,4286.12,4271.16
SPX,2021-06-28,4290.61,4292.14,4274.67
SPX,2021-06-29,4291.8,4300.52,4287.04
SPX,2021-06-30,4297.5,4302.43,4287.96
SPX,2021-07-01,4319.94,4320.66,4300.73
SPX,2021-07-02,4352.34,4355.43,4326.6
SPX,2021-07-06,4343.54,4356.46,4314.37
SPX,2021-07-07,4358.13,4361.88,4329.79
SPX,2021-07-08,4320.82,4330.88,4289.37
SPX,2021-07-09,4369.55,4371.6,4329.38
SPX,2021-07-12,4384.63,4386.68,4364.03
SPX,2021-07-13,4369.21,4392.37,4366.92
SPX,2021-07-14,4374.3,4393.68,4362.36
SPX,2021-07-15,4360.03,4369.02,4340.7
SPX,2021-07-16,4327.16,4375.09,4322.53
SPX,2021-07-19,4258.49,4296.4,4233.13
SPX,2021-07-20,4323.06,4336.84,4262.05
SPX,2021-07-21,4358.69,4359.7,4331.13
SPX,2021-07-22,4367.48,4369.87,4350.06
SPX,2021-07-23,4411.79,4415.18,4381.2
SPX,2021-07-26,4422.3,4422.73,4405.45
SPX,2021-07-27,4401.46,4416.38,4372.51
SPX,2021-07-28,4400.64,4415.47,4387.01
SPX,2021-07-29,4419.15,4429.97,4403.59
SPX,2021-07-30,4395.26,4412.25,4389.65
SPX,2021-08-02,4387.16,4422.18,4384.81
SPX,2021-08-03,4423.15,4423.79,4373.0
SPX,2021-08-04,4402.66,4416.17,4400.23
SPX,2021-08-05,4429.1,4429.76,4408.86
SPX,2021-08-06,4436.52,4440.82,4429.07
SPX,2021-08-09,4432.35,4439.39,4424.74
SPX,2021-08-10,4436.75,4445.21,4430.03
SPX,2021-08-11,4447.7,4449.44,4436.42
SPX,2021-08-12,4460.83,4461.77,4435.96
SPX,2021-08-13,4468.0,4468.37,4460.82
SPX,2021-08-16,4479.71,4480.26,4437.66
SPX,2021-08-17,4448.08,4462.12,4417.83
SPX,2021-08-18,4400.27,4454.32,4397.59
SPX,2021-08-19,4405.8,4418.61,4367.73
