symbol,date,close,high,low
VIX,2002-05-10,25.03,25.75,24.46
VIX,2002-05-13,23.51,25.92,23.26
VIX,2002-05-14,21.75,22.9,20.74
VIX,2002-05-15,22.13,22.42,21.03
VIX,2002-05-16,21.45,22.25,20.88
VIX,2002-05-17,20.28,21.61,20.17
VIX,2002-05-20,21.56,21.95,20.96
VIX,2002-05-21,22.56,22.65,20.62
VIX,2002-05-22,21.59,23.19,21.52
VIX,2002-05-23,20.35,22.21,20.24
VIX,2002-05-24,21.16,21.74,20.6
VIX,2002-05-28,22.43,23.37,21.68
VIX,2002-05-29,23.1,23.47,22.49
VIX,2002-05-30,23.14,24.51,22.77
VIX,2002-05-31,22.8,23.62,22.0
VIX,2002-06-03,25.7,25.7,22.51
VIX,2002-06-04,26.94,27.93,25.94
VIX,2002-06-05,24.71,26.28,24.71
VIX,2002-06-06,27.46,28.22,25.51
VIX,2002-06-07,26.65,29.94,26.11
VIX,2002-06-10,26.15,27.06,25.47
VIX,2002-06-11,27.46,27.46,25.07
VIX,2002-06-12,27.01,29.34,26.98
VIX,2002-06-13,28.73,28.81,27.08
VIX,2002-06-14,29.93,36.01,29.24
VIX,2002-06-17,27.6,29.12,27.0
VIX,2002-06-18,27.33,28.57,26.93
VIX,2002-06-19,29.71,29.87,28.05
VIX,2002-06-20,32.5,32.5,29.95
VIX,2002-06-21,31.28,33.49,30.24
VIX,2002-06-24,29.87,32.88,29.27
VIX,2002-06-25,31.47,31.64,28.65
VIX,2002-06-26,32.33,35.99,32.29
VIX,2002-06-27,30.02,33.6,30.02
VIX,2002-06-28,29.13,30.35,28.6
VIX,2002-07-01,30.56,30.79,28.63
VIX,2002-07-02,33.69,34.64,31.33
VIX,2002-07-03,33.31,35.35,32.89
VIX,2002-07-05,30.21,32.38,29.26
VIX,2002-07-08,31.53,32.68,30.79
VIX,2002-07-09,33.92,34.23,31.15
VIX,2002-07-10,39.02,39.36,34.73
VIX,2002-07-11,38.64,41.64,38.45
VIX,2002-07-12,38.33,40.82,37.55
VIX,2002-07-15,39.3,43.76,38.43
VIX,2002-07-16,42.05,42.85,39.95
VIX,2002-07-17,39.8,42.14,38.94
VIX,2002-07-18,39.95,41.33,38.24
VIX,2002-07-19,43.45,43.79,40.73
VIX,2002-07-22,48.23,49.67,42.81
VIX,2002-07-23,50.48,52.48,47.22
VIX,2002-07-24,45.29,56.74,44.92
VIX,2002-07-25,44.65,47.88,43.11
VIX,2002-07-26,40.44,45.14,40.35
VIX,2002-07-29,33.73,37.44,33.35
VIX,2002-07-30,35.15,36.73,33.74
VIX,2002-07-31,35.21,37.49,34.96
VIX,2002-08-01,41.49,41.8,36.7
VIX,2002-08-02,45.39,48.97,40.9
VIX,2002-08-05,49.31,49.83,45.46
VIX,2002-08-06,45.73,47.29,44.09
VIX,2002-08-07,43.07,47.01,42.7
VIX,2002-08-08,39.8,43.85,39.71
VIX,2002-08-09,39.36,42.69,39.07
VIX,2002-08-12,40.46,42.94,39.98
VIX,2002-08-13,39.8,41.35,37.94
VIX,2002-08-14,36.36,41.68,36.09
VIX,2002-08-15,33.07,36.57,33.07
VIX,2002-08-16,32.82,35.06,32.05
VIX,2002-08-19,31.57,33.47,30.89
VIX,2002-08-20,32.56,34.01,32.05
VIX,2002-08-21,31.63,34.02,30.62
VIX,2002-08-22,30.96,32.54,30.44
VIX,2002-08-23,32.81,33.4,31.63
VIX,2002-08-26,32.29,35.21,31.85
VIX,2002-08-27,32.73,33.35,31.58
VIX,2002-08-28,36.23,36.96,33.88
VIX,2002-08-29,36.32,39.14,35.84
VIX,2002-08-30,35.8,37.51,34.91
VIX,2002-09-03,43.86,44.13,39.16
VIX,2002-09-04,39.94,43.44,39.45
VIX,2002-09-05,42.23,44.87,41.79
VIX,2002-09-06,40.04,41.04,39.22
VIX,2002-09-09,38.4,42.13,37.48
VIX,2002-09-10,36.96,38.4,36.78
VIX,2002-09-11,37.23,38.45,35.92
VIX,2002-09-12,40.72,41.07,39.09
VIX,2002-09-13,39.31,42.66,39.09
VIX,2002-09-16,40.54,43.08,39.59
VIX,2002-09-17,41.96,42.21,38.5
VIX,2002-09-18,40.89,44.3,40.3
VIX,2002-09-19,46.16,46.72,43.95
VIX,2002-09-20,44.55,46.1,43.39
VIX,2002-09-23,44.71,46.46,43.93
VIX,2002-09-24,45.38,46.77,44.18
VIX,2002-09-25,42.41,46.23,40.24
VIX,2002-09-26,40.12,41.73,39.87
VIX,2002-09-27,43.14,43.5,39.66
VIX,2002-09-30,44.57,47.5,43.19
VIX,2002-10-01,40.13,45.32,39.77
VIX,2002-10-02,43.36,43.78,40.1
VIX,2002-10-03,44.96,45.74,42.88
VIX,2002-10-04,46.28,48.85,43.45
VIX,2002-10-07,49.18,49.71,46.28
VIX,2002-10-08,46.46,49.32,45.45
VIX,2002-10-09,49.48,49.99,46.8
VIX,2002-10-10,46.29,50.48,46.17
VIX,2002-10-11,43.44,45.37,42.71
VIX,2002-10-14,42.61,44.05,42.12
VIX,2002-10-15,39.74,41.21,39.58
VIX,2002-10-16,41.97,42.47,40.29
VIX,2002-10-17,40.16,41.37,39.74
VIX,2002-10-18,39.82,41.47,39.37
VIX,2002-10-21,38.91,41.27,38.47
VIX,2002-10-22,39.34,40.44,38.95
VIX,2002-10-23,39.38,41.99,38.87
VIX,2002-10-24,39.9,40.24,37.9
VIX,2002-10-25,36.27,40.71,36.09
VIX,2002-10-28,35.67,36.35,34.2
VIX,2002-10-29,36.8,38.66,35.94
VIX,2002-10-30,36.08,37.67,35.76
VIX,2002-10-31,35.91,36.7,35.14
VIX,2002-11-01,33.98,36.62,33.57
VIX,2002-11-04,34.47,34.85,32.45
VIX,2002-11-05,34.28,34.98,33.5
VIX,2002-11-06,34.48,36.67,33.87
VIX,2002-11-07,35.28,35.91,34.36
VIX,2002-11-08,33.56,36.07,33.56
VIX,2002-11-11,36.11,36.21,35.06
VIX,2002-11-12,35.39,35.71,33.63
VIX,2002-11-13,36.28,36.87,34.53
VIX,2002-11-14,32.6,34.64,32.06
VIX,2002-11-15,30.83,33.32,30.83
VIX,2002-11-18,31.11,31.35,29.96
VIX,2002-11-19,31.36,32.7,30.73
VIX,2002-11-20,28.66,31.46,28.66
VIX,2002-11-21,27.37,28.87,27.21
VIX,2002-11-22,26.73,28.48,26.41
VIX,2002-11-25,26.95,28.26,26.82
VIX,2002-11-26,28.74,29.31,27.18
VIX,2002-11-27,30.84,30.84,26.91
VIX,2002-11-29,31.08,32.01,30.8
VIX,2002-12-02,30.05,31.64,29.97
VIX,2002-12-03,31.76,32.32,30.88
VIX,2002-12-04,32.14,33.14,31.14
VIX,2002-12-05,34.28,34.7,32.84
VIX,2002-12-06,32.68,35.58,32.65
VIX,2002-12-09,34.47,34.9,33.5
VIX,2002-12-10,31.67,34.11,31.44
VIX,2002-12-11,31.4,32.46,30.81
VIX,2002-12-12,30.81,31.86,30.38
VIX,2002-12-13,32.12,32.88,31.3
VIX,2002-12-16,29.98,32.73,29.83
VIX,2002-12-17,30.16,30.7,29.59
VIX,2002-12-18,31.75,32.33,30.89
VIX,2002-12-19,34.55,35.55,31.63
VIX,2002-12-20,31.47,34.38,30.98
VIX,2002-12-23,29.33,31.44,29.33
VIX,2002-12-24,30.01,30.35,29.49
VIX,2002-12-26,31.08,31.61,30.1
VIX,2002-12-27,34.15,34.74,32.02
VIX,2002-12-30,32.56,34.49,32.45
VIX,2002-12-31,32.03,33.92,31.64
VIX,2003-01-02,28.52,32.98,28.37
VIX,2003-01-03,27.98,29.09,27.92
VIX,2003-01-06,27.41,27.76,26.45
VIX,2003-01-07,27.48,28.28,27.0
VIX,2003-01-08,28.42,28.78,27.47
VIX,2003-01-09,26.88,27.88,26.19
VIX,2003-01-10,27.13,27.76,26.54
VIX,2003-01-13,27.52,27.83,26.31
VIX,2003-01-14,26.55,27.78,26.55
VIX,2003-01-15,27.86,28.44,27.31
VIX,2003-01-16,27.67,28.51,27.09
VIX,2003-01-17,28.68,29.5,28.03
VIX,2003-01-21,30.53,31.18,29.22
VIX,2003-01-22,32.01,32.4,30.56
VIX,2003-01-23,30.97,33.22,30.42
VIX,2003-01-24,35.77,37.11,31.23
VIX,2003-01-27,39.77,40.89,36.71
VIX,2003-01-28,35.52,38.68,35.52
VIX,2003-01-29,35.22,38.28,35.19
VIX,2003-01-30,36.37,36.55,34.75
VIX,2003-01-31,35.78,37.37,34.97
VIX,2003-02-03,33.98,35.65,33.85
VIX,2003-02-04,36.7,38.08,36.22
VIX,2003-02-05,36.84,37.51,35.52
VIX,2003-02-06,38.52,39.64,37.28
VIX,2003-02-07,38.8,39.79,37.5
VIX,2003-02-10,37.7,40.48,37.53
VIX,2003-02-11,37.35,38.05,35.53
VIX,2003-02-12,39.1,39.45,38.11
VIX,2003-02-13,38.45,40.68,37.73
VIX,2003-02-14,37.1,39.53,36.98
VIX,2003-02-18,35.56,37.06,35.25
VIX,2003-02-19,35.22,36.4,35.07
VIX,2003-02-20,35.67,36.77,35.38
VIX,2003-02-21,34.14,37.17,34.14
VIX,2003-02-24,36.77,36.78,35.43
VIX,2003-02-25,36.12,38.13,35.92
VIX,2003-02-26,37.02,37.5,35.97
VIX,2003-02-27,35.18,37.05,34.9
VIX,2003-02-28,34.15,34.86,33.39
VIX,2003-03-03,34.09,34.35,32.98
VIX,2003-03-04,36.58,36.58,35.19
VIX,2003-03-05,34.23,36.54,34.2
VIX,2003-03-06,36.34,36.88,35.07
VIX,2003-03-07,35.65,37.8,35.39
VIX,2003-03-10,37.85,38.26,37.11
VIX,2003-03-11,38.08,38.4,36.87
VIX,2003-03-12,38.99,41.16,38.88
VIX,2003-03-13,35.93,38.23,35.8
VIX,2003-03-14,36.33,36.85,35.27
VIX,2003-03-17,36.46,37.75,36.39
VIX,2003-03-18,35.78,37.47,35.19
VIX,2003-03-19,36.18,36.39,34.87
VIX,2003-03-20,35.26,38.1,34.36
VIX,2003-03-21,33.62,34.6,32.83
VIX,2003-03-24,35.2,36.05,34.13
VIX,2003-03-25,32.66,35.14,32.5
VIX,2003-03-26,32.16,33.52,32.05
VIX,2003-03-27,32.15,33.94,31.5
VIX,2003-03-28,32.18,33.3,32.13
VIX,2003-03-31,33.37,34.37,32.35
VIX,2003-04-01,32.1,34.02,31.44
VIX,2003-04-02,31.29,31.43,30.49
VIX,2003-04-03,32.34,32.58,31.53
VIX,2003-04-04,32.8,34.39,31.61
VIX,2003-04-07,31.73,32.29,30.51
VIX,2003-04-08,29.59,30.96,29.33
VIX,2003-04-09,30.91,30.91,29.3
VIX,2003-04-10,28.96,30.77,28.83
VIX,2003-04-11,28.27,29.4,27.77
VIX,2003-04-14,26.47,28.86,26.02
VIX,2003-04-15,26.04,27.43,25.49
VIX,2003-04-16,26.09,26.55,25.2
VIX,2003-04-17,24.59,26.44,24.46
VIX,2003-04-21,24.27,25.48,24.27
VIX,2003-04-22,23.51,25.14,23.21
VIX,2003-04-23,23.49,24.51,23.31
VIX,2003-04-24,23.29,24.48,23.04
VIX,2003-04-25,23.9,24.73,23.44
VIX,2003-04-28,23.05,23.69,22.65
VIX,2003-04-29,23.53,24.3,23.03
VIX,2003-04-30,23.77,24.12,23.35
VIX,2003-05-01,24.5,25.7,24.01
VIX,2003-05-02,23.61,24.65,23.57
VIX,2003-05-05,23.24,24.13,23.06
VIX,2003-05-06,23.26,23.81,22.47
VIX,2003-05-07,23.71,24.6,23.14
VIX,2003-05-08,23.69,24.4,23.08
VIX,2003-05-12,21.42,23.15,21.35
VIX,2003-05-13,22.03,22.91,21.57
VIX,2003-05-14,22.76,23.23,22.26
VIX,2003-05-15,21.67,22.82,21.47
VIX,2003-05-16,21.01,22.74,20.57
VIX,2003-05-19,23.04,23.33,21.25
VIX,2003-05-20,23.37,25.08,22.37
VIX,2003-05-21,23.21,24.59,22.87
VIX,2003-05-22,21.62,23.65,21.59
VIX,2003-05-23,21.38,22.62,21.16
VIX,2003-05-27,21.77,22.77,21.17
VIX,2003-05-28,22.0,22.51,21.55
VIX,2003-05-29,22.49,22.83,21.55
VIX,2003-05-30,21.7,22.71,21.61
VIX,2003-06-02,22.23,22.74,20.97
VIX,2003-06-03,22.45,23.42,22.34
VIX,2003-06-04,22.48,23.3,22.37
VIX,2003-06-06,23.43,23.69,22.59
VIX,2003-06-09,23.71,24.66,23.67
VIX,2003-06-10,22.13,23.49,21.99
VIX,2003-06-11,22.12,22.97,21.79
VIX,2003-06-12,22.33,23.11,22.05
VIX,2003-06-13,22.88,23.54,22.31
VIX,2003-06-16,22.24,23.4,21.65
VIX,2003-06-17,21.77,23.37,21.48
VIX,2003-06-18,21.6,22.67,21.44
VIX,2003-06-19,22.01,22.27,21.32
VIX,2003-06-20,21.09,21.98,20.69
VIX,2003-06-23,22.66,23.02,21.32
VIX,2003-06-24,22.76,23.03,22.06
VIX,2003-06-25,23.19,23.97,22.73
VIX,2003-06-26,21.8,23.07,21.64
VIX,2003-06-27,21.71,22.51,21.12
VIX,2003-06-30,21.62,22.04,20.98
VIX,2003-07-01,21.29,23.11,21.18
VIX,2003-07-02,21.14,21.74,21.02
VIX,2003-07-03,21.61,22.16,20.55
VIX,2003-07-07,22.05,22.54,21.79
VIX,2003-07-08,21.4,22.31,21.11
VIX,2003-07-09,21.03,22.22,20.88
VIX,2003-07-10,21.53,22.3,21.34
VIX,2003-07-11,20.72,22.23,20.63
VIX,2003-07-14,21.41,21.8,20.6
VIX,2003-07-15,21.84,22.34,21.3
VIX,2003-07-16,22.29,22.74,21.62
VIX,2003-07-17,22.82,23.47,22.34
VIX,2003-07-18,21.36,23.11,21.29
VIX,2003-07-21,22.12,22.78,21.76
VIX,2003-07-22,20.98,22.38,20.96
VIX,2003-07-23,20.44,21.82,20.37
VIX,2003-07-24,20.46,20.66,19.63
VIX,2003-07-25,19.94,21.29,19.86
VIX,2003-07-28,19.93,20.43,19.74
VIX,2003-07-29,20.23,21.07,19.96
VIX,2003-07-30,20.72,21.06,20.54
VIX,2003-07-31,21.24,21.44,20.4
VIX,2003-08-01,22.78,23.11,22.03
VIX,2003-08-04,22.65,24.9,22.39
VIX,2003-08-05,24.11,24.12,22.66
VIX,2003-08-06,23.3,25.88,23.09
VIX,2003-08-07,21.89,23.57,21.73
VIX,2003-08-08,21.29,22.03,21.22
VIX,2003-08-11,21.42,22.43,21.16
VIX,2003-08-12,20.21,21.6,20.19
VIX,2003-08-13,20.62,21.69,20.17
VIX,2003-08-14,20.51,21.53,20.22
VIX,2003-08-15,20.2,21.23,20.05
VIX,2003-08-18,19.28,20.3,19.06
VIX,2003-08-19,19.23,20.19,19.11
VIX,2003-08-20,19.71,20.18,19.35
VIX,2003-08-21,19.53,20.55,19.38
VIX,2003-08-22,20.27,20.54,19.41
VIX,2003-08-25,20.32,20.94,20.23
VIX,2003-08-27,20.34,21.07,20.28
VIX,2003-08-28,19.93,21.31,19.81
VIX,2003-08-29,19.49,20.66,19.41
VIX,2003-09-02,19.95,20.93,19.79
VIX,2003-09-03,20.43,20.89,19.94
VIX,2003-09-04,19.89,21.24,19.86
VIX,2003-09-05,19.37,20.16,19.22
VIX,2003-09-08,18.79,19.54,18.79
VIX,2003-09-09,19.68,20.02,19.2
VIX,2003-09-10,21.26,21.4,20.21
VIX,2003-09-11,20.5,21.46,20.24
VIX,2003-09-12,20.25,21.9,20.13
VIX,2003-09-15,20.25,21.44,20.25
VIX,2003-09-16,19.31,20.85,19.25
VIX,2003-09-17,19.62,20.14,19.47
VIX,2003-09-18,19.3,20.37,19.17
VIX,2003-09-19,19.07,19.79,19.03
VIX,2003-09-22,19.65,20.03,19.03
VIX,2003-09-23,19.47,19.97,19.31
VIX,2003-09-24,21.22,21.26,19.44
VIX,2003-09-25,22.26,22.27,21.04
VIX,2003-09-26,22.23,22.73,21.85
VIX,2003-09-29,21.67,22.85,21.64
VIX,2003-09-30,22.72,23.26,22.03
VIX,2003-10-01,21.07,22.82,20.99
VIX,2003-10-02,20.8,21.45,20.71
VIX,2003-10-03,19.5,20.09,18.95
VIX,2003-10-06,19.51,20.69,19.45
VIX,2003-10-07,19.41,20.14,19.4
VIX,2003-10-08,19.18,19.61,19.08
VIX,2003-10-09,18.82,19.28,18.26
VIX,2003-10-10,18.45,18.92,18.42
VIX,2003-10-13,17.55,17.91,17.42
VIX,2003-10-14,17.37,17.79,17.2
VIX,2003-10-15,17.69,17.96,16.98
VIX,2003-10-16,17.19,18.05,16.86
VIX,2003-10-17,17.62,17.85,16.97
VIX,2003-10-21,16.55,17.23,16.19
VIX,2003-10-22,17.67,17.98,17.1
VIX,2003-10-23,17.68,18.51,17.48
VIX,2003-10-24,17.71,18.68,17.67
VIX,2003-10-27,18.05,18.18,17.74
VIX,2003-10-28,16.82,17.89,16.77
VIX,2003-10-29,16.43,17.02,16.34
VIX,2003-10-30,16.33,16.76,16.01
VIX,2003-10-31,16.1,16.19,15.79
VIX,2003-11-03,16.55,16.7,16.22
VIX,2003-11-04,16.55,16.78,16.45
VIX,2003-11-05,16.86,17.32,16.55
VIX,2003-11-06,16.74,17.37,16.62
VIX,2003-11-07,16.93,16.93,16.5
VIX,2003-11-10,17.62,17.88,17.53
VIX,2003-11-11,17.54,18.53,17.5
VIX,2003-11-12,16.75,17.85,16.55
VIX,2003-11-13,16.47,17.13,16.43
VIX,2003-11-14,16.94,17.0,16.17
VIX,2003-11-17,18.6,19.36,18.04
VIX,2003-11-18,19.11,19.17,17.78
VIX,2003-11-19,18.8,19.51,18.65
VIX,2003-11-20,19.48,19.61,18.46
VIX,2003-11-21,18.98,19.4,18.82
VIX,2003-11-24,17.44,18.98,17.19
VIX,2003-11-25,16.71,17.87,16.4
VIX,2003-11-26,16.23,17.26,16.02
VIX,2003-11-28,16.32,16.62,16.16
VIX,2003-12-01,16.77,17.03,16.17
VIX,2003-12-02,16.27,16.89,16.17
VIX,2003-12-03,16.63,16.68,15.77
VIX,2003-12-04,16.3,16.83,16.29
VIX,2003-12-05,17.09,17.32,16.5
VIX,2003-12-08,16.54,17.59,16.52
VIX,2003-12-09,17.63,17.8,16.56
VIX,2003-12-10,17.87,18.27,17.58
VIX,2003-12-11,16.73,17.95,16.51
VIX,2003-12-12,16.41,16.98,16.09
VIX,2003-12-15,17.23,17.42,15.79
VIX,2003-12-16,15.93,17.45,15.9
VIX,2003-12-17,15.58,16.27,15.52
VIX,2003-12-18,16.16,16.19,14.66
VIX,2003-12-19,16.42,16.81,15.71
VIX,2003-12-22,16.94,17.31,16.61
VIX,2003-12-23,16.49,17.4,16.29
VIX,2003-12-24,16.66,16.77,16.24
VIX,2003-12-26,17.45,17.49,16.63
VIX,2003-12-29,17.09,17.86,17.07
VIX,2003-12-30,17.68,17.97,17.2
VIX,2004-01-02,18.22,18.68,17.54
VIX,2004-01-05,17.49,18.49,17.44
VIX,2004-01-06,16.73,17.67,16.19
VIX,2004-01-07,15.5,16.75,15.5
VIX,2004-01-08,15.61,15.68,15.32
VIX,2004-01-09,16.75,16.88,15.57
VIX,2004-01-12,16.82,17.46,16.79
VIX,2004-01-13,18.04,18.33,16.53
VIX,2004-01-14,16.75,17.3,16.4
VIX,2004-01-15,15.56,17.31,15.49
VIX,2004-01-16,15.0,15.44,14.9
VIX,2004-01-20,15.21,16.13,15.09
VIX,2004-01-21,14.34,15.63,14.24
VIX,2004-01-22,14.71,14.87,14.01
VIX,2004-01-23,14.84,15.05,14.56
VIX,2004-01-26,14.55,15.78,14.52
VIX,2004-01-27,15.35,15.44,14.74
VIX,2004-01-28,16.78,16.78,15.29
VIX,2004-01-29,17.14,17.66,16.79
VIX,2004-01-30,16.63,17.35,16.55
VIX,2004-02-02,17.11,17.56,16.67
VIX,2004-02-03,17.34,17.78,17.17
VIX,2004-02-04,17.87,18.06,17.46
VIX,2004-02-05,17.71,17.99,17.6
VIX,2004-02-06,16.0,17.71,15.94
VIX,2004-02-09,16.39,16.82,16.12
VIX,2004-02-10,15.94,16.76,15.84
VIX,2004-02-11,15.39,16.16,15.26
VIX,2004-02-12,15.31,15.72,15.23
VIX,2004-02-13,15.58,16.03,14.86
VIX,2004-02-17,15.4,15.96,15.32
VIX,2004-02-18,15.59,15.76,15.3
VIX,2004-02-19,15.8,15.97,15.2
VIX,2004-02-20,16.04,16.55,15.82
VIX,2004-02-23,16.29,16.78,16.25
VIX,2004-02-24,15.9,16.76,15.77
VIX,2004-02-25,14.93,16.05,14.93
VIX,2004-02-26,14.83,15.33,14.69
VIX,2004-02-27,14.55,14.77,13.8
VIX,2004-03-01,14.44,15.05,14.4
VIX,2004-03-02,14.86,14.89,14.18
VIX,2004-03-03,14.55,15.27,14.47
VIX,2004-03-04,14.4,14.5,14.19
VIX,2004-03-05,14.48,14.82,13.83
VIX,2004-03-08,15.79,15.83,14.54
VIX,2004-03-09,16.6,16.74,15.56
VIX,2004-03-10,18.67,18.7,16.11
VIX,2004-03-11,20.67,20.69,17.63
VIX,2004-03-12,18.3,20.08,18.06
VIX,2004-03-15,21.13,21.39,18.86
VIX,2004-03-16,20.34,20.94,19.86
VIX,2004-03-17,18.11,19.55,17.98
VIX,2004-03-18,18.53,19.23,18.35
VIX,2004-03-19,19.15,19.25,17.89
VIX,2004-03-22,21.58,22.67,20.61
VIX,2004-03-23,20.67,21.33,20.01
VIX,2004-03-24,19.81,20.83,19.45
VIX,2004-03-25,17.88,19.58,17.61
VIX,2004-03-26,17.33,18.23,16.67
VIX,2004-03-29,16.5,17.17,16.29
VIX,2004-03-30,16.28,16.8,16.13
VIX,2004-03-31,16.74,16.96,16.23
VIX,2004-04-01,16.65,17.25,16.65
VIX,2004-04-02,15.64,16.55,15.21
VIX,2004-04-05,14.97,16.64,14.81
VIX,2004-04-06,15.32,15.53,15.07
VIX,2004-04-07,15.76,16.36,15.34
VIX,2004-04-08,16.26,16.82,14.96
VIX,2004-04-12,15.28,16.12,15.0
VIX,2004-04-13,17.26,17.98,15.29
VIX,2004-04-14,15.62,17.71,15.6
VIX,2004-04-15,15.74,16.78,15.22
VIX,2004-04-16,14.94,15.69,14.77
VIX,2004-04-19,15.42,16.08,15.33
VIX,2004-04-20,16.67,16.72,14.79
VIX,2004-04-21,15.6,16.94,15.55
VIX,2004-04-22,14.61,15.98,13.86
VIX,2004-04-23,14.01,14.56,12.89
VIX,2004-04-26,14.77,15.22,14.39
VIX,2004-04-27,15.07,15.17,14.37
VIX,2004-04-28,16.29,16.54,15.55
VIX,2004-04-29,16.6,17.27,15.87
VIX,2004-04-30,17.19,17.23,16.14
VIX,2004-05-03,16.62,17.72,16.61
VIX,2004-05-04,16.55,17.13,15.97
VIX,2004-05-05,15.77,16.55,15.64
VIX,2004-05-06,17.05,17.67,16.45
VIX,2004-05-07,18.13,18.17,16.44
VIX,2004-05-10,19.77,20.2,18.99
VIX,2004-05-11,18.57,19.28,17.94
VIX,2004-05-12,18.14,20.41,18.14
VIX,2004-05-13,18.86,18.92,17.97
VIX,2004-05-14,18.47,19.27,18.06
VIX,2004-05-17,19.96,20.45,19.65
VIX,2004-05-18,19.33,19.7,19.14
VIX,2004-05-19,18.93,18.93,17.58
VIX,2004-05-20,18.67,19.25,18.55
VIX,2004-05-21,18.49,18.74,18.0
VIX,2004-05-24,18.08,18.82,17.96
VIX,2004-05-25,15.96,18.42,15.73
VIX,2004-05-26,15.97,16.3,15.78
VIX,2004-05-27,15.28,15.86,15.19
VIX,2004-05-28,15.5,15.65,15.39
VIX,2004-06-01,16.3,16.96,16.19
VIX,2004-06-02,16.08,16.7,15.95
VIX,2004-06-03,17.03,17.04,16.16
VIX,2004-06-04,16.78,16.9,15.82
VIX,2004-06-07,15.39,16.7,15.33
VIX,2004-06-08,15.01,15.88,15.0
VIX,2004-06-09,15.39,15.46,14.56
VIX,2004-06-10,15.04,15.35,14.92
VIX,2004-06-14,16.07,16.36,15.54
VIX,2004-06-15,15.05,15.35,14.72
VIX,2004-06-16,14.79,15.22,14.48
VIX,2004-06-17,15.15,15.58,15.0
VIX,2004-06-18,14.99,15.25,14.51
VIX,2004-06-21,15.26,15.62,14.96
VIX,2004-06-22,14.31,15.64,14.31
VIX,2004-06-23,13.98,14.82,13.75
VIX,2004-06-24,14.81,14.97,14.16
VIX,2004-06-25,15.19,15.29,14.47
VIX,2004-06-28,16.07,16.13,15.19
VIX,2004-06-29,15.47,16.28,15.22
VIX,2004-06-30,14.34,15.73,14.25
VIX,2004-07-01,15.2,15.57,14.41
VIX,2004-07-02,15.08,15.45,14.8
VIX,2004-07-06,16.25,16.75,16.13
VIX,2004-07-07,15.81,16.47,15.59
VIX,2004-07-08,16.2,16.36,15.5
VIX,2004-07-09,15.78,16.03,15.71
VIX,2004-07-12,14.96,15.61,14.61
VIX,2004-07-13,14.46,15.08,14.28
VIX,2004-07-14,13.76,16.59,13.34
VIX,2004-07-15,14.71,14.73,13.6
VIX,2004-07-16,14.34,14.58,13.95
VIX,2004-07-19,15.17,15.83,14.86
VIX,2004-07-20,14.17,15.57,13.98
VIX,2004-07-21,16.41,16.46,13.91
VIX,2004-07-22,15.75,17.1,15.29
VIX,2004-07-23,16.5,16.94,15.82
VIX,2004-07-26,17.3,17.93,16.98
VIX,2004-07-27,16.55,17.34,16.3
VIX,2004-07-28,16.15,17.41,15.94
VIX,2004-07-29,15.68,16.12,15.42
VIX,2004-07-30,15.32,15.89,15.27
VIX,2004-08-02,15.37,16.58,15.22
VIX,2004-08-03,16.03,16.05,15.28
VIX,2004-08-04,16.21,16.65,15.82
VIX,2004-08-05,18.32,18.41,16.17
VIX,2004-08-06,19.34,19.68,18.18
VIX,2004-08-09,18.89,19.97,18.63
VIX,2004-08-10,17.47,18.86,17.27
VIX,2004-08-11,18.04,18.49,17.84
VIX,2004-08-12,19.08,19.3,18.36
VIX,2004-08-13,17.98,19.25,17.97
VIX,2004-08-16,17.57,19.28,17.42
VIX,2004-08-17,17.02,17.28,16.16
VIX,2004-08-18,16.23,17.55,16.13
VIX,2004-08-19,16.96,17.55,16.31
VIX,2004-08-20,16.0,17.04,15.78
VIX,2004-08-23,15.88,16.71,15.79
VIX,2004-08-24,15.33,15.81,15.33
VIX,2004-08-25,14.98,15.76,14.81
VIX,2004-08-26,14.91,15.22,14.76
VIX,2004-08-27,14.71,15.02,14.67
VIX,2004-08-30,15.44,15.58,15.3
VIX,2004-08-31,15.29,15.85,15.28
VIX,2004-09-01,14.91,15.39,14.72
VIX,2004-09-02,14.28,15.05,14.18
VIX,2004-09-03,13.91,14.38,13.79
VIX,2004-09-07,14.07,14.64,14.03
VIX,2004-09-08,14.06,14.31,13.41
VIX,2004-09-09,14.01,14.41,13.7
VIX,2004-09-10,13.76,14.23,13.69
VIX,2004-09-13,13.17,13.78,13.16
VIX,2004-09-14,13.56,13.89,13.5
VIX,2004-09-15,14.64,14.67,13.68
VIX,2004-09-16,14.39,14.66,14.27
VIX,2004-09-17,14.03,14.43,13.93
VIX,2004-09-20,14.43,15.29,13.98
VIX,2004-09-21,13.66,15.98,13.38
VIX,2004-09-22,14.74,15.3,13.95
VIX,2004-09-23,14.8,15.08,14.61
VIX,2004-09-24,14.28,14.94,14.08
VIX,2004-09-27,14.62,14.62,14.55
VIX,2004-09-28,13.83,14.84,13.69
VIX,2004-09-29,13.21,14.14,13.2
VIX,2004-09-30,13.34,13.67,13.2
VIX,2004-10-01,12.75,13.11,12.6
VIX,2004-10-04,13.41,13.45,12.99
VIX,2004-10-05,13.95,14.19,13.51
VIX,2004-10-06,13.28,14.1,13.24
VIX,2004-10-07,14.5,14.66,13.32
VIX,2004-10-08,15.05,15.52,13.78
VIX,2004-10-11,14.71,15.27,14.28
VIX,2004-10-12,15.05,15.69,14.91
VIX,2004-10-13,15.42,15.63,13.92
VIX,2004-10-14,16.43,16.56,15.22
VIX,2004-10-15,15.04,16.49,14.72
VIX,2004-10-18,14.71,16.16,14.64
VIX,2004-10-19,15.13,16.32,14.32
VIX,2004-10-20,14.85,15.53,14.8
VIX,2004-10-21,14.54,15.19,14.28
VIX,2004-10-22,15.28,15.41,14.31
VIX,2004-10-25,16.58,16.71,16.02
VIX,2004-10-26,16.39,16.87,15.97
VIX,2004-10-27,15.72,16.53,15.66
VIX,2004-10-28,15.39,16.05,15.36
VIX,2004-10-29,16.27,16.29,14.96
VIX,2004-11-01,16.27,16.76,16.18
VIX,2004-11-02,16.18,16.32,15.21
VIX,2004-11-03,14.04,15.18,13.79
VIX,2004-11-04,13.97,14.02,12.95
VIX,2004-11-05,13.84,14.1,13.23
VIX,2004-11-08,13.8,14.48,13.8
VIX,2004-11-09,13.61,13.96,12.89
VIX,2004-11-10,13.08,13.51,12.79
VIX,2004-11-11,13.04,13.12,12.64
VIX,2004-11-12,13.33,13.48,13.04
VIX,2004-11-15,13.38,14.06,13.25
VIX,2004-11-16,13.21,13.67,13.2
VIX,2004-11-17,13.21,13.39,12.77
VIX,2004-11-18,12.98,13.29,12.96
VIX,2004-11-19,13.5,13.83,12.77
VIX,2004-11-22,12.97,13.71,12.94
VIX,2004-11-23,12.67,12.91,12.57
VIX,2004-11-24,12.72,12.89,12.56
VIX,2004-11-26,12.79,14.98,12.59
VIX,2004-11-29,13.3,13.69,12.93
VIX,2004-11-30,13.24,13.38,13.07
VIX,2004-12-01,12.97,13.12,12.77
VIX,2004-12-02,12.98,12.98,12.72
VIX,2004-12-03,12.96,13.06,12.4
VIX,2004-12-06,13.19,13.4,12.93
VIX,2004-12-07,13.67,13.74,12.96
VIX,2004-12-08,13.19,13.68,13.18
VIX,2004-12-09,12.88,13.71,12.77
VIX,2004-12-10,12.76,13.15,12.68
VIX,2004-12-13,12.54,12.61,12.13
VIX,2004-12-14,12.73,12.97,12.21
VIX,2004-12-15,12.35,12.88,12.23
VIX,2004-12-16,12.27,12.59,11.96
VIX,2004-12-17,11.95,12.75,11.87
VIX,2004-12-20,11.83,12.34,11.77
VIX,2004-12-21,11.55,12.0,11.37
VIX,2004-12-22,11.45,11.71,11.37
VIX,2004-12-23,11.23,11.64,11.14
VIX,2004-12-27,12.14,12.16,11.53
VIX,2004-12-28,12.0,12.4,11.97
VIX,2004-12-29,11.62,11.79,11.61
VIX,2004-12-30,12.56,12.61,12.18
VIX,2004-12-31,13.29,13.29,12.42
VIX,2005-01-03,14.08,14.23,13.25
VIX,2005-01-04,13.98,14.45,13.93
VIX,2005-01-05,14.09,14.09,13.26
VIX,2005-01-06,13.58,14.09,13.33
VIX,2005-01-07,13.49,13.51,12.94
VIX,2005-01-10,13.23,13.93,12.94
VIX,2005-01-11,13.19,13.68,13.05
VIX,2005-01-12,12.56,13.94,12.54
VIX,2005-01-13,12.84,12.86,12.37
VIX,2005-01-14,12.43,12.82,12.29
VIX,2005-01-18,12.47,13.15,12.3
VIX,2005-01-19,13.18,13.21,12.41
VIX,2005-01-20,13.83,14.11,13.28
VIX,2005-01-21,14.36,14.46,13.4
VIX,2005-01-24,14.65,14.75,14.17
VIX,2005-01-25,14.06,14.36,13.88
VIX,2005-01-26,13.44,13.84,13.06
VIX,2005-01-27,13.24,13.57,12.96
VIX,2005-01-28,13.24,13.24,12.83
VIX,2005-01-31,12.82,13.63,12.79
VIX,2005-02-01,12.03,13.02,12.02
VIX,2005-02-02,11.66,12.06,11.52
VIX,2005-02-03,11.79,12.12,11.72
VIX,2005-02-04,11.21,11.97,10.9
VIX,2005-02-07,11.73,11.75,11.36
VIX,2005-02-08,11.6,11.67,11.45
VIX,2005-02-09,12.0,12.02,11.41
VIX,2005-02-10,11.51,11.99,11.38
VIX,2005-02-11,11.43,11.82,11.25
VIX,2005-02-14,11.52,11.86,11.18
VIX,2005-02-15,11.27,11.76,11.13
VIX,2005-02-16,11.1,11.5,11.03
VIX,2005-02-17,11.77,11.91,11.21
VIX,2005-02-18,11.18,12.12,11.18
VIX,2005-02-22,13.14,13.2,12.09
VIX,2005-02-23,12.39,12.94,12.3
VIX,2005-02-24,11.57,12.51,11.48
VIX,2005-02-25,11.49,11.78,10.92
VIX,2005-02-28,12.08,12.5,11.73
VIX,2005-03-01,12.04,12.1,11.66
VIX,2005-03-02,12.5,12.91,12.2
VIX,2005-03-03,12.93,13.07,12.23
VIX,2005-03-04,11.94,12.5,11.94
VIX,2005-03-07,12.26,12.6,12.05
VIX,2005-03-08,12.4,12.5,11.95
VIX,2005-03-09,12.7,12.72,12.2
VIX,2005-03-10,12.49,12.97,12.42
VIX,2005-03-11,12.8,12.98,12.11
VIX,2005-03-14,12.39,12.99,12.36
VIX,2005-03-15,13.15,13.22,12.33
VIX,2005-03-16,13.49,13.81,13.19
VIX,2005-03-17,13.29,13.67,13.2
VIX,2005-03-18,13.14,13.67,13.08
VIX,2005-03-21,13.61,13.98,13.33
VIX,2005-03-22,14.27,14.28,13.15
VIX,2005-03-23,14.06,14.89,13.88
VIX,2005-03-24,13.42,13.88,12.97
VIX,2005-03-28,13.75,14.01,13.44
VIX,2005-03-29,14.49,14.68,13.38
VIX,2005-03-30,13.64,14.47,13.64
VIX,2005-03-31,14.02,14.1,13.57
VIX,2005-04-01,14.09,14.38,12.92
VIX,2005-04-04,14.11,14.76,13.96
VIX,2005-04-05,13.68,14.11,13.66
VIX,2005-04-06,13.15,13.76,12.89
VIX,2005-04-07,12.33,12.96,12.3
VIX,2005-04-08,12.62,12.65,11.52
VIX,2005-04-11,11.98,12.46,11.82
VIX,2005-04-12,11.3,12.83,11.19
VIX,2005-04-13,13.31,13.44,11.27
VIX,2005-04-14,14.53,14.6,12.67
VIX,2005-04-15,17.74,18.05,14.71
VIX,2005-04-18,16.56,18.59,16.41
VIX,2005-04-19,14.96,15.97,14.81
VIX,2005-04-20,16.92,17.25,14.52
VIX,2005-04-21,14.41,16.22,14.26
VIX,2005-04-22,15.38,16.32,14.2
VIX,2005-04-25,14.62,15.47,14.6
VIX,2005-04-26,14.91,15.15,14.27
VIX,2005-04-27,14.87,15.93,14.43
VIX,2005-04-28,16.86,16.87,14.19
VIX,2005-04-29,15.31,16.92,15.26
VIX,2005-05-02,15.12,16.01,15.08
VIX,2005-05-03,14.53,15.31,14.53
VIX,2005-05-04,13.85,15.38,13.7
VIX,2005-05-05,13.98,15.82,13.43
VIX,2005-05-06,14.05,14.06,13.11
VIX,2005-05-09,13.75,14.56,13.53
VIX,2005-05-10,14.91,15.11,14.03
VIX,2005-05-11,14.45,15.8,14.31
VIX,2005-05-12,16.12,16.23,14.16
VIX,2005-05-13,16.32,17.7,15.4
VIX,2005-05-16,15.68,16.87,15.67
VIX,2005-05-17,14.57,16.21,14.45
VIX,2005-05-18,13.63,14.18,13.3
VIX,2005-05-19,13.32,14.02,13.25
VIX,2005-05-20,13.14,13.73,13.07
VIX,2005-05-23,12.95,13.45,12.75
VIX,2005-05-24,12.69,13.3,12.53
VIX,2005-05-25,12.58,13.11,12.58
VIX,2005-05-26,12.24,12.38,11.65
VIX,2005-05-27,12.15,12.43,12.06
VIX,2005-05-31,13.29,13.45,12.67
VIX,2005-06-01,12.36,13.34,12.17
VIX,2005-06-02,11.84,12.43,11.8
VIX,2005-06-03,12.15,12.49,11.52
VIX,2005-06-06,12.28,12.28,12.21
VIX,2005-06-07,12.39,12.43,11.47
VIX,2005-06-08,12.7,13.11,12.05
VIX,2005-06-09,12.08,13.07,12.06
VIX,2005-06-10,11.96,12.4,11.9
VIX,2005-06-13,11.65,12.12,11.31
VIX,2005-06-14,11.79,12.02,11.52
VIX,2005-06-15,11.46,11.96,11.05
VIX,2005-06-16,11.15,11.36,11.04
VIX,2005-06-17,11.48,11.64,10.78
VIX,2005-06-20,11.47,12.53,11.31
VIX,2005-06-21,11.08,11.67,11.01
VIX,2005-06-22,11.05,11.31,10.81
VIX,2005-06-23,12.13,12.13,10.96
VIX,2005-06-24,12.18,12.32,11.95
VIX,2005-06-27,12.52,12.52,12.38
VIX,2005-06-28,11.58,12.31,11.55
VIX,2005-06-29,11.77,11.78,11.44
VIX,2005-06-30,12.04,12.1,11.5
VIX,2005-07-01,11.4,11.92,11.38
VIX,2005-07-05,11.68,12.41,11.53
VIX,2005-07-06,12.27,12.33,11.54
VIX,2005-07-07,12.49,13.92,12.48
VIX,2005-07-08,11.45,12.29,11.09
VIX,2005-07-11,11.28,11.41,10.53
VIX,2005-07-12,10.95,11.37,10.85
VIX,2005-07-13,10.84,11.44,10.8
VIX,2005-07-14,10.81,11.13,10.5
VIX,2005-07-15,10.33,10.9,10.13
VIX,2005-07-18,10.77,11.09,10.77
VIX,2005-07-19,10.45,10.79,10.36
VIX,2005-07-20,10.23,10.23,9.88
VIX,2005-07-21,10.97,11.21,10.23
VIX,2005-07-22,10.52,11.05,10.51
VIX,2005-07-25,11.1,11.28,10.7
VIX,2005-07-26,10.99,11.25,10.92
VIX,2005-07-27,10.36,11.03,10.34
VIX,2005-07-28,10.52,10.58,10.27
VIX,2005-07-29,11.57,11.73,10.24
VIX,2005-08-01,12.08,12.23,11.36
VIX,2005-08-02,11.75,12.03,11.69
VIX,2005-08-03,11.83,12.01,11.62
VIX,2005-08-04,12.52,12.57,11.99
VIX,2005-08-05,12.48,12.48,11.82
VIX,2005-08-08,13.21,13.29,12.56
VIX,2005-08-09,12.4,12.78,12.24
VIX,2005-08-10,12.38,12.56,11.51
VIX,2005-08-11,12.42,12.94,11.88
VIX,2005-08-12,12.74,12.98,12.18
VIX,2005-08-15,12.26,12.99,12.08
VIX,2005-08-16,13.52,13.52,12.28
VIX,2005-08-17,13.3,13.76,12.78
VIX,2005-08-18,13.42,13.88,13.01
VIX,2005-08-19,13.42,13.85,12.61
VIX,2005-08-22,13.42,13.89,13.2
VIX,2005-08-23,13.34,14.05,13.3
VIX,2005-08-24,14.17,14.18,13.0
VIX,2005-08-25,13.73,14.12,13.66
VIX,2005-08-26,13.72,14.2,13.65
VIX,2005-08-29,13.52,14.41,13.38
VIX,2005-08-30,13.65,14.18,13.47
VIX,2005-08-31,12.6,13.63,12.56
VIX,2005-09-01,13.15,13.37,12.31
VIX,2005-09-02,13.57,13.72,13.03
VIX,2005-09-06,12.93,14.18,12.9
VIX,2005-09-07,12.52,13.2,12.44
VIX,2005-09-08,12.93,12.94,12.37
VIX,2005-09-09,11.98,12.65,11.96
VIX,2005-09-12,11.65,11.89,11.45
VIX,2005-09-13,12.39,12.48,11.75
VIX,2005-09-14,12.91,13.26,12.67
VIX,2005-09-15,12.49,13.17,12.28
VIX,2005-09-16,11.22,11.93,11.07
VIX,2005-09-19,12.14,12.46,12.04
VIX,2005-09-20,12.64,12.96,11.83
VIX,2005-09-21,13.79,13.91,11.68
VIX,2005-09-22,13.33,14.39,13.31
VIX,2005-09-23,12.96,13.88,12.75
VIX,2005-09-26,13.04,13.47,12.64
VIX,2005-09-27,12.76,13.46,12.51
VIX,2005-09-28,12.63,12.98,12.37
VIX,2005-09-29,12.24,13.23,12.15
VIX,2005-09-30,11.92,12.44,11.92
VIX,2005-10-03,12.46,12.62,11.98
VIX,2005-10-04,13.2,13.21,12.11
VIX,2005-10-05,14.55,14.58,12.97
VIX,2005-10-06,14.96,15.63,14.04
VIX,2005-10-07,14.59,14.82,14.3
VIX,2005-10-10,15.55,15.61,14.87
VIX,2005-10-11,15.63,15.7,15.06
VIX,2005-10-12,16.22,16.27,15.04
VIX,2005-10-13,16.47,17.19,15.98
VIX,2005-10-14,14.87,16.03,14.83
VIX,2005-10-17,14.67,15.3,14.58
VIX,2005-10-18,15.33,15.4,14.79
VIX,2005-10-19,13.5,15.86,13.47
VIX,2005-10-20,16.11,16.19,13.98
VIX,2005-10-21,16.13,16.27,15.26
VIX,2005-10-24,14.74,16.44,14.61
VIX,2005-10-25,14.53,15.3,14.2
VIX,2005-10-26,14.59,14.88,13.72
VIX,2005-10-27,16.02,16.3,14.57
VIX,2005-10-28,14.25,15.61,14.11
VIX,2005-10-31,15.32,15.39,13.93
VIX,2005-11-01,14.85,15.66,14.65
VIX,2005-11-02,13.48,14.99,13.38
VIX,2005-11-03,13.0,13.23,12.5
VIX,2005-11-04,13.17,13.62,12.69
VIX,2005-11-07,13.1,13.65,12.76
VIX,2005-11-08,13.08,13.61,13.04
VIX,2005-11-09,12.8,13.36,12.42
VIX,2005-11-10,11.9,13.17,11.73
VIX,2005-11-11,11.63,11.96,11.63
VIX,2005-11-14,12.18,12.34,11.77
VIX,2005-11-15,12.23,12.69,11.7
VIX,2005-11-16,12.26,12.68,12.17
VIX,2005-11-17,11.25,12.2,11.25
VIX,2005-11-18,11.12,11.67,10.96
VIX,2005-11-21,10.82,11.38,10.71
VIX,2005-11-22,10.6,11.1,10.5
VIX,2005-11-23,10.96,11.03,10.67
VIX,2005-11-25,10.88,11.24,10.88
VIX,2005-11-28,11.84,11.99,11.33
VIX,2005-11-29,11.89,11.96,11.61
VIX,2005-11-30,12.06,12.13,11.55
VIX,2005-12-01,11.24,12.23,11.14
VIX,2005-12-02,11.01,11.23,10.94
VIX,2005-12-05,11.6,11.68,11.4
VIX,2005-12-06,11.52,11.59,10.96
VIX,2005-12-07,12.18,12.44,11.45
VIX,2005-12-08,12.21,12.41,11.73
VIX,2005-12-09,11.69,12.2,11.56
VIX,2005-12-12,11.47,11.81,10.83
VIX,2005-12-13,11.11,11.42,10.74
VIX,2005-12-14,10.48,10.79,10.39
VIX,2005-12-15,10.73,11.11,10.37
VIX,2005-12-16,10.68,10.75,10.15
VIX,2005-12-19,11.38,11.38,10.65
VIX,2005-12-20,11.19,11.45,11.0
VIX,2005-12-21,10.81,11.07,10.34
VIX,2005-12-22,10.29,10.89,10.28
VIX,2005-12-23,10.27,10.48,10.24
VIX,2005-12-27,11.57,11.65,10.83
VIX,2005-12-28,11.35,11.64,11.26
VIX,2005-12-29,11.61,11.67,11.14
VIX,2005-12-30,12.07,12.07,11.55
VIX,2006-01-03,11.14,12.51,10.99
VIX,2006-01-04,11.37,11.71,10.97
VIX,2006-01-05,11.31,11.84,11.31
VIX,2006-01-06,11.0,11.5,10.81
VIX,2006-01-09,11.13,11.35,10.98
VIX,2006-01-10,10.86,11.39,10.84
VIX,2006-01-11,10.94,11.16,10.83
VIX,2006-01-12,11.2,11.38,10.94
VIX,2006-01-13,11.23,11.61,11.11
VIX,2006-01-17,11.91,12.46,11.87
VIX,2006-01-18,12.25,12.7,12.2
VIX,2006-01-19,11.98,12.34,11.65
VIX,2006-01-20,14.56,14.56,11.89
VIX,2006-01-23,13.93,14.48,13.58
VIX,2006-01-24,13.31,13.83,13.14
VIX,2006-01-25,12.87,13.38,12.62
VIX,2006-01-26,12.42,12.91,12.19
VIX,2006-01-27,11.97,12.33,11.72
VIX,2006-01-30,12.39,12.46,12.07
VIX,2006-01-31,12.95,13.06,12.45
VIX,2006-02-01,12.36,13.03,12.34
VIX,2006-02-02,13.23,13.47,12.48
VIX,2006-02-03,12.96,13.7,12.64
VIX,2006-02-06,13.04,13.43,12.99
VIX,2006-02-07,13.59,13.67,12.97
VIX,2006-02-08,12.83,12.83,12.76
VIX,2006-02-09,13.12,13.15,12.27
VIX,2006-02-10,12.87,13.73,12.69
VIX,2006-02-13,13.35,13.7,13.05
VIX,2006-02-14,12.25,13.15,12.01
VIX,2006-02-15,12.31,12.95,12.21
VIX,2006-02-16,11.48,12.29,11.13
VIX,2006-02-17,12.01,12.21,11.52
VIX,2006-02-21,12.41,12.64,12.28
VIX,2006-02-22,11.88,12.3,11.68
VIX,2006-02-23,11.87,11.97,11.58
VIX,2006-02-24,11.46,12.06,11.42
VIX,2006-02-27,11.59,11.83,11.4
VIX,2006-02-28,12.34,12.36,11.71
VIX,2006-03-01,11.54,12.07,11.52
VIX,2006-03-02,11.72,11.95,11.56
VIX,2006-03-03,11.96,12.1,11.36
VIX,2006-03-06,12.74,12.91,12.22
VIX,2006-03-07,12.66,13.34,12.64
VIX,2006-03-08,12.32,13.34,12.26
VIX,2006-03-09,12.68,12.69,12.01
VIX,2006-03-10,11.85,12.6,11.79
VIX,2006-03-13,11.37,11.75,10.89
VIX,2006-03-14,10.74,11.72,10.53
VIX,2006-03-15,11.35,11.54,10.98
VIX,2006-03-16,11.98,12.05,10.57
VIX,2006-03-17,12.12,12.2,11.53
VIX,2006-03-20,11.79,12.21,11.13
VIX,2006-03-21,11.62,11.89,11.17
VIX,2006-03-22,11.21,11.79,11.11
VIX,2006-03-23,11.17,11.57,11.11
VIX,2006-03-24,11.19,11.48,11.09
VIX,2006-03-27,11.46,11.72,11.41
VIX,2006-03-28,11.58,11.9,11.38
VIX,2006-03-29,10.95,11.57,10.79
VIX,2006-03-30,11.57,11.73,10.7
VIX,2006-03-31,11.39,11.65,11.27
VIX,2006-04-03,11.57,11.62,11.03
VIX,2006-04-04,11.14,11.8,11.09
VIX,2006-04-05,11.13,11.36,11.06
VIX,2006-04-06,11.45,11.74,11.25
VIX,2006-04-07,12.26,12.31,11.2
VIX,2006-04-10,12.19,12.49,12.04
VIX,2006-04-11,13.0,13.06,12.06
VIX,2006-04-12,12.76,13.9,12.66
VIX,2006-04-13,12.38,13.0,12.28
VIX,2006-04-17,12.58,13.02,12.27
VIX,2006-04-18,11.4,12.55,11.31
VIX,2006-04-19,11.32,11.8,11.23
VIX,2006-04-20,11.64,11.67,11.02
VIX,2006-04-21,11.59,11.98,11.19
VIX,2006-04-24,11.75,12.42,11.67
VIX,2006-04-25,11.75,12.19,11.59
VIX,2006-04-26,11.76,11.79,11.34
VIX,2006-04-27,11.84,12.52,11.55
VIX,2006-04-28,11.59,12.13,11.42
VIX,2006-05-01,12.54,12.59,11.75
VIX,2006-05-02,11.99,12.27,11.93
VIX,2006-05-03,11.99,12.45,11.95
VIX,2006-05-04,11.86,12.16,11.71
VIX,2006-05-05,11.62,11.62,11.18
VIX,2006-05-08,12.0,12.06,11.83
VIX,2006-05-09,11.99,12.15,11.88
VIX,2006-05-10,11.78,12.32,11.78
VIX,2006-05-11,12.49,12.92,11.99
VIX,2006-05-12,14.19,14.26,12.71
VIX,2006-05-15,13.57,15.13,13.44
VIX,2006-05-16,13.35,13.61,12.98
VIX,2006-05-17,16.26,16.26,13.39
VIX,2006-05-18,16.99,17.09,14.96
VIX,2006-05-19,17.18,18.01,15.9
VIX,2006-05-22,17.72,19.62,16.73
VIX,2006-05-23,18.26,18.26,15.36
VIX,2006-05-24,17.36,19.87,17.13
VIX,2006-05-25,15.5,16.67,15.31
VIX,2006-05-26,14.26,15.04,14.26
VIX,2006-05-30,18.66,18.72,15.39
VIX,2006-05-31,16.44,18.09,16.41
VIX,2006-06-01,14.52,16.56,14.48
VIX,2006-06-02,14.32,14.97,13.92
VIX,2006-06-05,16.65,17.14,14.97
VIX,2006-06-06,17.34,18.56,16.65
VIX,2006-06-07,17.8,17.86,15.83
VIX,2006-06-08,18.35,20.75,17.88
VIX,2006-06-09,18.12,18.45,17.07
VIX,2006-06-12,20.96,21.25,17.89
VIX,2006-06-13,23.81,23.81,20.27
VIX,2006-06-14,21.46,23.49,21.45
VIX,2006-06-15,15.9,21.14,15.65
VIX,2006-06-16,17.25,18.13,16.52
VIX,2006-06-19,17.83,18.1,15.73
VIX,2006-06-20,16.69,17.65,16.39
VIX,2006-06-21,15.52,16.72,14.88
VIX,2006-06-22,15.88,16.66,15.56
VIX,2006-06-23,15.89,16.58,14.94
VIX,2006-06-26,15.62,16.61,15.49
VIX,2006-06-27,16.4,16.55,15.27
VIX,2006-06-28,15.79,17.0,15.78
VIX,2006-06-29,13.03,15.3,12.93
VIX,2006-06-30,13.08,13.47,12.74
VIX,2006-07-03,13.05,13.51,12.77
VIX,2006-07-05,14.15,14.77,13.86
VIX,2006-07-06,13.65,14.04,13.25
VIX,2006-07-07,13.97,14.45,13.43
VIX,2006-07-10,14.02,14.5,13.67
VIX,2006-07-11,13.14,14.68,13.1
VIX,2006-07-12,14.49,14.85,13.26
VIX,2006-07-13,17.79,17.83,15.17
VIX,2006-07-14,18.05,18.79,17.28
VIX,2006-07-17,18.64,18.76,17.75
VIX,2006-07-18,17.74,19.58,17.66
VIX,2006-07-19,15.55,17.62,14.47
VIX,2006-07-20,16.21,16.37,14.87
VIX,2006-07-21,17.4,17.56,16.23
VIX,2006-07-24,14.98,17.08,14.89
VIX,2006-07-25,14.85,15.68,14.31
VIX,2006-07-26,14.62,23.37,14.09
VIX,2006-07-27,14.94,15.39,14.07
VIX,2006-07-28,14.33,14.75,14.06
VIX,2006-07-31,14.95,15.13,14.86
VIX,2006-08-01,15.05,16.15,15.03
VIX,2006-08-02,14.34,14.93,13.92
VIX,2006-08-03,14.46,15.19,14.2
VIX,2006-08-04,14.34,14.91,13.65
VIX,2006-08-07,15.23,15.53,14.97
VIX,2006-08-08,15.23,15.55,14.86
VIX,2006-08-09,15.2,15.41,14.07
VIX,2006-08-10,14.46,15.73,14.45
VIX,2006-08-11,14.3,14.85,14.3
VIX,2006-08-14,14.26,14.43,13.41
VIX,2006-08-15,13.42,13.72,13.15
VIX,2006-08-16,12.41,12.95,12.11
VIX,2006-08-17,12.24,12.72,12.21
VIX,2006-08-18,11.64,12.52,11.57
VIX,2006-08-21,12.22,12.62,12.21
VIX,2006-08-22,12.19,12.42,11.93
VIX,2006-08-23,12.4,12.73,12.16
VIX,2006-08-24,12.4,12.58,12.21
VIX,2006-08-25,12.31,12.47,12.08
VIX,2006-08-28,12.18,12.92,12.07
VIX,2006-08-29,12.28,12.83,12.21
VIX,2006-08-30,12.22,12.35,12.1
VIX,2006-08-31,12.31,12.33,12.07
VIX,2006-09-01,11.96,12.33,11.91
VIX,2006-09-05,12.63,12.86,12.43
VIX,2006-09-06,13.74,13.88,13.06
VIX,2006-09-07,13.88,14.49,13.67
VIX,2006-09-08,13.16,13.8,13.05
VIX,2006-09-11,12.99,13.95,12.75
VIX,2006-09-12,11.92,13.14,11.55
VIX,2006-09-13,11.18,12.54,10.54
VIX,2006-09-14,11.55,12.02,10.74
VIX,2006-09-15,11.76,12.54,11.4
VIX,2006-09-18,11.78,12.41,11.58
VIX,2006-09-19,11.98,12.69,11.86
VIX,2006-09-20,11.39,11.75,11.34
VIX,2006-09-21,12.25,12.6,11.28
VIX,2006-09-22,12.59,13.28,12.47
VIX,2006-09-25,12.12,13.41,11.93
VIX,2006-09-26,11.53,12.23,11.51
VIX,2006-09-27,11.58,11.9,11.42
VIX,2006-09-28,11.72,12.06,11.59
VIX,2006-09-29,11.98,12.1,11.72
VIX,2006-10-02,12.57,12.72,12.11
VIX,2006-10-03,12.24,12.91,11.97
VIX,2006-10-04,11.86,12.64,11.62
VIX,2006-10-05,11.98,12.06,11.65
VIX,2006-10-06,11.56,12.17,11.55
VIX,2006-10-09,11.68,12.09,11.58
VIX,2006-10-10,11.52,11.89,11.47
VIX,2006-10-11,11.62,12.03,11.31
VIX,2006-10-12,11.09,11.51,11.09
VIX,2006-10-13,10.75,11.35,10.75
VIX,2006-10-16,11.09,11.2,10.91
VIX,2006-10-17,11.73,12.03,11.35
VIX,2006-10-18,11.34,11.83,11.33
VIX,2006-10-19,10.9,11.57,10.78
VIX,2006-10-20,10.63,11.23,10.44
VIX,2006-10-23,11.08,11.25,10.62
VIX,2006-10-24,10.78,11.27,10.78
VIX,2006-10-25,10.66,10.88,10.6
VIX,2006-10-26,10.56,10.96,10.47
VIX,2006-10-27,10.8,10.99,10.53
VIX,2006-10-30,11.2,11.43,10.92
VIX,2006-10-31,11.1,11.39,10.99
VIX,2006-11-01,11.51,11.68,10.89
VIX,2006-11-02,11.42,11.76,11.41
VIX,2006-11-03,11.16,11.43,10.34
VIX,2006-11-06,11.16,11.41,10.99
VIX,2006-11-07,11.09,11.19,10.87
VIX,2006-11-08,10.75,11.49,10.7
VIX,2006-11-09,11.01,11.07,10.57
VIX,2006-11-10,10.79,11.12,10.77
VIX,2006-11-13,10.86,11.26,10.69
VIX,2006-11-14,10.5,11.31,10.14
VIX,2006-11-15,10.31,10.61,10.13
VIX,2006-11-16,10.16,10.35,10.04
VIX,2006-11-17,10.05,10.48,10.05
VIX,2006-11-20,9.97,10.48,9.91
VIX,2006-11-21,9.9,10.06,9.84
VIX,2006-11-22,10.14,10.15,9.81
VIX,2006-11-24,10.73,10.86,10.56
VIX,2006-11-27,12.3,12.33,11.14
VIX,2006-11-28,11.62,12.55,11.56
VIX,2006-11-29,10.83,11.43,10.67
VIX,2006-11-30,10.91,11.3,10.58
VIX,2006-12-01,11.66,12.28,10.96
VIX,2006-12-04,11.23,12.01,10.98
VIX,2006-12-05,11.27,11.59,10.85
VIX,2006-12-06,11.33,11.55,11.19
VIX,2006-12-07,12.67,12.68,11.17
VIX,2006-12-08,12.07,12.67,11.91
VIX,2006-12-11,10.71,11.93,10.71
VIX,2006-12-12,10.65,11.39,10.35
VIX,2006-12-13,10.18,10.58,10.15
VIX,2006-12-14,9.97,10.75,9.64
VIX,2006-12-15,10.05,10.07,9.39
VIX,2006-12-18,10.6,10.91,8.6
VIX,2006-12-19,10.3,11.31,10.27
VIX,2006-12-20,10.26,10.33,10.03
VIX,2006-12-21,10.53,10.89,10.13
VIX,2006-12-22,11.36,11.46,10.59
VIX,2006-12-26,11.26,12.03,11.24
VIX,2006-12-27,10.64,11.12,10.59
VIX,2006-12-28,10.99,11.06,10.73
VIX,2006-12-29,11.56,11.65,10.71
VIX,2007-01-03,12.04,12.75,11.53
VIX,2007-01-04,11.51,12.42,11.28
VIX,2007-01-05,12.14,12.25,11.68
VIX,2007-01-08,12.0,12.83,11.78
VIX,2007-01-09,11.91,12.47,11.69
VIX,2007-01-10,11.47,12.5,11.43
VIX,2007-01-11,10.87,11.48,10.5
VIX,2007-01-12,10.15,10.93,10.14
VIX,2007-01-16,10.74,10.89,10.4
VIX,2007-01-17,10.59,10.9,10.35
VIX,2007-01-18,10.85,11.04,10.45
VIX,2007-01-19,10.4,11.03,10.24
VIX,2007-01-22,10.77,11.08,10.62
VIX,2007-01-23,10.34,10.59,10.22
VIX,2007-01-24,9.89,10.41,9.87
VIX,2007-01-25,11.22,11.38,9.95
VIX,2007-01-26,11.13,11.6,10.92
VIX,2007-01-29,11.45,11.6,10.92
VIX,2007-01-30,10.96,11.49,10.95
VIX,2007-01-31,10.42,11.26,10.27
VIX,2007-02-01,10.31,10.43,10.14
VIX,2007-02-02,10.08,10.36,9.96
VIX,2007-02-05,10.55,10.7,10.44
VIX,2007-02-06,10.65,10.88,10.44
VIX,2007-02-08,10.44,10.91,10.4
VIX,2007-02-09,11.1,11.56,10.25
VIX,2007-02-12,11.61,11.88,11.3
VIX,2007-02-13,10.34,11.42,10.33
VIX,2007-02-14,10.23,10.26,9.7
VIX,2007-02-15,10.22,10.32,10.05
VIX,2007-02-16,10.02,10.44,9.98
VIX,2007-02-20,10.24,10.72,10.14
VIX,2007-02-21,10.2,10.53,10.17
VIX,2007-02-22,10.18,10.52,10.01
VIX,2007-02-23,10.58,10.7,10.36
VIX,2007-02-26,11.15,11.44,10.52
VIX,2007-02-27,18.31,19.01,12.1
VIX,2007-02-28,15.42,17.29,14.5
VIX,2007-03-01,15.82,19.4,15.36
VIX,2007-03-02,18.61,18.63,12.48
VIX,2007-03-05,19.63,20.41,18.13
VIX,2007-03-06,15.96,18.34,15.76
VIX,2007-03-07,15.24,16.27,14.52
VIX,2007-03-08,14.29,14.7,13.48
VIX,2007-03-09,14.09,14.62,13.67
VIX,2007-03-12,13.99,14.96,13.76
VIX,2007-03-13,18.13,18.42,14.6
VIX,2007-03-14,17.27,21.25,16.75
VIX,2007-03-15,16.43,16.91,15.27
VIX,2007-03-16,16.79,17.71,15.29
VIX,2007-03-19,14.59,15.82,14.58
VIX,2007-03-20,13.27,15.16,13.25
VIX,2007-03-21,12.19,13.67,11.21
VIX,2007-03-22,12.93,12.95,12.04
VIX,2007-03-23,12.95,13.18,12.46
VIX,2007-03-26,13.16,14.7,12.91
VIX,2007-03-27,13.48,13.9,13.35
VIX,2007-03-28,14.98,15.51,14.22
VIX,2007-03-29,15.14,16.05,14.34
VIX,2007-03-30,14.64,15.82,14.14
VIX,2007-04-02,14.53,15.46,14.4
VIX,2007-04-03,13.46,14.06,12.81
VIX,2007-04-04,13.24,13.91,13.2
VIX,2007-04-05,13.23,13.66,12.69
VIX,2007-04-09,13.14,13.56,12.89
VIX,2007-04-10,12.68,13.33,12.56
VIX,2007-04-11,13.49,14.08,12.72
VIX,2007-04-12,12.71,14.15,12.58
VIX,2007-04-13,12.2,13.0,12.13
VIX,2007-04-18,12.42,12.57,11.95
VIX,2007-04-19,12.54,13.27,12.41
VIX,2007-04-20,12.07,12.67,11.97
VIX,2007-04-23,13.04,13.08,12.48
VIX,2007-04-24,13.12,13.89,13.04
VIX,2007-04-25,13.21,13.23,12.58
VIX,2007-04-26,12.79,13.67,12.67
VIX,2007-04-27,12.45,13.26,12.41
VIX,2007-05-01,13.51,14.6,13.48
VIX,2007-05-02,13.08,13.52,12.55
VIX,2007-05-03,13.09,13.36,12.89
VIX,2007-05-04,12.91,13.36,12.59
VIX,2007-05-07,13.15,13.37,13.11
VIX,2007-05-08,13.21,13.69,13.16
VIX,2007-05-09,12.88,13.5,12.54
VIX,2007-05-10,13.6,13.85,12.89
VIX,2007-05-11,12.95,13.47,12.63
VIX,2007-05-14,13.96,14.43,13.01
VIX,2007-05-15,14.01,14.3,13.27
VIX,2007-05-16,13.5,14.18,13.47
VIX,2007-05-17,13.51,13.82,13.25
VIX,2007-05-18,12.76,13.22,12.69
VIX,2007-05-21,13.3,13.3,12.7
VIX,2007-05-22,13.06,13.38,12.08
VIX,2007-05-23,13.24,13.28,12.55
VIX,2007-05-24,14.08,14.36,12.92
VIX,2007-05-25,13.34,13.87,13.23
VIX,2007-05-29,13.53,13.95,13.31
VIX,2007-05-30,12.83,14.24,12.82
VIX,2007-05-31,13.05,13.18,12.62
VIX,2007-06-01,12.78,13.01,12.43
VIX,2007-06-04,13.29,13.54,13.21
VIX,2007-06-05,13.63,14.17,13.54
VIX,2007-06-06,14.87,15.06,14.06
VIX,2007-06-07,17.06,17.09,14.89
VIX,2007-06-08,14.84,16.78,14.73
VIX,2007-06-11,14.71,15.47,14.24
VIX,2007-06-12,16.67,16.7,14.77
VIX,2007-06-13,14.73,16.1,14.67
VIX,2007-06-14,13.64,14.82,13.59
VIX,2007-06-15,13.94,13.97,12.58
VIX,2007-06-18,13.42,14.51,13.35
VIX,2007-06-19,12.85,13.8,12.79
VIX,2007-06-20,14.67,14.76,12.75
VIX,2007-06-21,14.21,15.56,14.17
VIX,2007-06-22,15.75,16.58,14.31
VIX,2007-06-25,16.65,17.24,15.41
VIX,2007-06-26,18.89,18.89,16.21
VIX,2007-06-27,15.53,18.98,15.44
VIX,2007-06-28,15.54,15.71,14.98
VIX,2007-06-29,16.23,17.13,14.62
VIX,2007-07-02,15.4,16.48,15.31
VIX,2007-07-03,14.92,15.3,14.85
VIX,2007-07-05,15.48,15.95,15.17
VIX,2007-07-06,14.72,15.59,14.67
VIX,2007-07-09,15.16,15.69,15.03
VIX,2007-07-10,17.57,17.68,15.83
VIX,2007-07-11,16.64,17.91,16.64
VIX,2007-07-12,15.54,16.39,14.93
VIX,2007-07-13,15.15,15.51,14.79
VIX,2007-07-16,15.59,15.83,15.27
VIX,2007-07-17,15.63,15.78,15.31
VIX,2007-07-18,16.0,17.06,15.95
VIX,2007-07-19,15.23,15.62,15.06
VIX,2007-07-20,16.95,18.53,15.36
VIX,2007-07-23,16.81,17.09,16.39
VIX,2007-07-24,18.55,19.09,17.48
VIX,2007-07-25,18.1,19.46,17.38
VIX,2007-07-27,24.17,24.17,19.6
VIX,2007-07-30,20.87,23.64,20.86
VIX,2007-07-31,23.52,23.93,19.68
VIX,2007-08-01,23.67,26.22,23.26
VIX,2007-08-02,21.22,23.0,21.2
VIX,2007-08-03,25.16,25.55,21.09
VIX,2007-08-06,22.94,26.47,22.44
VIX,2007-08-07,21.56,23.74,20.79
VIX,2007-08-08,21.45,22.95,19.33
VIX,2007-08-09,26.48,26.9,23.84
VIX,2007-08-10,28.3,29.84,26.91
VIX,2007-08-13,26.57,28.02,25.48
VIX,2007-08-14,27.68,28.29,25.31
VIX,2007-08-15,30.67,31.76,26.16
VIX,2007-08-16,30.83,37.5,30.44
VIX,2007-08-17,29.99,31.46,25.23
VIX,2007-08-20,26.33,29.95,25.8
VIX,2007-08-21,25.25,26.72,24.77
VIX,2007-08-22,22.89,24.44,22.87
VIX,2007-08-23,22.62,23.61,22.05
VIX,2007-08-24,20.72,23.03,20.44
VIX,2007-08-27,22.72,22.83,21.96
VIX,2007-08-28,26.3,26.57,23.72
VIX,2007-08-29,23.81,26.02,23.44
VIX,2007-08-30,25.06,25.58,23.69
VIX,2007-08-31,23.38,24.07,22.47
VIX,2007-09-04,22.78,24.81,21.71
VIX,2007-09-05,24.58,25.45,23.8
VIX,2007-09-06,23.99,25.14,23.66
VIX,2007-09-07,26.23,26.97,25.6
VIX,2007-09-10,27.38,28.82,26.56
VIX,2007-09-11,25.27,27.21,25.19
VIX,2007-09-12,24.96,26.21,24.57
VIX,2007-09-13,24.76,25.32,23.83
VIX,2007-09-14,24.92,26.48,24.68
VIX,2007-09-17,26.48,27.08,25.8
VIX,2007-09-18,20.35,26.23,20.27
VIX,2007-09-19,20.03,20.57,19.17
VIX,2007-09-20,20.45,20.82,19.55
VIX,2007-09-21,19.0,19.81,18.37
VIX,2007-09-24,19.37,19.62,18.32
VIX,2007-09-25,18.6,20.46,18.44
VIX,2007-09-26,17.63,18.18,17.3
VIX,2007-09-27,17.0,17.47,16.95
VIX,2007-09-28,18.0,18.22,16.91
VIX,2007-10-01,17.84,18.44,17.11
VIX,2007-10-02,18.49,18.89,17.6
VIX,2007-10-03,18.8,18.99,18.31
VIX,2007-10-04,18.44,18.65,18.26
VIX,2007-10-05,16.91,17.56,16.44
VIX,2007-10-08,17.46,17.83,17.32
VIX,2007-10-09,16.12,17.28,16.09
VIX,2007-10-10,16.67,17.35,16.39
VIX,2007-10-11,18.88,19.73,16.08
VIX,2007-10-12,17.73,18.74,17.49
VIX,2007-10-15,19.25,20.01,17.95
VIX,2007-10-16,20.02,20.75,19.73
VIX,2007-10-17,18.54,20.11,18.28
VIX,2007-10-18,18.5,19.56,17.73
VIX,2007-10-19,22.96,22.96,19.02
VIX,2007-10-22,21.64,23.94,21.38
VIX,2007-10-23,20.41,21.43,20.13
VIX,2007-10-24,20.8,24.15,20.59
VIX,2007-10-25,21.17,22.4,20.04
VIX,2007-10-26,19.56,20.97,19.48
VIX,2007-10-29,19.87,20.24,19.54
VIX,2007-10-30,21.07,21.15,20.31
VIX,2007-10-31,18.53,22.09,18.3
VIX,2007-11-01,23.21,24.15,17.38
VIX,2007-11-02,23.01,25.17,22.56
VIX,2007-11-05,24.31,25.46,23.61
VIX,2007-11-06,21.39,23.74,21.24
VIX,2007-11-07,26.49,26.85,22.75
VIX,2007-11-08,26.16,29.15,25.32
VIX,2007-11-09,28.5,28.84,26.21
VIX,2007-11-12,31.09,31.09,24.47
VIX,2007-11-13,24.1,27.5,23.82
VIX,2007-11-14,25.94,27.03,23.07
VIX,2007-11-15,28.06,29.31,25.98
VIX,2007-11-16,25.49,28.12,25.12
VIX,2007-11-19,26.01,27.18,25.74
VIX,2007-11-20,24.88,27.35,23.62
VIX,2007-11-21,26.84,27.77,24.55
VIX,2007-11-23,25.61,26.42,25.35
VIX,2007-11-26,28.91,28.95,25.84
VIX,2007-11-27,26.28,28.24,26.23
VIX,2007-11-28,24.11,25.14,23.55
VIX,2007-11-29,23.97,24.61,23.35
VIX,2007-11-30,22.87,23.39,22.0
VIX,2007-12-03,23.61,24.49,23.4
VIX,2007-12-04,23.79,24.59,23.32
VIX,2007-12-05,22.53,23.03,21.87
VIX,2007-12-06,20.96,22.75,20.87
VIX,2007-12-07,20.85,21.01,20.29
VIX,2007-12-10,20.74,21.46,20.36
VIX,2007-12-11,23.59,23.7,19.77
VIX,2007-12-12,22.47,24.22,20.49
VIX,2007-12-13,22.56,24.04,22.41
VIX,2007-12-14,23.27,23.53,22.26
VIX,2007-12-17,24.52,24.86,23.42
VIX,2007-12-18,22.64,24.6,22.41
VIX,2007-12-19,21.68,22.68,21.3
VIX,2007-12-20,20.58,21.67,20.58
VIX,2007-12-21,18.47,19.82,18.28
VIX,2007-12-24,18.6,19.42,18.48
VIX,2007-12-26,18.66,19.47,18.6
VIX,2007-12-27,20.26,20.51,19.15
VIX,2007-12-28,20.74,21.05,19.44
VIX,2008-01-02,23.17,24.05,22.4
VIX,2008-01-03,22.49,23.27,22.11
VIX,2008-01-04,23.94,24.3,23.25
VIX,2008-01-07,23.79,24.88,23.3
VIX,2008-01-08,25.43,25.6,22.63
VIX,2008-01-09,24.12,25.95,23.9
VIX,2008-01-10,23.45,24.61,22.62
VIX,2008-01-11,23.68,24.41,23.22
VIX,2008-01-14,22.9,23.93,22.65
VIX,2008-01-15,23.34,24.59,22.97
VIX,2008-01-16,24.38,24.38,22.85
VIX,2008-01-17,28.46,28.51,23.87
VIX,2008-01-18,27.18,29.3,26.27
VIX,2008-01-22,31.01,37.57,29.71
VIX,2008-01-23,29.02,34.42,22.82
VIX,2008-01-24,27.78,28.48,27.03
VIX,2008-01-25,29.08,29.76,25.93
VIX,2008-01-28,27.78,30.26,27.57
VIX,2008-01-29,27.32,27.96,26.55
VIX,2008-01-30,27.62,28.34,24.74
VIX,2008-01-31,26.2,28.81,25.45
VIX,2008-02-01,24.02,25.75,24.02
VIX,2008-02-04,25.99,26.03,24.85
VIX,2008-02-05,28.24,28.49,27.2
VIX,2008-02-06,28.97,29.31,27.04
VIX,2008-02-07,27.66,29.7,26.78
VIX,2008-02-08,28.01,28.89,27.22
VIX,2008-02-11,27.6,29.57,27.32
VIX,2008-02-12,26.33,27.17,25.25
VIX,2008-02-13,24.88,26.06,24.57
VIX,2008-02-14,25.54,25.64,23.98
VIX,2008-02-15,25.02,25.67,24.45
VIX,2008-02-19,25.59,26.59,24.73
VIX,2008-02-20,24.4,26.95,24.21
VIX,2008-02-21,25.12,25.45,23.74
VIX,2008-02-22,24.06,25.93,23.62
VIX,2008-02-25,23.03,25.07,22.69
VIX,2008-02-26,21.9,23.45,21.64
VIX,2008-02-27,22.69,23.01,21.83
VIX,2008-02-28,23.53,23.79,22.69
VIX,2008-02-29,26.54,26.91,23.54
VIX,2008-03-03,26.28,28.13,26.27
VIX,2008-03-04,25.52,27.42,25.51
VIX,2008-03-05,24.6,25.77,23.3
VIX,2008-03-06,27.55,27.9,25.04
VIX,2008-03-07,27.49,29.29,22.29
VIX,2008-03-10,29.38,29.73,27.92
VIX,2008-03-11,26.36,28.64,26.35
VIX,2008-03-12,27.22,27.25,24.9
VIX,2008-03-13,27.29,29.62,25.65
VIX,2008-03-14,31.16,32.89,26.02
VIX,2008-03-17,32.24,35.6,31.1
VIX,2008-03-18,25.79,32.24,25.58
VIX,2008-03-19,29.84,29.95,25.16
VIX,2008-03-20,26.62,29.84,25.8
VIX,2008-03-24,25.73,27.04,24.75
VIX,2008-03-25,25.72,26.42,25.17
VIX,2008-03-26,26.08,26.85,25.51
VIX,2008-03-27,25.88,25.98,24.91
VIX,2008-03-28,25.71,25.96,25.04
VIX,2008-03-31,25.61,26.77,25.35
VIX,2008-04-01,22.68,25.61,22.52
VIX,2008-04-02,23.43,23.65,22.39
VIX,2008-04-03,23.21,24.15,23.0
VIX,2008-04-04,22.45,23.31,21.75
VIX,2008-04-07,22.42,22.73,21.21
VIX,2008-04-08,22.36,23.16,22.36
VIX,2008-04-09,22.81,23.57,22.36
VIX,2008-04-10,21.98,23.22,21.63
VIX,2008-04-11,23.46,23.59,22.65
VIX,2008-04-14,23.82,24.35,23.46
VIX,2008-04-15,22.78,23.99,22.72
VIX,2008-04-16,20.53,22.09,20.5
VIX,2008-04-17,20.37,21.54,20.35
VIX,2008-04-18,20.13,20.37,19.21
VIX,2008-04-21,20.5,21.12,20.15
VIX,2008-04-22,20.87,21.6,20.47
VIX,2008-04-23,20.26,20.95,19.88
VIX,2008-04-24,20.06,20.77,19.21
VIX,2008-04-25,19.59,20.36,19.28
VIX,2008-04-28,19.64,20.25,19.37
VIX,2008-04-29,20.24,20.54,19.63
VIX,2008-04-30,20.79,20.81,19.69
VIX,2008-05-01,18.88,20.83,18.87
VIX,2008-05-02,18.18,19.11,17.97
VIX,2008-05-05,18.9,19.29,18.68
VIX,2008-05-06,18.21,19.57,18.11
VIX,2008-05-07,19.73,19.98,18.42
VIX,2008-05-08,19.4,19.92,18.62
VIX,2008-05-09,19.41,20.01,19.3
VIX,2008-05-12,17.79,19.48,16.92
VIX,2008-05-13,17.98,19.63,17.76
VIX,2008-05-14,17.66,17.98,16.74
VIX,2008-05-15,16.3,17.84,16.25
VIX,2008-05-16,16.47,17.92,16.3
VIX,2008-05-19,17.01,17.89,15.82
VIX,2008-05-20,17.58,18.42,17.02
VIX,2008-05-21,18.59,18.89,17.01
VIX,2008-05-22,18.05,19.11,17.82
VIX,2008-05-23,19.55,19.8,18.38
VIX,2008-05-27,19.64,20.95,19.42
VIX,2008-05-28,19.07,20.03,19.01
VIX,2008-05-29,18.14,19.17,17.54
VIX,2008-05-30,17.83,18.21,17.56
VIX,2008-06-02,19.83,20.45,17.83
VIX,2008-06-03,20.24,21.0,18.89
VIX,2008-06-04,20.8,21.31,19.76
VIX,2008-06-05,18.63,20.59,18.62
VIX,2008-06-06,23.56,23.79,18.63
VIX,2008-06-09,23.12,24.47,20.78
VIX,2008-06-10,23.18,24.42,22.31
VIX,2008-06-11,24.12,24.3,22.86
VIX,2008-06-12,23.33,23.98,21.91
VIX,2008-06-13,21.22,23.14,21.04
VIX,2008-06-16,20.95,22.84,20.73
VIX,2008-06-17,21.13,21.42,20.02
VIX,2008-06-18,22.24,22.86,21.26
VIX,2008-06-19,21.58,22.61,20.91
VIX,2008-06-20,22.87,23.7,21.58
VIX,2008-06-23,22.64,23.14,22.52
VIX,2008-06-24,22.42,23.48,21.68
VIX,2008-06-25,21.14,22.42,20.34
VIX,2008-06-26,23.93,23.99,22.15
VIX,2008-06-27,23.44,24.56,23.3
VIX,2008-06-30,23.95,24.26,23.27
VIX,2008-07-01,23.65,25.57,23.64
VIX,2008-07-02,25.92,25.96,22.7
VIX,2008-07-03,24.8,26.08,24.44
VIX,2008-07-07,25.78,26.91,24.73
VIX,2008-07-08,23.15,26.05,23.02
VIX,2008-07-09,25.23,25.39,22.59
VIX,2008-07-10,25.59,26.62,20.75
VIX,2008-07-11,27.49,29.44,25.56
VIX,2008-07-14,28.48,29.3,26.9
VIX,2008-07-15,28.54,30.81,27.01
VIX,2008-07-16,25.1,25.1,24.83
VIX,2008-07-17,25.01,25.5,23.99
VIX,2008-07-18,24.05,25.19,23.78
VIX,2008-07-21,23.05,24.58,23.04
VIX,2008-07-22,21.18,24.08,21.05
VIX,2008-07-23,21.31,22.08,20.73
VIX,2008-07-24,23.44,23.61,21.31
VIX,2008-07-25,22.91,23.45,22.31
VIX,2008-07-28,24.23,24.62,22.91
VIX,2008-07-29,22.03,24.22,21.96
VIX,2008-07-30,21.21,22.31,20.99
VIX,2008-07-31,22.94,22.96,21.45
VIX,2008-08-01,22.57,23.37,22.35
VIX,2008-08-04,23.49,23.86,22.94
VIX,2008-08-05,21.14,22.99,20.06
VIX,2008-08-06,20.23,21.66,19.75
VIX,2008-08-07,21.15,21.46,20.23
VIX,2008-08-08,20.66,21.69,20.11
VIX,2008-08-11,20.12,20.96,19.66
VIX,2008-08-12,21.17,21.51,20.38
VIX,2008-08-13,21.55,22.11,20.8
VIX,2008-08-14,20.34,22.3,20.07
VIX,2008-08-15,19.58,20.65,19.57
VIX,2008-08-18,20.98,21.44,19.58
VIX,2008-08-19,21.28,22.14,21.28
VIX,2008-08-20,20.42,21.67,20.39
VIX,2008-08-21,19.82,21.08,18.94
VIX,2008-08-22,18.81,19.83,18.64
VIX,2008-08-25,20.97,21.22,18.78
VIX,2008-08-26,20.49,21.27,20.48
VIX,2008-08-27,19.76,20.67,19.53
VIX,2008-08-28,19.43,19.66,19.22
VIX,2008-08-29,20.65,20.71,19.43
VIX,2008-09-02,21.99,22.3,20.47
VIX,2008-09-03,21.43,22.3,21.39
VIX,2008-09-04,24.03,24.15,21.91
VIX,2008-09-05,23.06,24.71,22.97
VIX,2008-09-08,22.64,24.06,22.12
VIX,2008-09-09,25.47,25.68,22.58
VIX,2008-09-10,24.52,25.48,23.8
VIX,2008-09-11,24.39,26.25,24.39
VIX,2008-09-12,25.66,26.67,24.8
VIX,2008-09-15,31.7,31.87,25.66
VIX,2008-09-16,30.3,33.7,30.24
VIX,2008-09-17,36.22,36.4,30.25
VIX,2008-09-18,33.1,42.16,33.1
VIX,2008-09-19,32.07,33.08,27.95
VIX,2008-09-22,33.85,34.22,30.81
VIX,2008-09-23,35.72,36.08,32.63
VIX,2008-09-24,35.19,36.71,34.16
VIX,2008-09-25,32.82,35.19,32.45
VIX,2008-09-26,34.74,36.4,32.82
VIX,2008-09-29,46.72,48.4,36.92
VIX,2008-09-30,39.39,43.8,38.86
VIX,2008-10-01,39.81,42.38,39.39
VIX,2008-10-02,45.26,46.48,39.82
VIX,2008-10-03,45.14,45.52,41.51
VIX,2008-10-06,52.05,58.24,45.12
VIX,2008-10-07,53.68,54.19,47.03
VIX,2008-10-08,57.53,59.06,51.9
VIX,2008-10-09,63.92,64.92,52.54
VIX,2008-10-10,69.95,76.94,65.63
VIX,2008-10-13,54.99,71.42,54.69
VIX,2008-10-14,55.13,59.81,46.35
VIX,2008-10-15,69.25,69.47,55.69
VIX,2008-10-16,67.61,81.17,66.51
VIX,2008-10-17,70.33,74.48,59.82
VIX,2008-10-20,52.97,70.4,52.7
VIX,2008-10-21,53.11,56.37,50.91
VIX,2008-10-22,69.65,72.56,60.05
VIX,2008-10-23,67.8,79.43,64.43
VIX,2008-10-24,79.13,89.53,67.8
VIX,2008-10-27,80.06,81.65,65.9
VIX,2008-10-28,66.96,78.98,65.66
VIX,2008-10-29,69.96,71.14,62.72
VIX,2008-10-30,62.9,69.83,62.67
VIX,2008-10-31,59.89,65.85,56.73
VIX,2008-11-03,53.68,60.77,53.63
VIX,2008-11-04,47.73,53.68,44.25
VIX,2008-11-05,54.56,55.62,46.87
VIX,2008-11-06,63.68,64.78,55.6
VIX,2008-11-07,56.1,63.68,56.03
VIX,2008-11-10,59.98,62.09,54.63
VIX,2008-11-11,61.44,64.73,58.58
VIX,2008-11-12,66.46,67.19,61.52
VIX,2008-11-13,59.83,69.99,58.66
VIX,2008-11-14,66.31,66.31,59.75
VIX,2008-11-17,69.15,69.59,65.1
VIX,2008-11-18,67.64,73.13,67.18
VIX,2008-11-19,74.26,75.0,67.34
VIX,2008-11-20,80.86,81.48,72.76
VIX,2008-11-21,72.67,80.74,71.63
VIX,2008-11-24,64.7,71.35,61.81
VIX,2008-11-25,60.9,65.49,60.25
VIX,2008-11-26,54.92,62.5,54.62
VIX,2008-11-28,55.28,56.82,50.5
VIX,2008-12-01,68.51,68.6,60.36
VIX,2008-12-02,62.98,67.01,62.31
VIX,2008-12-03,60.72,65.37,60.18
VIX,2008-12-04,63.64,65.08,60.21
VIX,2008-12-05,59.93,66.54,59.26
VIX,2008-12-08,58.49,59.87,57.35
VIX,2008-12-09,58.91,59.57,56.37
VIX,2008-12-10,55.73,58.91,53.79
VIX,2008-12-11,55.78,56.44,52.94
VIX,2008-12-12,54.28,58.84,54.26
VIX,2008-12-15,56.76,58.49,55.68
VIX,2008-12-16,52.37,56.76,50.91
VIX,2008-12-17,49.84,52.19,49.36
VIX,2008-12-18,47.34,49.84,44.5
VIX,2008-12-19,44.93,46.01,41.29
VIX,2008-12-22,44.56,46.69,42.75
VIX,2008-12-23,45.02,45.39,41.68
VIX,2008-12-24,44.21,45.02,44.15
VIX,2008-12-26,43.38,44.36,42.92
VIX,2008-12-29,43.9,46.24,42.16
VIX,2008-12-30,41.63,44.29,41.63
VIX,2008-12-31,40.0,41.63,37.96
VIX,2009-01-02,39.19,39.82,36.88
VIX,2009-01-05,39.08,40.22,38.3
VIX,2009-01-06,38.56,39.33,37.34
VIX,2009-01-07,43.39,43.82,40.12
VIX,2009-01-08,42.56,44.6,42.56
VIX,2009-01-09,42.82,43.13,41.05
VIX,2009-01-12,45.84,46.62,41.94
VIX,2009-01-13,43.27,47.08,43.23
VIX,2009-01-14,49.14,51.55,46.14
VIX,2009-01-15,51.0,55.16,49.14
VIX,2009-01-16,46.11,51.0,45.96
VIX,2009-01-20,56.65,57.36,49.27
VIX,2009-01-21,46.42,54.12,46.15
VIX,2009-01-22,47.29,51.76,46.51
VIX,2009-01-23,47.27,51.11,46.43
VIX,2009-01-26,45.69,47.93,44.29
VIX,2009-01-27,42.25,45.93,42.2
VIX,2009-01-28,39.66,42.25,38.09
VIX,2009-01-29,42.63,43.03,41.12
VIX,2009-01-30,44.84,45.53,42.09
VIX,2009-02-02,45.52,49.54,45.26
VIX,2009-02-03,43.06,45.52,42.43
VIX,2009-02-04,43.85,44.52,41.39
VIX,2009-02-05,43.73,46.23,42.32
VIX,2009-02-06,43.37,43.71,41.2
VIX,2009-02-09,43.64,45.45,43.04
VIX,2009-02-10,46.67,48.12,44.18
VIX,2009-02-11,44.53,46.67,44.5
VIX,2009-02-12,41.25,47.58,41.21
VIX,2009-02-13,42.93,43.02,40.73
VIX,2009-02-17,48.66,51.18,46.96
VIX,2009-02-18,48.46,50.29,46.0
VIX,2009-02-19,47.08,48.54,44.81
VIX,2009-02-20,49.3,52.04,47.08
VIX,2009-02-23,52.62,53.16,48.97
VIX,2009-02-24,45.49,52.56,44.28
VIX,2009-02-25,44.67,47.23,42.84
VIX,2009-02-26,44.66,45.33,41.91
VIX,2009-02-27,46.35,47.34,44.46
VIX,2009-03-02,52.65,53.25,48.35
VIX,2009-03-03,50.93,52.76,48.5
VIX,2009-03-04,47.56,48.83,45.02
VIX,2009-03-05,50.17,51.95,46.98
VIX,2009-03-06,49.33,51.95,47.65
VIX,2009-03-09,49.68,51.34,48.4
VIX,2009-03-10,44.37,49.68,43.88
VIX,2009-03-11,43.61,44.26,42.36
VIX,2009-03-12,41.18,43.98,40.75
VIX,2009-03-13,42.36,43.52,40.03
VIX,2009-03-16,43.74,44.23,42.36
VIX,2009-03-17,40.8,44.59,40.74
VIX,2009-03-18,40.06,42.39,38.98
VIX,2009-03-19,43.68,44.17,38.79
VIX,2009-03-20,45.89,47.63,43.07
VIX,2009-03-23,43.23,45.89,41.27
VIX,2009-03-24,42.93,44.0,41.63
VIX,2009-03-25,42.25,44.2,40.81
VIX,2009-03-26,40.36,42.25,40.17
VIX,2009-03-27,41.04,42.13,40.36
VIX,2009-03-30,45.54,46.28,44.86
VIX,2009-03-31,44.14,45.54,42.27
VIX,2009-04-01,42.28,45.6,42.26
VIX,2009-04-02,42.04,42.68,40.3
VIX,2009-04-03,39.7,42.03,39.64
VIX,2009-04-06,40.93,43.02,40.83
VIX,2009-04-07,40.39,42.5,40.36
VIX,2009-04-08,38.85,40.86,38.7
VIX,2009-04-09,36.53,37.74,36.53
VIX,2009-04-13,37.81,38.91,37.51
VIX,2009-04-14,37.67,38.5,36.88
VIX,2009-04-15,36.17,38.06,36.1
VIX,2009-04-16,35.79,36.8,34.88
VIX,2009-04-17,33.94,35.52,33.68
VIX,2009-04-20,39.18,39.58,33.94
VIX,2009-04-21,37.14,40.29,36.95
VIX,2009-04-22,38.1,38.19,36.01
VIX,2009-04-23,37.15,38.52,37.01
VIX,2009-04-24,36.82,37.53,36.37
VIX,2009-04-27,38.32,39.52,37.97
VIX,2009-04-28,37.95,39.64,37.42
VIX,2009-04-29,36.08,37.95,35.37
VIX,2009-04-30,36.5,36.71,34.5
VIX,2009-05-01,35.3,36.88,34.88
VIX,2009-05-04,34.53,36.24,34.31
VIX,2009-05-05,33.36,35.14,33.36
VIX,2009-05-06,32.45,33.7,32.43
VIX,2009-05-07,33.44,34.56,31.91
VIX,2009-05-08,32.05,32.72,31.19
VIX,2009-05-11,32.87,34.08,32.05
VIX,2009-05-12,31.8,33.29,31.57
VIX,2009-05-13,33.65,33.99,32.56
VIX,2009-05-14,31.37,33.96,31.32
VIX,2009-05-15,33.12,33.61,30.59
VIX,2009-05-18,30.24,32.91,30.0
VIX,2009-05-19,28.8,30.32,28.35
VIX,2009-05-20,29.03,29.16,26.57
VIX,2009-05-21,31.35,32.77,29.03
VIX,2009-05-22,32.63,32.71,30.57
VIX,2009-05-26,30.62,34.57,30.38
VIX,2009-05-27,32.36,32.53,29.62
VIX,2009-05-28,31.67,33.32,31.1
VIX,2009-05-29,28.92,31.67,28.85
VIX,2009-06-01,30.04,30.05,28.45
VIX,2009-06-02,29.63,30.13,28.3
VIX,2009-06-03,31.02,31.79,29.62
VIX,2009-06-04,30.18,31.02,29.92
VIX,2009-06-05,29.62,30.81,28.85
VIX,2009-06-08,29.77,31.82,29.33
VIX,2009-06-09,28.27,29.77,27.79
VIX,2009-06-10,28.46,29.74,26.9
VIX,2009-06-11,28.11,28.11,26.81
VIX,2009-06-12,28.15,28.5,27.73
VIX,2009-06-15,30.81,31.09,29.64
VIX,2009-06-16,32.68,32.75,30.07
VIX,2009-06-17,31.54,32.77,30.64
VIX,2009-06-18,30.03,31.54,29.6
VIX,2009-06-19,27.99,29.32,27.56
VIX,2009-06-22,31.17,32.05,30.3
VIX,2009-06-23,30.58,31.54,27.83
VIX,2009-06-24,29.05,30.58,28.79
VIX,2009-06-25,26.36,29.56,26.3
VIX,2009-06-26,25.93,27.22,25.76
VIX,2009-06-29,25.35,27.18,25.29
VIX,2009-06-30,26.35,27.38,25.02
VIX,2009-07-01,26.22,26.31,24.8
VIX,2009-07-02,27.95,28.62,26.22
VIX,2009-07-06,29.0,30.6,28.99
VIX,2009-07-07,30.85,30.94,28.9
VIX,2009-07-08,31.3,33.05,30.43
VIX,2009-07-09,29.78,30.49,29.28
VIX,2009-07-10,29.02,30.34,28.82
VIX,2009-07-13,26.31,29.24,25.42
VIX,2009-07-14,25.02,26.84,24.99
VIX,2009-07-15,25.89,26.06,23.83
VIX,2009-07-16,25.42,26.18,24.51
VIX,2009-07-17,24.34,25.55,23.88
VIX,2009-07-20,24.4,25.42,24.26
VIX,2009-07-21,23.87,25.14,23.81
VIX,2009-07-22,23.43,24.14,23.24
VIX,2009-07-23,23.43,24.05,23.21
VIX,2009-07-24,23.09,23.87,23.0
VIX,2009-07-27,24.28,24.86,24.02
VIX,2009-07-28,25.01,25.61,24.28
VIX,2009-07-29,25.61,26.18,25.41
VIX,2009-07-30,25.4,25.76,24.85
VIX,2009-07-31,25.92,26.22,24.93
VIX,2009-08-03,25.56,26.49,25.56
VIX,2009-08-04,24.89,26.16,24.89
VIX,2009-08-05,24.9,25.85,24.86
VIX,2009-08-06,25.67,26.15,24.47
VIX,2009-08-07,24.76,24.95,23.98
VIX,2009-08-10,24.99,25.82,24.76
VIX,2009-08-11,25.99,26.98,24.98
VIX,2009-08-12,25.45,26.5,25.11
VIX,2009-08-13,24.71,26.15,24.71
VIX,2009-08-14,24.27,25.94,24.26
VIX,2009-08-17,27.89,28.39,24.27
VIX,2009-08-18,26.18,27.89,26.08
VIX,2009-08-19,26.26,28.14,26.14
VIX,2009-08-20,25.09,26.45,24.75
VIX,2009-08-21,25.01,25.06,23.91
VIX,2009-08-24,25.14,25.7,25.01
VIX,2009-08-25,24.92,25.13,23.68
VIX,2009-08-26,24.95,25.56,24.69
VIX,2009-08-27,24.68,25.89,24.43
VIX,2009-08-28,24.76,25.5,24.28
VIX,2009-08-31,26.01,27.01,24.76
VIX,2009-09-01,29.15,29.23,26.0
VIX,2009-09-02,28.9,29.57,28.41
VIX,2009-09-03,27.1,28.9,26.98
VIX,2009-09-04,25.26,26.98,24.86
VIX,2009-09-08,25.62,26.15,25.26
VIX,2009-09-09,24.32,25.93,24.23
VIX,2009-09-10,23.55,24.76,22.82
VIX,2009-09-11,24.15,24.33,22.48
VIX,2009-09-14,23.86,25.39,23.32
VIX,2009-09-15,23.42,24.27,23.07
VIX,2009-09-16,23.69,23.92,22.78
VIX,2009-09-17,23.65,24.07,22.79
VIX,2009-09-18,23.92,24.43,23.14
VIX,2009-09-21,24.06,25.51,23.71
VIX,2009-09-22,23.08,23.98,23.06
VIX,2009-09-23,23.49,23.69,22.19
VIX,2009-09-24,24.95,25.37,23.44
VIX,2009-09-25,25.61,26.34,24.81
VIX,2009-09-28,24.88,26.4,24.85
VIX,2009-09-29,25.19,25.28,24.54
VIX,2009-09-30,25.61,26.45,24.76
VIX,2009-10-01,28.27,28.42,25.98
VIX,2009-10-02,28.68,29.56,27.98
VIX,2009-10-05,26.84,29.34,26.57
VIX,2009-10-06,25.7,26.41,25.19
VIX,2009-10-07,24.68,25.82,24.57
VIX,2009-10-08,24.18,24.69,23.9
VIX,2009-10-09,23.12,24.54,22.99
VIX,2009-10-12,23.01,23.53,22.67
VIX,2009-10-13,22.99,24.07,22.74
VIX,2009-10-14,22.86,22.89,21.55
VIX,2009-10-15,21.72,23.53,21.49
VIX,2009-10-16,21.43,22.6,20.98
VIX,2009-10-19,21.49,22.46,20.91
VIX,2009-10-20,20.9,21.76,20.9
VIX,2009-10-21,22.22,22.48,20.1
VIX,2009-10-22,20.69,22.77,20.33
VIX,2009-10-23,22.27,22.59,20.34
VIX,2009-10-26,24.31,24.86,21.89
VIX,2009-10-27,24.83,25.22,24.03
VIX,2009-10-28,27.91,27.94,24.83
VIX,2009-10-29,24.76,27.19,24.68
VIX,2009-10-30,30.69,31.59,24.76
VIX,2009-11-02,29.78,31.84,28.07
VIX,2009-11-03,28.81,30.8,28.77
VIX,2009-11-04,27.72,28.81,26.61
VIX,2009-11-05,25.43,27.39,25.41
VIX,2009-11-06,24.19,26.17,24.06
VIX,2009-11-09,23.15,24.24,22.78
VIX,2009-11-10,22.84,23.53,22.78
VIX,2009-11-11,23.04,23.68,21.61
VIX,2009-11-12,24.24,24.61,22.91
VIX,2009-11-13,23.36,24.43,23.22
VIX,2009-11-16,22.89,23.42,22.02
VIX,2009-11-17,22.41,23.33,22.27
VIX,2009-11-18,21.63,22.65,21.63
VIX,2009-11-19,22.63,24.2,21.63
VIX,2009-11-20,22.19,23.45,22.14
VIX,2009-11-23,21.16,21.98,20.9
VIX,2009-11-24,20.47,21.87,20.35
VIX,2009-11-25,20.48,20.57,20.05
VIX,2009-11-27,24.85,25.93,23.12
VIX,2009-11-30,24.51,25.57,24.19
VIX,2009-12-01,21.92,24.51,21.88
VIX,2009-12-02,21.12,22.19,21.01
VIX,2009-12-03,22.46,22.5,20.61
VIX,2009-12-04,21.25,22.76,20.62
VIX,2009-12-07,22.1,22.46,21.6
VIX,2009-12-08,23.69,23.97,22.84
VIX,2009-12-09,22.66,24.2,22.54
VIX,2009-12-10,22.32,22.66,21.77
VIX,2009-12-11,21.59,22.31,21.39
VIX,2009-12-14,21.15,21.59,20.57
VIX,2009-12-15,21.49,21.87,20.91
VIX,2009-12-16,20.54,21.5,20.46
VIX,2009-12-17,22.51,22.86,21.4
VIX,2009-12-18,21.68,23.02,21.68
VIX,2009-12-21,20.49,21.51,20.28
VIX,2009-12-22,19.54,20.4,16.26
VIX,2009-12-23,19.71,19.97,19.35
VIX,2009-12-24,19.47,19.67,19.25
VIX,2009-12-28,19.93,20.53,19.9
VIX,2009-12-29,20.01,20.12,19.62
VIX,2009-12-30,19.96,20.44,19.93
VIX,2010-01-04,20.04,21.68,20.03
VIX,2010-01-05,19.35,20.13,19.34
VIX,2010-01-06,19.16,19.68,18.77
VIX,2010-01-07,19.06,19.71,18.7
VIX,2010-01-08,18.13,19.27,18.11
VIX,2010-01-11,17.55,17.74,16.86
VIX,2010-01-12,18.25,19.46,17.95
VIX,2010-01-13,17.85,18.72,17.56
VIX,2010-01-14,17.63,18.27,17.38
VIX,2010-01-15,17.91,19.02,17.63
VIX,2010-01-19,17.58,18.85,17.33
VIX,2010-01-20,18.68,19.69,18.44
VIX,2010-01-21,22.27,22.3,18.27
VIX,2010-01-22,27.31,28.01,22.27
VIX,2010-01-25,25.41,27.32,24.61
VIX,2010-01-26,24.55,26.22,22.77
VIX,2010-01-27,23.14,25.69,23.14
VIX,2010-01-28,23.73,25.3,22.69
VIX,2010-01-29,24.62,25.03,22.11
VIX,2010-02-01,22.59,24.33,22.58
VIX,2010-02-02,21.48,22.99,21.08
VIX,2010-02-03,21.6,22.11,21.33
VIX,2010-02-04,26.08,26.32,22.63
VIX,2010-02-05,26.11,29.22,25.37
VIX,2010-02-08,26.51,27.11,25.48
VIX,2010-02-09,26.0,26.56,24.78
VIX,2010-02-10,25.4,26.77,24.8
VIX,2010-02-11,23.96,26.11,23.87
VIX,2010-02-12,22.73,25.54,22.73
VIX,2010-02-16,22.25,23.57,22.13
VIX,2010-02-17,21.72,22.6,21.7
VIX,2010-02-18,20.63,22.21,20.6
VIX,2010-02-19,20.02,21.14,19.71
VIX,2010-02-22,19.94,21.0,19.59
VIX,2010-02-23,21.37,21.94,20.06
VIX,2010-02-24,20.27,21.58,20.22
VIX,2010-02-25,20.1,22.68,20.06
VIX,2010-02-26,19.5,20.53,19.32
VIX,2010-03-01,19.26,19.94,19.18
VIX,2010-03-02,19.06,19.36,18.6
VIX,2010-03-03,18.83,19.3,18.42
VIX,2010-03-04,18.72,19.27,18.58
VIX,2010-03-05,17.42,18.15,17.23
VIX,2010-03-08,17.79,17.96,17.56
VIX,2010-03-09,17.92,18.19,17.51
VIX,2010-03-10,18.57,18.6,17.43
VIX,2010-03-11,18.06,19.34,18.06
VIX,2010-03-12,17.58,18.53,17.58
VIX,2010-03-15,18.0,18.78,17.96
VIX,2010-03-16,17.69,18.01,17.42
VIX,2010-03-17,16.91,17.17,16.52
VIX,2010-03-18,16.62,16.99,16.31
VIX,2010-03-19,16.97,17.57,16.17
VIX,2010-03-22,16.87,18.34,16.77
VIX,2010-03-23,16.35,17.09,16.21
VIX,2010-03-24,17.55,17.92,16.83
VIX,2010-03-25,18.4,18.54,16.62
VIX,2010-03-26,17.77,18.69,17.35
VIX,2010-03-29,17.59,18.28,17.57
VIX,2010-03-30,17.13,18.08,17.13
VIX,2010-03-31,17.59,17.92,17.29
VIX,2010-04-01,17.47,18.09,16.79
VIX,2010-04-05,17.02,18.16,17.02
VIX,2010-04-06,16.23,17.54,16.08
VIX,2010-04-07,16.62,17.21,16.16
VIX,2010-04-08,16.48,17.8,16.3
VIX,2010-04-09,16.14,16.65,16.06
VIX,2010-04-12,15.58,16.0,15.23
VIX,2010-04-13,16.2,16.77,15.81
VIX,2010-04-14,15.59,16.38,15.55
VIX,2010-04-15,15.89,16.5,15.68
VIX,2010-04-16,18.36,19.7,16.11
VIX,2010-04-19,17.34,19.55,17.34
VIX,2010-04-20,15.73,16.89,15.73
VIX,2010-04-21,16.32,16.85,15.5
VIX,2010-04-22,16.47,18.19,16.2
VIX,2010-04-23,16.62,16.71,16.12
VIX,2010-04-26,17.47,17.53,17.07
VIX,2010-04-27,22.81,23.2,17.94
VIX,2010-04-28,21.08,23.03,20.86
VIX,2010-04-29,18.44,20.37,18.44
VIX,2010-04-30,22.05,22.39,18.41
VIX,2010-05-03,20.19,22.41,19.61
VIX,2010-05-04,23.84,25.7,22.46
VIX,2010-05-05,24.91,27.23,23.75
VIX,2010-05-06,32.8,40.71,24.43
VIX,2010-05-07,40.95,42.15,31.71
VIX,2010-05-10,28.84,30.89,25.68
VIX,2010-05-11,28.32,31.04,25.86
VIX,2010-05-12,25.52,26.67,24.98
VIX,2010-05-13,26.68,26.85,24.3
VIX,2010-05-14,31.24,33.24,28.4
VIX,2010-05-17,30.84,35.25,30.76
VIX,2010-05-18,33.55,34.17,28.09
VIX,2010-05-19,35.32,38.42,33.07
VIX,2010-05-20,45.79,46.37,40.3
VIX,2010-05-21,40.1,48.2,38.95
VIX,2010-05-24,38.32,41.74,35.57
VIX,2010-05-25,34.61,43.74,34.59
VIX,2010-05-26,35.02,35.02,24.1
VIX,2010-05-27,29.68,31.03,29.54
VIX,2010-05-28,32.07,33.3,29.53
VIX,2010-06-01,35.54,35.68,31.82
VIX,2010-06-02,30.17,34.57,29.94
VIX,2010-06-03,29.46,31.2,29.12
VIX,2010-06-04,35.48,36.12,31.81
VIX,2010-06-07,36.57,36.8,34.43
VIX,2010-06-08,33.7,37.38,33.36
VIX,2010-06-09,33.73,34.12,30.23
VIX,2010-06-10,30.57,31.77,29.69
VIX,2010-06-11,28.79,31.79,28.6
VIX,2010-06-14,28.58,28.72,26.98
VIX,2010-06-15,25.87,27.84,25.68
VIX,2010-06-16,25.92,26.72,25.34
VIX,2010-06-17,25.05,26.64,25.05
VIX,2010-06-18,23.95,24.88,23.3
VIX,2010-06-21,24.88,25.64,22.87
VIX,2010-06-22,27.05,27.05,24.41
VIX,2010-06-23,26.91,28.55,26.54
VIX,2010-06-24,29.74,30.27,27.53
VIX,2010-06-25,28.53,30.41,28.07
VIX,2010-06-28,29.0,29.9,28.47
VIX,2010-06-29,34.13,35.39,31.22
VIX,2010-06-30,34.54,34.63,31.74
VIX,2010-07-01,32.86,37.58,32.72
VIX,2010-07-02,30.12,31.88,29.35
VIX,2010-07-06,29.65,31.15,27.96
VIX,2010-07-07,26.84,29.56,26.84
VIX,2010-07-08,25.71,27.42,24.22
VIX,2010-07-09,24.98,25.67,24.37
VIX,2010-07-12,24.43,25.14,23.53
VIX,2010-07-13,24.56,24.57,23.12
VIX,2010-07-14,24.89,25.8,24.18
VIX,2010-07-15,25.14,27.24,24.74
VIX,2010-07-16,26.25,28.16,25.71
VIX,2010-07-19,25.97,27.3,25.12
VIX,2010-07-20,23.93,27.4,23.79
VIX,2010-07-21,25.64,26.63,23.59
VIX,2010-07-22,24.63,24.85,23.72
VIX,2010-07-23,23.47,25.17,23.32
VIX,2010-07-26,22.73,24.61,22.7
VIX,2010-07-27,23.19,23.57,21.86
VIX,2010-07-28,24.25,24.54,22.24
VIX,2010-07-29,24.13,25.54,23.04
VIX,2010-07-30,23.5,27.32,23.35
VIX,2010-08-02,22.01,23.24,21.74
VIX,2010-08-03,22.63,23.06,21.98
VIX,2010-08-04,22.21,23.69,22.16
VIX,2010-08-05,22.1,23.13,22.07
VIX,2010-08-06,21.74,23.89,21.72
VIX,2010-08-09,22.14,22.87,21.36
VIX,2010-08-10,22.37,24.24,22.17
VIX,2010-08-11,25.39,26.1,24.96
VIX,2010-08-12,25.73,27.21,25.18
VIX,2010-08-13,26.24,26.26,25.45
VIX,2010-08-16,26.1,28.1,25.38
VIX,2010-08-17,24.33,24.89,23.71
VIX,2010-08-18,24.59,25.23,23.4
VIX,2010-08-19,26.44,26.78,24.26
VIX,2010-08-20,25.49,27.0,25.49
VIX,2010-08-23,25.66,25.97,24.62
VIX,2010-08-24,27.46,28.77,26.32
VIX,2010-08-25,26.7,28.92,26.46
VIX,2010-08-26,27.37,27.55,25.86
VIX,2010-08-27,24.43,28.11,24.41
VIX,2010-08-30,27.21,27.21,25.41
VIX,2010-08-31,26.05,27.83,25.93
VIX,2010-09-01,23.89,25.13,23.86
VIX,2010-09-02,23.19,24.31,23.15
VIX,2010-09-03,21.31,22.78,21.24
VIX,2010-09-07,23.8,23.94,22.77
VIX,2010-09-08,23.25,23.56,22.92
VIX,2010-09-09,22.81,23.24,22.14
VIX,2010-09-10,21.99,22.87,21.76
VIX,2010-09-13,21.21,22.05,20.93
VIX,2010-09-14,21.56,21.97,20.85
VIX,2010-09-15,22.1,22.8,22.1
VIX,2010-09-16,21.72,22.83,21.71
VIX,2010-09-17,22.01,22.56,21.63
VIX,2010-09-20,21.5,22.58,21.25
VIX,2010-09-21,22.35,22.59,21.42
VIX,2010-09-22,22.51,23.19,21.91
VIX,2010-09-23,23.87,24.06,22.56
VIX,2010-09-24,21.71,22.61,21.71
VIX,2010-09-27,22.54,22.75,21.97
VIX,2010-09-28,22.6,24.28,22.4
VIX,2010-09-29,23.25,23.45,22.72
VIX,2010-09-30,23.7,24.52,22.39
VIX,2010-10-01,22.5,23.67,22.46
VIX,2010-10-04,23.53,24.34,23.3
VIX,2010-10-05,21.76,23.08,21.71
VIX,2010-10-06,21.49,22.13,21.46
VIX,2010-10-07,21.56,22.16,21.28
VIX,2010-10-08,20.71,21.64,20.29
VIX,2010-10-11,18.96,19.51,18.8
VIX,2010-10-12,18.93,20.1,18.55
VIX,2010-10-13,19.07,19.16,17.9
VIX,2010-10-14,19.88,21.02,19.4
VIX,2010-10-15,19.03,21.59,19.02
VIX,2010-10-18,19.09,20.71,18.88
VIX,2010-10-19,20.63,21.35,19.33
VIX,2010-10-20,19.79,21.2,19.67
VIX,2010-10-21,19.27,20.53,18.93
VIX,2010-10-22,18.78,19.36,18.76
VIX,2010-10-25,19.85,19.88,18.86
VIX,2010-10-26,20.22,21.01,20.22
VIX,2010-10-27,20.71,22.37,20.69
VIX,2010-10-28,20.88,21.41,20.18
VIX,2010-10-29,21.2,21.4,20.86
VIX,2010-11-01,21.83,22.54,20.92
VIX,2010-11-02,21.57,21.82,21.22
VIX,2010-11-03,19.56,22.02,19.54
VIX,2010-11-04,18.52,18.8,17.97
VIX,2010-11-05,18.26,18.44,17.92
VIX,2010-11-08,18.29,19.35,18.21
VIX,2010-11-09,19.08,19.39,17.83
VIX,2010-11-10,18.47,19.96,18.41
VIX,2010-11-11,18.64,19.75,18.48
VIX,2010-11-12,20.61,21.23,19.29
VIX,2010-11-15,20.2,20.37,19.14
VIX,2010-11-16,22.58,23.07,20.95
VIX,2010-11-17,21.76,22.21,21.22
VIX,2010-11-18,18.75,20.31,18.75
VIX,2010-11-19,18.04,19.72,17.76
VIX,2010-11-22,18.37,20.14,18.35
VIX,2010-11-23,20.63,21.45,20.24
VIX,2010-11-24,19.56,19.61,18.73
VIX,2010-11-26,22.22,22.22,20.28
VIX,2010-11-29,21.53,23.84,21.38
VIX,2010-11-30,23.54,23.79,22.42
VIX,2010-12-01,21.36,21.43,20.4
VIX,2010-12-02,19.39,21.13,19.1
VIX,2010-12-03,18.01,19.28,17.71
VIX,2010-12-06,18.02,18.85,17.95
VIX,2010-12-07,17.99,18.15,17.13
VIX,2010-12-08,17.74,18.32,17.69
VIX,2010-12-09,17.25,17.84,17.24
VIX,2010-12-10,17.61,17.63,17.06
VIX,2010-12-13,17.55,17.67,16.68
VIX,2010-12-14,17.61,17.95,17.22
VIX,2010-12-15,17.94,18.14,17.37
VIX,2010-12-16,17.39,18.27,16.88
VIX,2010-12-17,16.11,17.64,15.46
VIX,2010-12-20,16.41,16.86,15.78
VIX,2010-12-21,16.49,16.62,16.08
VIX,2010-12-22,15.45,16.56,15.45
VIX,2010-12-23,16.47,16.86,15.4
VIX,2010-12-27,17.67,18.32,17.66
VIX,2010-12-28,17.52,17.99,17.3
VIX,2010-12-29,17.28,17.49,17.02
VIX,2010-12-30,17.52,17.89,17.46
VIX,2010-12-31,17.75,18.13,17.75
VIX,2011-01-03,17.61,17.95,16.91
VIX,2011-01-04,17.38,18.24,17.33
VIX,2011-01-05,17.02,17.95,16.86
VIX,2011-01-06,17.4,17.56,16.79
VIX,2011-01-07,17.14,18.07,16.57
VIX,2011-01-10,17.54,18.63,17.54
VIX,2011-01-11,16.89,17.35,16.6
VIX,2011-01-12,16.24,16.5,16.17
VIX,2011-01-13,16.39,16.78,16.14
VIX,2011-01-14,15.46,16.71,15.37
VIX,2011-01-18,15.87,16.2,15.71
VIX,2011-01-19,17.31,17.67,15.86
VIX,2011-01-20,17.99,18.85,17.65
VIX,2011-01-21,18.47,18.61,16.6
VIX,2011-01-24,17.65,18.93,17.56
VIX,2011-01-25,17.59,18.55,17.59
VIX,2011-01-26,16.64,17.42,16.59
VIX,2011-01-27,16.15,16.89,15.81
VIX,2011-01-28,20.04,20.08,15.92
VIX,2011-01-31,19.53,19.96,17.1
VIX,2011-02-01,17.63,18.63,17.4
VIX,2011-02-02,17.3,17.84,17.28
VIX,2011-02-03,16.69,17.8,16.61
VIX,2011-02-04,15.93,16.74,15.89
VIX,2011-02-07,16.28,16.54,15.84
VIX,2011-02-08,15.81,16.6,14.86
VIX,2011-02-09,15.87,16.52,15.86
VIX,2011-02-10,16.09,17.07,16.0
VIX,2011-02-11,15.69,16.53,15.55
VIX,2011-02-14,15.95,16.26,15.22
VIX,2011-02-15,16.37,16.75,16.27
VIX,2011-02-16,16.72,16.74,15.84
VIX,2011-02-17,16.59,17.3,15.88
VIX,2011-02-18,16.43,16.91,15.54
VIX,2011-02-22,20.8,21.45,18.38
VIX,2011-02-23,22.13,23.22,20.3
VIX,2011-02-24,21.32,22.71,20.81
VIX,2011-02-25,19.22,20.44,18.88
VIX,2011-02-28,18.35,19.27,18.14
VIX,2011-03-01,21.01,21.01,17.63
VIX,2011-03-02,20.7,21.14,19.62
VIX,2011-03-03,18.6,19.27,18.25
VIX,2011-03-04,19.06,20.33,18.31
VIX,2011-03-07,20.66,21.77,18.95
VIX,2011-03-08,19.82,21.06,19.15
VIX,2011-03-09,20.22,20.96,19.41
VIX,2011-03-10,21.88,22.25,20.34
VIX,2011-03-11,20.08,21.75,19.97
VIX,2011-03-14,21.13,22.74,20.92
VIX,2011-03-15,24.32,25.72,23.31
VIX,2011-03-16,29.4,31.28,24.04
VIX,2011-03-17,26.37,27.54,25.44
VIX,2011-03-18,24.44,24.85,23.09
VIX,2011-03-21,20.61,22.16,20.22
VIX,2011-03-22,20.21,20.59,19.97
VIX,2011-03-23,19.17,21.05,18.19
VIX,2011-03-24,18.0,18.99,17.87
VIX,2011-03-25,17.91,18.08,17.07
VIX,2011-03-28,19.44,19.44,17.96
VIX,2011-03-29,18.16,19.78,18.0
VIX,2011-03-30,17.71,17.89,17.25
VIX,2011-03-31,17.74,17.95,17.41
VIX,2011-04-01,17.4,17.62,16.44
VIX,2011-04-04,17.5,17.85,17.39
VIX,2011-04-05,17.25,17.87,16.5
VIX,2011-04-06,16.9,17.15,16.5
VIX,2011-04-07,17.11,17.77,16.49
VIX,2011-04-08,17.87,18.33,16.51
VIX,2011-04-11,16.59,17.05,16.22
VIX,2011-04-12,17.09,18.46,16.88
VIX,2011-04-13,16.92,17.38,16.2
VIX,2011-04-14,16.27,18.08,16.08
VIX,2011-04-15,15.32,15.98,14.92
VIX,2011-04-18,16.96,19.07,16.81
VIX,2011-04-19,15.83,16.72,15.69
VIX,2011-04-20,15.07,15.39,14.3
VIX,2011-04-21,14.69,15.23,14.4
VIX,2011-04-25,15.77,16.06,15.5
VIX,2011-04-26,15.62,15.66,15.07
VIX,2011-04-27,15.35,16.42,15.13
VIX,2011-04-28,14.62,15.54,14.27
VIX,2011-04-29,14.75,14.99,14.49
VIX,2011-05-02,15.99,16.13,15.07
VIX,2011-05-03,16.7,17.29,16.13
VIX,2011-05-04,17.08,17.72,16.83
VIX,2011-05-05,18.2,19.11,16.74
VIX,2011-05-06,18.4,19.29,16.12
VIX,2011-05-09,17.16,18.59,17.04
VIX,2011-05-10,15.91,16.9,15.79
VIX,2011-05-11,16.95,17.49,16.23
VIX,2011-05-12,16.03,17.89,16.03
VIX,2011-05-13,17.07,17.56,15.98
VIX,2011-05-16,18.24,18.25,16.61
VIX,2011-05-17,17.55,19.09,17.47
VIX,2011-05-18,16.23,17.68,16.03
VIX,2011-05-19,15.52,16.56,15.5
VIX,2011-05-20,17.43,17.43,15.7
VIX,2011-05-23,18.27,20.03,17.47
VIX,2011-05-24,17.82,18.19,17.0
VIX,2011-05-25,17.07,18.26,16.7
VIX,2011-05-26,16.09,17.46,15.9
VIX,2011-05-27,15.98,16.27,15.36
VIX,2011-05-31,15.45,16.5,15.15
VIX,2011-06-01,18.3,18.48,15.95
VIX,2011-06-02,18.09,18.72,17.39
VIX,2011-06-03,17.95,19.87,17.12
VIX,2011-06-06,18.49,18.65,17.65
VIX,2011-06-07,18.07,18.48,17.39
VIX,2011-06-08,18.79,18.83,17.72
VIX,2011-06-09,17.77,18.31,17.26
VIX,2011-06-10,18.86,19.16,17.93
VIX,2011-06-13,19.61,20.02,18.41
VIX,2011-06-14,18.26,18.56,17.8
VIX,2011-06-15,21.32,21.66,19.03
VIX,2011-06-16,22.73,24.65,20.81
VIX,2011-06-17,21.85,22.39,20.35
VIX,2011-06-20,19.99,23.08,19.99
VIX,2011-06-21,18.86,19.46,17.72
VIX,2011-06-22,18.52,18.9,17.72
VIX,2011-06-23,19.29,21.5,19.22
VIX,2011-06-24,21.1,21.28,19.1
VIX,2011-06-27,20.56,21.82,20.27
VIX,2011-06-28,19.17,20.45,19.17
VIX,2011-06-29,17.27,18.83,16.32
VIX,2011-06-30,16.52,16.77,15.88
VIX,2011-07-01,15.87,16.29,15.12
VIX,2011-07-05,16.06,16.5,15.89
VIX,2011-07-06,16.34,17.08,16.32
VIX,2011-07-07,15.95,16.13,15.3
VIX,2011-07-08,15.95,17.14,15.95
VIX,2011-07-11,18.39,19.06,17.16
VIX,2011-07-12,19.87,20.13,18.25
VIX,2011-07-13,19.91,20.16,18.09
VIX,2011-07-14,20.8,21.58,19.35
VIX,2011-07-15,19.53,21.68,19.52
VIX,2011-07-18,20.95,21.93,20.9
VIX,2011-07-19,19.21,20.43,19.12
VIX,2011-07-20,19.09,19.65,18.61
VIX,2011-07-21,17.56,18.63,17.15
VIX,2011-07-22,17.52,17.95,17.14
VIX,2011-07-25,19.35,19.5,18.73
VIX,2011-07-26,20.23,20.5,19.56
VIX,2011-07-27,22.98,23.2,20.87
VIX,2011-07-28,23.74,23.99,21.2
VIX,2011-07-29,25.25,25.94,23.65
VIX,2011-08-01,23.66,25.63,22.46
VIX,2011-08-02,24.79,24.79,22.65
VIX,2011-08-03,23.38,25.23,22.76
VIX,2011-08-04,31.66,32.07,24.31
VIX,2011-08-05,32.0,39.25,27.54
VIX,2011-08-08,48.0,48.0,35.29
VIX,2011-08-09,35.06,47.56,34.28
VIX,2011-08-10,42.99,44.41,37.34
VIX,2011-08-11,39.0,42.88,37.5
VIX,2011-08-12,36.36,37.85,34.01
VIX,2011-08-15,31.87,34.83,31.47
VIX,2011-08-16,32.85,34.49,31.68
VIX,2011-08-17,31.58,33.32,30.81
VIX,2011-08-18,42.67,45.28,36.69
VIX,2011-08-19,43.05,45.4,39.99
VIX,2011-08-22,42.44,43.58,38.78
VIX,2011-08-23,36.27,42.54,35.83
VIX,2011-08-24,35.9,37.38,34.55
VIX,2011-08-25,39.76,40.14,34.05
VIX,2011-08-26,35.59,43.84,34.33
VIX,2011-08-29,32.28,33.81,32.21
VIX,2011-08-30,32.89,33.55,31.55
VIX,2011-08-31,31.62,32.53,30.16
VIX,2011-09-01,31.82,32.38,30.76
VIX,2011-09-02,33.92,34.74,32.7
VIX,2011-09-06,37.0,39.86,37.0
VIX,2011-09-07,33.38,34.7,33.38
VIX,2011-09-08,34.32,34.71,32.79
VIX,2011-09-09,38.52,40.74,35.53
VIX,2011-09-12,38.59,43.18,38.58
VIX,2011-09-13,36.91,39.43,36.69
VIX,2011-09-14,34.6,37.76,33.4
VIX,2011-09-15,31.97,33.98,31.75
VIX,2011-09-16,30.98,32.48,30.43
VIX,2011-09-19,32.73,35.33,32.35
VIX,2011-09-20,32.86,33.14,31.45
VIX,2011-09-21,37.32,37.32,32.45
VIX,2011-09-22,41.35,43.87,39.33
VIX,2011-09-23,41.25,42.82,40.42
VIX,2011-09-26,39.02,43.34,39.02
VIX,2011-09-27,37.71,38.57,35.32
VIX,2011-09-28,41.08,41.24,36.65
VIX,2011-09-29,38.84,42.0,38.03
VIX,2011-09-30,42.96,42.99,39.88
VIX,2011-10-03,45.45,45.55,41.51
VIX,2011-10-04,40.82,46.88,40.02
VIX,2011-10-05,37.81,41.2,37.51
VIX,2011-10-06,36.27,38.74,36.15
VIX,2011-10-07,36.2,37.82,35.19
VIX,2011-10-10,33.02,35.45,32.96
VIX,2011-10-11,32.86,34.24,32.62
VIX,2011-10-12,31.26,31.93,29.79
VIX,2011-10-13,30.7,32.76,30.48
VIX,2011-10-14,28.24,29.96,28.08
VIX,2011-10-17,33.39,33.39,30.12
VIX,2011-10-18,31.56,34.71,29.69
VIX,2011-10-19,34.44,35.47,31.91
VIX,2011-10-20,34.78,36.87,34.16
VIX,2011-10-21,31.32,32.98,31.32
VIX,2011-10-24,29.26,31.7,28.84
VIX,2011-10-25,32.22,32.46,30.32
VIX,2011-10-26,29.86,33.3,29.63
VIX,2011-10-27,25.46,26.46,24.7
VIX,2011-10-28,24.53,26.02,24.44
VIX,2011-10-31,29.96,29.97,27.01
VIX,2011-11-01,34.77,37.53,33.87
VIX,2011-11-02,32.74,34.27,32.55
VIX,2011-11-03,30.5,34.65,30.21
VIX,2011-11-04,30.16,32.56,30.14
VIX,2011-11-07,29.85,32.15,29.85
VIX,2011-11-08,27.48,30.49,27.47
VIX,2011-11-09,36.16,36.43,30.98
VIX,2011-11-10,32.81,35.5,32.12
VIX,2011-11-11,30.04,30.42,29.45
VIX,2011-11-14,31.13,32.85,31.13
VIX,2011-11-15,31.22,32.55,30.4
VIX,2011-11-16,33.51,33.51,30.54
VIX,2011-11-17,34.51,36.46,32.89
VIX,2011-11-18,32.0,33.99,31.92
VIX,2011-11-21,32.91,35.29,32.53
VIX,2011-11-22,31.97,33.39,31.28
VIX,2011-11-23,33.98,34.57,32.68
VIX,2011-11-25,34.47,34.77,33.12
VIX,2011-11-28,32.13,33.11,29.47
VIX,2011-11-29,30.64,32.02,30.56
VIX,2011-11-30,27.8,28.5,27.03
VIX,2011-12-01,27.41,27.89,26.64
VIX,2011-12-02,27.52,27.62,25.29
VIX,2011-12-05,27.84,28.31,26.0
VIX,2011-12-06,28.13,28.13,27.41
VIX,2011-12-07,28.67,29.58,28.44
VIX,2011-12-08,30.59,30.91,29.02
VIX,2011-12-09,26.38,29.61,26.29
VIX,2011-12-12,25.67,27.73,25.64
VIX,2011-12-13,25.41,26.28,23.27
VIX,2011-12-14,26.04,27.55,25.76
VIX,2011-12-15,25.11,25.28,23.88
VIX,2011-12-16,24.29,25.02,23.51
VIX,2011-12-19,24.92,25.38,24.38
VIX,2011-12-20,23.22,23.58,22.54
VIX,2011-12-21,21.43,23.94,21.12
VIX,2011-12-22,21.16,21.33,20.34
VIX,2011-12-23,20.73,21.21,20.72
VIX,2011-12-27,21.91,22.66,21.68
VIX,2011-12-28,23.52,23.56,22.11
VIX,2011-12-29,22.65,23.52,22.65
VIX,2011-12-30,23.4,23.46,22.65
VIX,2012-01-03,22.97,23.1,22.54
VIX,2012-01-04,22.22,23.73,22.22
VIX,2012-01-05,21.48,23.09,21.34
VIX,2012-01-06,20.63,21.72,20.58
VIX,2012-01-09,21.07,21.78,21.0
VIX,2012-01-10,20.69,20.69,20.05
VIX,2012-01-11,21.05,21.22,20.98
VIX,2012-01-12,20.47,22.03,20.46
VIX,2012-01-13,20.91,22.43,20.91
VIX,2012-01-17,22.2,22.25,20.69
VIX,2012-01-18,20.89,23.44,20.78
VIX,2012-01-19,19.87,20.87,19.45
VIX,2012-01-20,18.28,19.94,18.16
VIX,2012-01-23,18.67,19.31,18.55
VIX,2012-01-24,18.91,20.0,18.63
VIX,2012-01-25,18.31,19.55,17.15
VIX,2012-01-26,18.57,19.17,16.8
VIX,2012-01-27,18.53,19.16,18.26
VIX,2012-01-30,19.4,20.33,19.38
VIX,2012-01-31,19.44,19.84,18.13
VIX,2012-02-01,18.55,18.82,17.99
VIX,2012-02-02,17.98,18.5,17.98
VIX,2012-02-03,17.1,17.32,16.1
VIX,2012-02-06,17.76,18.02,16.11
VIX,2012-02-07,17.65,18.1,17.5
VIX,2012-02-08,18.16,18.46,17.53
VIX,2012-02-09,18.63,18.72,18.07
VIX,2012-02-10,20.79,21.98,19.02
VIX,2012-02-13,19.04,19.68,17.92
VIX,2012-02-14,19.54,20.76,18.95
VIX,2012-02-15,21.14,21.77,19.44
VIX,2012-02-16,19.22,21.76,19.22
VIX,2012-02-17,17.78,18.79,17.54
VIX,2012-02-21,18.19,18.94,17.65
VIX,2012-02-22,18.19,18.94,17.74
VIX,2012-02-23,16.8,18.97,16.64
VIX,2012-02-24,17.31,17.62,16.42
VIX,2012-02-27,18.19,19.25,17.58
VIX,2012-02-28,17.96,18.67,17.88
VIX,2012-02-29,18.43,18.75,17.53
VIX,2012-03-01,17.26,18.03,17.26
VIX,2012-03-02,17.29,17.65,17.14
VIX,2012-03-05,18.05,18.9,18.02
VIX,2012-03-06,20.87,21.24,20.3
VIX,2012-03-07,19.07,20.44,19.07
VIX,2012-03-08,17.95,18.46,17.76
VIX,2012-03-09,17.11,17.54,16.63
VIX,2012-03-12,15.64,16.67,15.23
VIX,2012-03-13,14.8,16.08,13.99
VIX,2012-03-14,15.31,16.19,14.39
VIX,2012-03-15,15.42,16.06,14.58
VIX,2012-03-16,14.47,15.24,13.66
VIX,2012-03-19,15.04,15.43,14.54
VIX,2012-03-20,15.58,15.95,15.11
VIX,2012-03-21,15.13,15.31,14.19
VIX,2012-03-22,15.57,16.58,15.56
VIX,2012-03-23,14.82,16.39,14.69
VIX,2012-03-26,14.26,15.03,14.26
VIX,2012-03-27,15.59,15.59,14.14
VIX,2012-03-28,15.47,17.27,15.4
VIX,2012-03-29,15.48,17.2,15.39
VIX,2012-03-30,15.5,15.98,14.67
VIX,2012-04-02,15.64,16.58,15.02
VIX,2012-04-03,15.66,16.65,15.56
VIX,2012-04-04,16.44,17.74,16.31
VIX,2012-04-05,16.7,17.13,16.29
VIX,2012-04-09,18.81,18.94,17.93
VIX,2012-04-10,20.39,21.06,18.62
VIX,2012-04-11,20.02,20.12,18.73
VIX,2012-04-12,17.2,19.74,17.2
VIX,2012-04-13,19.55,19.62,17.85
VIX,2012-04-16,19.55,20.42,18.6
VIX,2012-04-17,18.46,18.66,17.58
VIX,2012-04-18,18.64,19.17,17.7
VIX,2012-04-19,18.36,19.69,17.69
VIX,2012-04-20,17.44,18.05,16.97
VIX,2012-04-23,18.97,20.27,18.95
VIX,2012-04-24,18.1,19.22,18.09
VIX,2012-04-25,16.82,17.38,16.82
VIX,2012-04-26,16.24,17.04,15.75
VIX,2012-04-27,16.32,16.47,15.83
VIX,2012-04-30,17.15,17.41,16.92
VIX,2012-05-01,16.6,17.49,16.01
VIX,2012-05-02,16.88,17.63,16.78
VIX,2012-05-03,17.56,17.92,16.73
VIX,2012-05-04,19.16,19.28,17.81
VIX,2012-05-07,18.94,19.87,18.41
VIX,2012-05-08,19.05,20.91,17.95
VIX,2012-05-09,20.08,21.59,19.38
VIX,2012-05-10,18.83,19.88,18.77
VIX,2012-05-11,19.89,19.94,18.62
VIX,2012-05-14,21.87,21.87,20.94
VIX,2012-05-15,21.97,22.7,20.76
VIX,2012-05-16,22.27,22.69,20.83
VIX,2012-05-17,24.49,24.51,21.87
VIX,2012-05-18,25.1,25.14,23.07
VIX,2012-05-21,22.01,24.88,22.01
VIX,2012-05-22,22.48,23.19,19.98
VIX,2012-05-23,22.33,24.62,21.99
VIX,2012-05-24,21.54,23.22,21.48
VIX,2012-05-25,21.76,22.29,21.3
VIX,2012-05-29,21.03,22.47,20.99
VIX,2012-05-30,24.14,24.14,22.66
VIX,2012-05-31,24.06,25.46,22.78
VIX,2012-06-01,26.66,26.71,23.94
VIX,2012-06-04,26.12,27.73,25.72
VIX,2012-06-05,24.68,25.9,24.5
VIX,2012-06-06,22.16,23.89,21.8
VIX,2012-06-07,21.72,22.48,20.74
VIX,2012-06-08,21.23,23.1,20.29
VIX,2012-06-11,23.56,23.56,19.63
VIX,2012-06-12,22.09,23.9,22.09
VIX,2012-06-13,24.27,24.93,22.66
VIX,2012-06-14,21.68,24.81,21.55
VIX,2012-06-15,21.11,23.09,20.61
VIX,2012-06-18,18.32,21.98,18.24
VIX,2012-06-19,18.38,18.62,17.36
VIX,2012-06-20,17.24,20.05,17.09
VIX,2012-06-21,20.08,20.48,16.77
VIX,2012-06-22,18.11,19.37,17.9
VIX,2012-06-25,20.38,21.36,19.89
VIX,2012-06-26,19.72,20.57,19.42
VIX,2012-06-27,19.45,20.12,19.38
VIX,2012-06-28,19.71,21.19,19.6
VIX,2012-06-29,17.08,19.71,16.87
VIX,2012-07-02,16.8,18.19,16.66
VIX,2012-07-03,16.66,16.92,16.27
VIX,2012-07-05,17.5,18.22,17.18
VIX,2012-07-06,17.1,18.25,16.95
VIX,2012-07-09,17.98,18.32,17.73
VIX,2012-07-10,18.72,19.19,17.29
VIX,2012-07-11,17.95,19.17,17.84
VIX,2012-07-12,18.33,19.51,17.75
VIX,2012-07-13,16.74,17.82,16.36
VIX,2012-07-16,17.11,17.32,16.46
VIX,2012-07-17,16.48,17.46,16.09
VIX,2012-07-18,16.16,16.81,15.69
VIX,2012-07-19,15.45,16.7,15.45
VIX,2012-07-20,16.27,17.05,15.97
VIX,2012-07-23,18.62,20.49,18.34
VIX,2012-07-24,20.47,21.0,18.37
VIX,2012-07-25,19.34,20.67,18.99
VIX,2012-07-26,17.53,18.47,17.07
VIX,2012-07-27,16.7,17.3,16.52
VIX,2012-07-30,18.03,18.08,17.23
VIX,2012-07-31,18.93,19.09,18.26
VIX,2012-08-01,18.96,19.18,18.2
VIX,2012-08-02,17.57,19.25,17.56
VIX,2012-08-03,15.64,16.45,15.64
VIX,2012-08-06,15.95,16.27,15.82
VIX,2012-08-07,15.99,16.03,15.48
VIX,2012-08-08,15.32,16.47,15.27
VIX,2012-08-09,15.28,15.67,15.28
VIX,2012-08-10,14.74,15.5,14.73
VIX,2012-08-13,13.7,14.67,13.67
VIX,2012-08-14,14.85,15.06,13.91
VIX,2012-08-15,14.63,14.98,14.36
VIX,2012-08-16,14.29,15.15,14.28
VIX,2012-08-17,13.45,14.3,13.3
VIX,2012-08-20,14.02,14.78,13.38
VIX,2012-08-21,15.02,15.44,13.46
VIX,2012-08-22,15.11,15.52,14.75
VIX,2012-08-23,15.96,16.45,15.0
VIX,2012-08-24,15.18,16.0,15.18
VIX,2012-08-27,16.35,16.38,15.75
VIX,2012-08-28,16.49,16.92,16.01
VIX,2012-08-29,17.06,17.06,16.5
VIX,2012-08-30,17.83,18.05,17.44
VIX,2012-08-31,17.47,18.04,16.56
VIX,2012-09-04,17.98,18.96,17.85
VIX,2012-09-05,17.74,17.84,16.99
VIX,2012-09-06,15.6,17.3,15.6
VIX,2012-09-07,14.38,15.6,14.33
VIX,2012-09-10,16.28,16.28,13.97
VIX,2012-09-11,16.41,16.41,15.46
VIX,2012-09-12,15.8,16.31,15.43
VIX,2012-09-13,14.05,16.54,13.91
VIX,2012-09-14,14.51,14.71,13.51
VIX,2012-09-17,14.59,14.88,14.38
VIX,2012-09-18,14.18,14.88,13.97
VIX,2012-09-19,13.88,14.08,13.61
VIX,2012-09-20,14.07,14.67,14.07
VIX,2012-09-21,13.98,14.18,13.69
VIX,2012-09-24,14.15,15.06,13.87
VIX,2012-09-25,15.43,15.72,14.03
VIX,2012-09-26,16.81,17.08,15.83
VIX,2012-09-27,14.84,16.5,14.83
VIX,2012-09-28,15.73,15.77,14.95
VIX,2012-10-01,16.32,16.53,15.13
VIX,2012-10-02,15.71,16.5,15.7
VIX,2012-10-03,15.43,16.02,15.13
VIX,2012-10-04,14.55,15.33,14.53
VIX,2012-10-05,14.33,14.78,13.67
VIX,2012-10-08,15.11,15.46,15.04
VIX,2012-10-09,16.37,16.4,15.18
VIX,2012-10-10,16.29,16.79,16.13
VIX,2012-10-11,15.59,15.8,15.31
VIX,2012-10-12,16.14,16.18,14.96
VIX,2012-10-15,15.27,16.21,15.23
VIX,2012-10-16,15.22,15.23,14.5
VIX,2012-10-17,15.07,15.63,14.9
VIX,2012-10-18,15.03,15.5,14.68
VIX,2012-10-19,17.06,17.6,14.9
VIX,2012-10-22,16.62,17.98,16.62
VIX,2012-10-23,18.83,19.65,18.17
VIX,2012-10-24,18.33,18.67,17.93
VIX,2012-10-25,18.12,18.64,17.3
VIX,2012-10-26,17.81,18.64,17.52
VIX,2012-10-31,18.6,18.84,17.56
VIX,2012-11-01,16.69,17.79,16.45
VIX,2012-11-02,17.59,17.6,16.05
VIX,2012-11-05,18.42,18.7,18.13
VIX,2012-11-06,17.58,18.17,17.19
VIX,2012-11-07,19.08,19.4,17.62
VIX,2012-11-08,18.49,18.69,17.96
VIX,2012-11-09,18.61,18.81,17.67
VIX,2012-11-12,16.68,18.15,16.45
VIX,2012-11-13,16.65,17.38,16.12
VIX,2012-11-14,17.92,18.05,15.93
VIX,2012-11-15,17.99,18.64,17.62
VIX,2012-11-16,16.41,18.5,16.41
VIX,2012-11-19,15.24,15.98,15.1
VIX,2012-11-20,15.08,15.65,15.06
VIX,2012-11-21,15.31,15.43,14.77
VIX,2012-11-23,15.14,15.26,15.0
VIX,2012-11-26,15.5,15.84,15.47
VIX,2012-11-27,15.92,15.93,15.01
VIX,2012-11-28,15.51,16.98,15.47
VIX,2012-11-29,15.06,15.51,15.02
VIX,2012-11-30,15.87,16.17,14.89
VIX,2012-12-03,16.64,16.69,15.76
VIX,2012-12-04,17.12,17.37,16.38
VIX,2012-12-05,16.46,17.53,16.27
VIX,2012-12-06,16.58,16.85,16.31
VIX,2012-12-07,15.9,16.65,15.73
VIX,2012-12-10,16.05,16.47,15.96
VIX,2012-12-11,15.57,16.01,15.42
VIX,2012-12-12,15.95,16.09,15.41
VIX,2012-12-13,16.56,16.67,15.71
VIX,2012-12-14,17.0,17.15,16.61
VIX,2012-12-17,16.34,17.2,16.21
VIX,2012-12-18,15.57,16.43,15.46
VIX,2012-12-19,17.36,17.46,16.04
VIX,2012-12-20,17.67,17.96,17.11
VIX,2012-12-21,17.84,19.93,17.76
VIX,2012-12-24,17.84,18.66,17.84
VIX,2012-12-26,19.48,19.63,18.61
VIX,2012-12-27,19.47,20.9,19.11
VIX,2012-12-28,22.72,23.23,19.94
VIX,2012-12-31,18.02,22.72,17.88
VIX,2013-01-02,14.68,15.93,14.6
VIX,2013-01-03,14.56,14.92,14.24
VIX,2013-01-04,13.83,14.31,13.64
VIX,2013-01-07,13.79,14.53,13.71
VIX,2013-01-08,13.62,14.29,13.62
VIX,2013-01-09,13.81,13.93,13.22
VIX,2013-01-10,13.49,13.88,13.33
VIX,2013-01-11,13.36,13.79,13.22
VIX,2013-01-14,13.52,13.85,13.41
VIX,2013-01-15,13.55,13.99,13.33
VIX,2013-01-16,13.42,13.76,13.2
VIX,2013-01-17,13.57,13.7,13.16
VIX,2013-01-18,12.46,13.53,12.29
VIX,2013-01-22,12.43,13.32,12.43
VIX,2013-01-23,12.46,12.67,12.3
VIX,2013-01-24,12.69,13.5,12.4
VIX,2013-01-25,12.89,12.99,12.5
VIX,2013-01-28,13.57,13.91,13.29
VIX,2013-01-29,13.31,13.88,13.04
VIX,2013-01-30,14.32,14.33,13.6
VIX,2013-01-31,14.28,14.43,14.04
VIX,2013-02-01,12.9,13.38,12.72
VIX,2013-02-04,14.67,14.75,13.8
VIX,2013-02-05,13.72,14.21,13.39
VIX,2013-02-06,13.41,14.08,13.34
VIX,2013-02-07,13.5,14.41,13.43
VIX,2013-02-08,13.02,13.2,12.89
VIX,2013-02-11,12.94,13.42,12.91
VIX,2013-02-12,12.64,13.13,12.63
VIX,2013-02-13,12.98,13.19,12.67
VIX,2013-02-14,12.66,13.32,12.64
VIX,2013-02-15,12.46,12.89,12.24
VIX,2013-02-19,12.31,12.85,12.08
VIX,2013-02-20,14.68,14.68,12.32
VIX,2013-02-21,15.22,16.21,14.67
VIX,2013-02-22,14.17,15.02,14.16
VIX,2013-02-25,18.99,19.28,13.57
VIX,2013-02-26,16.87,18.23,16.75
VIX,2013-02-27,14.73,16.6,14.42
VIX,2013-02-28,15.51,15.6,14.16
VIX,2013-03-01,15.36,16.82,15.14
VIX,2013-03-04,14.01,16.16,14.01
VIX,2013-03-05,13.48,13.66,13.24
VIX,2013-03-06,13.53,13.77,13.17
VIX,2013-03-07,13.06,13.56,13.03
VIX,2013-03-08,12.59,13.3,12.49
VIX,2013-03-11,11.56,12.34,11.5
VIX,2013-03-12,12.27,12.93,11.74
VIX,2013-03-13,11.83,12.55,11.79
VIX,2013-03-14,11.3,11.75,11.05
VIX,2013-03-15,11.3,11.99,11.21
VIX,2013-03-18,13.36,13.64,12.57
VIX,2013-03-19,14.39,15.4,12.92
VIX,2013-03-20,12.67,13.18,12.3
VIX,2013-03-21,13.99,14.21,12.62
VIX,2013-03-22,13.57,13.85,13.19
VIX,2013-03-25,13.74,14.61,12.39
VIX,2013-03-26,12.77,13.21,12.69
VIX,2013-03-27,13.15,13.97,12.97
VIX,2013-03-28,12.7,13.07,12.54
VIX,2013-04-01,13.58,14.05,13.26
VIX,2013-04-02,12.78,13.18,12.76
VIX,2013-04-03,14.21,14.66,12.62
VIX,2013-04-04,13.89,14.79,13.89
VIX,2013-04-05,13.92,15.65,13.86
VIX,2013-04-08,13.19,14.5,13.19
VIX,2013-04-09,12.84,13.68,12.75
VIX,2013-04-10,12.36,12.88,12.32
VIX,2013-04-11,12.24,12.62,12.15
VIX,2013-04-12,12.06,13.12,11.99
VIX,2013-04-15,17.27,17.27,12.66
VIX,2013-04-16,13.96,14.87,13.91
VIX,2013-04-17,16.51,17.9,14.98
VIX,2013-04-18,17.56,18.2,16.32
VIX,2013-04-19,14.97,16.98,14.87
VIX,2013-04-22,14.39,16.0,14.04
VIX,2013-04-23,13.48,14.87,13.46
VIX,2013-04-24,13.61,13.75,13.36
VIX,2013-04-25,13.62,13.87,13.13
VIX,2013-04-26,13.61,14.18,13.49
VIX,2013-04-29,13.71,13.94,13.36
VIX,2013-04-30,13.52,14.28,13.51
VIX,2013-05-01,14.49,14.67,13.87
VIX,2013-05-02,13.59,14.48,13.58
VIX,2013-05-03,12.85,13.15,12.77
VIX,2013-05-06,12.66,13.19,12.66
VIX,2013-05-07,12.83,12.96,12.49
VIX,2013-05-08,12.66,13.04,12.62
VIX,2013-05-09,13.13,13.53,12.78
VIX,2013-05-10,12.59,13.45,12.54
VIX,2013-05-13,12.55,12.87,12.49
VIX,2013-05-14,12.77,13.21,12.54
VIX,2013-05-15,12.81,13.43,12.78
VIX,2013-05-16,13.07,13.46,12.79
VIX,2013-05-17,12.45,12.94,12.26
VIX,2013-05-20,13.02,13.28,12.84
VIX,2013-05-21,13.37,13.44,12.89
VIX,2013-05-22,13.82,14.45,13.05
VIX,2013-05-23,14.07,15.11,13.87
VIX,2013-05-24,13.99,14.79,13.99
VIX,2013-05-28,14.48,14.56,13.56
VIX,2013-05-29,14.83,15.65,14.59
VIX,2013-05-30,14.53,14.98,14.27
VIX,2013-05-31,16.3,16.35,14.36
VIX,2013-06-03,16.28,17.58,16.15
VIX,2013-06-04,16.27,17.25,15.82
VIX,2013-06-05,17.5,17.84,16.57
VIX,2013-06-06,16.63,18.51,16.6
VIX,2013-06-07,15.14,16.21,14.96
VIX,2013-06-10,15.44,15.6,15.1
VIX,2013-06-11,17.07,17.14,16.0
VIX,2013-06-12,18.59,18.6,16.43
VIX,2013-06-13,16.41,18.58,16.37
VIX,2013-06-14,17.15,17.26,16.03
VIX,2013-06-17,16.8,17.62,16.33
VIX,2013-06-18,16.61,16.95,16.46
VIX,2013-06-19,16.64,17.18,15.36
VIX,2013-06-20,20.49,21.32,18.01
VIX,2013-06-21,18.9,20.93,18.25
VIX,2013-06-24,20.11,21.91,18.58
VIX,2013-06-25,18.47,19.22,17.82
VIX,2013-06-26,17.21,18.06,17.08
VIX,2013-06-27,16.86,16.97,16.34
VIX,2013-06-28,16.86,17.69,16.19
VIX,2013-07-01,16.37,16.9,16.0
VIX,2013-07-02,16.44,16.93,15.88
VIX,2013-07-03,16.2,17.32,16.2
VIX,2013-07-05,14.89,16.28,14.89
VIX,2013-07-08,14.78,15.27,14.66
VIX,2013-07-09,14.35,14.65,14.26
VIX,2013-07-10,14.21,14.62,14.06
VIX,2013-07-11,14.01,14.2,13.57
VIX,2013-07-12,13.84,14.04,13.74
VIX,2013-07-15,13.79,14.11,13.5
VIX,2013-07-16,14.42,14.56,13.78
VIX,2013-07-17,13.78,14.44,13.76
VIX,2013-07-18,13.77,13.8,13.2
VIX,2013-07-19,12.54,13.97,12.54
VIX,2013-07-22,12.29,13.37,12.29
VIX,2013-07-23,12.66,13.06,12.07
VIX,2013-07-24,13.18,13.49,12.69
VIX,2013-07-25,12.97,13.54,12.91
VIX,2013-07-26,12.72,13.73,12.71
VIX,2013-07-29,13.39,13.86,13.38
VIX,2013-07-30,13.39,14.14,13.35
VIX,2013-07-31,13.45,13.83,12.94
VIX,2013-08-01,12.94,13.25,12.82
VIX,2013-08-02,11.98,12.74,11.98
VIX,2013-08-05,11.84,12.42,11.83
VIX,2013-08-06,12.72,12.93,12.06
VIX,2013-08-07,12.98,13.91,12.96
VIX,2013-08-08,12.73,13.13,12.37
VIX,2013-08-09,13.41,13.66,12.71
VIX,2013-08-12,12.81,13.57,12.8
VIX,2013-08-13,12.31,13.37,12.29
VIX,2013-08-14,13.04,13.09,12.35
VIX,2013-08-15,14.73,14.85,13.91
VIX,2013-08-16,14.37,14.88,13.62
VIX,2013-08-19,15.1,15.2,14.35
VIX,2013-08-20,14.91,15.25,14.29
VIX,2013-08-21,15.94,16.56,14.67
VIX,2013-08-22,14.76,15.26,14.66
VIX,2013-08-23,13.98,14.82,13.98
VIX,2013-08-26,14.99,15.01,13.9
VIX,2013-08-27,16.77,17.13,15.82
VIX,2013-08-28,16.49,17.11,16.1
VIX,2013-08-29,16.81,16.98,15.99
VIX,2013-08-30,17.01,17.81,16.7
VIX,2013-09-03,16.61,17.37,16.11
VIX,2013-09-04,15.88,17.01,15.77
VIX,2013-09-05,15.77,16.12,15.63
VIX,2013-09-06,15.85,16.81,15.17
VIX,2013-09-09,15.63,16.02,15.22
VIX,2013-09-10,14.53,15.09,14.5
VIX,2013-09-11,13.82,14.74,13.82
VIX,2013-09-12,14.29,14.39,13.73
VIX,2013-09-13,14.16,14.55,14.11
VIX,2013-09-16,14.38,14.49,13.87
VIX,2013-09-17,14.53,14.61,14.28
VIX,2013-09-18,13.59,14.68,13.23
VIX,2013-09-19,13.16,13.39,13.02
VIX,2013-09-20,13.12,13.47,12.52
VIX,2013-09-23,14.31,14.71,14.02
VIX,2013-09-24,14.08,14.37,13.75
VIX,2013-09-25,14.01,14.62,13.89
VIX,2013-09-26,14.06,14.4,13.58
VIX,2013-09-27,15.46,15.79,14.62
VIX,2013-09-30,16.6,17.49,16.16
VIX,2013-10-01,15.54,16.46,15.47
VIX,2013-10-02,16.6,16.81,16.13
VIX,2013-10-03,17.67,18.71,16.63
VIX,2013-10-04,16.74,17.87,16.66
VIX,2013-10-07,19.41,19.41,18.08
VIX,2013-10-08,20.34,21.01,18.98
VIX,2013-10-09,19.6,21.34,19.04
VIX,2013-10-10,16.48,17.92,16.29
VIX,2013-10-11,15.72,16.38,15.46
VIX,2013-10-14,16.07,17.74,15.8
VIX,2013-10-15,18.66,18.67,16.16
VIX,2013-10-16,14.71,17.15,14.67
VIX,2013-10-17,13.48,14.59,12.89
VIX,2013-10-18,13.04,13.53,12.34
VIX,2013-10-21,13.16,13.63,13.07
VIX,2013-10-22,13.33,13.92,12.93
VIX,2013-10-23,13.42,14.21,13.42
VIX,2013-10-24,13.2,13.62,13.15
VIX,2013-10-25,13.09,13.44,13.08
VIX,2013-10-28,13.31,13.72,13.22
VIX,2013-10-29,13.41,13.63,13.06
VIX,2013-10-30,13.65,13.72,13.63
VIX,2013-10-31,13.75,14.02,13.28
VIX,2013-11-01,13.28,13.92,13.22
VIX,2013-11-04,12.93,13.67,12.91
VIX,2013-11-05,13.27,13.64,12.86
VIX,2013-11-06,12.67,13.33,12.67
VIX,2013-11-07,13.91,14.14,12.93
VIX,2013-11-08,12.9,13.8,12.84
VIX,2013-11-11,12.53,12.93,12.4
VIX,2013-11-12,12.82,13.06,12.63
VIX,2013-11-13,12.52,13.35,12.46
VIX,2013-11-14,12.37,12.94,12.28
VIX,2013-11-15,12.19,12.45,11.99
VIX,2013-11-18,13.1,13.22,12.41
VIX,2013-11-19,13.39,13.68,12.88
VIX,2013-11-20,13.4,13.94,12.97
VIX,2013-11-21,12.66,13.09,12.44
VIX,2013-11-22,12.26,12.91,12.24
VIX,2013-11-25,12.79,12.92,12.49
VIX,2013-11-26,12.81,12.99,12.49
VIX,2013-11-27,12.98,12.98,12.44
VIX,2013-11-29,13.7,13.78,12.93
VIX,2013-12-02,14.23,14.31,13.78
VIX,2013-12-03,14.55,15.04,14.43
VIX,2013-12-04,14.7,15.71,14.22
VIX,2013-12-05,15.08,15.38,14.7
VIX,2013-12-06,13.79,14.09,13.62
VIX,2013-12-09,13.49,14.07,13.49
VIX,2013-12-10,13.91,14.22,13.69
VIX,2013-12-11,15.42,15.43,13.98
VIX,2013-12-12,15.54,16.09,15.21
VIX,2013-12-13,15.76,15.8,15.06
VIX,2013-12-16,16.03,16.08,15.3
VIX,2013-12-17,16.21,16.67,15.81
VIX,2013-12-18,13.8,16.75,13.74
VIX,2013-12-19,14.15,14.21,12.89
VIX,2013-12-20,13.79,13.87,13.12
VIX,2013-12-23,13.04,13.53,13.02
VIX,2013-12-24,12.48,12.89,12.48
VIX,2013-12-26,12.33,12.5,11.69
VIX,2013-12-27,12.46,12.59,12.2
VIX,2013-12-30,13.56,13.58,12.83
VIX,2014-01-02,14.23,14.59,14.0
VIX,2014-01-03,13.76,14.22,13.57
VIX,2014-01-06,13.55,14.0,13.22
VIX,2014-01-07,12.92,13.28,12.16
VIX,2014-01-08,12.87,13.24,12.86
VIX,2014-01-09,12.89,13.26,12.83
VIX,2014-01-10,12.14,12.9,12.14
VIX,2014-01-13,13.28,13.65,11.82
VIX,2014-01-14,12.28,12.9,11.96
VIX,2014-01-15,12.28,12.4,11.81
VIX,2014-01-16,12.53,12.66,12.28
VIX,2014-01-17,12.44,12.93,12.04
VIX,2014-01-21,12.87,13.42,12.61
VIX,2014-01-22,12.84,13.12,12.55
VIX,2014-01-23,13.77,14.66,13.67
VIX,2014-01-24,18.14,18.14,14.92
VIX,2014-01-27,17.42,18.99,16.85
VIX,2014-01-28,15.8,17.28,15.8
VIX,2014-01-29,17.35,18.04,16.71
VIX,2014-01-30,17.29,17.39,15.96
VIX,2014-01-31,18.41,18.99,17.27
VIX,2014-02-03,21.44,21.48,18.34
VIX,2014-02-04,19.11,20.07,18.44
VIX,2014-02-05,19.95,20.72,19.13
VIX,2014-02-06,17.23,19.09,17.09
VIX,2014-02-07,15.29,16.31,15.09
VIX,2014-02-10,15.26,15.76,15.1
VIX,2014-02-11,14.51,15.29,14.08
VIX,2014-02-12,14.3,14.64,14.02
VIX,2014-02-13,14.14,15.24,13.98
VIX,2014-02-14,13.57,14.22,13.44
VIX,2014-02-18,13.87,14.51,13.77
VIX,2014-02-19,15.5,15.73,14.12
VIX,2014-02-20,14.79,15.8,14.59
VIX,2014-02-21,14.68,14.79,14.19
VIX,2014-02-24,14.23,14.83,13.97
VIX,2014-02-25,13.67,14.83,13.66
VIX,2014-02-26,14.35,14.54,13.73
VIX,2014-02-27,14.04,14.69,13.92
VIX,2014-02-28,14.0,14.79,13.49
VIX,2014-03-03,16.0,16.78,15.38
VIX,2014-03-04,14.1,14.54,14.0
VIX,2014-03-05,13.89,14.32,13.81
VIX,2014-03-06,14.21,14.42,13.73
VIX,2014-03-07,14.11,14.43,13.51
VIX,2014-03-10,14.2,15.28,14.2
VIX,2014-03-11,14.8,14.93,13.84
VIX,2014-03-12,14.47,15.64,14.43
VIX,2014-03-13,16.22,16.66,14.24
VIX,2014-03-14,17.82,18.22,16.09
VIX,2014-03-17,15.64,16.4,15.37
VIX,2014-03-18,14.52,15.47,14.16
VIX,2014-03-19,15.12,15.95,13.89
VIX,2014-03-20,14.52,15.62,14.5
VIX,2014-03-21,15.0,15.17,13.77
VIX,2014-03-24,15.09,16.07,14.56
VIX,2014-03-25,14.02,15.05,13.96
VIX,2014-03-26,14.93,15.28,13.46
VIX,2014-03-27,14.62,15.63,14.49
VIX,2014-03-28,14.41,14.86,13.73
VIX,2014-03-31,13.88,14.16,13.57
VIX,2014-04-01,13.1,13.56,13.06
VIX,2014-04-02,13.09,13.35,12.92
VIX,2014-04-03,13.37,13.7,13.02
VIX,2014-04-04,13.96,14.55,12.6
VIX,2014-04-07,15.57,16.01,14.57
VIX,2014-04-08,14.89,16.2,14.81
VIX,2014-04-09,13.82,14.94,13.7
VIX,2014-04-10,15.89,16.38,13.81
VIX,2014-04-11,17.03,17.85,15.89
VIX,2014-04-14,16.11,17.4,16.1
VIX,2014-04-15,15.61,17.5,15.47
VIX,2014-04-16,14.18,15.27,14.05
VIX,2014-04-17,13.36,14.17,13.07
VIX,2014-04-21,13.25,14.11,13.17
VIX,2014-04-22,13.19,13.26,12.9
VIX,2014-04-23,13.27,13.75,13.27
VIX,2014-04-24,13.32,14.08,13.09
VIX,2014-04-25,14.06,14.67,13.91
VIX,2014-04-28,13.97,15.28,13.82
VIX,2014-04-29,13.71,14.24,13.61
VIX,2014-04-30,13.41,14.18,13.34
VIX,2014-05-01,13.25,13.75,13.1
VIX,2014-05-02,12.91,13.5,12.83
VIX,2014-05-05,13.29,14.2,13.08
VIX,2014-05-06,13.8,13.9,13.28
VIX,2014-05-07,13.4,14.49,13.39
VIX,2014-05-08,13.43,13.88,12.92
VIX,2014-05-09,12.92,14.03,12.87
VIX,2014-05-12,12.23,12.58,11.88
VIX,2014-05-13,12.13,12.74,12.05
VIX,2014-05-14,12.17,12.51,12.03
VIX,2014-05-15,13.17,13.77,12.72
VIX,2014-05-16,12.44,13.66,12.26
VIX,2014-05-19,12.42,13.21,12.28
VIX,2014-05-20,12.96,13.3,12.32
VIX,2014-05-21,11.91,12.46,11.8
VIX,2014-05-22,12.03,12.09,11.68
VIX,2014-05-23,11.36,11.97,11.36
VIX,2014-05-27,11.51,11.84,11.5
VIX,2014-05-28,11.68,11.86,11.5
VIX,2014-05-29,11.57,11.82,11.41
VIX,2014-05-30,11.4,11.7,11.32
VIX,2014-06-02,11.58,12.17,11.29
VIX,2014-06-03,11.87,12.13,11.72
VIX,2014-06-04,12.08,12.33,11.91
VIX,2014-06-05,11.68,12.34,11.44
VIX,2014-06-06,10.73,11.39,10.73
VIX,2014-06-09,11.15,11.51,10.99
VIX,2014-06-10,10.99,11.66,10.93
VIX,2014-06-11,11.6,11.87,11.19
VIX,2014-06-12,12.56,12.81,11.71
VIX,2014-06-13,12.18,12.69,11.89
VIX,2014-06-16,12.65,12.87,12.28
VIX,2014-06-17,12.06,12.89,12.06
VIX,2014-06-18,10.61,11.91,10.57
VIX,2014-06-19,10.62,10.82,10.42
VIX,2014-06-20,10.85,11.02,10.34
VIX,2014-06-23,10.98,11.35,10.92
VIX,2014-06-24,12.13,12.27,10.87
VIX,2014-06-25,11.59,12.33,11.37
VIX,2014-06-26,11.63,12.51,11.5
VIX,2014-06-27,11.26,12.04,11.19
VIX,2014-06-30,11.57,11.81,11.3
VIX,2014-07-01,11.15,11.42,10.92
VIX,2014-07-02,10.82,11.18,10.56
VIX,2014-07-03,10.32,10.76,10.28
VIX,2014-07-07,11.33,11.54,11.01
VIX,2014-07-08,11.98,12.51,11.72
VIX,2014-07-09,11.65,12.05,11.5
VIX,2014-07-10,12.59,13.23,12.05
VIX,2014-07-11,12.08,12.68,12.07
VIX,2014-07-14,11.82,11.83,11.4
VIX,2014-07-15,11.96,12.47,11.46
VIX,2014-07-16,11.0,11.45,10.59
VIX,2014-07-17,14.54,15.38,10.85
VIX,2014-07-18,12.06,13.55,12.04
VIX,2014-07-21,12.81,13.62,12.46
VIX,2014-07-22,12.24,12.24,11.69
VIX,2014-07-23,11.52,12.16,11.41
VIX,2014-07-24,11.84,12.06,11.43
VIX,2014-07-25,12.69,12.75,12.03
VIX,2014-07-28,12.56,13.64,12.54
VIX,2014-07-29,13.28,13.35,12.12
VIX,2014-07-30,13.33,14.07,12.53
VIX,2014-07-31,16.95,17.11,14.26
VIX,2014-08-01,17.03,17.57,15.52
VIX,2014-08-04,15.12,16.8,14.69
VIX,2014-08-05,16.87,17.14,15.1
VIX,2014-08-06,16.37,17.3,15.7
VIX,2014-08-07,16.66,17.25,15.44
VIX,2014-08-08,15.77,17.09,15.53
VIX,2014-08-11,14.23,15.16,13.72
VIX,2014-08-12,14.13,14.74,13.76
VIX,2014-08-13,12.9,13.93,12.84
VIX,2014-08-14,12.42,13.13,12.42
VIX,2014-08-15,13.15,14.94,11.89
VIX,2014-08-18,12.32,12.85,12.26
VIX,2014-08-19,12.21,12.46,11.91
VIX,2014-08-20,11.78,12.24,11.6
VIX,2014-08-21,11.76,13.51,11.52
VIX,2014-08-22,11.47,12.48,11.47
VIX,2014-08-25,11.7,11.77,11.24
VIX,2014-08-26,11.63,11.93,11.33
VIX,2014-08-27,11.78,11.93,11.54
VIX,2014-08-28,12.05,12.73,12.05
VIX,2014-08-29,11.98,12.44,11.78
VIX,2014-09-02,12.25,13.41,12.23
VIX,2014-09-03,12.36,12.55,11.91
VIX,2014-09-04,12.64,12.99,11.7
VIX,2014-09-05,12.09,13.18,11.96
VIX,2014-09-08,12.66,13.09,12.4
VIX,2014-09-09,13.5,13.91,12.7
VIX,2014-09-10,12.88,14.06,12.86
VIX,2014-09-11,12.8,13.67,12.66
VIX,2014-09-12,13.31,14.27,12.85
VIX,2014-09-15,14.12,14.19,13.54
VIX,2014-09-16,12.73,14.53,12.72
VIX,2014-09-17,12.65,14.53,11.73
VIX,2014-09-18,12.03,12.58,11.98
VIX,2014-09-19,12.11,12.61,11.52
VIX,2014-09-22,13.69,13.98,13.13
VIX,2014-09-23,14.93,14.94,13.83
VIX,2014-09-24,13.27,14.93,13.24
VIX,2014-09-25,15.64,16.69,14.03
VIX,2014-09-26,14.85,15.98,14.31
VIX,2014-09-29,15.98,17.08,15.45
VIX,2014-09-30,16.31,16.43,15.18
VIX,2014-10-01,16.71,17.56,16.08
VIX,2014-10-02,16.16,17.98,15.9
VIX,2014-10-03,14.55,15.43,14.44
VIX,2014-10-06,15.46,15.77,14.05
VIX,2014-10-07,17.2,17.46,15.97
VIX,2014-10-08,15.11,18.03,14.97
VIX,2014-10-09,18.76,19.38,15.34
VIX,2014-10-10,21.24,22.06,18.14
VIX,2014-10-13,24.64,24.64,20.52
VIX,2014-10-14,22.79,24.55,21.48
VIX,2014-10-15,26.25,31.06,24.64
VIX,2014-10-16,25.2,29.41,24.61
VIX,2014-10-17,21.99,23.08,20.23
VIX,2014-10-20,18.57,22.16,18.51
VIX,2014-10-21,16.08,17.75,16.03
VIX,2014-10-22,17.87,18.43,15.56
VIX,2014-10-23,16.53,17.06,15.68
VIX,2014-10-24,16.11,18.06,16.09
VIX,2014-10-27,16.04,17.87,16.0
VIX,2014-10-28,14.39,15.78,14.39
VIX,2014-10-29,15.15,16.28,14.19
VIX,2014-10-30,14.52,15.75,14.07
VIX,2014-10-31,14.03,14.83,13.72
VIX,2014-11-03,14.73,14.99,14.23
VIX,2014-11-04,14.89,15.93,14.83
VIX,2014-11-05,14.17,14.99,14.15
VIX,2014-11-06,13.67,15.08,13.67
VIX,2014-11-07,13.12,14.16,13.01
VIX,2014-11-10,12.67,13.25,12.38
VIX,2014-11-11,12.92,13.18,12.6
VIX,2014-11-12,13.02,13.76,12.99
VIX,2014-11-13,13.79,14.31,12.87
VIX,2014-11-14,13.31,14.15,13.31
VIX,2014-11-17,13.99,14.73,13.84
VIX,2014-11-18,13.86,13.99,13.13
VIX,2014-11-19,13.96,14.78,13.83
VIX,2014-11-20,13.58,15.74,13.58
VIX,2014-11-21,12.9,13.8,12.9
VIX,2014-11-24,12.62,13.02,12.43
VIX,2014-11-25,12.25,13.02,12.23
VIX,2014-11-26,12.07,12.4,11.91
VIX,2014-11-28,13.33,13.49,12.36
VIX,2014-12-01,14.29,14.75,13.94
VIX,2014-12-02,12.85,14.17,12.85
VIX,2014-12-03,12.47,12.88,12.21
VIX,2014-12-04,12.38,13.23,12.09
VIX,2014-12-05,11.82,12.28,11.53
VIX,2014-12-08,14.21,14.67,12.55
VIX,2014-12-09,14.89,16.68,14.84
VIX,2014-12-10,18.53,18.92,15.4
VIX,2014-12-11,20.08,20.13,15.94
VIX,2014-12-12,21.08,23.06,18.34
VIX,2014-12-15,20.42,24.83,17.77
VIX,2014-12-16,23.57,25.2,19.6
VIX,2014-12-17,19.44,24.61,19.26
VIX,2014-12-18,16.81,18.51,16.07
VIX,2014-12-19,16.49,17.2,16.11
VIX,2014-12-22,15.25,16.88,15.03
VIX,2014-12-23,14.8,15.21,14.32
VIX,2014-12-24,14.37,14.54,14.01
VIX,2014-12-26,14.5,14.84,14.13
VIX,2014-12-29,15.06,16.14,15.06
VIX,2014-12-30,15.92,16.2,15.48
VIX,2014-12-31,19.2,19.91,15.86
VIX,2015-01-02,17.79,20.14,17.05
VIX,2015-01-05,19.92,21.29,19.19
VIX,2015-01-06,21.12,22.9,19.52
VIX,2015-01-07,19.31,20.72,19.04
VIX,2015-01-08,17.01,18.09,16.99
VIX,2015-01-09,17.55,18.42,16.44
VIX,2015-01-12,19.6,20.44,18.02
VIX,2015-01-13,20.56,21.58,17.65
VIX,2015-01-14,21.48,23.34,21.32
VIX,2015-01-15,22.39,23.31,20.86
VIX,2015-01-16,20.95,23.43,20.95
VIX,2015-01-20,19.89,21.37,19.58
VIX,2015-01-21,18.85,21.28,18.64
VIX,2015-01-22,16.4,19.23,16.07
VIX,2015-01-23,16.66,17.09,15.81
VIX,2015-01-26,15.52,17.43,15.52
VIX,2015-01-27,17.22,18.41,16.67
VIX,2015-01-28,20.44,20.44,16.92
VIX,2015-01-29,18.76,21.56,18.66
VIX,2015-01-30,20.97,22.18,19.24
VIX,2015-02-02,19.43,22.81,19.35
VIX,2015-02-03,17.33,18.89,17.2
VIX,2015-02-04,18.33,18.38,16.82
VIX,2015-02-05,16.85,17.43,16.67
VIX,2015-02-06,17.29,18.74,16.06
VIX,2015-02-09,18.55,19.28,18.21
VIX,2015-02-10,17.23,18.36,16.97
VIX,2015-02-11,16.96,17.81,16.82
VIX,2015-02-12,15.34,16.47,15.28
VIX,2015-02-13,14.69,15.64,14.69
VIX,2015-02-17,15.8,16.33,15.53
VIX,2015-02-18,15.45,16.74,15.44
VIX,2015-02-19,15.29,16.22,15.1
VIX,2015-02-20,14.3,16.29,14.27
VIX,2015-02-23,14.56,15.48,14.49
VIX,2015-02-24,13.69,14.63,13.53
VIX,2015-02-25,13.84,14.06,12.86
VIX,2015-02-26,13.91,14.57,13.55
VIX,2015-02-27,13.34,14.17,13.29
VIX,2015-03-02,13.04,13.9,12.87
VIX,2015-03-03,13.86,14.69,13.25
VIX,2015-03-04,14.23,15.33,14.13
VIX,2015-03-05,14.04,14.58,13.88
VIX,2015-03-06,15.2,15.83,14.18
VIX,2015-03-09,15.06,15.76,14.71
VIX,2015-03-10,16.69,16.91,16.03
VIX,2015-03-11,16.87,17.19,16.29
VIX,2015-03-12,15.42,16.45,15.3
VIX,2015-03-13,16.0,16.74,15.32
VIX,2015-03-16,15.61,15.89,15.36
VIX,2015-03-17,15.66,16.37,15.66
VIX,2015-03-18,13.97,16.29,13.38
VIX,2015-03-19,14.07,14.97,13.84
VIX,2015-03-20,13.02,13.53,12.54
VIX,2015-03-23,13.41,13.53,12.89
VIX,2015-03-24,13.62,13.68,12.59
VIX,2015-03-25,15.44,15.55,13.2
VIX,2015-03-26,15.8,17.19,15.23
VIX,2015-03-27,15.07,15.83,14.19
VIX,2015-03-30,14.51,14.76,14.08
VIX,2015-03-31,15.29,15.74,14.33
VIX,2015-04-01,15.11,16.66,15.08
VIX,2015-04-02,14.67,15.51,14.27
VIX,2015-04-06,14.74,15.76,14.04
VIX,2015-04-07,14.78,14.81,14.01
VIX,2015-04-08,13.98,14.77,13.75
VIX,2015-04-09,13.09,14.59,13.09
VIX,2015-04-10,12.58,13.26,12.51
VIX,2015-04-13,13.94,14.31,12.71
VIX,2015-04-14,13.67,14.74,13.64
VIX,2015-04-15,12.84,13.58,12.83
VIX,2015-04-16,12.6,13.35,12.5
VIX,2015-04-17,13.89,15.02,13.73
VIX,2015-04-20,13.3,13.67,12.83
VIX,2015-04-21,13.25,13.51,12.66
VIX,2015-04-22,12.71,13.8,12.57
VIX,2015-04-23,12.48,12.96,12.12
VIX,2015-04-24,12.29,13.02,12.16
VIX,2015-04-27,13.12,13.4,12.33
VIX,2015-04-28,12.41,14.23,12.41
VIX,2015-04-29,13.39,14.34,12.61
VIX,2015-04-30,14.55,15.29,12.49
VIX,2015-05-01,12.7,13.98,12.68
VIX,2015-05-04,12.85,13.18,12.1
VIX,2015-05-05,14.31,14.41,12.97
VIX,2015-05-06,15.15,16.36,13.89
VIX,2015-05-07,15.13,15.97,14.81
VIX,2015-05-08,12.86,13.42,12.7
VIX,2015-05-11,13.85,13.85,13.0
VIX,2015-05-12,13.86,15.13,13.73
VIX,2015-05-13,13.76,14.04,13.06
VIX,2015-05-14,12.74,13.29,12.72
VIX,2015-05-15,12.38,13.09,12.35
VIX,2015-05-18,12.73,13.22,12.55
VIX,2015-05-19,12.85,13.13,12.55
VIX,2015-05-20,12.88,13.27,12.62
VIX,2015-05-21,12.11,13.09,12.09
VIX,2015-05-22,12.13,12.37,11.82
VIX,2015-05-26,14.06,14.63,13.34
VIX,2015-05-27,13.27,14.41,13.05
VIX,2015-05-28,13.31,13.99,13.31
VIX,2015-05-29,13.84,14.43,13.4
VIX,2015-06-01,13.97,14.86,13.47
VIX,2015-06-02,14.24,15.05,13.59
VIX,2015-06-03,13.66,14.2,13.4
VIX,2015-06-04,14.71,15.49,13.99
VIX,2015-06-05,14.21,15.65,14.21
VIX,2015-06-08,15.29,15.5,14.67
VIX,2015-06-09,14.47,15.74,14.47
VIX,2015-06-10,13.22,14.37,12.96
VIX,2015-06-11,12.85,13.22,12.56
VIX,2015-06-12,13.78,14.02,13.3
VIX,2015-06-15,15.39,15.57,14.91
VIX,2015-06-16,14.81,15.62,14.81
VIX,2015-06-17,14.5,15.49,14.07
VIX,2015-06-18,13.19,14.03,12.54
VIX,2015-06-19,13.96,14.0,12.96
VIX,2015-06-22,12.74,13.46,12.43
VIX,2015-06-23,12.11,12.68,11.93
VIX,2015-06-24,13.26,13.33,12.01
VIX,2015-06-25,14.01,14.16,12.92
VIX,2015-06-26,14.02,14.91,13.64
VIX,2015-06-29,18.85,19.5,15.82
VIX,2015-06-30,18.23,19.8,17.49
VIX,2015-07-01,16.09,17.26,15.65
VIX,2015-07-02,16.79,17.48,15.39
VIX,2015-07-06,17.01,18.95,16.57
VIX,2015-07-07,16.09,19.2,15.93
VIX,2015-07-08,19.66,19.76,16.94
VIX,2015-07-09,19.97,20.05,17.2
VIX,2015-07-10,16.83,18.17,16.6
VIX,2015-07-13,13.9,15.36,13.82
VIX,2015-07-14,13.37,13.95,12.9
VIX,2015-07-15,13.23,13.97,12.81
VIX,2015-07-16,12.11,12.61,11.87
VIX,2015-07-17,11.95,12.22,11.77
VIX,2015-07-20,12.25,12.37,11.71
VIX,2015-07-21,12.22,12.79,12.21
VIX,2015-07-22,12.12,12.83,12.05
VIX,2015-07-23,12.64,13.08,11.73
VIX,2015-07-24,13.74,14.73,12.86
VIX,2015-07-27,15.6,16.27,15.03
VIX,2015-07-28,13.44,15.62,13.32
VIX,2015-07-29,12.5,13.59,11.85
VIX,2015-07-30,12.13,13.42,12.09
VIX,2015-07-31,12.12,12.63,11.82
VIX,2015-08-03,12.56,13.55,12.32
VIX,2015-08-04,13.0,13.22,12.29
VIX,2015-08-05,12.51,12.72,10.88
VIX,2015-08-06,13.77,14.25,12.16
VIX,2015-08-07,13.39,14.58,13.29
VIX,2015-08-10,12.23,12.78,12.18
VIX,2015-08-11,13.71,14.33,13.02
VIX,2015-08-12,13.61,16.28,13.45
VIX,2015-08-13,13.49,14.33,13.06
VIX,2015-08-14,12.83,13.87,12.8
VIX,2015-08-17,13.02,14.52,13.01
VIX,2015-08-18,13.79,13.94,13.17
VIX,2015-08-19,15.25,15.96,13.73
VIX,2015-08-20,19.14,19.24,16.13
VIX,2015-08-21,28.03,28.38,20.8
VIX,2015-08-24,40.74,53.29,28.03
VIX,2015-08-25,36.02,38.06,28.08
VIX,2015-08-26,30.32,35.62,28.67
VIX,2015-08-27,26.1,29.9,24.49
VIX,2015-08-28,26.05,29.2,25.77
VIX,2015-08-31,28.43,29.37,26.63
VIX,2015-09-01,31.4,33.82,29.91
VIX,2015-09-02,26.09,30.45,24.77
VIX,2015-09-03,25.61,26.31,23.45
VIX,2015-09-04,27.8,29.47,25.68
VIX,2015-09-08,24.9,26.25,24.13
VIX,2015-09-09,26.23,26.82,21.51
VIX,2015-09-10,24.37,27.22,23.53
VIX,2015-09-11,23.2,25.81,23.15
VIX,2015-09-14,24.25,25.32,23.64
VIX,2015-09-15,22.54,23.77,22.13
VIX,2015-09-16,21.35,22.94,21.09
VIX,2015-09-17,21.14,23.33,17.87
VIX,2015-09-18,22.28,23.99,20.98
VIX,2015-09-21,20.14,22.48,20.05
VIX,2015-09-22,22.44,26.29,22.25
VIX,2015-09-23,22.13,23.2,21.14
VIX,2015-09-24,23.47,25.3,21.81
VIX,2015-09-25,23.62,24.29,20.81
VIX,2015-09-28,27.63,28.33,24.94
VIX,2015-09-29,26.83,28.2,25.76
VIX,2015-09-30,24.5,25.88,23.25
VIX,2015-10-01,22.55,25.23,22.55
VIX,2015-10-02,20.94,24.47,20.35
VIX,2015-10-05,19.54,20.42,19.14
VIX,2015-10-06,19.4,20.32,18.82
VIX,2015-10-07,18.4,19.73,18.33
VIX,2015-10-08,17.42,19.02,16.34
VIX,2015-10-09,17.08,18.2,16.89
VIX,2015-10-12,16.17,17.81,16.15
VIX,2015-10-13,17.67,17.7,16.14
VIX,2015-10-14,18.03,18.78,17.3
VIX,2015-10-15,16.05,17.85,16.04
VIX,2015-10-16,15.05,16.86,15.05
VIX,2015-10-19,15.75,16.34,15.68
VIX,2015-10-20,15.75,16.34,14.72
VIX,2015-10-21,16.7,16.7,14.41
VIX,2015-10-22,14.45,15.92,14.45
VIX,2015-10-23,14.46,15.12,13.24
VIX,2015-10-26,15.29,15.43,14.68
VIX,2015-10-27,15.43,15.99,14.78
VIX,2015-10-28,14.33,15.73,12.8
VIX,2015-10-29,14.61,15.46,14.33
VIX,2015-10-30,15.07,15.39,14.0
VIX,2015-11-02,14.15,15.51,13.67
VIX,2015-11-03,14.54,14.73,13.81
VIX,2015-11-04,15.51,15.88,13.96
VIX,2015-11-05,15.05,16.39,15.0
VIX,2015-11-06,14.33,16.0,14.32
VIX,2015-11-09,16.52,17.09,15.14
VIX,2015-11-10,15.29,16.96,15.24
VIX,2015-11-11,16.06,16.15,15.02
VIX,2015-11-12,18.37,18.5,16.65
VIX,2015-11-13,20.08,20.67,18.2
VIX,2015-11-16,18.16,20.55,17.25
VIX,2015-11-17,18.84,19.59,16.86
VIX,2015-11-18,16.85,19.45,16.8
VIX,2015-11-19,16.99,18.26,16.0
VIX,2015-11-20,15.47,16.38,15.47
VIX,2015-11-23,15.62,16.74,15.38
VIX,2015-11-24,15.93,17.21,15.48
VIX,2015-11-25,15.19,15.89,15.05
VIX,2015-11-27,15.12,16.09,15.12
VIX,2015-11-30,16.13,16.57,15.52
VIX,2015-12-01,14.67,16.34,14.63
VIX,2015-12-02,15.91,16.49,14.71
VIX,2015-12-03,18.11,19.35,15.86
VIX,2015-12-04,14.81,17.65,14.69
VIX,2015-12-07,15.84,17.18,15.58
VIX,2015-12-08,17.6,18.33,16.52
VIX,2015-12-09,19.61,20.13,15.72
VIX,2015-12-10,19.34,19.72,18.13
VIX,2015-12-11,24.39,25.27,20.88
VIX,2015-12-14,22.73,26.81,21.47
VIX,2015-12-15,20.95,21.62,20.02
VIX,2015-12-16,17.86,20.24,17.12
VIX,2015-12-17,18.94,19.05,16.13
VIX,2015-12-18,20.7,23.3,18.75
VIX,2015-12-21,18.7,20.21,18.7
VIX,2015-12-22,16.6,18.22,16.6
VIX,2015-12-23,15.57,16.25,15.33
VIX,2015-12-24,15.74,15.88,14.45
VIX,2015-12-28,16.91,18.13,16.88
VIX,2015-12-29,16.08,16.48,15.63
VIX,2015-12-30,17.29,17.42,16.5
VIX,2016-01-04,20.7,23.36,20.67
VIX,2016-01-05,19.34,21.06,19.25
VIX,2016-01-06,20.59,21.86,19.8
VIX,2016-01-07,24.99,25.86,22.4
VIX,2016-01-08,27.01,27.08,22.48
VIX,2016-01-11,24.3,27.39,23.83
VIX,2016-01-12,22.47,23.93,21.91
VIX,2016-01-13,25.22,26.11,21.44
VIX,2016-01-14,23.95,26.28,23.07
VIX,2016-01-15,27.02,30.95,26.67
VIX,2016-01-19,26.05,27.59,25.21
VIX,2016-01-20,27.59,32.09,26.59
VIX,2016-01-21,26.69,28.43,25.01
VIX,2016-01-22,22.34,24.55,22.22
VIX,2016-01-25,24.15,24.31,22.38
VIX,2016-01-26,22.5,24.02,22.33
VIX,2016-01-27,23.11,27.22,20.42
VIX,2016-01-28,22.42,23.81,21.9
VIX,2016-01-29,20.2,21.74,19.5
VIX,2016-02-01,19.98,23.66,19.61
VIX,2016-02-02,21.98,22.42,21.06
VIX,2016-02-03,21.65,27.7,21.42
VIX,2016-02-04,21.84,23.14,21.24
VIX,2016-02-05,23.38,24.11,21.91
VIX,2016-02-08,26.0,27.72,25.56
VIX,2016-02-09,26.54,28.31,25.99
VIX,2016-02-10,26.29,26.6,24.47
VIX,2016-02-11,28.14,30.9,26.67
VIX,2016-02-12,25.4,27.57,24.92
VIX,2016-02-16,24.11,25.52,23.32
VIX,2016-02-17,22.31,24.16,21.83
VIX,2016-02-18,21.64,22.53,21.29
VIX,2016-02-19,20.53,23.44,20.52
VIX,2016-02-22,19.38,20.35,19.02
VIX,2016-02-23,20.98,21.16,19.54
VIX,2016-02-24,20.72,22.87,20.26
VIX,2016-02-25,19.11,21.26,19.1
VIX,2016-02-26,19.81,20.13,18.46
VIX,2016-02-29,20.55,20.81,18.38
VIX,2016-03-01,17.7,20.17,17.66
VIX,2016-03-02,17.09,18.41,16.78
VIX,2016-03-03,16.7,17.56,16.32
VIX,2016-03-04,16.86,17.35,16.05
VIX,2016-03-07,17.35,18.04,16.87
VIX,2016-03-08,18.67,18.89,17.82
VIX,2016-03-09,18.34,19.11,18.31
VIX,2016-03-10,18.05,19.59,17.06
VIX,2016-03-11,16.5,17.27,16.28
VIX,2016-03-14,16.92,17.67,16.69
VIX,2016-03-15,16.84,17.85,16.84
VIX,2016-03-16,14.99,16.33,14.89
VIX,2016-03-17,14.44,15.38,13.82
VIX,2016-03-18,14.02,14.02,14.02
VIX,2016-03-21,13.79,14.73,13.79
VIX,2016-03-22,14.17,14.76,13.75
VIX,2016-03-23,14.94,15.03,14.33
VIX,2016-03-24,14.74,16.44,14.71
VIX,2016-03-28,15.24,16.04,14.89
VIX,2016-03-29,13.82,15.89,13.79
VIX,2016-03-30,13.56,13.89,13.06
VIX,2016-03-31,13.95,14.28,13.49
VIX,2016-04-01,13.1,15.28,13.0
VIX,2016-04-04,14.12,14.24,13.66
VIX,2016-04-05,15.42,15.72,14.93
VIX,2016-04-06,14.09,15.98,14.0
VIX,2016-04-07,16.16,16.77,14.68
VIX,2016-04-08,15.36,15.93,14.84
VIX,2016-04-11,16.26,16.26,14.83
VIX,2016-04-12,14.85,16.57,14.84
VIX,2016-04-13,13.84,14.53,13.6
VIX,2016-04-14,13.72,14.12,13.38
VIX,2016-04-15,13.62,14.19,13.58
VIX,2016-04-18,13.35,14.93,13.23
VIX,2016-04-19,13.24,13.88,12.98
VIX,2016-04-20,13.28,13.5,12.5
VIX,2016-04-21,13.95,14.14,13.16
VIX,2016-04-22,13.22,14.19,13.15
VIX,2016-04-25,14.08,14.76,13.86
VIX,2016-04-26,13.96,14.43,13.66
VIX,2016-04-27,13.77,14.95,13.5
VIX,2016-04-28,15.22,15.61,13.3
VIX,2016-04-29,15.7,17.09,14.91
VIX,2016-05-02,14.68,16.5,14.48
VIX,2016-05-03,15.6,16.42,14.91
VIX,2016-05-04,16.05,16.85,15.39
VIX,2016-05-05,15.91,16.45,15.22
VIX,2016-05-06,14.72,16.58,14.71
VIX,2016-05-09,14.57,15.39,14.17
VIX,2016-05-10,13.63,14.35,13.55
VIX,2016-05-11,14.69,14.69,13.29
VIX,2016-05-12,14.41,15.42,13.95
VIX,2016-05-13,15.04,15.47,13.97
VIX,2016-05-16,14.68,15.98,14.28
VIX,2016-05-17,15.57,16.12,14.48
VIX,2016-05-18,15.95,16.47,14.86
VIX,2016-05-19,16.33,17.65,16.28
VIX,2016-05-20,15.2,16.3,15.11
VIX,2016-05-23,15.82,16.47,15.4
VIX,2016-05-24,14.42,16.06,14.36
VIX,2016-05-25,13.9,14.33,13.64
VIX,2016-05-26,13.43,14.11,13.43
VIX,2016-05-27,13.12,13.76,13.04
VIX,2016-05-31,14.19,15.0,13.45
VIX,2016-06-01,14.2,15.25,14.18
VIX,2016-06-02,13.63,14.92,13.62
VIX,2016-06-03,13.47,14.66,12.9
VIX,2016-06-06,13.65,14.27,13.42
VIX,2016-06-07,14.05,14.05,12.72
VIX,2016-06-08,14.08,14.27,13.7
VIX,2016-06-09,14.64,14.85,13.99
VIX,2016-06-10,17.03,17.33,14.85
VIX,2016-06-13,20.97,21.01,17.89
VIX,2016-06-14,20.5,22.16,20.27
VIX,2016-06-15,20.14,20.45,18.63
VIX,2016-06-16,19.37,22.89,19.24
VIX,2016-06-17,19.41,20.03,18.71
VIX,2016-06-20,18.37,18.55,16.59
VIX,2016-06-21,18.48,18.96,16.91
VIX,2016-06-22,21.17,21.22,17.83
VIX,2016-06-23,17.25,19.79,17.25
VIX,2016-06-24,25.76,26.24,19.48
VIX,2016-06-27,23.85,26.72,22.93
VIX,2016-06-28,18.75,22.07,18.75
VIX,2016-06-29,16.64,18.27,16.48
VIX,2016-06-30,15.63,16.99,15.29
VIX,2016-07-01,14.77,15.86,14.61
VIX,2016-07-05,15.58,16.62,15.49
VIX,2016-07-06,14.96,17.04,14.96
VIX,2016-07-07,14.76,15.98,14.33
VIX,2016-07-08,13.2,14.75,13.19
VIX,2016-07-11,13.54,13.67,13.0
VIX,2016-07-12,13.55,13.93,12.75
VIX,2016-07-13,13.04,13.79,12.92
VIX,2016-07-14,12.82,13.37,12.14
VIX,2016-07-15,12.67,13.22,12.27
VIX,2016-07-18,12.44,13.12,12.33
VIX,2016-07-19,11.97,12.83,11.94
VIX,2016-07-20,11.77,11.97,11.4
VIX,2016-07-21,12.74,13.06,11.69
VIX,2016-07-22,12.02,12.88,11.97
VIX,2016-07-25,12.87,13.72,12.39
VIX,2016-07-26,13.05,13.5,12.8
VIX,2016-07-27,12.83,13.74,12.5
VIX,2016-07-28,12.72,13.52,12.36
VIX,2016-07-29,11.87,12.9,11.77
VIX,2016-08-01,12.44,12.98,11.86
VIX,2016-08-02,13.37,14.24,12.35
VIX,2016-08-03,12.86,13.91,12.73
VIX,2016-08-04,12.42,12.98,11.79
VIX,2016-08-05,11.39,12.26,11.18
VIX,2016-08-08,11.5,11.78,11.41
VIX,2016-08-09,11.66,11.92,11.02
VIX,2016-08-10,12.05,12.5,11.37
VIX,2016-08-11,11.68,12.11,11.38
VIX,2016-08-12,11.55,12.0,11.28
VIX,2016-08-15,11.81,12.17,11.58
VIX,2016-08-16,12.64,12.78,11.87
VIX,2016-08-17,12.19,13.71,12.14
VIX,2016-08-18,11.43,12.53,11.42
VIX,2016-08-19,11.34,12.28,11.33
VIX,2016-08-22,12.27,13.02,11.94
VIX,2016-08-23,12.38,12.44,11.72
VIX,2016-08-24,13.45,14.01,12.3
VIX,2016-08-25,13.63,14.09,13.29
VIX,2016-08-26,13.65,14.93,12.13
VIX,2016-08-29,12.94,14.43,12.9
VIX,2016-08-30,13.12,13.6,12.7
VIX,2016-08-31,13.42,14.34,12.97
VIX,2016-09-01,13.48,14.61,12.99
VIX,2016-09-02,11.98,13.9,11.9
VIX,2016-09-06,12.02,12.93,11.85
VIX,2016-09-07,11.94,12.45,11.77
VIX,2016-09-08,12.51,12.6,11.65
VIX,2016-09-09,17.5,17.54,12.52
VIX,2016-09-12,15.16,20.51,14.76
VIX,2016-09-13,17.85,18.97,15.83
VIX,2016-09-14,18.14,18.14,16.34
VIX,2016-09-15,16.3,18.07,15.74
VIX,2016-09-16,15.37,17.1,15.28
VIX,2016-09-19,15.53,15.96,14.6
VIX,2016-09-20,15.92,16.09,14.69
VIX,2016-09-21,13.3,15.65,12.98
VIX,2016-09-22,12.02,13.39,11.76
VIX,2016-09-23,12.29,12.58,11.93
VIX,2016-09-26,14.5,14.63,13.26
VIX,2016-09-27,13.1,14.76,12.97
VIX,2016-09-28,12.39,13.57,12.24
VIX,2016-09-29,14.02,15.69,12.14
VIX,2016-09-30,13.29,15.2,12.53
VIX,2016-10-03,13.57,14.42,13.42
VIX,2016-10-04,13.63,14.57,12.92
VIX,2016-10-05,12.99,13.68,12.7
VIX,2016-10-06,12.84,13.84,12.8
VIX,2016-10-07,13.48,14.15,12.21
VIX,2016-10-10,13.38,14.36,13.29
VIX,2016-10-11,15.36,16.47,13.69
VIX,2016-10-12,15.91,16.34,15.26
VIX,2016-10-13,16.69,17.95,16.14
VIX,2016-10-14,16.12,16.5,15.25
VIX,2016-10-17,16.21,17.11,16.13
VIX,2016-10-18,15.28,15.85,15.03
VIX,2016-10-19,14.41,15.68,13.87
VIX,2016-10-20,13.75,14.72,13.74
VIX,2016-10-21,13.34,14.53,13.27
VIX,2016-10-24,13.02,13.26,12.83
VIX,2016-10-25,13.46,13.86,12.73
VIX,2016-10-26,14.24,14.8,13.66
VIX,2016-10-27,15.36,15.43,13.6
VIX,2016-10-28,16.19,17.35,14.65
VIX,2016-10-31,17.06,17.63,16.25
VIX,2016-11-01,18.56,20.43,16.51
VIX,2016-11-02,19.32,19.82,18.56
VIX,2016-11-03,22.08,22.57,18.84
VIX,2016-11-04,22.51,23.01,19.2
VIX,2016-11-07,18.71,19.86,18.39
VIX,2016-11-08,18.74,19.91,17.7
VIX,2016-11-09,14.38,21.48,14.33
VIX,2016-11-10,14.74,16.3,13.26
VIX,2016-11-11,14.17,16.0,14.15
VIX,2016-11-14,14.48,15.56,14.39
VIX,2016-11-15,13.37,14.65,13.3
VIX,2016-11-16,13.72,14.49,13.51
VIX,2016-11-17,13.35,13.55,12.97
VIX,2016-11-18,12.85,13.74,12.85
VIX,2016-11-21,12.42,13.44,12.16
VIX,2016-11-22,12.41,12.83,12.2
VIX,2016-11-23,12.43,13.01,12.19
VIX,2016-11-25,12.34,12.74,12.31
VIX,2016-11-28,13.15,13.5,12.74
VIX,2016-11-29,12.9,13.55,12.62
VIX,2016-11-30,13.33,13.42,12.23
VIX,2016-12-01,14.07,14.72,13.05
VIX,2016-12-02,14.12,14.48,12.39
VIX,2016-12-05,12.14,13.77,12.14
VIX,2016-12-06,11.79,12.3,11.54
VIX,2016-12-07,12.22,12.24,11.33
VIX,2016-12-08,12.64,13.4,11.3
VIX,2016-12-09,11.75,12.72,11.67
VIX,2016-12-12,12.64,12.78,12.07
VIX,2016-12-13,12.72,13.42,12.34
VIX,2016-12-14,13.19,13.39,12.48
VIX,2016-12-15,12.79,13.24,12.46
VIX,2016-12-16,12.2,12.95,12.15
VIX,2016-12-19,11.71,12.52,11.67
VIX,2016-12-20,11.45,11.75,11.38
VIX,2016-12-21,11.27,11.49,10.93
VIX,2016-12-22,11.43,11.67,11.14
VIX,2016-12-23,11.44,11.81,11.35
VIX,2016-12-27,11.99,12.33,11.84
VIX,2016-12-28,12.95,13.04,11.85
VIX,2016-12-29,13.37,13.71,12.95
VIX,2016-12-30,14.04,14.68,13.05
VIX,2017-01-03,12.85,14.07,12.85
VIX,2017-01-04,11.85,12.8,11.63
VIX,2017-01-05,11.67,12.09,11.4
VIX,2017-01-06,11.32,11.74,10.98
VIX,2017-01-09,11.56,12.08,11.46
VIX,2017-01-10,11.49,11.79,11.31
VIX,2017-01-11,11.26,12.23,11.21
VIX,2017-01-12,11.54,12.6,11.32
VIX,2017-01-13,11.23,11.62,10.94
VIX,2017-01-17,11.87,12.75,11.79
VIX,2017-01-18,12.48,12.81,11.69
VIX,2017-01-19,12.78,13.28,12.17
VIX,2017-01-20,11.54,12.59,11.53
VIX,2017-01-23,11.77,12.62,11.59
VIX,2017-01-24,11.07,11.89,11.04
VIX,2017-01-25,10.81,11.05,10.51
VIX,2017-01-26,10.63,11.01,10.6
VIX,2017-01-27,10.58,10.82,10.3
VIX,2017-01-30,11.88,12.9,11.1
VIX,2017-01-31,11.99,12.99,11.79
VIX,2017-02-01,11.81,12.05,9.97
VIX,2017-02-02,11.93,12.47,11.62
VIX,2017-02-03,10.97,11.84,10.72
VIX,2017-02-06,11.37,11.84,11.09
VIX,2017-02-07,11.29,11.67,11.06
VIX,2017-02-08,11.45,11.82,11.15
VIX,2017-02-09,10.88,11.53,10.74
VIX,2017-02-10,10.85,10.95,10.55
VIX,2017-02-13,11.07,11.4,11.07
VIX,2017-02-14,10.74,11.34,10.73
VIX,2017-02-15,11.97,12.01,10.8
VIX,2017-02-16,11.76,12.86,11.69
VIX,2017-02-17,11.49,12.26,11.37
VIX,2017-02-21,11.57,12.09,11.5
VIX,2017-02-22,11.74,12.07,11.44
VIX,2017-02-23,11.71,12.46,11.54
VIX,2017-02-24,11.47,12.59,11.34
VIX,2017-02-27,12.09,12.14,11.53
VIX,2017-02-28,12.92,12.96,12.13
VIX,2017-03-01,12.54,12.58,11.78
VIX,2017-03-02,11.81,12.71,11.32
VIX,2017-03-03,10.96,11.97,10.94
VIX,2017-03-06,11.24,11.72,11.06
VIX,2017-03-07,11.45,11.58,11.04
VIX,2017-03-08,11.86,11.86,11.09
VIX,2017-03-09,12.3,12.43,11.62
VIX,2017-03-10,11.66,12.09,11.46
VIX,2017-03-13,11.35,12.23,11.29
VIX,2017-03-14,12.3,12.54,11.28
VIX,2017-03-15,11.63,12.25,10.6
VIX,2017-03-16,11.21,11.55,11.16
VIX,2017-03-17,11.28,11.38,10.78
VIX,2017-03-20,11.34,11.72,11.03
VIX,2017-03-21,12.47,12.85,10.92
VIX,2017-03-22,12.81,13.16,11.99
VIX,2017-03-23,13.12,13.17,12.18
VIX,2017-03-24,12.96,14.16,12.27
VIX,2017-03-27,12.5,15.11,12.48
VIX,2017-03-28,11.53,12.67,11.34
VIX,2017-03-29,11.42,11.7,11.03
VIX,2017-03-30,11.54,11.64,11.12
VIX,2017-03-31,12.37,12.54,11.5
VIX,2017-04-03,12.38,13.59,12.27
VIX,2017-04-04,11.79,13.07,11.7
VIX,2017-04-05,12.89,12.89,10.9
VIX,2017-04-06,12.39,13.22,11.7
VIX,2017-04-07,12.87,13.43,12.23
VIX,2017-04-10,14.05,14.11,12.94
VIX,2017-04-11,15.07,15.88,14.17
VIX,2017-04-12,15.77,16.16,14.84
VIX,2017-04-13,15.96,16.22,14.97
VIX,2017-04-17,14.66,16.28,14.6
VIX,2017-04-18,14.42,15.5,14.29
VIX,2017-04-19,14.93,15.15,13.46
VIX,2017-04-20,14.15,14.81,13.83
VIX,2017-04-21,14.63,15.33,13.85
VIX,2017-04-24,10.84,12.01,10.82
VIX,2017-04-25,10.76,11.15,10.22
VIX,2017-04-26,10.85,10.89,10.39
VIX,2017-04-27,10.36,11.08,10.33
VIX,2017-04-28,10.82,11.16,10.29
VIX,2017-05-01,10.11,11.04,9.9
VIX,2017-05-02,10.59,10.59,10.04
VIX,2017-05-03,10.68,11.15,10.4
VIX,2017-05-04,10.46,11.24,10.27
VIX,2017-05-05,10.57,10.98,9.99
VIX,2017-05-08,9.77,10.55,9.67
VIX,2017-05-09,9.96,10.14,9.56
VIX,2017-05-10,10.21,10.24,9.62
VIX,2017-05-11,10.6,11.23,10.32
VIX,2017-05-12,10.4,10.87,10.28
VIX,2017-05-15,10.42,10.88,10.25
VIX,2017-05-16,10.65,10.67,10.18
VIX,2017-05-17,15.59,15.59,11.53
VIX,2017-05-18,14.66,16.3,14.03
VIX,2017-05-19,12.04,14.23,11.72
VIX,2017-05-22,10.93,12.52,10.89
VIX,2017-05-23,10.72,11.0,10.56
VIX,2017-05-24,10.02,10.9,9.88
VIX,2017-05-25,9.99,10.29,9.72
VIX,2017-05-26,9.81,10.48,9.65
VIX,2017-05-30,10.38,10.84,10.14
VIX,2017-05-31,10.41,11.3,9.93
VIX,2017-06-01,9.89,10.54,9.69
VIX,2017-06-02,9.75,10.3,9.58
VIX,2017-06-05,10.07,10.28,9.6
VIX,2017-06-06,10.45,10.77,9.86
VIX,2017-06-07,10.39,10.93,10.12
VIX,2017-06-08,10.16,10.53,9.73
VIX,2017-06-09,10.7,12.11,9.37
VIX,2017-06-12,11.46,12.37,11.19
VIX,2017-06-13,10.42,11.14,10.26
VIX,2017-06-14,10.64,11.26,10.01
VIX,2017-06-15,10.9,12.01,10.74
VIX,2017-06-16,10.38,11.35,10.26
VIX,2017-06-19,10.37,10.6,10.01
VIX,2017-06-20,10.86,11.15,10.24
VIX,2017-06-21,10.75,11.4,10.4
VIX,2017-06-22,10.48,11.01,10.24
VIX,2017-06-23,10.02,10.69,9.85
VIX,2017-06-26,9.9,10.44,9.68
VIX,2017-06-27,11.06,11.31,9.8
VIX,2017-06-28,10.03,11.49,9.76
VIX,2017-06-29,11.44,15.16,9.73
VIX,2017-06-30,11.18,11.85,10.4
VIX,2017-07-03,11.22,11.45,10.28
VIX,2017-07-05,11.07,12.03,10.79
VIX,2017-07-06,12.54,13.05,11.18
VIX,2017-07-07,11.19,12.57,10.98
VIX,2017-07-10,11.11,11.73,10.61
VIX,2017-07-11,10.89,12.14,10.68
VIX,2017-07-12,10.3,10.85,10.08
VIX,2017-07-13,9.9,10.4,9.9
VIX,2017-07-14,9.51,10.14,9.5
VIX,2017-07-17,9.82,10.03,9.71
VIX,2017-07-18,9.89,10.35,9.66
VIX,2017-07-19,9.79,9.94,9.58
VIX,2017-07-20,9.58,10.28,9.5
VIX,2017-07-21,9.36,9.98,9.3
VIX,2017-07-24,9.43,9.97,9.26
VIX,2017-07-25,9.43,9.52,9.04
VIX,2017-07-26,9.6,9.66,8.84
VIX,2017-07-27,10.11,11.5,9.16
VIX,2017-07-28,10.29,11.3,10.26
VIX,2017-07-31,10.26,10.84,10.23
VIX,2017-08-01,10.09,10.56,9.95
VIX,2017-08-02,10.28,10.81,9.8
VIX,2017-08-03,10.44,10.6,9.9
VIX,2017-08-04,10.03,10.5,9.68
VIX,2017-08-07,9.93,10.32,9.76
VIX,2017-08-08,10.96,11.52,9.52
VIX,2017-08-09,11.11,12.63,11.11
VIX,2017-08-10,16.04,16.17,11.56
VIX,2017-08-11,15.51,17.28,14.5
VIX,2017-08-14,12.33,14.05,12.06
VIX,2017-08-15,12.04,12.37,11.45
VIX,2017-08-16,11.74,12.54,11.25
VIX,2017-08-17,15.55,15.77,11.54
VIX,2017-08-18,14.26,16.04,13.32
VIX,2017-08-21,13.19,14.74,13.07
VIX,2017-08-22,11.35,12.94,11.35
VIX,2017-08-23,12.25,12.59,11.39
VIX,2017-08-24,12.23,12.83,11.55
VIX,2017-08-25,11.28,12.45,11.1
VIX,2017-08-28,11.32,12.11,11.23
VIX,2017-08-29,11.7,14.34,11.48
VIX,2017-08-30,11.22,11.98,10.96
VIX,2017-08-31,10.59,11.22,10.34
VIX,2017-09-01,10.13,10.46,10.02
VIX,2017-09-05,12.23,14.06,11.41
VIX,2017-09-06,11.63,12.59,11.35
VIX,2017-09-07,11.55,12.07,11.32
VIX,2017-09-08,12.12,12.6,11.84
VIX,2017-09-11,10.73,11.39,10.51
VIX,2017-09-12,10.58,10.95,10.29
VIX,2017-09-13,10.5,10.86,10.33
VIX,2017-09-14,10.44,11.04,10.28
VIX,2017-09-15,10.17,10.74,10.0
VIX,2017-09-18,10.15,10.42,9.88
VIX,2017-09-19,10.18,10.3,9.85
VIX,2017-09-20,9.78,10.67,9.67
VIX,2017-09-21,9.67,10.21,9.54
VIX,2017-09-22,9.59,10.2,9.5
VIX,2017-09-25,10.21,11.21,9.79
VIX,2017-09-26,10.17,10.68,9.94
VIX,2017-09-27,9.87,10.42,9.63
VIX,2017-09-28,9.55,10.13,9.55
VIX,2017-09-29,9.51,9.83,9.36
VIX,2017-10-02,9.45,10.04,9.37
VIX,2017-10-03,9.51,9.75,9.3
VIX,2017-10-04,9.63,9.88,9.53
VIX,2017-10-05,9.19,9.62,9.13
VIX,2017-10-06,9.65,10.27,9.11
VIX,2017-10-09,10.33,10.53,9.88
VIX,2017-10-10,10.08,10.66,9.94
VIX,2017-10-11,9.85,10.38,9.72
VIX,2017-10-12,9.91,10.33,9.65
VIX,2017-10-13,9.61,9.98,9.44
VIX,2017-10-16,9.91,10.02,9.75
VIX,2017-10-17,10.31,10.46,9.78
VIX,2017-10-18,10.07,10.41,9.87
VIX,2017-10-19,10.05,11.77,9.99
VIX,2017-10-20,9.97,10.04,9.29
VIX,2017-10-23,11.07,11.08,9.94
VIX,2017-10-24,11.16,11.16,10.39
VIX,2017-10-25,11.23,13.2,10.99
VIX,2017-10-26,11.3,11.81,10.6
VIX,2017-10-27,9.8,11.12,9.74
VIX,2017-10-30,10.5,10.89,10.1
VIX,2017-10-31,10.18,10.37,9.9
VIX,2017-11-01,10.2,10.49,9.74
VIX,2017-11-02,9.93,10.89,9.67
VIX,2017-11-03,9.14,9.91,8.99
VIX,2017-11-06,9.4,9.74,9.38
VIX,2017-11-07,9.89,10.31,9.29
VIX,2017-11-08,9.78,10.27,9.5
VIX,2017-11-09,10.5,12.19,9.79
VIX,2017-11-10,11.29,11.58,10.5
VIX,2017-11-13,11.5,12.18,11.0
VIX,2017-11-14,11.59,12.61,11.45
VIX,2017-11-15,13.13,14.51,12.33
VIX,2017-11-16,11.76,12.52,11.38
VIX,2017-11-17,11.43,12.01,11.16
VIX,2017-11-20,10.65,12.08,10.44
VIX,2017-11-21,9.73,10.78,9.67
VIX,2017-11-22,9.88,9.88,9.32
VIX,2017-11-24,10.23,10.23,9.9
VIX,2017-11-27,9.87,10.26,9.79
VIX,2017-11-28,10.03,10.31,9.53
VIX,2017-11-29,10.7,10.93,9.81
VIX,2017-11-30,11.28,12.05,10.25
VIX,2017-12-01,11.43,14.58,10.54
VIX,2017-12-04,11.68,11.86,10.26
VIX,2017-12-05,11.33,11.67,10.65
VIX,2017-12-06,11.02,11.68,10.86
VIX,2017-12-07,10.16,11.32,10.12
VIX,2017-12-08,9.58,10.06,9.43
VIX,2017-12-11,9.34,10.08,9.28
VIX,2017-12-12,9.92,9.92,9.21
VIX,2017-12-13,10.18,10.21,9.65
VIX,2017-12-14,10.49,10.54,9.78
VIX,2017-12-15,9.42,10.2,9.22
VIX,2017-12-18,9.53,9.89,9.24
VIX,2017-12-19,10.03,10.15,9.18
VIX,2017-12-20,9.72,9.85,8.9
VIX,2017-12-21,9.62,9.86,9.2
VIX,2017-12-22,9.9,10.18,9.35
VIX,2017-12-26,10.25,10.46,10.13
VIX,2017-12-27,10.47,10.79,9.71
VIX,2017-12-28,10.18,10.44,10.07
VIX,2017-12-29,11.04,11.06,9.95
VIX,2018-01-02,9.77,11.07,9.52
VIX,2018-01-03,9.15,9.65,8.94
VIX,2018-01-04,9.22,9.31,8.92
VIX,2018-01-05,9.22,9.54,9.0
VIX,2018-01-08,9.52,9.89,9.32
VIX,2018-01-09,10.08,10.09,9.37
VIX,2018-01-10,9.82,10.85,9.82
VIX,2018-01-11,9.88,10.02,9.62
VIX,2018-01-12,10.16,10.31,9.54
VIX,2018-01-16,11.66,12.41,10.4
VIX,2018-01-17,11.91,12.81,11.18
VIX,2018-01-18,12.22,12.4,11.62
VIX,2018-01-19,11.27,12.33,11.17
VIX,2018-01-22,11.03,11.62,10.84
VIX,2018-01-23,11.1,11.57,10.76
VIX,2018-01-24,11.47,12.19,10.89
VIX,2018-01-25,11.58,12.01,11.2
VIX,2018-01-26,11.08,11.6,11.08
VIX,2018-01-29,13.84,13.84,11.68
VIX,2018-01-30,14.79,15.42,13.88
VIX,2018-01-31,13.54,14.44,13.41
VIX,2018-02-01,13.47,14.3,12.5
VIX,2018-02-02,17.31,17.86,13.64
VIX,2018-02-05,37.32,38.8,16.8
VIX,2018-02-06,29.98,50.3,22.42
VIX,2018-02-07,27.73,31.64,21.17
VIX,2018-02-08,33.46,36.17,24.41
VIX,2018-02-09,29.06,41.06,27.73
VIX,2018-02-12,25.61,29.7,24.42
VIX,2018-02-13,24.97,27.82,24.47
VIX,2018-02-14,19.26,25.72,18.99
VIX,2018-02-15,19.13,20.66,17.6
VIX,2018-02-16,19.46,20.99,17.44
VIX,2018-02-20,20.6,21.34,19.75
VIX,2018-02-21,20.02,21.04,16.97
VIX,2018-02-22,18.72,20.61,18.07
VIX,2018-02-23,16.49,18.8,16.47
VIX,2018-02-26,15.8,16.94,15.8
VIX,2018-02-27,18.59,18.98,15.29
VIX,2018-02-28,19.85,20.44,15.65
VIX,2018-03-01,22.47,25.3,19.57
VIX,2018-03-02,19.59,26.22,19.36
VIX,2018-03-05,18.73,21.57,17.94
VIX,2018-03-06,18.36,19.64,17.68
VIX,2018-03-07,17.76,20.49,17.52
VIX,2018-03-08,16.54,17.68,14.91
VIX,2018-03-09,14.64,16.75,13.31
VIX,2018-03-12,15.78,16.35,15.18
VIX,2018-03-13,16.35,16.98,15.03
VIX,2018-03-14,17.23,17.59,14.94
VIX,2018-03-15,16.59,17.41,15.96
VIX,2018-03-16,15.8,16.72,15.23
VIX,2018-03-19,19.02,21.87,16.56
VIX,2018-03-20,18.2,19.31,18.09
VIX,2018-03-21,17.86,18.37,16.26
VIX,2018-03-22,23.34,23.81,18.12
VIX,2018-03-23,24.87,26.01,21.63
VIX,2018-03-26,21.03,24.54,20.71
VIX,2018-03-27,22.5,24.06,19.84
VIX,2018-03-28,22.87,24.94,21.71
VIX,2018-03-29,19.97,23.05,19.6
VIX,2018-04-02,23.62,25.72,20.44
VIX,2018-04-03,21.1,23.38,20.92
VIX,2018-04-04,20.06,24.51,19.86
VIX,2018-04-05,18.94,20.21,18.57
VIX,2018-04-06,21.49,23.12,18.6
VIX,2018-04-09,21.77,22.02,20.34
VIX,2018-04-10,20.47,21.68,20.24
VIX,2018-04-11,20.24,21.66,19.64
VIX,2018-04-12,18.49,19.92,18.16
VIX,2018-04-13,17.41,18.45,17.26
VIX,2018-04-16,16.56,17.66,16.38
VIX,2018-04-17,15.25,16.27,14.57
VIX,2018-04-18,15.6,16.9,14.95
VIX,2018-04-19,15.96,16.92,15.16
VIX,2018-04-20,16.88,17.5,15.19
VIX,2018-04-23,16.34,17.56,15.79
VIX,2018-04-24,18.02,19.66,15.37
VIX,2018-04-25,17.84,19.84,17.75
VIX,2018-04-26,16.24,18.12,16.24
VIX,2018-04-27,15.41,16.77,15.25
VIX,2018-04-30,15.93,16.35,15.13
VIX,2018-05-01,15.49,16.82,15.42
VIX,2018-05-02,15.97,15.97,14.75
VIX,2018-05-03,15.9,18.66,15.43
VIX,2018-05-04,14.77,16.92,10.91
VIX,2018-05-07,14.75,15.52,14.51
VIX,2018-05-08,14.71,15.56,14.52
VIX,2018-05-09,13.42,14.63,13.38
VIX,2018-05-10,13.23,13.63,12.92
VIX,2018-05-11,12.65,13.44,12.65
VIX,2018-05-14,12.93,13.28,12.81
VIX,2018-05-15,14.63,15.01,12.5
VIX,2018-05-16,13.42,14.91,13.21
VIX,2018-05-17,13.43,13.86,12.65
VIX,2018-05-18,13.42,13.87,13.06
VIX,2018-05-21,13.08,13.59,12.78
VIX,2018-05-22,13.22,13.42,12.77
VIX,2018-05-23,12.58,14.6,12.49
VIX,2018-05-24,12.53,14.24,12.53
VIX,2018-05-25,13.22,13.52,12.29
VIX,2018-05-29,17.02,18.78,14.39
VIX,2018-05-30,14.94,16.64,14.65
VIX,2018-05-31,15.43,16.29,14.2
VIX,2018-06-01,13.46,14.93,13.37
VIX,2018-06-04,12.74,13.91,12.69
VIX,2018-06-05,12.4,13.34,12.3
VIX,2018-06-06,11.64,12.56,11.62
VIX,2018-06-07,12.13,13.28,11.22
VIX,2018-06-08,12.18,13.31,12.09
VIX,2018-06-11,12.35,12.69,12.14
VIX,2018-06-12,12.34,12.6,11.88
VIX,2018-06-13,12.94,12.95,11.98
VIX,2018-06-14,12.12,13.07,11.88
VIX,2018-06-15,11.98,13.16,11.93
VIX,2018-06-18,12.31,13.74,12.28
VIX,2018-06-19,13.35,14.68,13.21
VIX,2018-06-20,12.79,13.02,12.25
VIX,2018-06-21,14.64,15.18,12.18
VIX,2018-06-22,13.77,14.6,13.11
VIX,2018-06-25,17.33,19.61,14.56
VIX,2018-06-26,15.92,17.54,15.1
VIX,2018-06-27,17.91,18.19,14.76
VIX,2018-06-28,16.85,18.99,16.4
VIX,2018-06-29,16.09,16.51,14.66
VIX,2018-07-02,15.6,18.08,15.54
VIX,2018-07-03,16.14,16.45,14.68
VIX,2018-07-05,14.97,16.22,14.47
VIX,2018-07-06,13.37,15.45,13.34
VIX,2018-07-09,12.69,13.45,12.6
VIX,2018-07-10,12.64,13.21,11.93
VIX,2018-07-11,13.63,14.15,13.09
VIX,2018-07-12,12.58,13.33,12.42
VIX,2018-07-13,12.18,12.97,11.62
VIX,2018-07-16,12.83,12.97,12.13
VIX,2018-07-17,12.06,13.18,11.85
VIX,2018-07-18,12.1,12.47,11.44
VIX,2018-07-19,12.87,13.09,11.79
VIX,2018-07-20,12.86,13.58,12.49
VIX,2018-07-23,12.62,13.55,12.58
VIX,2018-07-24,12.41,13.21,11.66
VIX,2018-07-25,12.29,12.82,11.8
VIX,2018-07-26,12.14,12.53,11.78
VIX,2018-07-27,13.03,14.26,11.6
VIX,2018-07-30,14.26,14.46,12.98
VIX,2018-07-31,12.83,14.12,12.81
VIX,2018-08-01,13.15,13.63,12.45
VIX,2018-08-02,12.19,14.53,12.17
VIX,2018-08-03,11.64,12.46,11.07
VIX,2018-08-06,11.27,12.15,11.17
VIX,2018-08-07,10.93,11.24,10.52
VIX,2018-08-08,10.85,11.18,10.52
VIX,2018-08-09,11.27,11.31,10.17
VIX,2018-08-10,13.16,13.82,11.59
VIX,2018-08-13,14.78,15.02,12.95
VIX,2018-08-14,13.31,14.22,13.11
VIX,2018-08-15,14.64,16.86,13.44
VIX,2018-08-16,13.45,14.36,12.82
VIX,2018-08-17,12.64,13.96,12.4
VIX,2018-08-20,12.49,12.79,12.26
VIX,2018-08-21,12.86,12.89,12.09
VIX,2018-08-22,12.25,13.29,11.97
VIX,2018-08-23,12.41,12.68,11.65
VIX,2018-08-24,11.99,12.17,11.83
VIX,2018-08-27,12.16,12.48,12.02
VIX,2018-08-28,12.5,12.5,11.87
VIX,2018-08-29,12.25,12.55,12.09
VIX,2018-08-30,13.53,13.95,12.24
VIX,2018-08-31,12.86,14.03,12.82
VIX,2018-09-04,13.16,14.35,13.12
VIX,2018-09-05,13.91,14.3,13.23
VIX,2018-09-06,14.65,15.41,13.72
VIX,2018-09-07,14.88,15.63,14.31
VIX,2018-09-10,14.16,15.2,13.93
VIX,2018-09-11,13.22,14.92,13.21
VIX,2018-09-12,13.14,13.86,12.91
VIX,2018-09-13,12.37,12.91,12.3
VIX,2018-09-14,12.07,13.15,11.93
VIX,2018-09-17,13.68,13.75,12.32
VIX,2018-09-18,12.79,13.48,12.56
VIX,2018-09-19,11.75,12.77,11.66
VIX,2018-09-20,11.8,11.96,11.31
VIX,2018-09-21,11.68,12.03,11.1
VIX,2018-09-24,12.2,12.92,12.18
VIX,2018-09-25,12.42,12.6,11.8
VIX,2018-09-26,12.89,13.13,11.55
VIX,2018-09-27,12.41,13.0,11.94
VIX,2018-09-28,12.12,13.22,12.09
VIX,2018-10-01,12.0,12.4,11.57
VIX,2018-10-02,12.05,12.69,11.61
VIX,2018-10-03,11.61,12.14,11.34
VIX,2018-10-04,14.22,15.84,12.42
VIX,2018-10-05,14.82,17.36,11.72
VIX,2018-10-08,15.69,18.38,15.69
VIX,2018-10-09,15.95,17.49,15.27
VIX,2018-10-10,22.96,22.96,15.83
VIX,2018-10-11,24.98,28.84,20.65
VIX,2018-10-12,21.31,26.8,20.88
VIX,2018-10-15,21.3,22.89,19.47
VIX,2018-10-16,17.62,20.56,17.55
VIX,2018-10-17,17.4,19.55,17.06
VIX,2018-10-18,20.06,21.57,17.51
VIX,2018-10-19,19.89,21.08,18.39
VIX,2018-10-22,19.64,20.89,18.82
VIX,2018-10-23,20.71,24.66,20.18
VIX,2018-10-24,25.23,26.38,20.4
VIX,2018-10-25,24.22,24.78,22.06
VIX,2018-10-26,24.16,27.52,23.33
VIX,2018-10-29,24.7,27.86,22.01
VIX,2018-10-30,23.35,25.55,23.11
VIX,2018-10-31,21.23,22.8,20.39
VIX,2018-11-01,19.34,21.21,19.03
VIX,2018-11-02,19.51,21.61,18.05
VIX,2018-11-05,19.96,20.87,19.64
VIX,2018-11-06,19.91,20.6,19.69
VIX,2018-11-07,16.36,18.05,16.33
VIX,2018-11-08,16.72,17.2,16.09
VIX,2018-11-09,17.36,18.41,16.84
VIX,2018-11-12,20.45,20.71,17.25
VIX,2018-11-13,20.02,21.25,19.11
VIX,2018-11-14,21.25,22.36,19.3
VIX,2018-11-15,19.98,22.97,19.94
VIX,2018-11-16,18.14,21.36,18.1
VIX,2018-11-19,20.1,20.99,18.52
VIX,2018-11-20,22.48,23.81,20.37
VIX,2018-11-21,20.8,22.31,20.11
VIX,2018-11-23,21.52,22.65,20.65
VIX,2018-11-26,18.9,20.8,18.67
VIX,2018-11-27,19.02,19.93,18.7
VIX,2018-11-28,18.49,19.38,18.18
VIX,2018-11-29,18.79,20.48,18.59
VIX,2018-11-30,18.07,19.91,18.03
VIX,2018-12-03,16.44,17.28,15.94
VIX,2018-12-04,20.74,21.94,16.26
VIX,2018-12-06,21.19,25.94,20.94
VIX,2018-12-07,23.23,24.71,19.9
VIX,2018-12-10,22.64,25.94,22.5
VIX,2018-12-11,21.76,23.6,21.39
VIX,2018-12-12,21.46,21.91,20.5
VIX,2018-12-13,20.65,21.57,20.34
VIX,2018-12-14,21.63,22.47,20.95
VIX,2018-12-17,24.52,25.88,21.97
VIX,2018-12-18,25.58,26.14,23.64
VIX,2018-12-19,25.58,26.64,22.5
VIX,2018-12-20,28.38,30.3,24.68
VIX,2018-12-21,30.11,31.35,25.71
VIX,2018-12-24,36.07,36.1,29.16
VIX,2018-12-26,30.41,36.2,29.59
VIX,2018-12-27,29.96,33.8,29.66
VIX,2018-12-28,28.34,31.05,27.43
VIX,2018-12-31,25.42,27.64,25.33
VIX,2019-01-02,23.22,28.53,23.05
VIX,2019-01-03,25.45,26.6,24.05
VIX,2019-01-04,21.38,24.48,21.19
VIX,2019-01-07,21.4,22.71,20.91
VIX,2019-01-08,20.47,22.03,20.09
VIX,2019-01-09,19.98,22.8,19.48
VIX,2019-01-10,19.5,21.32,19.29
VIX,2019-01-11,18.19,20.16,18.12
VIX,2019-01-14,19.07,20.27,18.7
VIX,2019-01-15,18.6,19.2,17.98
VIX,2019-01-16,19.04,19.04,17.76
VIX,2019-01-17,18.06,19.72,17.85
VIX,2019-01-18,17.8,18.18,17.17
VIX,2019-01-22,20.8,21.15,18.2
VIX,2019-01-23,19.52,22.02,19.47
VIX,2019-01-24,18.89,20.25,18.63
VIX,2019-01-25,17.42,18.46,17.31
VIX,2019-01-28,18.87,20.42,18.42
VIX,2019-01-29,19.13,19.93,18.42
VIX,2019-01-30,17.66,19.31,17.54
VIX,2019-01-31,16.57,17.72,16.54
VIX,2019-02-01,16.14,16.83,16.08
VIX,2019-02-04,15.73,16.73,15.6
VIX,2019-02-05,15.57,15.94,15.04
VIX,2019-02-06,15.38,15.87,15.09
VIX,2019-02-07,16.37,17.89,15.51
VIX,2019-02-08,15.72,17.63,15.62
VIX,2019-02-11,15.97,16.5,15.34
VIX,2019-02-12,15.43,15.65,14.95
VIX,2019-02-13,15.65,15.91,15.0
VIX,2019-02-14,16.22,17.27,15.3
VIX,2019-02-15,14.91,16.82,14.79
VIX,2019-02-19,14.88,16.16,14.64
VIX,2019-02-20,14.02,15.19,13.99
VIX,2019-02-21,14.46,15.17,13.85
VIX,2019-02-22,13.51,14.47,13.51
VIX,2019-02-25,14.85,14.9,13.44
VIX,2019-02-26,15.17,15.28,14.52
VIX,2019-02-27,14.7,16.17,14.7
VIX,2019-02-28,14.78,15.24,14.39
VIX,2019-03-01,13.57,14.84,13.41
VIX,2019-03-04,14.63,16.98,13.38
VIX,2019-03-05,14.74,15.39,14.26
VIX,2019-03-06,15.74,16.11,14.74
VIX,2019-03-07,16.59,17.81,15.54
VIX,2019-03-08,16.05,18.33,16.02
VIX,2019-03-11,14.33,16.43,14.33
VIX,2019-03-12,13.77,14.7,13.61
VIX,2019-03-13,13.41,14.05,13.25
VIX,2019-03-14,13.5,13.84,13.16
VIX,2019-03-15,12.88,13.28,12.5
VIX,2019-03-18,13.1,13.8,13.0
VIX,2019-03-19,13.56,13.77,12.37
VIX,2019-03-20,13.91,14.3,13.05
VIX,2019-03-21,13.63,14.56,13.26
VIX,2019-03-22,16.48,17.52,13.62
VIX,2019-03-25,16.33,17.85,16.26
VIX,2019-03-26,14.68,16.3,14.67
VIX,2019-03-27,15.15,16.71,14.51
VIX,2019-03-28,14.43,15.62,14.41
VIX,2019-03-29,13.71,14.43,13.64
VIX,2019-04-01,13.4,14.01,13.32
VIX,2019-04-02,13.36,13.68,13.13
VIX,2019-04-03,13.74,14.27,12.85
VIX,2019-04-04,13.58,14.03,13.4
VIX,2019-04-05,12.82,13.47,12.17
VIX,2019-04-08,13.18,13.77,13.1
VIX,2019-04-09,14.28,14.39,13.31
VIX,2019-04-10,13.3,14.29,13.27
VIX,2019-04-11,13.02,13.58,12.91
VIX,2019-04-12,12.01,12.96,11.95
VIX,2019-04-15,12.32,13.14,12.24
VIX,2019-04-16,12.18,12.47,11.85
VIX,2019-04-17,12.6,13.02,11.03
VIX,2019-04-18,12.09,13.12,12.02
VIX,2019-04-22,12.42,13.36,12.38
VIX,2019-04-23,12.28,12.69,12.08
VIX,2019-04-24,13.14,13.23,12.26
VIX,2019-04-25,13.25,14.3,12.81
VIX,2019-04-26,12.73,13.62,12.49
VIX,2019-04-29,13.11,13.27,12.65
VIX,2019-04-30,13.12,14.05,12.88
VIX,2019-05-01,14.8,14.83,12.74
VIX,2019-05-02,14.42,15.92,13.8
VIX,2019-05-03,12.87,14.15,12.8
VIX,2019-05-06,15.44,18.8,12.89
VIX,2019-05-07,19.32,21.84,15.8
VIX,2019-05-08,19.4,21.74,18.29
VIX,2019-05-09,19.1,23.38,18.87
VIX,2019-05-10,16.04,20.19,15.57
VIX,2019-05-13,20.55,21.32,18.35
VIX,2019-05-14,18.06,19.65,17.45
VIX,2019-05-15,16.44,19.15,16.41
VIX,2019-05-16,15.29,17.13,15.16
VIX,2019-05-17,15.96,16.81,14.86
VIX,2019-05-20,16.31,17.07,16.03
VIX,2019-05-21,14.95,16.22,14.79
VIX,2019-05-22,14.75,15.44,14.42
VIX,2019-05-23,16.92,18.05,15.28
VIX,2019-05-24,15.85,16.52,15.52
VIX,2019-05-28,17.5,17.7,15.9
VIX,2019-05-29,17.9,19.04,17.62
VIX,2019-05-30,17.3,18.11,16.72
VIX,2019-05-31,18.71,19.72,18.01
VIX,2019-06-03,18.86,19.75,18.16
VIX,2019-06-04,16.97,18.74,16.97
VIX,2019-06-05,16.09,17.49,16.04
VIX,2019-06-06,15.93,16.54,15.36
VIX,2019-06-07,16.3,16.44,15.33
VIX,2019-06-10,15.94,16.47,15.84
VIX,2019-06-11,15.99,16.7,15.5
VIX,2019-06-12,15.91,16.43,15.78
VIX,2019-06-13,15.82,16.21,15.61
VIX,2019-06-14,15.28,16.4,15.21
VIX,2019-06-17,15.35,15.76,15.24
VIX,2019-06-18,15.15,15.54,14.62
VIX,2019-06-19,14.33,15.71,14.15
VIX,2019-06-20,14.75,16.03,13.19
VIX,2019-06-21,15.4,15.48,14.42
VIX,2019-06-24,15.26,15.56,15.23
VIX,2019-06-25,16.28,16.68,15.1
VIX,2019-06-26,16.21,16.6,15.47
VIX,2019-06-27,15.82,16.4,15.66
VIX,2019-06-28,15.08,16.13,15.08
VIX,2019-07-01,14.06,14.64,13.8
VIX,2019-07-02,12.93,14.3,12.9
VIX,2019-07-03,12.57,13.19,12.56
VIX,2019-07-05,13.28,14.47,12.04
VIX,2019-07-08,13.96,14.44,13.64
VIX,2019-07-09,14.09,14.71,13.99
VIX,2019-07-10,13.03,14.69,12.98
VIX,2019-07-11,12.93,13.33,12.39
VIX,2019-07-12,12.39,12.82,12.28
VIX,2019-07-15,12.68,13.02,12.49
VIX,2019-07-16,12.86,13.14,12.28
VIX,2019-07-17,13.97,13.97,12.24
VIX,2019-07-18,13.53,14.5,13.19
VIX,2019-07-19,14.45,14.45,13.09
VIX,2019-07-22,13.53,14.7,13.42
VIX,2019-07-23,12.61,13.52,12.55
VIX,2019-07-24,12.07,13.1,11.98
VIX,2019-07-25,12.74,13.54,11.69
VIX,2019-07-26,12.16,12.72,12.01
VIX,2019-07-29,12.83,13.17,12.15
VIX,2019-07-30,13.94,14.18,12.87
VIX,2019-07-31,16.12,16.55,13.46
VIX,2019-08-01,17.87,19.46,13.73
VIX,2019-08-02,17.61,20.11,17.04
VIX,2019-08-05,24.59,24.81,19.91
VIX,2019-08-06,20.17,22.87,19.77
VIX,2019-08-07,19.49,23.67,18.94
VIX,2019-08-08,16.91,19.89,16.82
VIX,2019-08-09,17.97,19.44,17.31
VIX,2019-08-12,21.09,21.26,17.77
VIX,2019-08-13,17.52,21.64,17.52
VIX,2019-08-14,22.1,22.71,17.75
VIX,2019-08-15,21.18,24.1,20.78
VIX,2019-08-16,18.47,20.5,18.41
VIX,2019-08-19,16.88,18.22,16.52
VIX,2019-08-20,17.5,17.7,16.45
VIX,2019-08-21,15.8,17.04,15.51
VIX,2019-08-22,16.68,17.68,15.63
VIX,2019-08-23,19.87,21.07,16.04
VIX,2019-08-26,19.32,21.33,19.06
VIX,2019-08-27,20.31,21.04,18.49
VIX,2019-08-28,19.35,21.64,19.1
VIX,2019-08-29,17.88,19.2,17.6
VIX,2019-08-30,18.98,19.18,17.09
VIX,2019-09-03,19.66,21.15,19.41
VIX,2019-09-04,17.33,18.83,17.26
VIX,2019-09-05,16.27,17.05,15.45
VIX,2019-09-06,15.0,16.06,14.91
VIX,2019-09-09,15.27,16.13,14.95
VIX,2019-09-10,15.2,16.52,15.11
VIX,2019-09-11,14.61,15.52,14.55
VIX,2019-09-12,14.22,14.94,13.85
VIX,2019-09-13,13.74,14.31,13.51
VIX,2019-09-16,14.67,15.29,14.5
VIX,2019-09-17,14.44,15.03,14.4
VIX,2019-09-18,13.95,15.8,13.8
VIX,2019-09-19,14.05,14.66,13.31
VIX,2019-09-20,15.32,15.84,13.35
VIX,2019-09-23,14.91,16.0,14.71
VIX,2019-09-24,17.05,17.62,14.33
VIX,2019-09-25,15.96,18.45,15.69
VIX,2019-09-26,16.07,17.09,15.35
VIX,2019-09-27,17.22,18.69,15.15
VIX,2019-09-30,16.24,17.35,16.2
VIX,2019-10-01,18.56,18.62,15.79
VIX,2019-10-02,20.56,21.46,18.75
VIX,2019-10-03,19.12,21.44,19.03
VIX,2019-10-04,17.04,19.97,16.97
VIX,2019-10-07,17.86,18.52,16.44
VIX,2019-10-08,20.28,20.38,17.42
VIX,2019-10-09,18.64,20.0,17.77
VIX,2019-10-10,17.57,19.8,17.56
VIX,2019-10-11,15.58,17.44,15.11
VIX,2019-10-14,14.57,16.5,14.51
VIX,2019-10-15,13.54,14.43,13.39
VIX,2019-10-16,13.68,14.26,13.6
VIX,2019-10-17,13.79,14.18,13.31
VIX,2019-10-18,14.25,15.16,13.78
VIX,2019-10-21,14.0,14.63,14.0
VIX,2019-10-22,14.46,14.61,13.7
VIX,2019-10-23,14.01,15.12,14.01
VIX,2019-10-24,13.71,14.34,13.4
VIX,2019-10-25,12.65,13.79,12.62
VIX,2019-10-28,13.11,13.14,12.66
VIX,2019-10-29,13.2,13.52,13.07
VIX,2019-10-30,12.33,13.77,12.27
VIX,2019-10-31,13.22,13.95,12.19
VIX,2019-11-01,12.3,13.12,12.25
VIX,2019-11-04,12.83,13.13,12.44
VIX,2019-11-05,13.1,13.28,12.25
VIX,2019-11-06,12.62,13.39,12.6
VIX,2019-11-07,12.73,12.89,12.26
VIX,2019-11-08,12.07,13.05,12.0
VIX,2019-11-11,12.69,13.49,12.66
VIX,2019-11-12,12.68,13.1,12.36
VIX,2019-11-13,13.0,13.9,12.88
VIX,2019-11-14,13.05,13.81,12.93
VIX,2019-11-15,12.05,12.97,11.92
VIX,2019-11-18,12.46,13.1,12.32
VIX,2019-11-19,12.86,13.01,12.16
VIX,2019-11-20,12.78,14.17,12.61
VIX,2019-11-21,13.13,13.86,12.49
VIX,2019-11-22,12.34,13.25,12.33
VIX,2019-11-25,11.87,12.59,11.73
VIX,2019-11-26,11.54,12.04,11.42
VIX,2019-11-27,11.75,11.79,11.44
VIX,2019-11-29,12.62,12.83,12.12
VIX,2019-12-02,14.91,15.27,12.55
VIX,2019-12-03,15.96,17.99,14.61
VIX,2019-12-04,14.8,16.4,14.12
VIX,2019-12-05,14.52,15.37,14.17
VIX,2019-12-06,13.62,14.47,13.19
VIX,2019-12-09,15.86,16.07,12.25
VIX,2019-12-10,15.68,16.9,14.93
VIX,2019-12-11,14.99,15.97,14.98
VIX,2019-12-12,13.94,15.55,13.6
VIX,2019-12-13,12.63,14.35,12.54
VIX,2019-12-16,12.14,12.53,11.71
VIX,2019-12-17,12.29,12.47,11.9
VIX,2019-12-18,12.58,12.7,11.93
VIX,2019-12-19,12.5,12.78,12.43
VIX,2019-12-20,12.51,12.61,12.04
VIX,2019-12-23,12.61,12.9,12.41
VIX,2019-12-24,12.67,12.84,12.56
VIX,2019-12-26,12.65,12.75,11.72
VIX,2019-12-27,13.43,13.72,11.89
VIX,2019-12-30,14.82,15.14,13.44
VIX,2020-01-02,12.47,13.72,12.42
VIX,2020-01-03,14.02,16.2,13.13
VIX,2020-01-06,13.85,16.39,13.54
VIX,2020-01-07,13.79,14.46,13.39
VIX,2020-01-08,13.45,15.24,12.83
VIX,2020-01-09,12.54,13.24,12.53
VIX,2020-01-10,12.56,12.87,12.09
VIX,2020-01-13,12.32,13.09,12.32
VIX,2020-01-14,12.39,13.82,12.05
VIX,2020-01-15,12.42,12.83,11.95
VIX,2020-01-16,12.32,12.42,11.78
VIX,2020-01-17,12.1,12.48,11.75
VIX,2020-01-21,12.85,13.33,12.32
VIX,2020-01-22,12.91,13.01,12.31
VIX,2020-01-23,12.98,14.15,12.94
VIX,2020-01-24,14.56,15.98,12.62
VIX,2020-01-27,18.23,19.02,16.82
VIX,2020-01-28,16.28,18.03,15.69
VIX,2020-01-29,16.39,16.65,14.94
VIX,2020-01-30,15.49,18.39,15.3
VIX,2020-01-31,18.84,19.99,16.18
VIX,2020-02-03,17.97,18.88,17.1
VIX,2020-02-04,16.05,16.46,15.63
VIX,2020-02-05,15.15,16.32,15.02
VIX,2020-02-06,14.96,15.66,14.7
VIX,2020-02-07,15.47,16.16,14.81
VIX,2020-02-10,15.04,16.43,15.01
VIX,2020-02-11,15.18,15.27,14.38
VIX,2020-02-12,13.74,14.88,13.73
VIX,2020-02-13,14.15,15.44,14.0
VIX,2020-02-14,13.68,14.54,13.38
VIX,2020-02-18,14.83,15.49,14.53
VIX,2020-02-19,14.38,14.74,14.21
VIX,2020-02-20,15.56,17.21,14.49
VIX,2020-02-21,17.08,18.21,16.19
VIX,2020-02-24,25.03,26.35,22.0
VIX,2020-02-25,27.85,30.25,22.19
VIX,2020-02-26,27.56,29.57,24.76
VIX,2020-02-27,39.16,39.31,27.79
VIX,2020-02-28,40.11,49.48,39.37
VIX,2020-03-02,33.42,43.77,31.5
VIX,2020-03-03,36.82,41.06,24.93
VIX,2020-03-04,31.99,35.58,30.3
VIX,2020-03-05,39.62,42.84,33.54
VIX,2020-03-06,41.94,54.39,40.84
VIX,2020-03-09,54.46,62.12,41.94
VIX,2020-03-10,47.3,55.66,43.56
VIX,2020-03-11,53.9,55.82,49.98
VIX,2020-03-12,75.47,76.83,59.91
VIX,2020-03-13,57.83,77.57,55.17
VIX,2020-03-16,82.69,83.56,57.83
VIX,2020-03-17,75.91,84.83,70.37
VIX,2020-03-18,76.45,85.47,69.37
VIX,2020-03-19,72.0,84.26,68.57
VIX,2020-03-20,66.04,69.51,57.42
VIX,2020-03-23,61.59,76.74,60.46
VIX,2020-03-24,61.67,61.88,53.76
VIX,2020-03-25,63.95,68.86,58.03
VIX,2020-03-26,61.0,67.06,57.66
VIX,2020-03-27,65.54,69.1,61.8
VIX,2020-03-30,57.08,67.69,56.6
VIX,2020-03-31,53.54,58.75,50.88
VIX,2020-04-01,57.06,60.59,52.76
VIX,2020-04-02,50.91,57.24,50.45
VIX,2020-04-03,46.8,52.29,46.74
VIX,2020-04-06,45.24,45.73,43.45
VIX,2020-04-07,46.7,47.51,43.51
VIX,2020-04-08,43.35,47.28,42.53
VIX,2020-04-09,42.53,45.73,42.08
VIX,2020-04-13,41.17,45.04,41.17
VIX,2020-04-14,37.76,40.57,37.31
VIX,2020-04-15,40.84,43.23,39.34
VIX,2020-04-16,40.11,43.02,39.87
VIX,2020-04-17,38.15,40.26,37.63
VIX,2020-04-20,43.83,43.83,39.88
VIX,2020-04-21,45.41,47.77,43.77
VIX,2020-04-22,41.98,45.07,41.41
VIX,2020-04-23,41.38,42.47,39.06
VIX,2020-04-24,35.93,42.08,35.6
VIX,2020-04-27,33.29,36.44,32.51
VIX,2020-04-28,33.57,35.39,30.54
VIX,2020-04-29,31.23,33.19,30.71
VIX,2020-04-30,34.15,35.94,30.93
VIX,2020-05-01,37.19,39.57,36.59
VIX,2020-05-04,35.97,40.32,35.53
VIX,2020-05-05,33.61,36.22,31.95
VIX,2020-05-06,34.12,35.69,31.68
VIX,2020-05-07,31.44,32.28,30.37
VIX,2020-05-08,27.98,30.39,27.89
VIX,2020-05-11,27.57,31.46,26.97
VIX,2020-05-12,33.04,33.04,26.0
VIX,2020-05-13,35.28,37.42,30.77
VIX,2020-05-14,32.61,39.28,32.33
VIX,2020-05-15,31.89,35.13,31.04
VIX,2020-05-18,29.3,31.08,28.35
VIX,2020-05-19,30.53,30.74,28.37
VIX,2020-05-20,27.99,29.83,27.83
VIX,2020-05-21,29.53,30.2,27.67
VIX,2020-05-22,28.16,31.55,28.03
VIX,2020-05-26,28.01,28.58,27.18
VIX,2020-05-27,27.62,30.53,25.92
VIX,2020-05-28,28.59,29.89,27.43
VIX,2020-05-29,27.51,30.16,27.29
VIX,2020-06-01,28.23,30.6,28.11
VIX,2020-06-02,26.84,28.52,26.66
VIX,2020-06-03,25.66,26.98,25.04
VIX,2020-06-04,25.81,26.43,24.38
VIX,2020-06-05,24.52,25.09,23.54
VIX,2020-06-08,25.81,25.98,24.65
VIX,2020-06-09,27.57,27.7,25.71
VIX,2020-06-10,27.57,29.01,26.06
VIX,2020-06-11,40.79,42.58,29.49
VIX,2020-06-12,36.09,44.16,34.97
VIX,2020-06-15,34.4,44.44,34.28
VIX,2020-06-16,33.67,37.45,31.73
VIX,2020-06-17,33.47,35.17,32.25
VIX,2020-06-18,32.94,36.25,32.24
VIX,2020-06-19,35.12,35.12,30.4
VIX,2020-06-22,31.77,35.39,31.64
VIX,2020-06-23,31.37,31.71,29.26
VIX,2020-06-24,33.84,37.12,30.95
VIX,2020-06-25,32.22,36.93,31.59
VIX,2020-06-26,34.73,36.25,31.04
VIX,2020-06-29,31.78,36.31,31.78
VIX,2020-06-30,30.43,32.94,29.56
VIX,2020-07-01,28.62,31.76,28.2
VIX,2020-07-02,27.68,28.44,25.9
VIX,2020-07-06,27.94,28.33,24.92
VIX,2020-07-07,29.43,29.63,27.25
VIX,2020-07-08,28.08,30.2,27.24
VIX,2020-07-09,29.26,31.48,26.11
VIX,2020-07-10,27.29,30.91,27.13
VIX,2020-07-13,32.19,32.45,26.87
VIX,2020-07-14,29.52,33.67,29.21
VIX,2020-07-15,27.76,30.09,27.17
VIX,2020-07-16,28.0,29.29,26.98
VIX,2020-07-17,25.68,27.54,25.41
VIX,2020-07-20,24.46,27.08,24.35
VIX,2020-07-21,24.84,25.65,23.61
VIX,2020-07-22,24.32,26.26,24.13
VIX,2020-07-23,26.08,26.95,23.6
VIX,2020-07-24,25.84,28.58,25.53
VIX,2020-07-27,24.74,26.94,24.55
VIX,2020-07-28,25.44,25.85,24.05
VIX,2020-07-29,24.1,25.42,23.73
VIX,2020-07-30,24.76,28.29,24.64
VIX,2020-07-31,24.46,26.41,23.55
VIX,2020-08-03,24.28,26.01,22.17
VIX,2020-08-04,23.76,24.76,22.92
VIX,2020-08-05,22.99,23.61,22.86
VIX,2020-08-06,22.65,24.11,20.97
VIX,2020-08-07,22.21,24.02,22.02
VIX,2020-08-10,22.13,23.52,21.46
VIX,2020-08-11,24.03,24.93,20.28
VIX,2020-08-12,22.28,22.88,21.54
VIX,2020-08-13,22.13,22.92,21.45
VIX,2020-08-14,22.05,23.55,21.79
VIX,2020-08-17,21.35,22.82,21.34
VIX,2020-08-18,21.51,22.55,21.18
VIX,2020-08-19,22.54,22.98,20.99
VIX,2020-08-20,22.72,24.6,22.37
VIX,2020-08-21,22.54,24.47,22.06
VIX,2020-08-24,22.37,23.18,21.25
VIX,2020-08-25,22.03,23.43,21.53
VIX,2020-08-26,23.27,23.27,20.92
VIX,2020-08-27,24.47,27.09,21.44
VIX,2020-08-28,22.96,26.3,22.64
VIX,2020-08-31,26.41,26.5,21.77
VIX,2020-09-01,26.12,26.59,25.02
VIX,2020-09-02,26.57,27.07,25.53
VIX,2020-09-03,33.6,35.94,25.66
VIX,2020-09-04,30.75,38.28,29.5
VIX,2020-09-08,31.46,35.93,30.52
VIX,2020-09-09,28.81,31.78,28.12
VIX,2020-09-10,29.71,30.56,27.59
VIX,2020-09-11,26.87,29.73,26.51
VIX,2020-09-14,25.85,26.79,25.38
VIX,2020-09-15,25.59,26.0,24.92
VIX,2020-09-16,26.04,26.59,24.84
VIX,2020-09-17,26.46,28.92,26.26
VIX,2020-09-18,25.83,28.1,25.28
VIX,2020-09-21,27.78,31.18,27.39
VIX,2020-09-22,26.86,28.78,26.48
VIX,2020-09-23,28.58,29.73,25.19
VIX,2020-09-24,28.51,30.49,27.94
VIX,2020-09-25,26.38,30.43,26.02
VIX,2020-09-28,26.19,27.19,24.9
VIX,2020-09-29,26.27,27.43,25.98
VIX,2020-09-30,26.37,27.12,25.06
VIX,2020-10-01,26.7,27.11,25.33
VIX,2020-10-02,27.63,29.9,26.93
VIX,2020-10-05,27.96,29.69,27.27
VIX,2020-10-06,29.48,30.0,26.01
VIX,2020-10-07,28.06,29.76,27.94
VIX,2020-10-08,26.36,27.99,24.88
VIX,2020-10-09,25.0,26.22,24.03
VIX,2020-10-12,25.07,25.65,24.14
VIX,2020-10-13,26.07,26.93,25.16
VIX,2020-10-14,26.4,27.23,25.53
VIX,2020-10-15,26.97,29.06,26.82
VIX,2020-10-16,27.41,27.46,26.19
VIX,2020-10-19,29.18,29.69,27.04
VIX,2020-10-20,29.35,29.6,28.29
VIX,2020-10-21,28.65,30.55,28.37
VIX,2020-10-22,28.11,30.12,27.68
VIX,2020-10-23,27.55,28.67,27.26
VIX,2020-10-26,32.46,33.68,29.22
VIX,2020-10-27,33.35,33.77,31.85
VIX,2020-10-28,40.28,40.77,34.68
VIX,2020-10-29,37.59,41.16,35.63
VIX,2020-10-30,38.02,41.09,36.5
VIX,2020-11-02,37.13,38.78,36.13
VIX,2020-11-03,35.55,36.44,34.19
VIX,2020-11-04,29.57,36.85,28.03
VIX,2020-11-05,27.58,28.14,26.04
VIX,2020-11-06,24.86,29.44,24.56
VIX,2020-11-09,25.75,25.82,22.41
VIX,2020-11-10,24.8,26.77,24.35
VIX,2020-11-11,23.45,25.12,22.57
VIX,2020-11-12,25.35,27.27,23.53
VIX,2020-11-13,23.1,25.03,22.74
VIX,2020-11-16,22.45,24.08,22.43
VIX,2020-11-17,22.71,24.09,22.34
VIX,2020-11-18,23.84,23.92,21.66
VIX,2020-11-19,23.11,24.52,22.56
VIX,2020-11-20,23.7,23.73,22.13
VIX,2020-11-23,22.66,23.96,22.45
VIX,2020-11-24,21.64,22.48,20.8
VIX,2020-11-25,21.25,22.5,21.13
VIX,2020-11-27,20.84,21.6,19.51
VIX,2020-11-30,20.57,22.89,20.48
VIX,2020-12-01,20.77,20.92,20.0
VIX,2020-12-02,21.17,21.25,20.04
VIX,2020-12-03,21.28,21.88,20.72
VIX,2020-12-04,20.79,21.15,19.97
VIX,2020-12-07,21.3,22.62,21.17
VIX,2020-12-08,20.68,22.25,20.52
VIX,2020-12-09,22.27,22.93,20.1
VIX,2020-12-10,22.52,23.46,21.53
VIX,2020-12-11,23.31,25.14,22.48
VIX,2020-12-14,24.72,24.82,21.95
VIX,2020-12-15,22.89,24.07,22.73
VIX,2020-12-16,22.5,23.67,22.29
VIX,2020-12-17,21.93,22.27,21.52
VIX,2020-12-18,21.57,23.77,21.57
VIX,2020-12-21,25.16,31.46,24.23
VIX,2020-12-22,24.23,25.56,23.53
VIX,2020-12-23,23.31,23.68,22.13
VIX,2020-12-24,21.53,22.83,21.39
VIX,2020-12-28,21.7,22.12,21.15
VIX,2020-12-29,23.08,23.72,20.99
VIX,2020-12-30,22.77,23.15,22.41
VIX,2020-12-31,22.75,23.25,21.24
VIX,2021-01-04,26.97,29.19,22.56
VIX,2021-01-05,25.34,28.6,24.8
VIX,2021-01-06,25.07,26.77,22.14
VIX,2021-01-07,22.37,23.91,22.25
VIX,2021-01-08,21.56,23.34,21.42
VIX,2021-01-11,24.08,24.81,23.23
VIX,2021-01-12,23.33,25.15,22.83
VIX,2021-01-13,22.21,24.18,21.92
VIX,2021-01-14,23.25,23.47,21.66
VIX,2021-01-15,24.34,25.8,23.08
VIX,2021-01-19,23.24,23.56,22.53
VIX,2021-01-20,21.58,22.86,21.37
VIX,2021-01-21,21.32,22.22,21.1
VIX,2021-01-22,21.91,23.73,21.29
VIX,2021-01-25,23.19,26.63,22.2
VIX,2021-01-26,23.02,23.94,22.55
VIX,2021-01-27,37.21,37.21,23.71
VIX,2021-01-28,30.21,36.29,27.39
VIX,2021-01-29,33.09,37.51,29.24
VIX,2021-02-01,30.24,33.96,29.03
VIX,2021-02-02,25.56,28.08,25.31
VIX,2021-02-03,22.91,25.43,22.91
VIX,2021-02-04,21.77,23.44,21.68
VIX,2021-02-05,20.87,22.16,20.86
VIX,2021-02-08,21.24,22.07,21.23
VIX,2021-02-09,21.63,22.26,20.65
VIX,2021-02-10,21.99,23.85,19.69
VIX,2021-02-11,21.25,23.25,21.11
VIX,2021-02-12,19.97,22.45,19.95
VIX,2021-02-16,21.46,22.46,20.88
VIX,2021-02-17,21.5,23.44,21.09
VIX,2021-02-18,22.49,24.23,21.8
VIX,2021-02-19,22.05,23.19,20.84
VIX,2021-02-22,23.45,25.09,21.96
VIX,2021-02-23,23.11,27.01,22.5
VIX,2021-02-24,21.34,25.04,21.31
VIX,2021-02-25,28.89,31.16,21.52
VIX,2021-02-26,27.95,30.82,25.23
VIX,2021-03-01,23.35,25.39,23.17
VIX,2021-03-02,24.1,24.6,22.8
VIX,2021-03-03,26.67,26.79,22.45
VIX,2021-03-04,28.57,31.9,24.93
VIX,2021-03-05,24.66,30.03,24.33
VIX,2021-03-08,25.47,28.39,24.07
VIX,2021-03-09,24.03,25.25,22.9
VIX,2021-03-10,22.56,23.87,22.38
VIX,2021-03-11,21.91,22.5,21.45
VIX,2021-03-12,20.69,22.99,20.63
VIX,2021-03-15,20.03,21.86,19.87
VIX,2021-03-16,19.79,20.31,19.33
VIX,2021-03-17,19.23,20.95,19.18
VIX,2021-03-18,21.58,22.6,18.95
VIX,2021-03-19,20.95,23.17,19.9
VIX,2021-03-22,18.88,22.29,18.87
VIX,2021-03-23,20.3,21.58,18.8
VIX,2021-03-24,21.2,21.49,19.3
VIX,2021-03-25,19.81,23.55,19.81
VIX,2021-03-26,18.86,21.49,18.68
VIX,2021-03-29,20.74,21.6,19.42
VIX,2021-03-30,19.61,21.75,19.47
VIX,2021-03-31,19.4,20.11,18.85
VIX,2021-04-01,17.33,18.64,17.29
VIX,2021-04-05,17.91,18.4,17.35
VIX,2021-04-06,18.12,18.3,17.37
VIX,2021-04-07,17.16,18.17,16.87
VIX,2021-04-08,16.95,17.36,16.55
VIX,2021-04-09,16.69,17.34,16.2
VIX,2021-04-12,16.91,17.91,16.81
VIX,2021-04-13,16.65,17.86,16.43
VIX,2021-04-14,16.99,17.69,15.38
VIX,2021-04-15,16.57,16.92,15.94
VIX,2021-04-16,16.25,16.88,16.05
VIX,2021-04-19,17.29,18.61,16.78
VIX,2021-04-20,18.68,19.7,17.24
VIX,2021-04-21,17.5,19.29,16.91
VIX,2021-04-22,18.71,19.9,16.99
VIX,2021-04-23,17.33,18.78,16.8
VIX,2021-04-26,17.64,18.17,16.87
VIX,2021-04-27,17.56,18.16,16.97
VIX,2021-04-28,17.28,17.84,16.67
VIX,2021-04-29,17.61,18.87,16.77
VIX,2021-04-30,18.61,19.25,17.64
VIX,2021-05-03,18.31,19.12,17.8
VIX,2021-05-04,19.48,21.85,18.11
VIX,2021-05-05,19.15,19.58,17.89
VIX,2021-05-06,18.39,20.6,18.21
VIX,2021-05-07,16.69,18.57,16.68
VIX,2021-05-10,19.66,19.75,17.07
VIX,2021-05-11,21.84,23.73,20.71
VIX,2021-05-12,27.59,28.38,21.66
VIX,2021-05-13,23.13,28.93,22.23
VIX,2021-05-14,18.81,22.1,18.66
VIX,2021-05-17,19.72,21.58,19.67
VIX,2021-05-18,21.34,21.45,18.81
VIX,2021-05-19,22.18,25.96,21.88
VIX,2021-05-20,20.67,23.5,20.19
VIX,2021-05-21,20.15,20.89,19.53
VIX,2021-05-24,18.4,20.51,18.38
VIX,2021-05-25,18.84,19.29,16.87
VIX,2021-05-26,17.36,18.92,17.35
VIX,2021-05-27,16.74,18.17,16.52
VIX,2021-05-28,16.76,16.86,15.9
VIX,2021-06-01,17.9,18.53,15.68
VIX,2021-06-02,17.48,18.31,16.74
VIX,2021-06-03,18.04,19.27,17.45
VIX,2021-06-04,16.42,18.42,16.18
VIX,2021-06-07,16.42,17.35,15.78
VIX,2021-06-08,17.07,17.75,15.15
VIX,2021-06-09,17.89,17.96,15.55
VIX,2021-06-10,16.1,18.29,16.01
VIX,2021-06-11,15.65,16.2,15.15
VIX,2021-06-14,16.39,17.04,15.04
VIX,2021-06-15,17.02,17.35,16.14
VIX,2021-06-16,18.15,19.11,16.42
VIX,2021-06-17,17.75,19.22,16.71
VIX,2021-06-18,20.7,21.04,16.92
VIX,2021-06-21,17.89,21.82,17.81
VIX,2021-06-22,16.66,18.32,15.76
VIX,2021-06-23,16.32,16.84,14.86
VIX,2021-06-24,15.97,16.05,14.19
VIX,2021-06-25,15.62,16.17,15.21
VIX,2021-06-28,15.76,16.46,15.39
VIX,2021-06-29,16.02,16.31,14.1
VIX,2021-06-30,15.83,17.31,15.58
VIX,2021-07-01,15.48,16.01,15.31
VIX,2021-07-02,15.07,15.54,14.25
VIX,2021-07-06,16.44,17.94,15.73
VIX,2021-07-07,16.2,17.64,16.08
VIX,2021-07-08,19.0,21.29,17.74
VIX,2021-07-09,16.18,18.13,16.08
VIX,2021-07-12,16.17,17.52,16.14
VIX,2021-07-13,17.12,17.23,15.94
VIX,2021-07-14,16.33,17.51,15.95
VIX,2021-07-15,17.01,18.09,16.56
VIX,2021-07-16,18.45,18.7,16.03
VIX,2021-07-19,22.5,25.09,19.27
VIX,2021-07-20,19.73,22.97,19.37
VIX,2021-07-21,17.91,19.82,17.81
VIX,2021-07-22,17.69,18.45,17.4
VIX,2021-07-23,17.2,17.48,16.33
VIX,2021-07-26,17.58,19.39,17.53
VIX,2021-07-27,19.36,20.44,18.25
VIX,2021-07-28,18.31,19.62,17.52
VIX,2021-07-29,17.7,18.01,17.19
VIX,2021-07-30,18.24,19.72,17.53
VIX,2021-08-02,19.46,19.87,17.99
VIX,2021-08-03,18.04,20.44,17.7
VIX,2021-08-04,17.97,18.9,17.67
VIX,2021-08-05,17.28,17.84,17.23
VIX,2021-08-06,16.15,17.5,16.14
VIX,2021-08-09,16.72,17.39,16.59
VIX,2021-08-10,16.79,17.05,16.34
VIX,2021-08-11,16.06,17.09,15.87
VIX,2021-08-12,15.59,16.42,15.49
VIX,2021-08-13,15.45,15.72,15.19
VIX,2021-08-16,16.12,17.71,16.02
VIX,2021-08-17,17.91,19.56,16.71
VIX,2021-08-18,21.57,21.64,17.31
VIX,2021-08-19,21.67,24.74,20.37
