date,SPY_close,SPY_high,SPY_low,QQQ_close,QQQ_high,QQQ_low,IWM_close,IWM_high,IWM_low,HYG_close,HYG_high,HYG_low,LQD_close,LQD_high,LQD_low,VIX_close,VIX_high,VIX_low,VIX3M_close,VIX3M_high,VIX3M_low
2021-08-16,446.970000,447.110000,442.870000,368.980000,369.020000,363.700000,219.070000,220.260000,217.650000,87.490000,87.490000,87.350000,135.160000,135.660000,135.130000,16.120000,17.710000,16.020000,20.640000,21.600000,20.500000
2021-08-17,444.040000,444.960000,440.850000,365.730000,367.150000,363.230000,216.400000,217.440000,213.750000,87.290000,87.400000,87.200000,134.920000,135.130000,134.820000,17.910000,19.560000,16.710000,21.700000,22.700000,21.120000
2021-08-18,439.180000,444.630000,438.920000,362.210000,366.620000,361.860000,214.510000,218.040000,214.370000,87.090000,87.390000,87.100000,134.830000,135.110000,134.600000,21.570000,21.640000,17.310000,23.800000,23.840000,21.540000
2021-08-19,439.860000,441.140000,436.120000,363.960000,365.680000,359.960000,211.940000,214.070000,210.680000,87.080000,87.200000,86.950000,135.140000,135.250000,134.840000,21.670000,24.740000,20.370000,24.200000,25.150000,23.370000
2021-08-20,443.360000,443.710000,439.710000,367.730000,368.140000,364.740000,215.520000,216.020000,211.420000,87.290000,87.330000,87.080000,135.230000,135.390000,135.050000,18.560000,23.900000,18.180000,22.410000,23.960000,21.960000
2021-08-23,447.260000,448.230000,445.140000,373.230000,373.940000,368.780000,219.620000,219.940000,217.440000,87.560000,87.590000,87.410000,135.330000,135.460000,135.200000,17.150000,18.950000,16.950000,21.200000,21.820000,21.020000
2021-08-24,447.970000,448.540000,447.420000,374.370000,374.990000,373.360000,221.780000,221.920000,219.690000,87.680000,87.700000,87.550000,135.020000,135.300000,134.910000,17.220000,17.510000,16.940000,21.220000,21.410000,21.090000
2021-08-25,448.910000,449.460000,447.770000,374.800000,375.390000,373.850000,222.560000,223.970000,220.850000,87.770000,87.820000,87.660000,134.670000,135.130000,134.500000,16.790000,17.500000,16.460000,20.790000,21.270000,20.590000
2021-08-26,446.260000,448.860000,446.160000,372.420000,374.620000,371.970000,220.200000,223.160000,219.740000,87.720000,87.770000,87.570000,134.630000,134.850000,134.450000,18.840000,19.270000,17.160000,21.860000,22.080000,20.930000
2021-08-27,450.250000,450.650000,447.060000,376.040000,376.560000,372.570000,226.410000,227.030000,220.570000,87.960000,87.990000,87.730000,135.380000,135.430000,134.570000,16.390000,18.220000,16.110000,20.610000,21.330000,20.230000
2021-08-30,452.230000,453.070000,450.710000,380.260000,380.760000,376.830000,225.480000,227.350000,224.980000,88.070000,88.100000,87.960000,135.610000,135.660000,135.220000,16.190000,16.800000,15.980000,20.400000,20.640000,20.290000
2021-08-31,451.560000,452.490000,450.920000,379.950000,380.580000,378.360000,225.920000,226.610000,224.330000,88.090000,88.100000,87.970000,135.300000,135.780000,135.200000,16.480000,17.070000,15.910000,20.420000,20.870000,20.400000
2021-09-01,451.800000,453.110000,451.540000,380.580000,382.710000,380.370000,227.440000,228.240000,224.870000,87.890000,87.980000,87.820000,135.240000,135.390000,134.880000,16.110000,16.710000,15.680000,20.080000,20.590000,19.910000
2021-09-02,453.190000,454.050000,451.910000,380.400000,382.310000,379.150000,229.020000,229.840000,227.600000,88.000000,88.020000,87.930000,135.480000,135.480000,135.200000,16.410000,16.980000,15.730000,20.130000,20.450000,19.830000
2021-09-03,453.080000,453.630000,451.550000,381.570000,381.980000,379.200000,227.960000,228.970000,227.190000,88.010000,88.040000,87.890000,134.990000,135.090000,134.820000,16.410000,17.060000,16.080000,20.320000,20.730000,20.140000
2021-09-07,451.460000,452.810000,450.740000,382.110000,382.780000,380.480000,226.390000,229.000000,226.250000,87.780000,87.990000,87.770000,134.350000,134.500000,134.110000,18.140000,18.390000,16.890000,21.530000,21.560000,20.980000
2021-09-08,450.910000,451.670000,448.860000,380.780000,381.930000,378.450000,223.920000,225.970000,222.630000,87.880000,87.910000,87.710000,134.780000,134.880000,134.400000,17.960000,19.640000,17.780000,21.590000,22.470000,21.460000
2021-09-09,448.980000,452.570000,448.720000,379.470000,382.150000,379.220000,223.810000,226.290000,222.960000,87.960000,87.980000,87.860000,135.660000,135.730000,134.840000,18.800000,19.540000,17.170000,22.060000,22.170000,21.020000
2021-09-10,445.440000,451.490000,445.310000,376.590000,381.970000,376.240000,221.620000,225.290000,221.520000,87.830000,88.090000,87.820000,135.270000,135.600000,135.090000,20.950000,21.130000,16.990000,23.310000,23.370000,20.980000
2021-09-13,446.580000,448.920000,444.110000,376.330000,379.430000,374.220000,222.880000,223.380000,220.250000,88.050000,88.060000,87.890000,135.600000,135.780000,135.540000,19.370000,21.180000,18.760000,22.470000,23.560000,22.060000
2021-09-14,444.170000,448.340000,443.220000,375.260000,378.610000,374.280000,220.040000,223.770000,219.070000,88.010000,88.120000,87.970000,136.010000,136.260000,135.670000,19.460000,20.470000,18.390000,22.550000,23.240000,21.980000
2021-09-15,447.880000,448.410000,443.440000,378.050000,378.410000,373.370000,222.030000,222.740000,219.460000,88.140000,88.140000,88.010000,135.850000,136.000000,135.640000,18.180000,20.270000,18.010000,21.760000,23.010000,21.590000
2021-09-16,447.170000,448.360000,444.020000,378.310000,378.900000,374.690000,222.190000,223.340000,220.260000,88.110000,88.140000,87.950000,135.660000,135.740000,135.370000,18.690000,19.760000,17.650000,21.810000,22.700000,21.290000
2021-09-17,441.400000,445.370000,441.020000,373.830000,377.870000,372.760000,222.480000,223.030000,220.640000,88.000000,88.090000,87.960000,135.360000,135.400000,135.100000,20.810000,21.510000,18.350000,23.220000,23.510000,21.830000
2021-09-20,434.040000,436.560000,428.860000,365.700000,369.250000,360.930000,217.190000,218.990000,214.220000,87.690000,87.810000,87.550000,135.780000,135.830000,135.380000,25.710000,28.790000,23.900000,26.400000,28.570000,24.730000
2021-09-21,433.630000,437.910000,433.070000,366.150000,368.810000,364.990000,217.520000,219.290000,215.820000,87.840000,87.880000,87.680000,135.770000,135.890000,135.670000,24.360000,25.600000,21.710000,25.470000,26.290000,24.550000
2021-09-22,437.860000,440.030000,435.070000,369.570000,371.070000,365.950000,220.900000,222.550000,218.840000,88.000000,88.080000,87.850000,136.150000,136.210000,135.630000,20.870000,23.400000,20.750000,23.050000,24.610000,22.750000
2021-09-23,443.180000,444.890000,439.600000,372.980000,374.040000,370.090000,224.810000,225.650000,221.560000,88.040000,88.160000,87.960000,135.210000,135.710000,135.000000,18.630000,20.210000,18.420000,21.370000,22.320000,21.320000
2021-09-24,443.910000,444.670000,441.210000,373.330000,373.760000,370.270000,223.050000,224.360000,221.840000,87.910000,88.020000,87.860000,134.920000,135.150000,134.770000,17.750000,20.410000,17.630000,20.820000,22.180000,20.810000
2021-09-27,442.640000,444.050000,441.900000,370.350000,371.260000,367.730000,226.440000,227.680000,223.530000,87.830000,87.890000,87.730000,134.850000,134.960000,134.540000,18.760000,19.320000,17.740000,21.400000,21.550000,20.860000
2021-09-28,433.720000,440.040000,432.940000,359.870000,366.360000,359.350000,221.290000,225.600000,220.850000,87.430000,87.700000,87.380000,133.410000,134.050000,133.390000,23.250000,24.820000,19.710000,24.030000,24.780000,22.260000
2021-09-29,434.450000,437.040000,433.850000,359.280000,363.370000,358.630000,220.820000,222.660000,220.170000,87.590000,87.710000,87.500000,133.380000,134.070000,133.250000,22.560000,23.790000,21.450000,23.720000,24.360000,23.230000
2021-09-30,429.140000,436.770000,428.780000,357.960000,362.680000,357.100000,218.750000,222.610000,218.600000,87.490000,87.680000,87.380000,133.030000,133.380000,132.970000,23.140000,24.710000,20.600000,23.870000,24.880000,22.620000
2021-10-01,434.240000,436.040000,427.230000,360.180000,361.250000,354.380000,222.280000,223.500000,217.740000,87.410000,87.480000,87.140000,133.740000,133.940000,133.180000,21.150000,24.890000,20.640000,23.050000,24.540000,22.630000
2021-10-04,428.640000,433.960000,426.360000,352.620000,358.860000,350.320000,220.260000,222.320000,218.930000,87.100000,87.380000,87.080000,133.520000,133.670000,133.250000,22.960000,24.580000,21.880000,24.110000,25.180000,23.340000
2021-10-05,433.100000,435.490000,429.390000,357.380000,359.690000,353.480000,221.020000,223.060000,219.880000,87.060000,87.220000,87.030000,132.970000,133.510000,132.970000,21.300000,23.170000,20.620000,23.110000,23.910000,22.620000
2021-10-06,434.900000,435.120000,427.540000,359.670000,359.950000,353.150000,219.870000,220.200000,216.760000,87.010000,87.040000,86.770000,133.010000,133.130000,132.780000,21.000000,24.400000,20.990000,22.840000,24.790000,22.830000
2021-10-07,438.660000,441.680000,438.200000,362.970000,365.690000,362.250000,223.260000,224.950000,221.370000,87.020000,87.300000,86.960000,132.420000,132.820000,132.380000,19.540000,20.760000,19.070000,22.120000,22.350000,21.830000
2021-10-08,437.860000,439.890000,437.190000,361.160000,364.320000,360.610000,221.580000,224.110000,221.500000,86.760000,87.050000,86.770000,131.810000,132.310000,131.710000,18.770000,19.940000,18.200000,21.880000,22.100000,21.560000
2021-10-11,434.690000,440.260000,434.620000,358.390000,363.200000,358.300000,220.310000,223.550000,220.250000,86.490000,86.810000,86.490000,131.560000,131.840000,131.540000,20.000000,20.450000,18.110000,22.390000,22.510000,21.450000
2021-10-12,433.620000,436.100000,432.780000,357.140000,360.330000,356.480000,221.520000,222.470000,220.360000,86.650000,86.770000,86.570000,132.400000,132.450000,131.840000,19.850000,20.810000,18.970000,22.330000,22.750000,21.790000
2021-10-13,435.180000,436.050000,431.540000,360.000000,360.690000,357.430000,222.570000,222.700000,219.830000,86.880000,86.880000,86.560000,133.070000,133.110000,132.560000,18.640000,20.230000,18.440000,21.540000,22.430000,21.360000
2021-10-14,442.500000,442.660000,438.580000,366.630000,366.850000,363.010000,225.870000,226.000000,224.320000,87.370000,87.380000,87.030000,133.700000,133.700000,133.220000,16.860000,18.080000,16.800000,20.370000,20.890000,20.320000
2021-10-15,445.870000,446.260000,444.090000,368.940000,369.060000,366.820000,225.160000,228.410000,225.060000,87.220000,87.390000,87.170000,133.220000,133.280000,133.000000,16.300000,16.850000,15.720000,20.300000,20.430000,19.790000
2021-10-18,447.190000,447.550000,443.270000,372.650000,372.870000,366.990000,225.030000,225.680000,223.730000,87.180000,87.180000,86.990000,133.110000,133.300000,132.710000,16.310000,17.930000,16.270000,20.290000,21.100000,20.280000
2021-10-19,450.640000,450.700000,448.270000,375.470000,375.520000,373.050000,225.870000,226.880000,224.610000,87.240000,87.250000,87.120000,132.380000,132.830000,132.370000,15.700000,16.310000,15.570000,19.980000,20.380000,19.880000
2021-10-20,452.410000,452.740000,451.010000,374.980000,376.570000,373.460000,227.370000,227.980000,225.120000,87.270000,87.290000,87.190000,132.060000,132.510000,132.030000,15.490000,15.890000,15.290000,19.870000,20.210000,19.840000
2021-10-21,453.590000,453.830000,451.310000,377.270000,377.470000,373.850000,227.950000,229.010000,226.620000,87.050000,87.290000,86.990000,131.780000,132.060000,131.660000,15.010000,16.110000,14.920000,19.480000,20.160000,19.400000
2021-10-22,453.120000,454.670000,451.050000,374.100000,376.970000,372.380000,227.410000,228.390000,225.690000,86.840000,87.060000,86.800000,132.310000,132.440000,131.980000,15.430000,16.390000,14.840000,20.010000,20.500000,19.390000
2021-10-25,455.550000,455.900000,452.390000,377.930000,378.870000,373.560000,229.570000,229.980000,227.280000,86.990000,87.080000,86.770000,132.370000,132.640000,132.260000,15.240000,16.330000,15.100000,19.560000,20.430000,19.480000
2021-10-26,455.960000,458.490000,455.560000,379.120000,382.710000,377.900000,227.840000,230.720000,227.840000,87.010000,87.200000,87.020000,132.940000,132.960000,132.400000,15.980000,16.710000,14.900000,20.110000,20.620000,19.460000
2021-10-27,453.940000,457.160000,453.860000,380.000000,383.150000,379.310000,223.650000,227.460000,223.500000,86.940000,87.130000,86.930000,133.750000,134.060000,133.240000,16.980000,17.290000,15.540000,20.890000,21.110000,19.860000
2021-10-28,458.320000,458.400000,455.450000,384.220000,384.480000,381.150000,228.110000,228.260000,224.770000,87.160000,87.150000,86.980000,133.550000,133.880000,133.290000,16.530000,17.160000,16.230000,20.480000,20.740000,20.280000
2021-10-29,459.250000,459.560000,455.560000,386.110000,386.280000,380.700000,228.050000,228.830000,226.960000,86.930000,87.050000,86.930000,133.480000,133.720000,132.940000,16.260000,18.060000,16.130000,20.370000,21.110000,20.290000
2021-11-01,460.040000,460.710000,458.200000,387.430000,387.560000,384.420000,233.960000,234.180000,228.890000,86.560000,86.780000,86.550000,132.980000,133.070000,132.610000,16.410000,17.700000,16.320000,20.390000,21.200000,20.370000
2021-11-02,461.900000,462.230000,460.080000,389.050000,389.540000,386.750000,234.450000,234.850000,232.650000,86.770000,86.840000,86.560000,133.490000,133.570000,132.980000,16.030000,16.650000,15.890000,20.100000,20.420000,20.050000
2021-11-03,464.720000,465.150000,460.830000,393.180000,393.610000,388.480000,238.640000,239.810000,233.920000,86.940000,86.960000,86.690000,133.150000,133.740000,132.900000,15.100000,16.390000,14.900000,19.500000,20.300000,19.260000
2021-11-04,466.910000,467.000000,464.990000,398.220000,399.200000,393.920000,238.550000,240.940000,237.560000,87.170000,87.560000,87.000000,133.850000,134.030000,133.300000,15.440000,16.140000,14.730000,19.700000,20.080000,19.260000
2021-11-05,468.530000,470.650000,466.920000,398.600000,400.990000,397.160000,241.810000,243.400000,240.200000,87.500000,87.520000,87.250000,134.830000,135.000000,134.220000,16.480000,17.020000,14.950000,20.490000,20.750000,19.570000
2021-11-08,468.930000,470.230000,468.200000,398.060000,399.620000,397.400000,242.560000,244.460000,241.930000,87.390000,87.610000,87.340000,134.520000,134.710000,134.340000,17.220000,17.690000,16.440000,20.980000,21.400000,20.480000
2021-11-09,467.380000,469.570000,465.880000,395.320000,399.570000,393.920000,241.150000,242.530000,239.540000,87.460000,87.460000,87.280000,134.880000,135.310000,134.860000,17.780000,18.570000,17.210000,21.410000,21.880000,21.040000
2021-11-10,463.620000,467.380000,462.040000,389.510000,395.360000,387.530000,237.350000,241.560000,236.310000,86.970000,87.350000,86.940000,133.500000,134.690000,133.240000,18.730000,19.900000,17.220000,22.000000,22.640000,21.020000
2021-11-11,463.770000,465.290000,463.750000,390.590000,392.750000,390.240000,239.260000,240.380000,237.660000,86.820000,87.040000,86.830000,133.120000,133.680000,133.050000,17.660000,18.390000,17.270000,21.380000,21.670000,21.170000
2021-11-12,467.270000,467.860000,464.110000,394.700000,395.250000,390.130000,239.500000,240.210000,238.740000,86.850000,87.050000,86.840000,132.980000,133.420000,132.790000,16.290000,17.690000,16.150000,20.690000,21.260000,20.570000
2021-11-15,467.430000,468.810000,466.230000,394.610000,396.240000,392.090000,238.550000,240.760000,237.550000,86.750000,86.920000,86.730000,131.970000,132.900000,131.950000,16.490000,17.460000,16.490000,20.870000,21.560000,20.820000
2021-11-16,469.280000,470.490000,467.070000,397.420000,397.930000,393.660000,238.990000,239.370000,236.950000,86.790000,86.870000,86.740000,131.750000,132.350000,131.680000,16.370000,17.080000,16.030000,20.900000,21.140000,20.580000
2021-11-17,468.140000,469.190000,467.480000,397.630000,399.720000,396.640000,235.860000,238.130000,235.130000,86.700000,86.840000,86.700000,132.280000,132.320000,131.490000,17.110000,17.190000,16.280000,21.580000,21.650000,20.900000
2021-11-18,469.730000,470.010000,466.340000,401.750000,402.270000,397.450000,234.860000,237.070000,233.050000,86.630000,86.810000,86.630000,132.580000,132.690000,132.180000,17.590000,18.150000,16.380000,21.900000,22.160000,21.310000
2021-11-19,468.890000,470.940000,468.500000,403.990000,405.300000,402.580000,232.720000,234.420000,232.390000,86.560000,86.770000,86.560000,133.080000,133.210000,132.890000,17.910000,19.010000,17.230000,21.920000,22.590000,21.510000
2021-11-22,467.570000,473.540000,467.350000,399.300000,408.710000,399.190000,231.730000,235.740000,231.620000,86.230000,86.670000,86.220000,131.920000,132.760000,131.860000,19.170000,19.590000,17.350000,22.630000,22.890000,21.590000
2021-11-23,468.190000,469.100000,464.450000,397.480000,400.230000,392.920000,231.330000,233.000000,228.620000,86.110000,86.370000,86.030000,130.980000,131.700000,130.990000,19.380000,20.910000,19.030000,22.450000,23.570000,22.230000
2021-11-24,469.440000,469.570000,465.190000,398.760000,399.050000,392.540000,231.580000,231.990000,228.540000,86.090000,86.110000,85.760000,131.610000,131.630000,130.810000,18.580000,20.960000,18.520000,21.900000,23.420000,21.900000
2021-11-26,458.970000,463.900000,457.770000,391.200000,397.540000,389.770000,222.850000,226.170000,219.640000,85.470000,85.620000,85.340000,132.680000,132.740000,131.810000,28.970000,28.990000,23.880000,29.170000,29.250000,24.830000
2021-11-29,464.600000,466.560000,461.730000,399.690000,400.730000,395.140000,222.710000,226.750000,221.240000,86.000000,86.130000,85.760000,132.770000,132.870000,132.050000,22.960000,25.690000,21.710000,25.040000,26.250000,23.970000
2021-11-30,455.560000,464.030000,455.300000,393.820000,401.190000,391.750000,218.170000,221.860000,215.880000,85.640000,86.070000,85.520000,133.060000,133.730000,132.770000,27.190000,28.560000,23.710000,28.130000,28.820000,25.670000
2021-12-01,450.500000,464.670000,450.290000,387.120000,400.480000,386.640000,213.260000,224.210000,213.190000,85.370000,85.940000,85.320000,132.840000,132.960000,132.350000,31.120000,32.610000,22.380000,30.790000,31.840000,25.130000
2021-12-02,457.400000,459.070000,450.310000,389.910000,391.740000,384.340000,219.210000,219.940000,213.820000,86.000000,86.060000,85.410000,133.150000,133.230000,132.600000,27.950000,30.680000,27.150000,29.150000,30.890000,28.560000
2021-12-03,453.420000,460.300000,448.920000,383.130000,392.340000,378.900000,214.710000,220.380000,212.710000,86.000000,86.100000,85.830000,134.260000,134.560000,133.070000,30.670000,35.320000,25.890000,31.780000,34.770000,28.170000
2021-12-06,458.790000,460.790000,453.560000,386.200000,387.600000,379.300000,219.020000,220.690000,213.710000,86.380000,86.480000,86.000000,133.580000,134.240000,133.510000,27.180000,30.820000,26.750000,28.880000,31.240000,28.750000
2021-12-07,468.280000,468.880000,464.340000,397.830000,398.460000,392.980000,224.100000,226.040000,221.980000,86.840000,87.070000,86.640000,133.640000,134.070000,133.480000,21.890000,24.690000,21.580000,24.960000,26.790000,24.700000
2021-12-08,469.520000,470.000000,466.830000,399.610000,399.820000,396.220000,225.630000,226.540000,223.060000,86.820000,86.870000,86.670000,132.750000,133.360000,132.540000,19.900000,23.110000,19.850000,23.630000,25.330000,23.620000
2021-12-09,466.350000,469.110000,466.140000,393.730000,400.200000,393.520000,220.520000,225.810000,220.480000,86.430000,86.800000,86.440000,132.640000,133.160000,132.590000,21.580000,22.120000,19.940000,24.660000,25.130000,23.530000
2021-12-10,470.740000,470.900000,466.510000,398.010000,398.280000,393.360000,219.910000,222.850000,218.320000,86.630000,86.660000,86.530000,132.790000,133.330000,132.730000,18.690000,21.300000,18.700000,23.180000,24.290000,23.070000
2021-12-13,466.570000,470.560000,466.270000,392.260000,398.330000,391.880000,216.040000,219.050000,214.740000,86.630000,86.710000,86.550000,133.390000,133.700000,133.280000,20.310000,21.180000,18.960000,24.320000,24.680000,23.710000
2021-12-14,463.360000,465.740000,460.250000,388.200000,390.090000,383.630000,214.180000,217.520000,213.310000,86.480000,86.590000,86.330000,132.790000,133.170000,132.610000,21.890000,23.000000,19.670000,25.350000,26.150000,24.740000
2021-12-15,470.600000,470.860000,460.740000,397.050000,397.420000,383.880000,217.580000,218.160000,211.080000,86.810000,86.840000,86.330000,132.960000,133.030000,132.320000,19.290000,23.470000,19.020000,23.300000,26.310000,23.120000
2021-12-16,466.450000,472.870000,464.800000,386.840000,398.480000,385.210000,213.180000,219.900000,212.250000,86.450000,86.630000,86.390000,132.700000,133.100000,132.520000,20.570000,22.130000,18.190000,24.370000,25.420000,22.850000
2021-12-17,459.870000,464.740000,458.060000,384.910000,389.190000,381.770000,215.140000,217.350000,210.300000,86.370000,86.510000,86.210000,133.010000,133.140000,132.850000,21.570000,23.260000,20.490000,25.380000,26.230000,24.400000
2021-12-20,454.980000,455.400000,451.140000,380.690000,381.500000,377.470000,212.120000,212.940000,208.760000,86.220000,86.290000,86.090000,132.430000,132.910000,132.350000,22.870000,27.390000,22.850000,26.310000,29.080000,26.300000
2021-12-21,463.060000,463.210000,456.310000,389.210000,389.530000,380.200000,218.180000,218.390000,214.160000,86.680000,86.690000,86.340000,132.690000,132.700000,131.480000,21.010000,22.680000,20.900000,25.000000,26.220000,24.870000
2021-12-22,467.690000,467.810000,462.580000,393.950000,394.160000,388.230000,220.280000,220.350000,217.130000,86.910000,86.930000,86.640000,132.900000,132.910000,132.560000,18.630000,21.360000,18.590000,23.560000,24.930000,23.480000
2021-12-23,470.600000,472.190000,468.640000,396.920000,398.430000,394.140000,222.040000,222.800000,220.340000,87.160000,87.210000,86.940000,132.700000,132.820000,132.420000,17.960000,18.930000,17.620000,23.240000,23.370000,22.950000
2021-12-27,477.260000,477.310000,472.010000,403.480000,403.480000,398.210000,224.120000,224.240000,220.600000,87.250000,87.320000,87.130000,133.090000,133.200000,132.680000,17.680000,19.410000,17.550000,22.740000,23.470000,22.530000
2021-12-28,476.870000,478.810000,476.060000,401.610000,404.580000,400.710000,222.750000,225.730000,222.350000,87.210000,87.240000,87.070000,132.920000,133.420000,132.740000,17.540000,18.470000,17.510000,22.330000,23.130000,22.320000
2021-12-29,477.480000,478.560000,475.920000,401.550000,403.050000,399.110000,222.990000,223.500000,221.250000,87.070000,87.180000,87.050000,132.190000,132.510000,132.000000,16.950000,18.000000,16.710000,21.830000,22.700000,21.650000
2021-12-30,476.160000,479.000000,475.670000,400.350000,403.570000,399.750000,222.930000,225.430000,222.700000,87.030000,87.100000,86.990000,132.720000,132.750000,132.100000,17.330000,17.790000,16.620000,21.880000,22.210000,21.440000
2021-12-31,474.960000,476.860000,474.670000,397.850000,401.060000,397.340000,222.450000,224.120000,222.390000,87.010000,87.120000,86.980000,132.520000,133.030000,132.450000,17.220000,18.270000,16.990000,21.880000,22.270000,21.710000
2022-01-03,477.710000,477.850000,473.850000,401.680000,401.940000,396.880000,225.320000,226.690000,222.730000,86.970000,86.970000,86.760000,131.110000,131.790000,131.110000,16.600000,18.540000,16.560000,21.530000,22.590000,21.460000
2022-01-04,477.550000,479.980000,475.580000,396.470000,402.290000,393.280000,224.980000,227.130000,223.380000,86.750000,87.000000,86.670000,131.220000,131.240000,130.690000,16.910000,17.810000,16.340000,21.620000,22.280000,21.350000
2022-01-05,468.380000,477.980000,468.280000,384.290000,395.890000,384.030000,217.360000,225.910000,217.320000,86.080000,86.780000,86.080000,130.450000,131.480000,130.420000,19.730000,20.170000,16.580000,23.470000,23.710000,21.330000
2022-01-06,467.940000,470.820000,465.430000,384.020000,387.350000,380.130000,218.600000,220.420000,215.820000,86.090000,86.320000,86.050000,130.280000,130.480000,130.000000,19.610000,21.060000,19.080000,23.500000,24.280000,22.970000
2022-01-07,466.090000,469.200000,464.650000,379.860000,385.760000,378.040000,216.070000,220.380000,215.920000,85.870000,86.100000,85.860000,129.720000,130.200000,129.470000,18.760000,20.800000,18.570000,22.870000,24.150000,22.680000
2022-01-10,465.510000,465.740000,456.590000,380.110000,380.640000,369.310000,215.320000,215.390000,211.110000,85.940000,85.960000,85.370000,129.600000,129.680000,129.030000,19.400000,23.330000,19.290000,22.680000,25.570000,22.640000
2022-01-11,469.750000,469.850000,462.050000,385.820000,385.990000,377.210000,217.610000,217.830000,212.960000,86.340000,86.330000,85.740000,129.990000,130.080000,129.480000,18.410000,21.000000,18.200000,21.980000,23.800000,21.850000
2022-01-12,471.020000,473.200000,468.940000,387.350000,390.200000,385.010000,215.990000,219.380000,214.640000,86.480000,86.520000,86.340000,129.900000,130.380000,129.890000,17.620000,18.690000,17.360000,21.580000,22.160000,21.250000
2022-01-13,464.530000,472.880000,463.440000,377.660000,389.470000,376.700000,214.010000,218.190000,213.380000,86.170000,86.500000,86.140000,130.310000,130.320000,129.680000,20.310000,20.610000,17.450000,23.410000,23.600000,21.450000
2022-01-14,464.720000,465.090000,459.900000,380.010000,380.350000,374.860000,214.310000,214.400000,210.580000,86.090000,86.230000,86.000000,129.160000,129.730000,129.100000,19.190000,22.070000,19.050000,22.820000,24.400000,22.650000
2022-01-18,456.490000,459.960000,455.310000,370.550000,376.220000,369.770000,207.830000,212.440000,207.530000,85.670000,85.850000,85.610000,127.930000,128.490000,127.870000,22.790000,23.200000,21.180000,25.120000,25.340000,24.390000
2022-01-19,451.750000,459.620000,451.460000,366.480000,374.690000,366.210000,204.450000,209.460000,204.380000,85.590000,85.960000,85.560000,128.130000,128.690000,128.100000,23.850000,23.990000,21.850000,25.810000,25.950000,24.570000
2022-01-20,446.750000,458.740000,444.500000,361.720000,373.870000,361.170000,200.750000,208.990000,200.330000,85.430000,85.970000,85.410000,128.060000,128.500000,127.930000,25.590000,25.890000,21.680000,27.250000,27.280000,24.350000
2022-01-21,437.980000,448.060000,438.010000,351.690000,362.180000,351.410000,196.990000,203.020000,197.020000,85.440000,85.600000,85.330000,128.900000,129.110000,128.610000,28.850000,29.790000,25.310000,29.950000,30.190000,27.380000
2022-01-24,439.840000,440.380000,420.760000,353.300000,353.980000,334.150000,201.530000,202.390000,191.230000,85.350000,85.410000,84.770000,128.500000,129.000000,128.410000,29.900000,38.940000,28.020000,30.820000,36.940000,30.530000
2022-01-25,434.470000,439.720000,427.150000,345.110000,351.030000,341.680000,198.840000,201.700000,194.560000,85.100000,85.290000,84.900000,128.140000,128.800000,128.090000,31.160000,35.850000,29.130000,31.760000,35.070000,30.220000
2022-01-26,433.380000,444.040000,428.860000,344.570000,356.880000,340.780000,195.970000,203.550000,193.720000,84.810000,85.870000,84.700000,127.270000,128.620000,127.150000,31.960000,33.040000,26.900000,31.950000,32.570000,28.330000
2022-01-27,431.240000,441.590000,429.450000,341.100000,351.270000,340.050000,191.520000,199.610000,190.600000,84.440000,85.120000,84.250000,127.560000,128.060000,127.310000,30.490000,33.000000,28.420000,30.870000,32.350000,29.130000
2022-01-28,441.950000,442.000000,427.820000,351.800000,352.020000,337.950000,195.250000,195.310000,188.090000,84.680000,84.690000,83.950000,127.700000,127.750000,126.850000,27.660000,32.820000,27.280000,28.820000,32.000000,28.590000
2022-01-31,449.910000,450.280000,439.810000,363.050000,363.650000,351.520000,201.240000,201.170000,193.850000,84.700000,84.830000,84.220000,127.760000,127.880000,127.260000,24.830000,29.410000,24.710000,26.850000,29.560000,26.760000
2022-02-01,452.950000,453.630000,446.930000,365.520000,366.190000,359.140000,203.360000,203.570000,197.960000,84.730000,84.780000,84.370000,127.730000,127.820000,127.050000,21.960000,25.330000,21.970000,24.760000,27.150000,24.750000
2022-02-02,457.350000,458.120000,453.050000,368.490000,370.100000,364.280000,201.340000,203.900000,199.290000,84.860000,84.960000,84.610000,127.740000,128.300000,127.610000,22.090000,22.730000,20.460000,25.140000,25.320000,24.100000
2022-02-03,446.600000,452.970000,445.710000,353.550000,361.930000,352.460000,197.530000,201.240000,197.050000,84.100000,84.540000,84.090000,126.710000,126.930000,126.460000,24.350000,25.810000,22.300000,26.670000,27.600000,25.330000
2022-02-04,448.700000,452.780000,443.830000,358.010000,361.400000,351.970000,198.380000,200.100000,194.920000,83.770000,83.900000,83.190000,125.450000,125.800000,125.110000,23.220000,26.260000,22.070000,26.250000,27.900000,25.450000
2022-02-07,447.260000,450.990000,445.850000,355.130000,361.050000,353.840000,199.360000,201.160000,197.990000,83.710000,83.860000,83.420000,125.680000,125.810000,125.200000,22.860000,24.820000,22.020000,25.690000,26.350000,25.150000
2022-02-08,450.940000,451.920000,445.220000,359.120000,360.240000,352.800000,202.760000,203.120000,199.360000,83.620000,83.850000,83.580000,125.210000,125.680000,125.210000,21.440000,23.480000,21.320000,24.540000,26.160000,24.370000
2022-02-09,457.540000,457.880000,455.000000,366.730000,366.800000,362.120000,206.610000,206.650000,204.300000,84.060000,84.120000,83.940000,125.630000,126.080000,125.600000,19.960000,21.300000,19.930000,23.490000,24.020000,23.470000
2022-02-10,449.320000,457.710000,447.200000,358.430000,366.490000,356.540000,203.440000,209.050000,202.120000,82.950000,83.830000,82.940000,123.920000,125.190000,123.890000,23.910000,24.770000,20.180000,26.070000,26.670000,23.600000
2022-02-11,440.460000,451.610000,438.940000,347.060000,360.070000,345.800000,201.380000,206.060000,199.690000,82.660000,83.250000,82.450000,124.840000,124.960000,123.700000,27.360000,30.990000,23.330000,28.830000,30.650000,25.650000
2022-02-14,439.020000,441.600000,435.340000,347.490000,350.980000,343.890000,200.680000,203.530000,199.240000,82.520000,82.830000,82.220000,123.730000,124.300000,123.660000,28.330000,32.040000,28.350000,29.440000,31.540000,29.360000
2022-02-15,446.100000,446.280000,443.180000,356.130000,356.370000,351.820000,206.060000,206.310000,202.630000,82.660000,82.810000,82.560000,123.110000,123.850000,123.110000,25.700000,28.090000,25.330000,27.280000,28.150000,27.030000
2022-02-16,446.600000,448.060000,441.940000,356.040000,357.090000,350.710000,206.490000,207.270000,204.080000,83.120000,83.180000,82.540000,123.290000,123.490000,122.610000,24.290000,27.090000,23.880000,26.260000,28.170000,25.960000
2022-02-17,437.060000,443.800000,436.420000,345.450000,353.460000,345.020000,201.200000,205.030000,200.780000,82.770000,82.970000,82.710000,123.380000,123.770000,123.090000,28.110000,28.370000,24.760000,29.320000,29.470000,27.440000
2022-02-18,434.230000,438.660000,431.820000,341.510000,346.810000,339.140000,199.470000,202.720000,198.760000,82.890000,82.990000,82.620000,123.680000,124.140000,123.260000,27.750000,29.710000,26.380000,29.220000,30.500000,28.760000
2022-02-22,429.570000,435.500000,425.860000,338.080000,344.040000,334.350000,196.660000,200.450000,195.350000,82.700000,83.050000,82.590000,123.520000,123.530000,123.120000,28.810000,32.040000,28.400000,29.110000,31.040000,28.870000
2022-02-23,421.950000,433.260000,421.350000,329.420000,342.190000,329.110000,192.980000,198.900000,192.550000,82.550000,82.910000,82.530000,122.400000,123.350000,122.370000,31.020000,31.070000,27.200000,30.880000,30.940000,28.580000
2022-02-24,428.300000,428.760000,410.640000,340.490000,341.040000,318.260000,198.040000,198.480000,187.920000,83.140000,83.180000,81.830000,122.980000,123.080000,122.220000,30.320000,37.790000,29.450000,30.050000,34.840000,29.290000
2022-02-25,437.750000,437.840000,427.860000,345.770000,345.980000,337.390000,202.500000,202.620000,197.000000,83.610000,83.630000,83.220000,123.480000,124.080000,123.020000,27.590000,32.000000,26.930000,28.040000,29.840000,27.740000
2022-02-28,436.630000,438.200000,430.700000,346.800000,348.540000,341.320000,203.320000,204.600000,200.460000,83.670000,83.880000,83.220000,124.800000,125.000000,123.940000,30.150000,33.510000,28.430000,29.650000,31.270000,28.780000
2022-03-01,429.980000,437.170000,427.110000,341.490000,348.080000,338.900000,199.490000,203.790000,197.800000,83.130000,83.640000,82.950000,124.970000,125.840000,124.800000,33.320000,35.190000,29.440000,32.590000,33.670000,30.110000
2022-03-02,437.890000,439.560000,431.570000,347.220000,348.590000,340.240000,204.240000,205.300000,200.690000,83.330000,83.360000,82.930000,123.070000,124.300000,123.040000,30.740000,34.410000,30.120000,30.970000,32.660000,30.370000
2022-03-03,435.710000,441.110000,433.840000,342.260000,350.040000,340.350000,201.820000,205.110000,200.290000,83.080000,83.500000,83.080000,123.520000,123.860000,123.240000,30.480000,32.010000,29.310000,30.800000,31.890000,29.950000
2022-03-04,432.170000,433.370000,427.880000,337.300000,341.310000,334.920000,198.660000,200.860000,196.980000,82.540000,82.940000,82.480000,123.640000,124.450000,123.570000,31.980000,34.650000,31.470000,32.340000,33.750000,31.940000
2022-03-07,419.430000,431.840000,419.360000,324.860000,338.480000,324.650000,193.720000,199.590000,193.680000,81.820000,82.410000,81.750000,122.140000,123.290000,122.000000,36.450000,36.550000,32.590000,35.740000,35.880000,32.890000
2022-03-08,416.250000,427.210000,415.120000,323.350000,333.210000,319.940000,194.790000,199.570000,193.460000,81.530000,82.090000,81.500000,121.410000,121.830000,120.810000,35.130000,37.520000,32.780000,35.000000,36.710000,32.840000
2022-03-09,427.410000,429.510000,422.820000,334.990000,336.380000,329.090000,200.280000,201.000000,197.620000,82.210000,82.320000,81.850000,121.620000,122.000000,121.410000,32.450000,34.120000,31.390000,33.060000,33.530000,32.250000
2022-03-10,425.480000,426.430000,420.440000,331.270000,332.510000,326.710000,199.920000,200.040000,196.560000,81.520000,81.870000,81.420000,120.230000,120.930000,119.790000,30.230000,34.030000,30.240000,31.520000,33.880000,31.520000
2022-03-11,420.070000,428.770000,419.530000,324.400000,334.640000,323.900000,196.730000,201.760000,196.440000,80.930000,81.650000,80.860000,120.180000,120.420000,120.070000,30.750000,31.040000,28.840000,32.340000,32.570000,30.740000
2022-03-14,417.000000,424.550000,415.790000,318.170000,326.590000,317.450000,192.710000,197.440000,191.880000,79.970000,80.870000,79.880000,118.440000,119.570000,118.400000,31.770000,33.180000,30.060000,33.320000,34.330000,31.360000
2022-03-15,426.170000,426.840000,418.420000,328.150000,328.950000,319.230000,195.780000,195.790000,192.880000,80.570000,80.760000,80.100000,119.370000,119.470000,118.820000,29.830000,33.830000,29.570000,31.960000,33.710000,31.640000
2022-03-16,435.620000,435.680000,424.800000,340.320000,340.440000,328.400000,201.940000,201.910000,196.150000,81.700000,81.740000,80.550000,120.390000,120.450000,118.670000,26.670000,29.800000,26.290000,28.960000,31.740000,28.830000
2022-03-17,441.070000,441.020000,433.190000,344.440000,344.500000,337.040000,205.110000,205.210000,200.300000,82.260000,82.270000,81.750000,121.570000,121.880000,120.830000,25.670000,27.470000,25.250000,28.220000,29.470000,27.780000
2022-03-18,444.520000,444.860000,437.220000,351.490000,351.790000,341.550000,207.270000,207.450000,204.000000,82.530000,82.540000,81.940000,121.810000,121.990000,121.150000,23.870000,26.820000,23.850000,26.550000,28.720000,26.540000
2022-03-21,444.390000,446.460000,440.680000,350.080000,352.480000,345.570000,205.440000,208.180000,203.930000,81.580000,82.450000,81.420000,120.120000,121.160000,119.950000,23.530000,25.360000,22.990000,26.380000,27.390000,25.700000
2022-03-22,449.590000,450.580000,445.860000,356.960000,357.850000,350.200000,207.500000,208.790000,205.800000,82.000000,82.070000,81.500000,119.830000,119.990000,119.590000,22.940000,24.020000,22.700000,25.850000,26.200000,25.590000
2022-03-23,443.800000,448.490000,443.790000,351.830000,357.660000,351.770000,203.900000,207.200000,203.750000,81.740000,82.010000,81.590000,120.170000,120.330000,119.650000,23.570000,24.030000,22.640000,26.410000,26.750000,25.750000
2022-03-24,450.490000,450.460000,444.760000,359.650000,359.700000,351.590000,205.840000,205.870000,202.730000,81.910000,81.940000,81.520000,120.220000,120.400000,118.840000,21.670000,23.790000,21.490000,25.300000,26.490000,25.000000
2022-03-25,452.690000,452.980000,448.430000,359.350000,360.670000,354.940000,206.120000,206.620000,204.440000,81.320000,81.920000,81.260000,119.270000,119.810000,118.840000,20.810000,22.860000,20.800000,24.720000,25.930000,24.560000
2022-03-28,455.910000,455.890000,450.060000,364.910000,365.010000,358.070000,206.190000,206.210000,203.030000,81.830000,81.850000,81.260000,119.930000,120.120000,119.320000,19.630000,23.330000,19.540000,24.180000,25.950000,24.130000
2022-03-29,461.550000,462.070000,457.180000,371.190000,371.830000,366.060000,211.710000,212.250000,207.880000,82.840000,82.860000,82.150000,120.940000,121.010000,120.280000,18.900000,19.730000,18.670000,23.190000,23.900000,23.060000
2022-03-30,458.700000,461.200000,456.460000,367.090000,370.980000,365.570000,207.460000,211.740000,206.610000,82.590000,82.700000,82.390000,121.220000,121.350000,120.430000,19.330000,20.510000,18.720000,23.570000,24.390000,23.140000
2022-03-31,451.640000,458.760000,451.160000,362.540000,367.600000,361.680000,205.270000,208.910000,205.150000,82.290000,82.730000,82.270000,120.940000,121.560000,120.720000,20.560000,21.480000,19.540000,24.460000,25.140000,23.830000
2022-04-01,452.920000,453.460000,449.140000,361.850000,363.610000,358.590000,207.570000,207.720000,205.010000,81.950000,82.030000,81.650000,121.090000,121.400000,119.950000,19.630000,20.860000,19.410000,24.210000,25.040000,24.040000
2022-04-04,456.800000,456.830000,452.260000,369.300000,369.310000,362.440000,207.910000,208.430000,205.880000,82.570000,82.580000,82.000000,121.510000,121.550000,120.780000,18.570000,20.780000,18.450000,23.030000,24.430000,22.920000
2022-04-05,451.030000,457.830000,449.820000,361.100000,368.540000,360.000000,202.990000,209.440000,202.510000,81.500000,82.470000,81.470000,119.380000,121.190000,119.360000,21.030000,21.570000,18.550000,24.900000,25.220000,23.240000
2022-04-06,446.520000,448.930000,443.470000,353.260000,356.780000,350.560000,200.110000,201.800000,198.680000,80.860000,81.400000,80.690000,118.680000,119.240000,117.800000,22.100000,24.780000,21.240000,25.800000,27.440000,25.530000
2022-04-07,448.770000,450.690000,443.530000,354.100000,356.350000,348.690000,199.460000,201.230000,196.680000,80.730000,81.040000,80.720000,118.130000,118.620000,117.910000,21.550000,23.820000,21.120000,25.230000,26.800000,24.940000
2022-04-08,447.570000,450.630000,445.940000,349.150000,353.090000,348.500000,197.870000,200.310000,197.500000,80.240000,80.730000,80.230000,117.200000,117.560000,116.850000,21.160000,22.340000,20.280000,25.170000,25.830000,24.480000
2022-04-11,439.920000,445.000000,439.390000,340.890000,345.750000,340.530000,196.540000,199.260000,195.880000,79.690000,80.070000,79.580000,116.060000,116.590000,115.770000,24.370000,24.420000,22.090000,27.000000,27.100000,25.910000
2022-04-12,438.290000,445.750000,436.650000,339.450000,347.690000,338.030000,197.160000,201.680000,196.420000,80.300000,80.620000,80.070000,116.140000,117.170000,116.130000,24.260000,25.380000,22.270000,27.170000,27.540000,25.730000
2022-04-13,443.310000,444.110000,437.840000,346.350000,347.430000,339.060000,200.910000,201.450000,197.610000,80.780000,80.880000,80.380000,116.740000,116.810000,116.100000,21.820000,24.450000,21.370000,25.540000,27.300000,25.120000
2022-04-14,437.790000,444.740000,437.680000,338.430000,346.970000,338.210000,198.960000,202.370000,198.900000,80.240000,80.890000,80.030000,115.380000,116.700000,115.270000,22.700000,22.690000,20.850000,26.030000,26.110000,24.680000
2022-04-18,437.970000,439.750000,435.610000,338.690000,341.040000,335.790000,197.620000,199.180000,196.530000,80.110000,80.360000,80.000000,114.500000,115.330000,114.390000,22.170000,24.600000,21.980000,25.750000,26.730000,25.600000
2022-04-19,445.040000,445.800000,437.680000,346.260000,346.850000,336.980000,201.560000,202.240000,197.690000,80.040000,80.190000,79.860000,113.590000,114.170000,113.520000,21.370000,22.920000,20.360000,25.060000,26.290000,24.350000
2022-04-20,444.710000,447.570000,443.480000,341.210000,347.560000,339.970000,202.330000,203.870000,201.860000,80.290000,80.440000,80.160000,114.770000,115.100000,114.310000,20.320000,21.320000,19.750000,24.150000,24.790000,23.890000
2022-04-21,438.060000,450.010000,437.100000,334.150000,347.870000,333.200000,197.800000,204.800000,197.020000,79.740000,80.540000,79.670000,113.550000,114.580000,113.220000,22.680000,23.280000,19.810000,26.110000,26.510000,23.620000
2022-04-22,426.040000,437.230000,425.440000,325.400000,335.560000,324.980000,192.680000,197.370000,192.290000,79.260000,79.660000,79.170000,113.420000,113.710000,112.810000,28.210000,28.270000,22.620000,29.870000,29.940000,26.340000
2022-04-25,428.510000,428.690000,418.840000,329.580000,329.900000,322.430000,193.850000,194.110000,189.210000,79.930000,80.000000,79.270000,114.680000,114.860000,114.020000,27.020000,31.600000,26.800000,29.070000,31.920000,28.930000
2022-04-26,416.100000,426.040000,416.070000,317.140000,327.660000,316.850000,187.740000,192.710000,187.480000,79.460000,79.900000,79.450000,114.620000,115.270000,114.480000,33.520000,33.810000,27.060000,33.140000,33.320000,29.760000
2022-04-27,417.270000,422.920000,415.010000,316.760000,322.880000,315.000000,186.960000,189.780000,186.260000,79.070000,79.670000,78.990000,113.520000,114.810000,113.470000,31.600000,32.770000,29.820000,32.200000,33.010000,30.810000
2022-04-28,427.810000,429.640000,417.600000,328.010000,329.890000,317.520000,190.450000,191.400000,184.710000,79.510000,79.630000,78.940000,113.860000,113.870000,113.020000,29.990000,32.000000,28.000000,31.150000,32.100000,29.560000
2022-04-29,412.000000,425.870000,411.210000,313.250000,327.230000,312.600000,184.950000,191.730000,184.510000,78.530000,79.250000,78.480000,112.600000,113.520000,112.380000,33.400000,34.340000,28.540000,33.180000,33.900000,30.480000
2022-05-02,414.480000,415.920000,405.020000,318.480000,318.720000,309.640000,186.890000,187.820000,182.380000,78.230000,78.300000,77.830000,111.680000,111.920000,111.300000,32.340000,36.640000,31.740000,33.010000,35.710000,32.680000
2022-05-03,416.380000,418.930000,413.360000,318.820000,321.170000,315.980000,188.490000,189.510000,185.680000,78.640000,78.760000,78.350000,112.400000,113.340000,112.280000,29.250000,32.820000,29.060000,30.810000,32.820000,30.690000
2022-05-04,429.060000,429.660000,413.700000,329.600000,330.290000,313.890000,193.520000,193.930000,185.690000,79.440000,79.650000,78.080000,113.500000,113.860000,111.780000,25.420000,29.420000,24.940000,28.090000,30.970000,27.660000
2022-05-05,413.810000,425.000000,409.440000,313.000000,325.250000,309.620000,185.670000,191.560000,183.380000,78.030000,79.020000,77.810000,111.760000,112.490000,110.890000,31.200000,33.200000,25.780000,32.680000,33.870000,28.540000
2022-05-06,411.340000,414.800000,405.730000,309.250000,315.090000,305.100000,182.580000,185.420000,180.550000,77.590000,78.000000,77.400000,110.810000,111.520000,110.660000,30.190000,35.340000,29.830000,32.310000,35.510000,31.970000
2022-05-09,398.170000,406.410000,396.500000,297.150000,306.000000,295.720000,174.900000,180.630000,174.100000,76.770000,77.310000,76.720000,111.200000,111.320000,110.180000,34.750000,35.480000,31.900000,35.050000,35.650000,33.740000
2022-05-10,399.090000,406.080000,394.820000,300.760000,305.760000,296.570000,174.950000,178.910000,171.200000,77.210000,77.530000,76.840000,111.670000,112.360000,111.570000,32.990000,34.840000,32.240000,33.970000,35.390000,33.340000
2022-05-11,392.750000,404.040000,391.960000,291.840000,304.090000,290.950000,170.600000,178.190000,170.300000,76.750000,77.490000,76.740000,112.190000,112.460000,111.030000,32.560000,34.390000,30.690000,33.630000,34.820000,32.250000
2022-05-12,392.340000,395.800000,385.150000,291.150000,295.750000,284.940000,172.600000,174.340000,168.900000,76.720000,76.980000,76.390000,112.240000,112.880000,112.160000,31.770000,34.760000,31.700000,33.080000,35.250000,32.930000
2022-05-13,401.720000,403.180000,395.610000,301.940000,303.000000,294.080000,178.070000,179.410000,175.010000,76.810000,77.060000,76.430000,111.650000,112.160000,111.410000,28.870000,31.200000,28.780000,30.700000,32.070000,30.610000
2022-05-16,400.090000,403.970000,397.600000,298.440000,302.260000,297.130000,177.220000,179.440000,176.130000,76.700000,76.960000,76.560000,111.800000,112.310000,111.740000,27.470000,30.230000,27.360000,29.510000,30.900000,29.510000
2022-05-17,408.320000,408.570000,402.580000,306.170000,306.560000,300.550000,182.640000,182.840000,178.990000,76.630000,76.870000,76.440000,111.160000,111.400000,110.950000,26.100000,27.170000,25.510000,28.370000,29.230000,28.040000
2022-05-18,391.860000,403.800000,390.550000,291.140000,302.250000,289.880000,176.240000,181.410000,175.100000,76.000000,76.250000,75.910000,111.570000,111.620000,110.890000,30.960000,31.490000,26.210000,32.800000,32.890000,29.340000
2022-05-19,389.460000,394.140000,387.110000,289.580000,294.390000,287.580000,176.530000,178.810000,174.890000,76.510000,76.670000,75.870000,111.870000,112.620000,111.710000,29.350000,33.110000,29.060000,30.790000,33.760000,30.770000
2022-05-20,389.630000,397.030000,380.540000,288.680000,293.800000,280.210000,176.080000,178.970000,171.790000,76.460000,76.800000,76.230000,112.420000,112.460000,111.980000,29.430000,32.910000,28.060000,31.140000,33.630000,29.790000
2022-05-23,396.920000,397.730000,390.380000,293.480000,293.870000,287.290000,178.210000,178.960000,175.500000,76.760000,76.860000,76.580000,112.020000,112.510000,111.780000,28.480000,30.390000,28.290000,30.290000,31.380000,29.960000
2022-05-24,393.890000,395.150000,386.960000,287.240000,288.860000,282.250000,175.570000,176.930000,172.330000,77.220000,77.260000,76.550000,113.490000,113.610000,112.410000,29.450000,31.070000,29.040000,30.740000,32.160000,30.490000
2022-05-25,397.370000,399.450000,391.890000,291.260000,293.390000,285.500000,178.730000,179.780000,174.810000,78.390000,78.440000,77.270000,114.660000,114.680000,113.920000,28.370000,30.230000,28.160000,29.730000,31.160000,29.560000
2022-05-26,405.310000,407.040000,398.450000,299.330000,300.920000,290.150000,182.720000,183.800000,179.700000,79.480000,79.520000,78.470000,114.690000,115.270000,114.430000,27.500000,28.460000,27.110000,29.280000,29.560000,28.880000
2022-05-27,415.260000,415.390000,407.700000,309.100000,309.250000,302.420000,187.640000,187.650000,183.400000,80.190000,80.190000,79.600000,115.290000,115.660000,114.870000,25.720000,27.540000,25.570000,28.020000,28.650000,28.020000
2022-05-31,412.930000,416.460000,410.030000,308.280000,311.330000,304.330000,185.310000,187.320000,184.090000,79.500000,79.860000,79.320000,114.440000,114.660000,113.710000,26.190000,28.350000,25.940000,27.990000,29.610000,27.810000
2022-06-01,409.590000,416.240000,406.930000,306.000000,312.650000,303.730000,184.260000,186.940000,181.770000,78.900000,79.450000,78.750000,113.500000,114.900000,113.080000,25.690000,27.730000,25.380000,27.720000,29.100000,27.170000
2022-06-02,417.390000,417.440000,407.040000,314.380000,314.560000,303.400000,188.760000,188.760000,184.170000,79.230000,79.240000,78.690000,113.550000,113.790000,112.890000,24.720000,26.500000,24.330000,27.060000,28.160000,26.570000
2022-06-03,410.540000,414.040000,409.510000,306.200000,310.470000,304.920000,187.060000,187.960000,185.790000,78.640000,78.870000,78.510000,113.190000,113.200000,112.740000,24.790000,25.960000,24.760000,27.330000,28.070000,27.240000
2022-06-06,411.790000,416.610000,410.550000,307.220000,312.350000,305.620000,187.870000,189.310000,186.830000,78.050000,78.800000,77.960000,112.390000,113.190000,112.310000,25.070000,25.810000,24.820000,27.220000,27.710000,26.930000
2022-06-07,415.740000,416.220000,407.610000,309.870000,310.670000,302.680000,190.900000,190.940000,185.900000,78.230000,78.320000,77.730000,112.990000,113.290000,112.600000,24.020000,26.240000,23.880000,26.520000,28.040000,26.450000
2022-06-08,411.220000,415.820000,410.380000,307.640000,311.720000,306.770000,187.950000,190.700000,187.060000,77.560000,78.070000,77.460000,112.340000,113.090000,112.330000,23.960000,24.780000,23.740000,26.540000,27.120000,26.280000
2022-06-09,401.440000,411.740000,401.450000,299.400000,309.050000,299.230000,183.570000,187.070000,183.530000,76.940000,77.510000,76.790000,111.600000,112.340000,111.540000,26.090000,26.240000,23.820000,28.010000,28.100000,26.670000
2022-06-10,389.800000,395.780000,389.750000,288.840000,294.870000,288.380000,178.590000,181.550000,177.650000,75.630000,76.220000,75.270000,110.520000,111.140000,109.860000,27.750000,29.630000,26.050000,29.720000,30.650000,29.030000
2022-06-13,375.000000,381.810000,373.300000,275.410000,282.340000,274.530000,170.200000,174.960000,169.290000,73.100000,74.310000,72.890000,107.970000,108.850000,107.090000,34.020000,35.050000,31.290000,34.240000,34.800000,32.660000
2022-06-14,373.870000,377.940000,370.590000,275.910000,278.660000,273.330000,169.380000,171.240000,167.740000,73.580000,74.230000,73.050000,107.410000,108.820000,107.160000,32.690000,34.000000,32.060000,33.280000,34.190000,32.910000
2022-06-15,379.200000,383.900000,372.120000,282.800000,286.830000,276.610000,171.860000,174.060000,168.660000,75.010000,75.390000,74.040000,109.090000,109.190000,107.730000,29.620000,32.770000,27.760000,30.780000,32.490000,29.830000
2022-06-16,366.650000,370.940000,364.070000,271.390000,276.060000,269.280000,163.900000,168.420000,162.780000,73.820000,74.150000,73.220000,109.210000,109.480000,107.290000,32.950000,34.820000,30.350000,33.490000,34.650000,32.460000
2022-06-17,365.860000,369.380000,362.170000,274.690000,277.190000,270.510000,165.180000,167.520000,163.700000,74.050000,74.570000,73.810000,109.430000,109.710000,108.770000,31.130000,33.310000,30.470000,32.360000,33.650000,31.800000
2022-06-21,375.070000,376.530000,371.810000,281.080000,283.450000,278.640000,168.140000,170.080000,166.810000,74.000000,74.670000,73.930000,108.330000,109.420000,108.210000,30.190000,30.650000,29.330000,31.250000,31.350000,30.500000
2022-06-22,374.390000,378.720000,370.180000,280.670000,285.180000,277.910000,167.820000,169.260000,165.370000,73.980000,74.250000,73.810000,109.120000,109.670000,109.060000,28.950000,31.570000,28.780000,30.240000,31.840000,30.230000
2022-06-23,378.060000,378.830000,372.890000,284.850000,285.720000,280.310000,169.830000,170.230000,166.550000,74.510000,74.580000,74.070000,109.960000,110.820000,109.590000,29.050000,29.770000,28.740000,30.190000,30.840000,29.940000
2022-06-24,390.080000,390.000000,381.360000,294.610000,295.000000,287.500000,175.090000,175.100000,170.900000,75.040000,75.360000,74.590000,110.090000,110.670000,109.850000,27.230000,29.720000,26.830000,28.950000,29.700000,28.610000
2022-06-27,388.590000,391.360000,387.440000,292.450000,296.580000,291.290000,175.740000,176.990000,174.180000,74.580000,75.100000,74.610000,109.080000,109.710000,109.020000,26.950000,28.660000,26.930000,28.180000,29.420000,28.160000
2022-06-28,380.650000,393.160000,380.530000,283.540000,295.650000,283.350000,172.440000,178.150000,172.350000,73.760000,74.790000,73.750000,109.050000,109.110000,108.520000,28.360000,28.680000,26.470000,29.150000,29.310000,27.720000
2022-06-29,380.340000,382.270000,378.420000,283.800000,285.340000,280.840000,170.690000,172.700000,168.970000,73.650000,73.790000,73.430000,109.700000,109.710000,109.010000,28.160000,29.360000,27.850000,29.000000,29.750000,28.810000
2022-06-30,377.250000,380.660000,372.560000,280.280000,283.890000,275.780000,169.360000,171.310000,166.760000,73.610000,73.830000,73.050000,110.030000,110.900000,109.770000,28.710000,30.220000,28.280000,29.710000,30.670000,29.350000
2022-07-01,381.240000,381.700000,373.800000,282.130000,282.530000,277.030000,171.410000,171.840000,167.660000,73.980000,74.230000,73.450000,111.120000,111.460000,110.470000,27.530000,29.590000,26.690000,28.520000,30.180000,28.490000
2022-07-05,381.960000,381.980000,372.900000,286.960000,287.080000,276.750000,172.830000,172.850000,166.730000,73.910000,73.980000,73.030000,111.090000,111.300000,110.840000,27.540000,29.820000,27.300000,28.900000,30.580000,28.790000
2022-07-06,383.250000,385.870000,379.600000,288.800000,290.950000,285.590000,171.550000,173.710000,169.750000,73.630000,74.000000,73.510000,110.540000,111.580000,110.430000,26.730000,28.070000,26.430000,28.390000,29.370000,27.910000
2022-07-07,388.990000,389.830000,385.120000,294.980000,295.700000,289.630000,175.610000,175.980000,172.850000,74.830000,74.880000,74.030000,110.530000,111.140000,110.320000,26.080000,26.790000,25.660000,28.030000,28.200000,27.330000
2022-07-08,388.670000,390.640000,385.660000,295.350000,296.750000,291.120000,175.590000,176.990000,173.650000,74.890000,74.960000,74.360000,110.350000,110.410000,109.940000,24.640000,26.610000,24.430000,27.300000,28.120000,27.070000
2022-07-11,384.230000,386.870000,383.500000,289.040000,293.110000,288.140000,172.060000,174.970000,171.600000,74.470000,74.920000,74.450000,110.660000,111.160000,110.500000,26.170000,26.740000,25.790000,28.250000,28.540000,27.910000
2022-07-12,380.830000,386.160000,378.990000,286.240000,292.280000,284.610000,171.470000,173.360000,170.560000,74.770000,74.900000,74.500000,110.820000,111.580000,110.780000,27.290000,27.750000,25.820000,28.820000,29.160000,27.830000
2022-07-13,378.830000,381.920000,374.650000,285.650000,288.050000,280.020000,171.320000,172.280000,168.790000,74.690000,74.920000,73.920000,111.650000,111.780000,109.710000,26.820000,29.060000,26.230000,28.560000,29.860000,28.020000
2022-07-14,377.910000,378.570000,371.040000,286.670000,287.560000,279.800000,169.560000,170.000000,167.020000,74.550000,74.630000,73.610000,110.940000,111.220000,110.090000,26.400000,28.450000,26.200000,28.610000,29.910000,28.440000
2022-07-15,385.130000,385.250000,380.540000,291.870000,291.980000,288.080000,173.090000,173.350000,169.310000,75.500000,75.500000,74.760000,111.830000,112.050000,110.860000,24.230000,26.720000,24.130000,27.080000,28.100000,26.920000
2022-07-18,381.950000,389.090000,380.660000,289.400000,296.160000,288.200000,172.600000,176.290000,172.060000,74.770000,75.720000,74.690000,111.050000,111.670000,110.970000,25.300000,25.910000,24.380000,27.820000,28.250000,26.930000
2022-07-19,392.270000,392.870000,385.390000,298.300000,298.600000,291.470000,178.690000,178.890000,174.660000,75.760000,75.940000,75.040000,111.360000,111.470000,110.820000,24.500000,25.410000,24.230000,27.310000,27.340000,26.910000
2022-07-20,394.770000,396.260000,391.030000,303.030000,304.240000,297.930000,181.490000,181.810000,178.400000,76.090000,76.620000,75.880000,111.240000,111.940000,111.150000,23.880000,24.730000,23.400000,26.700000,27.370000,26.600000
2022-07-21,398.790000,398.840000,391.630000,307.380000,307.440000,300.780000,182.420000,182.500000,178.840000,76.990000,77.060000,75.930000,112.760000,112.770000,111.510000,23.110000,24.670000,22.920000,26.220000,27.160000,26.060000
2022-07-22,395.090000,400.160000,392.750000,301.990000,308.550000,300.110000,179.510000,183.250000,178.050000,76.890000,77.540000,76.650000,113.630000,114.240000,113.140000,23.030000,23.810000,22.410000,25.970000,26.660000,25.720000
2022-07-25,395.570000,396.470000,393.210000,300.270000,302.500000,298.220000,180.440000,180.920000,178.430000,76.870000,77.090000,76.640000,112.670000,113.010000,112.390000,23.360000,24.570000,23.190000,25.800000,26.300000,25.730000
2022-07-26,390.890000,394.060000,389.950000,294.370000,298.770000,293.540000,179.330000,180.210000,178.540000,76.330000,76.710000,76.280000,112.650000,113.120000,112.600000,24.690000,25.310000,23.820000,26.420000,26.920000,26.100000
2022-07-27,401.040000,402.880000,394.050000,306.810000,308.540000,298.460000,183.410000,184.250000,180.000000,77.170000,77.470000,76.670000,113.400000,114.050000,113.130000,23.240000,24.410000,23.020000,25.310000,26.000000,24.960000
2022-07-28,406.070000,406.800000,398.150000,309.810000,310.400000,302.740000,185.930000,186.140000,181.760000,77.960000,78.020000,77.230000,114.340000,114.510000,113.980000,22.330000,23.540000,22.220000,24.330000,25.480000,24.230000
2022-07-29,411.990000,413.030000,406.770000,315.460000,316.390000,309.930000,187.250000,187.730000,185.040000,78.190000,78.350000,77.740000,114.610000,115.080000,114.140000,21.330000,22.160000,21.210000,23.790000,24.110000,23.720000
2022-08-01,410.770000,413.410000,408.400000,315.270000,318.810000,312.530000,187.180000,188.320000,184.220000,77.910000,78.080000,77.500000,114.560000,114.910000,114.260000,22.840000,23.270000,22.260000,24.860000,25.000000,24.260000
2022-08-02,408.060000,413.000000,406.820000,314.330000,318.550000,311.840000,187.000000,189.020000,185.480000,77.550000,77.860000,77.500000,113.160000,114.680000,113.070000,23.930000,24.680000,22.670000,25.660000,26.050000,24.680000
2022-08-03,414.450000,415.680000,410.000000,322.890000,323.730000,315.990000,189.750000,190.150000,187.640000,78.230000,78.250000,77.570000,114.390000,114.420000,112.870000,21.950000,23.920000,21.680000,24.370000,25.110000,24.150000
2022-08-04,414.170000,415.090000,412.440000,324.400000,324.720000,320.770000,189.350000,190.040000,188.440000,78.440000,78.450000,78.110000,114.570000,114.630000,113.910000,21.440000,22.660000,21.440000,24.320000,24.920000,24.320000
2022-08-05,413.470000,414.150000,409.600000,321.750000,323.830000,318.390000,190.800000,191.020000,187.170000,78.040000,78.110000,77.390000,113.020000,113.100000,112.310000,21.150000,22.580000,20.760000,24.180000,25.010000,24.030000
2022-08-08,412.990000,417.620000,411.830000,320.710000,326.470000,319.210000,192.820000,194.630000,191.890000,78.110000,78.650000,78.050000,113.470000,113.940000,113.410000,21.290000,22.010000,20.830000,24.480000,24.820000,23.850000
2022-08-09,411.350000,412.750000,410.220000,317.080000,319.030000,315.420000,190.190000,192.170000,189.160000,77.530000,77.960000,77.490000,112.960000,113.210000,112.830000,21.770000,22.230000,21.410000,24.690000,25.070000,24.580000
2022-08-10,419.990000,420.140000,416.720000,325.930000,326.230000,322.060000,195.620000,195.950000,193.110000,78.690000,78.770000,78.380000,114.030000,114.310000,113.540000,19.740000,22.340000,19.540000,23.460000,24.010000,23.310000
2022-08-11,419.990000,424.950000,419.210000,324.080000,330.360000,323.360000,196.350000,199.530000,196.040000,78.240000,79.320000,78.130000,112.930000,114.980000,112.880000,20.200000,20.850000,19.710000,23.710000,24.140000,23.310000
2022-08-12,427.100000,427.210000,421.030000,330.390000,330.590000,325.100000,200.360000,200.430000,196.580000,78.940000,78.980000,78.290000,114.240000,114.260000,113.270000,19.530000,20.350000,19.120000,23.310000,23.630000,22.950000
2022-08-15,428.860000,429.410000,424.710000,333.060000,333.570000,329.400000,201.070000,201.160000,198.220000,78.800000,79.000000,78.640000,114.160000,114.610000,114.140000,19.950000,21.160000,19.810000,23.320000,23.910000,23.130000
2022-08-16,429.700000,431.730000,426.880000,332.280000,334.430000,329.160000,200.990000,201.990000,199.020000,78.430000,78.730000,78.250000,113.720000,113.870000,113.130000,19.690000,20.390000,19.500000,23.320000,23.620000,23.120000
2022-08-17,426.650000,429.500000,424.540000,328.490000,331.430000,326.360000,197.610000,199.330000,196.380000,77.620000,78.040000,77.590000,112.650000,113.180000,112.400000,19.900000,20.630000,19.410000,23.600000,24.120000,23.170000
2022-08-18,427.890000,428.610000,425.500000,329.280000,330.490000,326.790000,198.920000,199.250000,196.900000,77.740000,77.880000,77.660000,112.940000,113.320000,112.880000,19.560000,20.610000,19.430000,23.390000,23.860000,23.230000
2022-08-19,422.140000,425.260000,421.220000,322.860000,326.840000,322.080000,194.650000,197.110000,194.070000,76.950000,77.370000,76.780000,111.600000,111.940000,111.340000,20.600000,21.270000,20.080000,24.320000,24.820000,23.750000
2022-08-22,413.350000,417.230000,412.400000,314.360000,318.740000,313.530000,190.640000,192.350000,190.010000,76.080000,76.400000,76.010000,110.850000,111.300000,110.730000,23.800000,24.620000,22.390000,26.000000,26.360000,25.470000
2022-08-23,412.350000,415.420000,411.770000,314.100000,317.000000,313.330000,190.950000,192.930000,190.390000,76.270000,76.400000,75.830000,110.970000,111.490000,110.610000,24.110000,24.210000,23.070000,25.920000,26.120000,25.370000
2022-08-24,413.670000,415.120000,411.390000,315.010000,316.870000,312.990000,192.410000,193.300000,190.160000,76.360000,76.500000,76.160000,110.640000,110.800000,110.420000,22.820000,24.860000,22.730000,24.890000,25.820000,24.850000
2022-08-25,419.510000,419.560000,414.090000,320.580000,320.600000,315.750000,195.400000,195.450000,192.980000,77.080000,77.140000,76.450000,111.780000,112.040000,110.750000,21.780000,23.130000,21.770000,24.130000,24.990000,24.040000
2022-08-26,405.310000,419.960000,405.250000,307.440000,321.510000,307.350000,188.980000,195.440000,188.660000,75.810000,77.120000,75.740000,111.110000,111.740000,111.010000,25.560000,25.900000,21.670000,26.560000,26.830000,23.960000
2022-08-29,402.630000,405.840000,401.190000,304.410000,307.220000,303.280000,187.240000,188.990000,186.520000,75.520000,75.770000,75.260000,110.290000,110.620000,110.150000,26.210000,27.670000,25.470000,26.820000,27.360000,26.280000
2022-08-30,398.210000,404.100000,396.000000,301.020000,306.730000,298.440000,184.620000,188.010000,183.530000,74.940000,75.660000,74.700000,110.430000,110.800000,109.850000,26.210000,27.690000,25.130000,26.910000,27.700000,26.380000
2022-08-31,395.180000,401.240000,395.040000,299.270000,304.910000,299.160000,183.500000,185.740000,183.190000,74.530000,75.120000,74.510000,109.270000,110.370000,109.210000,25.870000,26.620000,25.310000,26.650000,27.010000,26.230000
2022-09-01,396.420000,396.780000,390.040000,299.400000,299.780000,292.950000,181.500000,181.890000,178.900000,74.360000,74.410000,73.610000,108.310000,108.420000,107.350000,25.560000,27.450000,25.250000,26.430000,27.780000,26.280000
2022-09-02,392.240000,401.560000,390.330000,295.170000,303.750000,293.520000,180.090000,183.950000,179.140000,74.310000,75.070000,74.230000,108.390000,109.250000,108.380000,25.990000,26.280000,23.190000,26.480000,27.110000,25.020000
2022-09-06,390.760000,394.120000,388.420000,293.050000,296.600000,290.870000,178.310000,181.080000,177.500000,74.110000,74.390000,73.850000,106.920000,107.940000,106.920000,26.910000,27.800000,25.330000,27.590000,27.770000,26.390000
2022-09-07,397.780000,398.590000,390.200000,298.970000,299.990000,293.270000,182.190000,182.470000,177.910000,75.180000,75.190000,74.190000,108.380000,108.490000,107.390000,24.640000,27.150000,24.540000,26.100000,27.590000,26.010000
2022-09-08,400.380000,400.860000,394.120000,300.520000,301.870000,295.450000,183.710000,183.790000,179.620000,75.510000,75.550000,74.780000,108.130000,108.670000,108.040000,23.610000,25.900000,23.560000,25.520000,28.430000,25.490000
2022-09-09,406.600000,407.510000,402.460000,307.090000,307.600000,302.790000,187.400000,187.630000,185.100000,75.810000,76.170000,75.630000,108.380000,108.990000,108.350000,22.790000,23.570000,22.640000,25.140000,25.300000,24.940000
2022-09-12,410.970000,411.730000,408.460000,310.740000,311.080000,308.180000,189.670000,189.860000,187.970000,76.040000,76.230000,75.770000,108.140000,109.020000,107.920000,23.870000,24.230000,23.160000,25.370000,25.680000,24.930000
2022-09-13,393.100000,403.100000,391.920000,293.700000,303.020000,292.780000,182.250000,185.910000,181.530000,74.310000,75.170000,74.280000,107.360000,107.520000,106.910000,27.270000,28.150000,23.530000,27.950000,28.930000,26.080000
2022-09-14,394.600000,396.200000,391.120000,296.030000,296.930000,293.060000,182.960000,183.320000,180.570000,74.420000,74.910000,74.300000,107.870000,108.060000,107.290000,26.160000,27.560000,26.160000,27.460000,28.270000,27.370000
2022-09-15,390.120000,395.960000,388.780000,291.100000,296.530000,289.460000,181.630000,184.690000,180.860000,73.950000,74.450000,73.910000,107.350000,107.760000,107.200000,26.270000,26.930000,25.420000,27.600000,28.020000,26.960000
2022-09-16,385.560000,386.250000,382.110000,289.320000,289.720000,285.620000,178.990000,179.680000,176.910000,74.200000,74.200000,73.370000,107.100000,108.160000,106.730000,26.300000,28.450000,26.140000,27.630000,29.110000,27.540000
2022-09-19,388.550000,388.550000,382.170000,291.050000,291.210000,286.040000,180.520000,180.750000,176.960000,74.480000,74.490000,73.840000,107.280000,107.390000,106.530000,25.760000,27.950000,25.560000,27.010000,28.440000,26.900000
2022-09-20,384.090000,386.120000,381.190000,288.730000,291.070000,286.380000,178.060000,178.940000,176.710000,73.720000,74.070000,73.670000,106.210000,106.650000,106.060000,27.160000,27.810000,25.610000,27.880000,28.260000,27.320000
2022-09-21,377.390000,389.310000,377.390000,283.560000,293.950000,283.420000,175.340000,181.100000,175.330000,73.500000,74.240000,73.160000,106.610000,106.900000,105.600000,27.990000,30.180000,25.550000,28.760000,28.780000,26.840000
2022-09-22,374.220000,377.660000,373.440000,280.070000,283.030000,278.810000,171.390000,175.580000,170.740000,73.060000,73.390000,72.790000,105.110000,105.630000,104.810000,27.350000,28.380000,26.710000,28.220000,29.000000,27.850000
2022-09-23,367.950000,370.620000,363.290000,275.510000,277.850000,272.020000,167.310000,169.190000,165.000000,72.130000,72.730000,71.880000,104.810000,105.070000,104.330000,29.920000,32.310000,27.580000,30.320000,31.830000,28.920000
2022-09-26,364.310000,370.210000,363.020000,274.370000,279.490000,273.570000,164.170000,168.970000,163.580000,71.280000,72.180000,71.260000,102.990000,104.590000,102.940000,32.260000,32.880000,29.830000,31.770000,31.900000,29.940000
2022-09-27,363.380000,370.400000,360.870000,274.480000,280.210000,272.110000,164.730000,167.630000,163.280000,71.130000,71.920000,70.900000,101.440000,103.270000,101.400000,32.600000,34.140000,30.300000,32.120000,33.100000,30.420000
2022-09-28,370.530000,372.300000,362.600000,279.940000,281.250000,272.940000,169.940000,170.990000,165.070000,72.400000,72.490000,71.440000,103.480000,103.570000,102.270000,30.180000,34.880000,30.030000,30.580000,32.690000,30.410000
2022-09-29,362.790000,367.110000,359.700000,271.870000,276.250000,268.840000,166.130000,167.930000,163.800000,71.720000,71.970000,71.320000,102.710000,102.780000,101.740000,31.840000,33.460000,31.160000,31.740000,33.030000,31.570000
2022-09-30,357.180000,365.910000,357.110000,267.260000,275.190000,267.100000,164.920000,169.520000,164.870000,71.390000,72.280000,71.370000,102.450000,103.570000,102.440000,31.620000,33.250000,29.390000,31.860000,32.490000,30.470000
2022-10-03,366.610000,368.550000,359.210000,273.530000,275.160000,267.530000,169.290000,170.300000,165.250000,71.970000,72.130000,71.460000,104.000000,104.840000,103.390000,30.100000,33.060000,29.630000,30.690000,31.830000,30.230000
2022-10-04,377.970000,377.990000,372.310000,282.130000,282.850000,278.990000,176.000000,176.080000,172.530000,73.520000,73.530000,72.770000,104.480000,105.120000,104.360000,29.070000,29.620000,28.560000,29.670000,29.980000,29.350000
2022-10-05,377.090000,379.460000,370.950000,281.980000,283.810000,275.420000,174.700000,175.330000,171.420000,73.230000,73.400000,72.600000,103.690000,103.890000,102.950000,28.550000,30.110000,28.500000,29.430000,30.570000,29.410000
2022-10-06,373.200000,378.720000,372.680000,279.760000,284.180000,279.430000,173.720000,176.170000,172.910000,73.010000,73.460000,72.900000,103.450000,103.940000,103.200000,30.520000,30.740000,28.560000,30.790000,30.810000,29.450000
2022-10-07,362.790000,369.370000,360.940000,269.100000,275.150000,267.740000,168.610000,172.470000,167.920000,72.120000,72.770000,72.100000,102.420000,102.910000,102.370000,31.360000,32.020000,29.880000,32.100000,32.420000,30.980000
2022-10-10,360.020000,364.210000,357.670000,266.410000,269.700000,263.640000,167.670000,169.570000,166.590000,71.240000,72.110000,70.920000,101.500000,102.450000,101.080000,32.450000,33.990000,32.050000,32.730000,33.780000,32.360000
2022-10-11,357.740000,363.030000,355.710000,262.750000,267.630000,261.030000,167.720000,170.110000,164.800000,71.460000,72.020000,71.290000,101.290000,102.170000,101.040000,33.630000,34.430000,32.450000,33.360000,33.940000,32.400000
2022-10-12,356.560000,359.820000,356.300000,262.660000,265.360000,261.950000,167.260000,168.460000,165.480000,71.580000,71.850000,71.410000,101.170000,101.480000,100.830000,33.570000,34.530000,33.110000,33.130000,33.700000,32.900000
2022-10-13,365.970000,367.510000,348.110000,268.820000,270.170000,254.260000,171.400000,172.200000,162.500000,71.740000,71.910000,70.400000,101.350000,101.640000,99.180000,31.940000,33.870000,31.630000,31.800000,33.630000,31.530000
2022-10-14,357.630000,370.260000,356.960000,260.740000,271.810000,260.140000,166.810000,173.920000,166.710000,71.510000,72.370000,71.330000,100.380000,101.990000,100.270000,32.020000,32.980000,31.140000,32.450000,34.050000,31.020000
2022-10-17,366.820000,367.980000,363.970000,269.350000,270.240000,266.740000,172.130000,172.620000,170.110000,72.390000,72.600000,72.140000,100.860000,101.670000,100.790000,31.370000,32.590000,30.700000,31.740000,31.760000,31.120000
2022-10-18,371.130000,375.450000,367.520000,271.480000,277.210000,268.740000,174.170000,177.290000,172.690000,72.900000,73.310000,72.580000,101.460000,101.610000,100.510000,30.500000,31.930000,30.420000,30.980000,32.020000,30.850000
2022-10-19,368.500000,371.850000,365.550000,270.490000,273.680000,268.070000,171.210000,173.400000,169.330000,72.200000,72.640000,71.980000,100.070000,100.840000,99.940000,30.760000,31.900000,30.760000,31.350000,32.030000,31.170000
2022-10-20,365.410000,372.670000,364.610000,269.110000,274.840000,267.920000,169.030000,173.550000,168.460000,71.800000,72.750000,71.730000,99.200000,100.370000,99.100000,29.980000,31.320000,29.760000,30.810000,31.430000,30.370000
2022-10-21,374.290000,374.800000,363.540000,275.420000,275.970000,266.820000,172.700000,173.200000,168.190000,72.490000,72.580000,71.560000,99.480000,99.640000,98.410000,29.690000,30.440000,29.240000,30.470000,30.840000,29.960000
2022-10-24,378.870000,380.060000,373.110000,278.450000,279.400000,271.970000,173.440000,174.000000,171.050000,72.540000,72.730000,72.160000,99.430000,99.980000,98.830000,29.850000,30.950000,29.780000,30.330000,31.150000,30.330000
2022-10-25,384.920000,385.250000,378.710000,284.210000,284.600000,279.400000,178.170000,178.900000,173.560000,73.240000,73.250000,72.700000,100.760000,101.190000,100.290000,28.460000,30.000000,28.220000,29.290000,30.360000,29.100000
2022-10-26,382.020000,387.580000,381.350000,277.930000,283.980000,277.430000,179.050000,182.370000,178.330000,73.440000,73.710000,72.950000,101.220000,101.720000,100.900000,27.280000,28.520000,27.270000,28.460000,29.360000,28.350000
2022-10-27,379.980000,385.000000,379.330000,272.870000,278.280000,272.340000,179.090000,182.000000,178.870000,73.980000,74.140000,73.360000,101.690000,102.090000,101.200000,27.390000,27.670000,26.940000,28.280000,28.480000,27.830000
2022-10-28,389.020000,389.520000,379.680000,281.220000,281.700000,272.060000,183.160000,183.410000,178.730000,74.550000,74.690000,74.120000,101.900000,102.050000,101.240000,25.750000,27.590000,25.750000,26.900000,27.860000,26.870000
2022-10-31,386.210000,388.400000,385.260000,277.950000,279.760000,275.990000,183.330000,184.240000,181.550000,73.430000,74.180000,73.420000,101.350000,101.680000,100.970000,25.880000,27.070000,25.840000,26.920000,27.490000,26.840000
2022-11-01,384.520000,390.390000,383.290000,275.110000,282.070000,274.740000,183.580000,185.600000,182.880000,73.590000,73.950000,73.210000,101.770000,102.190000,101.190000,25.810000,26.350000,25.660000,26.690000,27.020000,26.600000
2022-11-02,374.870000,388.630000,374.840000,265.680000,278.210000,265.610000,177.490000,185.000000,177.430000,72.920000,74.290000,72.880000,101.280000,102.920000,101.020000,25.860000,26.620000,25.390000,27.220000,27.290000,26.400000
2022-11-03,371.010000,374.200000,368.790000,260.490000,264.500000,260.100000,176.300000,177.940000,174.110000,72.400000,72.640000,71.880000,100.920000,101.180000,100.010000,25.300000,26.870000,25.100000,26.700000,27.960000,26.510000
2022-11-04,376.350000,378.870000,370.000000,264.680000,266.610000,259.080000,178.680000,179.940000,175.470000,72.900000,73.210000,72.390000,101.120000,101.550000,100.660000,24.550000,25.710000,24.000000,26.390000,26.880000,25.670000
2022-11-07,379.950000,380.570000,375.530000,267.590000,268.140000,263.570000,179.490000,180.590000,177.680000,72.890000,73.120000,72.670000,100.750000,101.230000,100.530000,24.350000,25.670000,24.340000,26.260000,26.770000,26.130000
2022-11-08,382.000000,385.120000,377.720000,269.540000,272.850000,265.520000,179.560000,181.950000,177.360000,72.820000,73.070000,72.590000,101.170000,101.490000,100.850000,25.540000,26.160000,24.240000,27.100000,27.390000,26.190000
2022-11-09,374.130000,381.140000,373.610000,263.320000,268.560000,263.030000,174.630000,178.670000,174.270000,71.950000,72.740000,71.820000,100.910000,101.420000,100.650000,26.090000,26.350000,25.020000,27.910000,28.070000,26.960000
2022-11-10,394.690000,395.040000,385.640000,282.750000,283.050000,273.850000,185.380000,185.450000,181.150000,74.190000,74.270000,73.460000,104.290000,104.390000,103.060000,23.530000,26.590000,22.840000,26.180000,26.390000,25.560000
2022-11-11,398.510000,399.350000,393.610000,287.960000,288.640000,281.190000,186.900000,188.840000,185.690000,74.450000,74.690000,73.930000,104.570000,104.740000,103.980000,22.520000,23.910000,22.370000,25.740000,26.440000,25.600000
2022-11-14,395.120000,400.180000,394.830000,285.440000,289.220000,284.440000,184.810000,187.790000,184.630000,73.900000,74.290000,73.870000,104.040000,104.450000,104.010000,23.730000,24.330000,22.860000,26.130000,26.290000,25.470000
2022-11-15,398.490000,402.310000,394.490000,289.390000,293.260000,285.970000,187.550000,189.560000,186.110000,74.550000,74.700000,74.070000,105.490000,105.530000,104.820000,24.540000,26.220000,23.180000,26.590000,27.430000,25.640000
2022-11-16,395.450000,397.780000,394.790000,285.440000,287.740000,284.600000,184.250000,186.640000,183.710000,74.390000,74.570000,74.310000,106.390000,106.600000,105.580000,24.110000,24.720000,23.990000,26.030000,26.640000,25.990000
2022-11-17,394.240000,394.950000,390.140000,284.810000,286.320000,280.720000,182.540000,182.950000,180.510000,74.070000,74.170000,73.730000,105.820000,105.910000,105.220000,23.930000,25.180000,23.810000,25.830000,26.730000,25.740000
2022-11-18,396.030000,397.810000,393.040000,284.820000,287.990000,282.320000,183.720000,185.310000,182.570000,74.230000,74.460000,74.010000,105.810000,106.290000,105.610000,23.120000,24.120000,22.980000,25.330000,25.780000,25.210000
2022-11-21,394.590000,395.820000,392.660000,281.890000,284.580000,281.040000,182.760000,183.190000,181.430000,74.200000,74.350000,74.020000,105.650000,106.360000,105.640000,22.360000,24.120000,22.300000,24.720000,25.550000,24.690000
2022-11-22,399.900000,400.070000,395.150000,285.950000,286.110000,280.460000,184.710000,184.940000,182.330000,74.740000,74.790000,74.250000,106.590000,106.730000,106.050000,21.290000,22.710000,21.280000,23.830000,24.530000,23.820000
2022-11-23,402.420000,402.930000,399.310000,288.820000,289.460000,285.790000,185.190000,185.780000,183.550000,75.160000,75.300000,74.660000,107.660000,107.700000,106.920000,20.420000,21.780000,20.320000,23.380000,24.060000,23.220000
2022-11-25,402.330000,402.910000,401.530000,286.920000,287.910000,286.420000,185.580000,186.370000,184.660000,75.010000,75.180000,74.890000,107.770000,107.790000,107.500000,20.500000,21.110000,20.460000,23.590000,23.820000,23.540000
2022-11-28,395.910000,400.810000,395.110000,282.710000,286.960000,281.760000,181.840000,184.920000,181.290000,74.220000,74.930000,74.190000,106.990000,107.880000,106.880000,22.210000,22.500000,21.650000,24.900000,24.980000,24.280000
2022-11-29,395.230000,397.300000,393.300000,280.570000,283.350000,279.170000,182.370000,183.610000,181.950000,74.540000,74.600000,74.080000,106.460000,106.810000,106.240000,21.890000,22.570000,21.830000,24.650000,25.030000,24.540000
2022-11-30,407.680000,407.540000,393.480000,293.360000,293.450000,279.970000,187.370000,187.430000,180.790000,75.660000,75.690000,74.390000,107.760000,107.780000,105.990000,20.580000,22.630000,20.310000,23.530000,25.100000,23.450000
2022-12-01,407.380000,410.000000,404.750000,293.720000,295.750000,290.880000,186.960000,189.240000,186.130000,75.620000,75.660000,75.180000,108.760000,108.810000,107.610000,19.840000,21.060000,19.800000,23.310000,23.990000,23.150000
2022-12-02,406.910000,407.860000,402.140000,292.550000,293.450000,288.360000,188.050000,188.860000,184.330000,75.560000,75.590000,74.980000,109.420000,109.410000,107.790000,19.060000,20.960000,18.950000,22.960000,23.870000,22.890000
2022-12-05,399.590000,404.930000,398.170000,287.640000,291.680000,286.150000,182.870000,187.060000,182.180000,74.840000,75.300000,74.690000,108.490000,108.710000,108.020000,20.750000,21.290000,19.780000,23.890000,24.290000,23.250000
2022-12-06,393.830000,399.990000,391.640000,281.680000,287.620000,280.250000,180.070000,182.980000,179.080000,74.570000,75.000000,74.430000,108.820000,108.980000,108.530000,22.170000,22.600000,20.380000,24.720000,24.970000,23.730000
2022-12-07,393.160000,395.640000,391.970000,280.530000,282.570000,278.780000,179.540000,181.500000,179.110000,74.980000,75.070000,74.550000,110.030000,110.080000,109.280000,22.680000,23.010000,22.180000,25.180000,25.330000,24.810000
2022-12-08,396.240000,397.360000,393.450000,283.850000,284.840000,279.790000,180.840000,182.630000,179.510000,75.040000,75.140000,74.800000,109.680000,110.030000,109.400000,22.290000,23.280000,22.060000,24.730000,25.400000,24.600000
2022-12-09,393.280000,397.620000,393.150000,282.040000,285.640000,281.590000,178.620000,180.810000,178.560000,75.040000,75.320000,74.820000,108.860000,109.400000,108.820000,22.830000,23.210000,22.180000,25.210000,25.270000,24.600000
2022-12-12,398.950000,398.930000,393.410000,285.580000,285.640000,281.160000,180.720000,181.090000,178.000000,75.330000,75.400000,75.090000,108.720000,109.740000,108.650000,25.000000,25.050000,24.180000,25.670000,25.760000,25.370000
2022-12-13,401.970000,410.490000,399.070000,288.650000,296.880000,285.910000,181.380000,186.640000,180.140000,76.110000,76.700000,75.690000,109.670000,110.890000,109.470000,22.550000,25.840000,21.460000,24.290000,25.300000,23.590000
2022-12-14,399.400000,405.500000,396.310000,286.510000,291.410000,283.190000,180.190000,182.910000,178.830000,75.680000,76.210000,75.210000,109.770000,109.930000,108.770000,21.140000,23.470000,21.070000,23.460000,24.690000,23.110000
2022-12-15,389.630000,395.250000,387.880000,276.890000,283.010000,275.670000,175.680000,178.600000,175.040000,75.000000,75.110000,74.630000,109.530000,109.720000,109.160000,22.830000,23.670000,21.250000,25.080000,25.530000,23.960000
2022-12-16,383.270000,386.580000,381.040000,274.250000,277.770000,272.610000,174.370000,175.110000,172.670000,74.600000,74.810000,74.410000,109.060000,109.200000,108.480000,22.620000,23.830000,22.090000,25.150000,25.850000,24.770000
2022-12-19,380.020000,383.820000,378.280000,269.750000,273.960000,268.490000,172.010000,175.060000,171.470000,74.220000,74.460000,74.060000,107.960000,108.450000,107.700000,22.420000,22.860000,21.610000,25.080000,25.430000,24.550000
2022-12-20,380.540000,382.230000,377.850000,269.540000,271.320000,266.950000,172.920000,174.020000,171.180000,74.030000,74.190000,73.690000,106.690000,107.020000,106.520000,21.480000,23.390000,21.350000,24.400000,25.250000,24.330000
2022-12-21,386.230000,387.410000,382.690000,273.450000,274.780000,269.740000,175.900000,176.800000,174.200000,74.660000,74.800000,74.340000,107.420000,107.520000,107.010000,20.070000,21.290000,19.940000,23.350000,23.830000,23.340000
2022-12-22,380.720000,383.380000,374.770000,266.760000,270.520000,262.450000,173.600000,174.490000,170.670000,74.200000,74.490000,73.920000,107.390000,107.540000,107.140000,21.970000,24.300000,20.010000,24.780000,26.100000,23.660000
2022-12-23,382.910000,383.060000,378.030000,267.360000,268.040000,263.530000,174.390000,174.450000,172.340000,74.390000,74.450000,73.950000,107.060000,107.310000,106.830000,20.870000,22.640000,20.780000,24.130000,25.120000,24.020000
2022-12-27,381.400000,383.150000,379.650000,263.580000,266.850000,263.030000,173.220000,174.570000,172.580000,73.620000,74.370000,73.580000,105.680000,106.540000,105.640000,21.650000,22.800000,21.590000,24.430000,24.980000,24.330000
2022-12-28,376.660000,383.390000,376.420000,260.100000,265.470000,259.730000,170.530000,174.100000,170.340000,72.630000,73.830000,72.590000,105.350000,106.230000,105.350000,22.140000,22.260000,20.960000,24.580000,24.670000,23.970000
2022-12-29,383.440000,384.350000,379.080000,266.440000,267.410000,262.250000,174.850000,175.250000,171.400000,73.570000,73.620000,72.750000,106.100000,106.140000,105.660000,21.440000,22.310000,21.360000,23.950000,24.390000,23.810000
2022-12-30,382.430000,382.530000,378.430000,266.280000,266.410000,262.290000,174.360000,174.730000,172.610000,73.630000,73.670000,73.280000,105.430000,105.940000,105.170000,21.670000,22.400000,21.590000,24.290000,24.770000,24.060000
2023-01-03,380.820000,386.430000,377.830000,264.480000,270.160000,262.130000,173.400000,177.320000,171.900000,73.770000,74.190000,73.660000,106.160000,106.990000,105.850000,22.900000,23.760000,22.730000,24.580000,25.300000,24.320000
2023-01-04,383.760000,385.880000,380.000000,265.740000,267.450000,262.530000,175.560000,176.670000,174.280000,74.620000,74.660000,73.990000,106.930000,107.100000,106.520000,22.010000,23.270000,21.940000,23.810000,24.490000,23.770000
2023-01-05,379.380000,381.840000,378.760000,261.580000,264.210000,261.260000,173.680000,174.760000,172.390000,74.470000,74.540000,74.180000,106.850000,106.960000,106.090000,22.460000,22.920000,21.970000,24.070000,24.630000,23.880000
2023-01-06,388.080000,389.250000,379.450000,268.800000,269.940000,260.340000,177.580000,178.040000,173.870000,75.530000,75.780000,74.700000,108.600000,108.770000,106.890000,21.130000,22.900000,21.000000,23.180000,23.890000,22.930000
2023-01-09,387.860000,393.700000,387.670000,270.540000,275.290000,269.920000,177.880000,180.120000,177.650000,75.800000,75.960000,75.640000,109.030000,109.290000,108.330000,21.970000,21.980000,21.270000,23.740000,23.760000,23.080000
2023-01-10,390.580000,390.650000,386.270000,272.830000,272.930000,268.970000,180.510000,180.620000,177.300000,75.710000,75.870000,75.530000,108.660000,108.830000,108.240000,20.580000,22.460000,20.580000,22.740000,23.810000,22.720000
2023-01-11,395.520000,395.600000,391.380000,277.550000,277.660000,273.120000,182.760000,182.790000,180.680000,76.210000,76.250000,75.850000,109.590000,109.640000,109.170000,21.090000,21.250000,20.620000,22.740000,22.930000,22.610000
2023-01-12,396.960000,398.490000,392.420000,279.050000,280.100000,273.740000,185.830000,185.950000,181.920000,76.640000,76.700000,76.050000,110.830000,110.850000,109.240000,18.830000,21.800000,18.830000,21.580000,22.430000,21.570000
2023-01-13,398.500000,399.100000,393.340000,280.970000,281.220000,276.160000,187.050000,187.340000,184.330000,76.640000,76.770000,76.210000,110.470000,110.890000,110.310000,19.490000,19.410000,18.010000,21.140000,21.970000,20.780000
2023-01-17,397.770000,400.230000,397.060000,281.540000,282.850000,279.580000,186.820000,187.840000,186.230000,76.380000,76.550000,76.290000,110.070000,110.410000,109.920000,19.360000,20.220000,19.210000,21.450000,21.860000,21.210000
2023-01-18,391.490000,400.120000,391.280000,277.880000,284.690000,277.670000,183.800000,188.960000,183.690000,76.470000,77.080000,76.450000,111.360000,111.950000,110.860000,20.340000,20.580000,18.780000,22.270000,22.420000,21.150000
2023-01-19,388.640000,391.080000,387.260000,275.150000,277.380000,273.890000,182.040000,183.100000,180.780000,76.020000,76.330000,75.950000,111.130000,111.230000,110.750000,20.520000,21.710000,20.170000,22.450000,23.280000,22.140000
2023-01-20,395.880000,396.040000,388.380000,282.680000,283.020000,275.710000,185.040000,185.150000,181.270000,76.170000,76.170000,75.730000,110.550000,110.680000,110.120000,19.850000,20.700000,19.410000,21.720000,22.550000,21.550000
2023-01-23,400.630000,402.650000,395.720000,288.960000,290.210000,282.730000,187.330000,188.120000,184.580000,76.160000,76.370000,75.970000,110.230000,110.520000,110.070000,19.810000,20.330000,19.550000,21.600000,21.930000,21.340000
2023-01-24,400.200000,401.150000,397.640000,288.370000,289.550000,286.780000,186.930000,187.830000,185.880000,76.210000,76.250000,75.880000,110.810000,110.940000,109.920000,19.200000,20.470000,18.910000,20.910000,21.810000,20.810000
2023-01-25,400.350000,400.700000,393.560000,287.730000,288.360000,281.180000,187.450000,187.510000,183.870000,76.200000,76.280000,75.870000,110.860000,110.960000,110.330000,19.080000,20.900000,18.990000,20.940000,22.130000,20.810000
2023-01-26,404.750000,404.920000,400.030000,293.340000,293.520000,288.510000,188.560000,189.850000,186.290000,76.390000,76.470000,76.090000,110.820000,111.080000,110.370000,18.730000,19.480000,18.670000,20.700000,21.120000,20.620000
2023-01-27,405.680000,408.160000,403.440000,296.260000,298.260000,291.880000,189.580000,190.300000,187.790000,76.160000,76.370000,76.040000,110.500000,110.660000,110.280000,18.510000,19.000000,17.970000,20.470000,20.740000,20.040000
2023-01-30,400.590000,405.130000,400.280000,290.270000,294.380000,289.890000,186.940000,189.610000,186.830000,75.740000,76.030000,75.720000,110.080000,110.620000,110.010000,19.940000,20.250000,19.540000,21.370000,21.680000,20.990000
2023-01-31,406.480000,406.530000,400.770000,294.620000,294.720000,290.200000,191.480000,191.580000,187.380000,76.330000,76.360000,75.920000,110.870000,110.950000,110.070000,19.400000,20.700000,19.130000,20.810000,21.510000,20.750000
2023-02-01,410.800000,413.670000,402.350000,300.920000,303.430000,292.300000,194.490000,196.190000,190.130000,76.760000,76.980000,75.770000,111.650000,111.900000,110.280000,17.870000,20.040000,17.700000,19.970000,21.450000,19.930000
2023-02-02,416.780000,418.310000,412.880000,311.720000,313.680000,306.730000,198.320000,199.260000,195.660000,77.200000,77.340000,77.070000,111.810000,112.510000,111.700000,18.730000,19.250000,17.060000,20.840000,21.110000,19.540000
2023-02-03,412.350000,416.970000,411.090000,306.180000,312.390000,304.540000,196.990000,199.130000,195.700000,76.390000,76.860000,76.330000,110.540000,110.900000,110.280000,18.330000,19.300000,17.930000,20.780000,21.400000,20.540000
2023-02-06,409.830000,411.290000,408.100000,303.590000,305.910000,302.220000,194.140000,196.380000,193.370000,75.900000,76.100000,75.790000,109.690000,110.010000,109.610000,19.430000,19.810000,19.210000,21.430000,21.560000,21.140000
2023-02-07,415.190000,416.490000,407.570000,309.880000,311.030000,302.320000,195.580000,196.100000,191.650000,76.170000,76.360000,75.780000,109.330000,110.120000,109.190000,18.660000,19.990000,18.430000,20.780000,21.700000,20.670000
2023-02-08,410.650000,414.530000,409.930000,304.370000,309.500000,303.670000,192.720000,195.370000,192.200000,75.850000,76.160000,75.690000,109.440000,109.640000,108.950000,19.630000,20.120000,18.550000,21.820000,22.020000,20.750000
2023-02-09,407.090000,414.570000,405.810000,301.680000,308.990000,300.200000,189.930000,195.120000,189.430000,75.360000,76.110000,75.290000,108.520000,109.970000,108.460000,20.710000,21.080000,19.020000,22.500000,22.710000,21.190000
2023-02-10,408.040000,408.440000,405.010000,299.700000,301.570000,297.250000,190.310000,190.630000,188.530000,74.780000,75.250000,74.680000,107.760000,108.450000,107.720000,20.530000,21.940000,20.440000,22.550000,23.430000,22.490000
2023-02-13,412.830000,412.970000,408.240000,304.500000,305.100000,299.930000,192.600000,192.860000,189.310000,74.970000,75.220000,74.750000,108.160000,108.160000,107.770000,20.340000,21.690000,20.330000,21.970000,22.620000,21.970000
2023-02-14,412.640000,415.050000,408.510000,306.750000,307.720000,300.910000,192.510000,193.950000,190.080000,74.990000,75.190000,74.510000,107.890000,108.350000,107.220000,18.910000,20.750000,18.480000,21.140000,21.860000,20.820000
2023-02-15,413.980000,414.000000,409.470000,309.100000,309.270000,304.200000,194.460000,194.560000,190.530000,74.870000,74.880000,74.580000,107.480000,107.790000,107.200000,18.230000,19.410000,18.110000,20.680000,21.190000,20.650000
2023-02-16,408.280000,412.910000,408.140000,303.300000,308.430000,303.150000,192.600000,194.870000,191.250000,74.270000,74.590000,74.230000,106.620000,107.180000,106.550000,20.170000,20.270000,18.230000,21.880000,21.930000,20.600000
2023-02-17,407.260000,407.510000,404.050000,301.160000,301.930000,298.100000,193.130000,193.370000,190.970000,74.560000,74.680000,73.870000,107.040000,107.030000,106.220000,21.230000,21.300000,19.820000,21.770000,22.590000,21.590000
2023-02-21,399.090000,404.160000,398.820000,294.030000,298.730000,293.890000,187.430000,191.340000,187.240000,73.410000,74.030000,73.110000,105.520000,106.250000,105.470000,22.870000,23.340000,21.800000,23.380000,23.530000,22.580000
2023-02-22,398.540000,401.130000,397.020000,294.250000,296.360000,292.560000,187.940000,189.150000,186.750000,73.890000,74.190000,73.600000,105.820000,106.270000,105.770000,22.290000,23.630000,22.020000,22.680000,23.630000,22.490000
2023-02-23,400.660000,402.200000,396.250000,296.820000,298.130000,292.550000,189.280000,190.300000,186.700000,74.620000,74.730000,74.130000,106.650000,106.690000,106.050000,21.140000,22.430000,20.890000,21.740000,22.700000,21.580000
2023-02-24,396.380000,397.250000,393.640000,291.850000,292.970000,290.050000,187.510000,187.780000,185.780000,74.170000,74.320000,73.920000,105.850000,106.050000,105.580000,21.670000,22.900000,21.320000,22.430000,23.010000,22.190000
2023-02-27,397.730000,401.290000,396.750000,293.940000,296.490000,293.340000,188.170000,190.200000,187.600000,74.670000,74.770000,74.380000,105.880000,106.290000,105.800000,20.950000,22.020000,20.680000,21.590000,21.920000,21.440000
2023-02-28,396.260000,399.280000,396.180000,293.560000,296.130000,292.960000,188.180000,190.020000,188.070000,74.530000,74.640000,74.420000,105.920000,106.000000,105.270000,20.700000,21.370000,20.100000,21.320000,21.680000,20.920000
2023-03-01,394.740000,396.690000,393.380000,291.200000,293.930000,290.200000,188.420000,189.490000,187.190000,73.870000,74.100000,73.690000,104.890000,105.360000,104.750000,20.580000,21.320000,20.220000,21.360000,21.830000,20.980000
2023-03-02,397.810000,398.690000,392.330000,293.610000,294.430000,288.370000,188.870000,189.300000,186.120000,73.960000,74.050000,73.480000,104.980000,104.980000,104.320000,19.590000,21.420000,19.550000,20.630000,21.730000,20.610000
2023-03-03,404.190000,404.450000,399.030000,299.680000,299.920000,294.870000,191.500000,191.930000,188.420000,74.720000,74.810000,74.170000,106.170000,106.230000,105.440000,18.490000,19.760000,18.160000,19.980000,21.400000,19.940000
2023-03-06,404.470000,407.450000,404.030000,300.020000,304.000000,299.820000,188.700000,191.740000,187.900000,74.720000,74.990000,74.660000,105.880000,106.540000,105.820000,18.610000,19.190000,18.490000,19.990000,20.260000,19.880000
2023-03-07,398.270000,404.670000,397.620000,296.340000,301.010000,295.720000,186.510000,189.070000,186.220000,74.190000,74.770000,74.180000,105.580000,106.200000,105.340000,19.590000,19.740000,18.510000,20.590000,20.730000,19.800000
2023-03-08,398.920000,399.710000,396.590000,297.820000,298.430000,294.880000,186.600000,187.610000,185.120000,73.840000,74.360000,73.690000,105.410000,106.170000,105.150000,19.110000,20.010000,19.000000,20.190000,20.780000,20.130000
2023-03-09,391.560000,401.480000,390.530000,292.660000,300.980000,291.820000,181.410000,187.270000,181.280000,73.430000,74.220000,73.350000,105.310000,105.830000,105.150000,22.610000,23.140000,18.880000,22.870000,22.890000,19.910000
2023-03-10,385.910000,393.160000,384.320000,288.550000,294.350000,287.380000,176.180000,180.390000,174.250000,73.440000,73.950000,73.170000,106.820000,107.140000,106.240000,24.800000,28.970000,21.790000,25.390000,28.670000,22.810000
2023-03-13,385.360000,390.390000,380.650000,290.690000,294.470000,285.190000,173.310000,176.400000,171.070000,73.040000,73.980000,72.830000,106.910000,108.260000,106.490000,26.520000,30.810000,23.850000,26.640000,29.420000,25.730000
2023-03-14,391.730000,393.450000,387.050000,297.370000,297.930000,293.450000,176.520000,179.260000,174.610000,73.570000,73.910000,73.270000,106.590000,107.570000,106.420000,23.730000,27.240000,22.270000,24.870000,26.000000,23.380000
2023-03-15,389.280000,389.490000,383.710000,298.930000,299.270000,293.240000,173.610000,173.910000,170.370000,73.330000,73.400000,72.610000,107.610000,108.100000,106.990000,26.140000,29.910000,23.190000,27.200000,30.050000,26.880000
2023-03-16,396.110000,396.470000,386.290000,306.810000,307.180000,297.190000,175.980000,177.380000,170.490000,73.810000,73.950000,73.020000,107.450000,108.300000,107.120000,22.990000,27.490000,22.970000,24.560000,28.230000,24.540000
2023-03-17,389.990000,394.400000,388.550000,305.360000,309.150000,303.370000,171.230000,174.760000,170.860000,73.370000,73.780000,73.230000,107.990000,108.420000,107.610000,25.510000,26.140000,22.580000,27.420000,27.820000,25.060000
2023-03-20,393.740000,394.170000,390.070000,305.970000,306.300000,302.010000,173.450000,175.370000,172.520000,73.170000,73.560000,73.070000,107.670000,108.280000,107.560000,24.150000,28.910000,24.000000,25.850000,27.720000,25.730000
2023-03-21,398.910000,399.410000,395.580000,310.340000,310.800000,306.390000,176.650000,178.180000,175.960000,73.970000,74.080000,73.490000,108.190000,108.250000,107.690000,21.380000,24.160000,21.290000,23.570000,24.520000,23.450000
2023-03-22,392.110000,402.490000,392.070000,306.120000,315.250000,305.950000,171.640000,177.350000,171.530000,74.040000,74.790000,73.710000,108.820000,109.590000,107.800000,22.260000,22.380000,19.940000,24.380000,24.430000,22.410000
2023-03-23,393.170000,399.290000,390.350000,309.750000,314.150000,307.010000,170.250000,174.390000,168.710000,73.750000,74.370000,73.520000,109.130000,109.220000,108.380000,22.610000,24.910000,20.160000,24.530000,25.750000,22.720000
2023-03-24,395.750000,395.840000,389.400000,310.890000,310.990000,306.950000,171.790000,172.110000,167.450000,73.600000,73.690000,73.390000,109.470000,109.690000,109.180000,21.740000,25.210000,21.600000,23.960000,26.550000,23.880000
2023-03-27,396.490000,398.920000,395.560000,308.760000,312.700000,307.890000,173.700000,174.730000,172.360000,73.420000,73.860000,73.420000,108.160000,108.990000,108.130000,20.600000,22.930000,20.570000,22.870000,23.770000,22.840000
2023-03-28,395.600000,396.490000,393.690000,307.120000,308.200000,304.770000,173.450000,174.510000,172.690000,73.380000,73.480000,73.130000,107.980000,108.210000,107.740000,19.970000,21.400000,19.910000,22.380000,23.310000,22.320000
2023-03-29,401.350000,401.600000,398.680000,312.720000,313.350000,310.050000,175.420000,175.550000,173.960000,74.300000,74.310000,73.650000,108.480000,108.520000,107.720000,19.120000,19.450000,19.090000,21.490000,21.850000,21.480000
2023-03-30,403.700000,404.350000,401.760000,315.680000,316.320000,313.930000,175.180000,177.310000,174.440000,74.740000,74.750000,74.270000,108.630000,108.850000,108.460000,19.020000,20.080000,18.850000,21.450000,22.160000,21.320000
2023-03-31,409.390000,409.700000,404.550000,320.930000,321.170000,315.600000,178.400000,178.640000,176.370000,75.550000,75.650000,74.950000,109.610000,109.690000,108.850000,18.700000,19.430000,18.520000,21.230000,21.500000,21.020000
2023-04-03,410.950000,411.370000,408.440000,320.150000,320.420000,317.420000,178.480000,179.780000,176.490000,75.150000,75.300000,74.970000,109.930000,110.020000,109.000000,18.550000,19.830000,18.540000,20.830000,21.750000,20.830000
2023-04-04,408.670000,411.920000,407.240000,319.070000,321.630000,317.820000,175.350000,179.100000,174.320000,74.930000,75.260000,74.840000,110.070000,110.200000,109.290000,19.000000,20.030000,18.580000,21.340000,22.050000,20.940000
2023-04-05,407.600000,408.700000,405.880000,315.920000,318.310000,314.070000,173.630000,174.830000,172.530000,74.510000,74.950000,74.420000,110.430000,110.580000,110.050000,19.080000,20.080000,19.000000,21.480000,22.160000,21.400000
2023-04-06,409.190000,409.480000,405.670000,318.050000,318.550000,312.820000,173.890000,174.460000,172.680000,74.840000,74.960000,74.290000,110.330000,110.600000,110.230000,18.400000,19.880000,18.350000,21.000000,21.950000,20.860000
2023-04-10,409.610000,409.690000,405.970000,317.870000,317.920000,313.250000,175.750000,175.880000,173.030000,74.770000,74.810000,74.410000,109.820000,109.890000,109.350000,18.970000,20.050000,18.930000,21.070000,21.990000,21.050000
2023-04-11,409.720000,411.180000,408.920000,315.830000,317.890000,315.310000,177.140000,177.970000,176.120000,74.930000,75.100000,74.710000,109.790000,109.950000,109.550000,19.100000,19.280000,18.560000,21.010000,21.150000,20.640000
2023-04-12,408.050000,412.170000,407.440000,313.040000,318.420000,312.560000,175.840000,178.980000,175.580000,74.910000,75.380000,74.840000,109.560000,110.310000,109.390000,19.090000,19.980000,18.250000,21.050000,21.370000,20.320000
2023-04-13,413.470000,413.840000,408.700000,319.170000,319.650000,314.640000,178.170000,178.690000,175.930000,75.420000,75.620000,75.040000,109.750000,110.050000,109.550000,17.800000,19.060000,17.770000,20.260000,20.810000,20.220000
2023-04-14,412.460000,415.090000,410.060000,318.570000,320.360000,315.610000,176.510000,179.220000,175.340000,75.280000,75.550000,75.080000,109.390000,109.570000,109.030000,17.070000,18.120000,17.070000,20.030000,20.610000,19.950000
2023-04-17,413.940000,413.960000,411.080000,318.840000,319.200000,316.040000,178.780000,178.860000,176.750000,75.080000,75.160000,74.810000,108.700000,109.170000,108.580000,16.950000,17.790000,16.900000,19.650000,20.330000,19.600000
2023-04-18,414.210000,415.720000,412.780000,318.860000,321.420000,317.640000,178.020000,179.630000,176.940000,75.130000,75.360000,74.980000,109.060000,109.230000,108.900000,16.830000,17.340000,16.580000,19.820000,19.930000,19.480000
2023-04-19,414.140000,415.080000,412.160000,318.710000,319.790000,316.280000,178.250000,178.790000,176.580000,74.830000,74.990000,74.780000,108.520000,108.800000,108.460000,16.460000,17.720000,16.170000,20.020000,20.190000,19.700000
2023-04-20,411.880000,413.700000,410.270000,316.280000,319.270000,314.970000,177.330000,178.430000,176.520000,74.760000,74.880000,74.550000,108.930000,109.100000,108.740000,17.170000,17.690000,16.330000,20.550000,20.850000,20.000000
2023-04-21,412.200000,412.680000,410.170000,316.610000,317.400000,314.100000,177.560000,177.960000,175.860000,74.990000,75.030000,74.690000,109.000000,109.410000,108.650000,16.770000,17.710000,16.580000,20.390000,21.020000,20.270000
2023-04-24,412.630000,413.070000,410.600000,315.950000,317.740000,313.740000,177.440000,178.450000,176.490000,75.200000,75.260000,74.950000,109.480000,109.510000,109.100000,16.890000,18.240000,16.740000,20.400000,20.830000,20.280000
2023-04-25,406.080000,411.160000,406.020000,309.990000,314.970000,309.890000,173.060000,175.940000,173.010000,75.080000,75.300000,75.010000,109.960000,110.230000,109.910000,18.760000,19.860000,17.330000,21.650000,22.230000,20.620000
2023-04-26,404.360000,407.840000,403.780000,311.870000,314.940000,311.340000,171.390000,173.400000,171.000000,74.790000,75.120000,74.680000,109.480000,110.130000,109.370000,18.840000,19.610000,17.870000,21.540000,21.970000,20.910000
2023-04-27,412.410000,412.690000,406.740000,320.350000,320.860000,315.050000,173.680000,173.860000,170.940000,75.040000,75.250000,74.800000,109.080000,109.390000,109.030000,17.030000,18.430000,16.720000,20.370000,20.950000,20.190000
2023-04-28,415.930000,415.940000,411.430000,322.560000,322.650000,318.960000,175.200000,175.830000,173.180000,75.360000,75.480000,75.060000,109.930000,109.990000,109.510000,15.780000,17.650000,15.720000,19.540000,20.320000,19.540000
2023-05-01,415.510000,417.620000,415.260000,322.190000,323.630000,321.090000,175.300000,177.340000,174.760000,74.690000,75.000000,74.530000,107.790000,108.980000,107.610000,16.080000,16.620000,15.530000,19.670000,19.830000,19.170000
2023-05-02,410.840000,414.830000,407.820000,319.380000,322.450000,317.610000,171.700000,174.450000,169.920000,74.620000,74.740000,74.370000,109.090000,109.110000,108.060000,17.780000,19.810000,16.260000,20.750000,22.210000,20.080000
2023-05-03,408.020000,413.870000,407.770000,317.290000,322.470000,317.180000,172.330000,175.700000,172.190000,74.580000,75.040000,74.550000,109.270000,109.550000,108.840000,18.340000,18.830000,17.190000,21.290000,21.670000,20.360000
2023-05-04,405.130000,407.270000,403.740000,316.170000,318.230000,315.110000,170.400000,171.560000,168.780000,74.360000,74.410000,74.090000,108.970000,109.260000,108.550000,20.090000,21.330000,18.670000,22.770000,23.480000,21.820000
2023-05-05,412.630000,413.720000,408.640000,322.890000,323.760000,318.100000,174.450000,175.100000,173.100000,74.760000,74.860000,74.480000,108.540000,108.820000,108.340000,17.190000,19.630000,16.690000,20.780000,21.570000,20.510000
2023-05-08,412.740000,413.240000,411.280000,323.690000,324.040000,321.310000,174.050000,175.550000,173.130000,74.550000,74.700000,74.380000,107.760000,108.030000,107.620000,16.980000,17.880000,16.830000,20.710000,21.230000,20.620000
2023-05-09,410.930000,412.090000,410.680000,321.640000,322.880000,321.320000,173.530000,174.270000,172.160000,74.360000,74.480000,74.270000,107.720000,107.990000,107.690000,17.710000,17.860000,17.220000,21.170000,21.280000,20.940000
2023-05-10,412.850000,414.540000,408.870000,325.140000,326.010000,321.600000,174.410000,176.020000,172.720000,74.810000,74.920000,74.530000,108.570000,108.590000,108.250000,16.940000,18.310000,16.360000,20.690000,21.700000,20.340000
2023-05-11,412.130000,412.430000,409.970000,326.200000,326.750000,324.120000,173.070000,173.780000,172.110000,74.690000,74.770000,74.610000,108.990000,109.250000,108.850000,16.930000,18.190000,16.630000,20.620000,21.510000,20.500000
2023-05-12,411.590000,413.640000,409.070000,325.030000,327.170000,322.940000,172.720000,174.210000,171.650000,74.420000,74.790000,74.280000,108.320000,109.070000,108.300000,17.030000,17.920000,16.380000,20.660000,21.230000,20.200000
2023-05-15,413.010000,413.430000,410.230000,326.790000,327.030000,323.960000,174.830000,175.710000,172.820000,74.400000,74.490000,74.300000,107.740000,107.850000,107.600000,17.120000,18.160000,17.080000,20.310000,21.120000,20.260000
2023-05-16,410.250000,412.820000,410.240000,327.160000,328.910000,326.020000,172.280000,173.750000,172.230000,73.880000,74.280000,73.810000,107.200000,107.390000,107.090000,17.990000,18.300000,17.260000,20.900000,21.140000,20.380000
2023-05-17,415.230000,415.860000,410.630000,331.120000,331.710000,327.040000,176.120000,176.500000,172.160000,74.080000,74.340000,73.930000,107.190000,107.480000,107.070000,16.870000,18.260000,16.680000,20.050000,20.850000,19.980000
2023-05-18,419.230000,419.670000,414.670000,337.270000,337.490000,331.500000,177.190000,177.570000,175.020000,74.120000,74.190000,73.810000,106.740000,106.930000,106.590000,16.050000,17.150000,16.050000,19.330000,20.230000,19.260000
2023-05-19,418.620000,420.720000,417.350000,336.510000,338.210000,335.430000,176.110000,178.640000,175.250000,74.200000,74.360000,74.070000,106.610000,106.900000,106.490000,16.810000,17.360000,15.850000,20.040000,20.400000,19.140000
2023-05-22,418.790000,420.390000,417.350000,337.640000,338.670000,336.240000,178.260000,179.020000,176.040000,74.530000,74.670000,74.220000,106.570000,106.930000,106.500000,17.210000,18.130000,16.820000,20.360000,20.820000,20.000000
2023-05-23,414.090000,418.130000,413.680000,333.360000,337.060000,333.000000,177.420000,180.530000,177.380000,74.140000,74.480000,74.070000,106.790000,106.890000,106.290000,18.530000,19.310000,17.300000,21.060000,21.550000,20.420000
2023-05-24,411.090000,412.820000,409.870000,331.650000,332.910000,329.560000,175.540000,176.740000,174.670000,73.620000,74.020000,73.470000,106.370000,106.890000,106.310000,20.030000,20.810000,18.800000,22.020000,22.470000,21.650000
2023-05-25,414.650000,416.160000,412.410000,339.720000,341.010000,336.660000,174.170000,175.530000,172.690000,73.570000,73.910000,73.550000,106.020000,106.560000,105.980000,19.140000,19.950000,18.700000,21.380000,21.830000,21.170000
2023-05-26,420.020000,420.770000,415.250000,348.400000,349.250000,340.660000,176.150000,176.380000,174.020000,74.020000,74.110000,73.620000,106.470000,106.510000,105.960000,17.460000,19.560000,17.270000,20.440000,21.150000,20.020000
2023-05-30,420.180000,422.580000,418.730000,349.980000,353.930000,348.530000,175.500000,177.560000,174.760000,74.340000,74.350000,74.090000,107.270000,107.270000,106.880000,17.460000,18.340000,16.980000,20.130000,20.770000,19.760000
2023-05-31,417.850000,419.220000,416.220000,347.990000,350.600000,346.510000,173.770000,176.010000,172.360000,74.110000,74.250000,73.950000,107.620000,107.740000,107.070000,17.940000,18.400000,17.120000,20.210000,20.880000,19.870000
2023-06-01,421.820000,422.920000,416.790000,352.010000,353.360000,346.660000,175.650000,176.240000,172.930000,74.200000,74.310000,73.780000,107.600000,107.860000,107.440000,15.650000,17.590000,15.580000,18.750000,20.080000,18.710000
2023-06-02,427.920000,428.740000,423.950000,354.650000,355.830000,352.010000,182.020000,182.090000,177.450000,74.580000,74.770000,74.300000,107.310000,107.760000,107.220000,14.600000,15.650000,14.420000,17.920000,18.440000,17.760000
2023-06-05,427.100000,429.670000,426.370000,354.900000,357.500000,353.850000,179.580000,181.390000,178.440000,74.520000,74.550000,74.340000,107.080000,107.490000,106.810000,14.730000,15.290000,14.660000,17.900000,18.330000,17.900000
2023-06-06,428.030000,428.580000,425.990000,354.840000,355.820000,352.930000,184.310000,184.960000,178.930000,74.640000,74.660000,74.320000,107.290000,107.320000,106.820000,13.960000,14.970000,13.950000,17.040000,18.090000,16.880000
2023-06-07,426.550000,429.620000,426.110000,348.820000,357.120000,348.180000,187.240000,187.770000,184.960000,74.230000,74.790000,74.140000,106.330000,107.320000,106.270000,13.940000,14.290000,13.770000,17.140000,17.440000,16.870000
2023-06-08,429.130000,429.600000,425.820000,353.150000,353.620000,348.890000,186.540000,187.380000,184.910000,74.700000,74.740000,74.230000,107.040000,107.100000,106.410000,13.650000,14.210000,13.530000,16.860000,17.410000,16.740000
2023-06-09,429.900000,431.990000,428.870000,354.500000,357.660000,353.030000,185.030000,186.610000,184.450000,74.720000,74.870000,74.690000,106.760000,106.920000,106.580000,13.830000,14.140000,13.500000,16.960000,17.250000,16.700000
2023-06-12,433.800000,433.880000,430.170000,360.490000,360.590000,355.200000,185.800000,186.680000,184.220000,74.640000,74.800000,74.480000,107.100000,107.110000,106.420000,15.010000,15.020000,14.320000,17.280000,17.460000,17.090000
2023-06-13,436.660000,437.330000,434.630000,363.260000,364.110000,360.030000,187.930000,188.980000,186.270000,74.730000,74.940000,74.620000,106.620000,107.390000,106.440000,14.610000,15.060000,14.470000,17.230000,17.340000,16.890000
2023-06-14,437.180000,439.070000,433.590000,365.900000,366.190000,360.420000,185.910000,189.240000,184.550000,74.760000,74.990000,74.410000,106.950000,107.220000,106.420000,13.880000,14.730000,13.830000,16.860000,17.380000,16.790000
2023-06-15,442.600000,443.900000,436.230000,370.260000,371.770000,363.980000,187.440000,187.570000,184.910000,75.120000,75.150000,74.810000,107.880000,107.900000,107.270000,14.500000,14.520000,13.790000,17.180000,17.170000,16.810000
2023-06-16,439.460000,443.180000,438.970000,367.930000,372.850000,367.480000,185.940000,188.550000,185.090000,74.930000,75.110000,74.900000,107.690000,107.790000,107.290000,14.190000,14.540000,13.480000,16.750000,17.500000,16.710000
2023-06-20,437.180000,438.370000,435.030000,366.900000,368.320000,363.880000,185.130000,185.570000,183.760000,74.730000,74.930000,74.730000,108.080000,108.200000,107.850000,13.880000,14.670000,13.860000,17.300000,17.980000,17.200000
2023-06-21,434.940000,436.990000,434.330000,361.900000,366.180000,360.960000,184.700000,185.910000,183.590000,74.540000,74.700000,74.390000,107.960000,108.090000,107.310000,13.200000,13.890000,13.100000,16.890000,17.340000,16.870000
2023-06-22,436.510000,436.620000,433.600000,366.170000,366.330000,360.220000,183.330000,184.270000,182.480000,74.320000,74.480000,74.300000,107.400000,107.800000,107.220000,12.910000,13.980000,12.730000,16.560000,17.270000,16.450000
2023-06-23,433.210000,435.060000,432.470000,362.540000,364.880000,360.820000,180.570000,182.410000,180.050000,74.190000,74.260000,74.000000,107.700000,108.120000,107.490000,13.440000,13.800000,12.880000,16.870000,17.150000,16.420000
2023-06-26,431.440000,434.610000,431.190000,357.680000,364.840000,357.590000,180.750000,182.740000,180.370000,74.230000,74.330000,74.090000,107.820000,108.020000,107.760000,14.250000,14.710000,13.780000,17.050000,17.120000,16.740000
2023-06-27,436.170000,436.810000,431.880000,363.830000,364.570000,358.510000,183.360000,183.990000,180.400000,74.480000,74.550000,74.290000,107.700000,108.130000,107.460000,13.740000,14.340000,13.590000,16.440000,16.950000,16.260000
2023-06-28,436.390000,437.440000,434.410000,364.540000,366.520000,361.900000,184.260000,184.420000,182.120000,74.910000,74.910000,74.420000,108.170000,108.190000,107.630000,13.430000,13.960000,13.360000,15.900000,16.490000,15.810000
2023-06-29,438.110000,438.280000,435.540000,363.810000,364.890000,362.140000,186.380000,187.080000,184.430000,74.710000,74.720000,74.430000,107.350000,107.460000,107.010000,13.540000,13.850000,13.410000,16.100000,16.220000,15.980000
2023-06-30,443.280000,444.300000,441.110000,369.420000,370.490000,367.230000,187.270000,188.440000,186.910000,75.070000,75.240000,74.890000,108.140000,108.210000,107.440000,13.590000,13.590000,12.960000,16.020000,16.020000,15.520000
2023-07-03,443.790000,444.080000,442.630000,370.290000,370.930000,368.970000,187.650000,188.840000,186.740000,74.550000,74.690000,74.520000,107.490000,108.160000,107.490000,13.580000,13.850000,13.470000,16.070000,16.140000,15.930000
2023-07-05,443.130000,443.890000,441.900000,370.280000,372.010000,368.660000,185.780000,187.220000,185.440000,74.320000,74.540000,74.200000,106.720000,107.380000,106.590000,14.180000,14.740000,14.050000,16.510000,16.660000,16.290000
2023-07-06,439.660000,440.100000,437.060000,367.460000,367.910000,364.520000,182.780000,183.710000,180.720000,73.780000,73.860000,73.580000,105.640000,105.940000,105.350000,15.440000,17.080000,14.790000,17.520000,18.780000,17.370000
2023-07-07,438.550000,442.640000,438.300000,366.240000,370.480000,366.010000,184.710000,186.490000,182.930000,73.850000,74.330000,73.730000,105.540000,105.990000,105.520000,14.830000,16.060000,14.330000,17.240000,17.730000,16.820000
2023-07-10,439.660000,439.840000,437.580000,366.360000,367.050000,363.410000,187.870000,188.050000,184.160000,74.220000,74.300000,73.910000,106.090000,106.190000,105.580000,15.070000,16.210000,15.040000,17.250000,17.580000,17.200000
2023-07-11,442.460000,442.970000,439.440000,368.170000,368.640000,364.620000,189.800000,190.080000,187.690000,74.620000,74.600000,74.290000,106.590000,106.660000,106.210000,14.840000,15.250000,14.630000,16.970000,17.230000,16.860000
2023-07-12,446.020000,447.480000,444.910000,372.820000,374.190000,370.300000,191.870000,193.050000,191.360000,75.200000,75.310000,75.020000,107.530000,107.680000,107.120000,13.540000,14.820000,13.510000,16.110000,16.410000,16.050000
2023-07-13,449.560000,450.380000,447.450000,379.150000,379.990000,375.460000,193.420000,193.690000,191.800000,75.650000,75.730000,75.410000,108.290000,108.330000,107.870000,13.610000,13.610000,13.120000,16.120000,16.140000,15.770000
2023-07-14,449.280000,451.360000,448.490000,379.070000,382.860000,378.180000,191.530000,193.340000,190.290000,75.100000,75.630000,75.050000,107.450000,108.240000,107.410000,13.340000,13.760000,13.220000,16.040000,16.620000,16.000000
2023-07-17,450.840000,451.930000,449.080000,382.610000,383.500000,379.310000,193.580000,194.360000,191.140000,75.240000,75.360000,75.000000,107.630000,107.720000,107.350000,13.480000,14.000000,13.430000,16.270000,16.330000,16.010000
2023-07-18,454.190000,454.860000,450.040000,385.740000,387.130000,380.000000,195.970000,196.390000,193.490000,75.450000,75.550000,75.270000,107.900000,108.180000,107.850000,13.300000,13.670000,13.290000,16.130000,16.330000,16.070000
2023-07-19,455.200000,456.430000,454.370000,385.650000,387.980000,384.300000,196.800000,197.660000,195.930000,75.510000,75.650000,75.460000,108.510000,108.520000,108.080000,13.760000,13.840000,13.120000,16.560000,16.600000,15.950000
2023-07-20,452.180000,455.100000,451.440000,376.760000,384.100000,375.720000,195.080000,196.940000,194.260000,75.180000,75.300000,74.980000,107.780000,108.100000,107.490000,13.990000,14.230000,13.580000,16.660000,16.910000,16.390000
2023-07-21,452.180000,454.170000,452.170000,375.630000,379.920000,375.190000,194.460000,196.620000,194.090000,75.370000,75.490000,75.200000,107.970000,108.210000,107.880000,13.600000,13.890000,13.370000,16.400000,16.580000,16.160000
2023-07-24,454.200000,455.040000,452.750000,376.230000,377.580000,374.340000,194.940000,196.260000,193.990000,75.240000,75.540000,75.220000,107.840000,108.300000,107.810000,13.910000,14.300000,13.730000,16.260000,16.550000,16.170000
2023-07-25,455.440000,456.740000,453.870000,378.780000,380.470000,376.930000,194.920000,196.210000,194.420000,75.190000,75.270000,75.060000,107.670000,107.890000,107.540000,13.860000,14.090000,13.820000,16.220000,16.350000,16.100000
2023-07-26,455.510000,456.990000,453.380000,377.520000,379.240000,375.180000,196.460000,197.160000,194.710000,75.490000,75.560000,75.120000,108.170000,108.260000,107.690000,13.190000,14.160000,13.150000,15.790000,16.440000,15.640000
2023-07-27,452.490000,459.440000,451.550000,376.620000,384.710000,375.310000,193.920000,197.900000,193.180000,74.890000,75.690000,74.730000,106.850000,108.130000,106.720000,14.410000,15.020000,12.740000,16.630000,17.040000,15.480000
2023-07-28,456.920000,457.780000,455.060000,383.480000,384.520000,380.220000,196.430000,196.950000,195.500000,75.320000,75.380000,75.140000,107.550000,107.600000,107.130000,13.330000,14.180000,13.270000,15.920000,16.350000,15.810000
2023-07-31,457.790000,458.160000,456.040000,383.680000,384.880000,382.340000,198.710000,198.750000,196.910000,75.500000,75.600000,75.380000,107.850000,108.030000,107.580000,13.630000,14.090000,13.570000,16.010000,16.270000,15.960000
2023-08-01,456.480000,457.250000,455.490000,382.790000,383.560000,380.690000,197.800000,197.940000,195.780000,74.770000,74.960000,74.670000,106.410000,106.970000,106.320000,13.930000,14.300000,13.750000,16.340000,16.550000,16.210000
2023-08-02,450.130000,453.520000,449.340000,374.390000,379.260000,373.130000,195.110000,196.090000,194.090000,74.450000,74.520000,74.260000,105.760000,105.880000,105.390000,16.090000,16.480000,14.950000,17.960000,18.350000,17.350000
2023-08-03,448.840000,450.790000,447.370000,373.790000,375.950000,371.770000,194.560000,195.640000,193.060000,74.210000,74.360000,74.090000,104.810000,104.950000,104.560000,15.920000,17.420000,15.720000,17.720000,18.900000,17.650000
2023-08-04,446.810000,452.900000,446.270000,372.040000,378.100000,371.530000,194.170000,196.310000,193.710000,74.650000,74.940000,74.570000,105.900000,106.040000,105.180000,17.100000,17.390000,14.570000,18.610000,18.840000,16.940000
2023-08-07,450.710000,450.870000,447.990000,375.190000,375.290000,371.510000,194.300000,195.060000,192.680000,74.790000,74.840000,74.600000,105.640000,105.860000,105.490000,15.770000,17.360000,15.770000,17.720000,18.520000,17.720000
2023-08-08,448.750000,449.230000,445.270000,372.000000,372.660000,368.820000,193.080000,193.290000,190.520000,74.950000,75.000000,74.660000,106.060000,106.300000,105.920000,15.990000,18.140000,15.960000,18.130000,19.680000,18.070000
2023-08-09,445.750000,449.200000,444.970000,367.910000,372.450000,367.140000,191.570000,192.880000,190.750000,74.960000,75.050000,74.800000,106.160000,106.310000,106.050000,15.960000,16.870000,15.380000,18.050000,18.720000,17.670000
2023-08-10,445.910000,451.700000,444.700000,368.590000,374.360000,367.030000,190.720000,194.120000,189.890000,74.940000,75.350000,74.740000,105.410000,106.560000,105.380000,15.850000,16.860000,14.600000,18.160000,18.730000,16.990000
2023-08-11,445.650000,446.710000,443.340000,366.240000,368.000000,364.690000,190.990000,191.690000,189.740000,74.830000,74.860000,74.580000,105.050000,105.410000,104.980000,14.840000,16.510000,14.840000,17.560000,18.640000,17.580000
2023-08-14,448.110000,448.110000,444.380000,370.350000,370.470000,364.700000,190.660000,190.700000,188.640000,74.820000,74.930000,74.560000,105.010000,105.300000,104.700000,14.820000,16.060000,14.770000,17.410000,18.240000,17.340000
2023-08-15,442.890000,446.640000,442.300000,366.420000,370.170000,365.740000,188.140000,189.640000,188.030000,74.580000,74.790000,74.550000,104.460000,104.950000,104.460000,16.460000,16.570000,14.910000,18.590000,18.710000,17.810000
2023-08-16,439.640000,444.180000,439.530000,362.540000,367.430000,362.440000,185.840000,189.060000,185.810000,74.350000,74.750000,74.350000,103.990000,104.660000,103.860000,16.780000,16.930000,15.800000,18.970000,19.050000,18.150000
2023-08-17,436.290000,441.430000,435.750000,358.580000,364.310000,358.160000,183.650000,186.740000,183.630000,74.040000,74.420000,73.860000,103.710000,103.950000,103.400000,17.890000,18.130000,16.400000,19.830000,19.910000,18.660000
2023-08-18,436.500000,437.570000,433.010000,358.130000,359.410000,354.710000,184.650000,185.250000,181.940000,74.090000,74.320000,73.860000,104.100000,104.210000,103.620000,17.300000,18.880000,17.140000,19.240000,20.450000,19.080000
2023-08-21,439.340000,440.110000,435.320000,363.900000,364.590000,359.150000,184.380000,185.280000,183.070000,74.070000,74.140000,73.840000,103.480000,103.710000,103.260000,17.130000,18.110000,16.880000,18.770000,19.430000,18.610000
2023-08-22,438.150000,441.180000,437.570000,363.380000,366.560000,362.680000,183.830000,185.550000,183.220000,74.110000,74.260000,74.050000,103.800000,103.870000,103.420000,16.970000,17.580000,16.610000,18.720000,19.040000,18.460000
2023-08-23,443.030000,443.670000,439.100000,369.110000,370.220000,364.360000,185.790000,186.110000,183.420000,74.710000,74.820000,74.390000,105.260000,105.280000,104.480000,15.980000,17.100000,15.910000,17.940000,18.510000,17.900000
2023-08-24,436.890000,445.220000,436.850000,361.220000,372.740000,361.010000,183.220000,186.340000,183.200000,74.300000,74.720000,74.220000,104.900000,105.220000,104.870000,17.200000,17.320000,15.480000,18.750000,18.850000,17.620000
2023-08-25,439.970000,441.300000,435.000000,364.020000,365.740000,358.580000,184.000000,185.000000,181.610000,74.610000,74.700000,74.260000,104.960000,105.290000,104.520000,15.680000,17.360000,15.450000,17.720000,18.890000,17.490000
2023-08-28,442.760000,443.400000,440.860000,366.760000,367.710000,364.250000,185.640000,186.750000,184.820000,74.890000,74.930000,74.690000,105.290000,105.450000,105.040000,15.080000,16.280000,15.000000,17.120000,17.670000,17.050000
2023-08-29,449.160000,449.450000,442.460000,374.770000,375.130000,366.230000,188.230000,188.370000,184.570000,75.360000,75.360000,74.770000,106.130000,106.170000,105.150000,14.450000,15.300000,14.340000,16.560000,17.150000,16.390000
2023-08-30,451.010000,451.670000,448.780000,376.860000,377.450000,373.860000,188.940000,189.610000,187.330000,75.330000,75.480000,75.260000,105.980000,106.260000,105.940000,13.880000,14.700000,13.830000,16.180000,16.640000,16.160000
2023-08-31,450.350000,452.830000,450.160000,377.990000,379.720000,376.860000,188.610000,190.260000,188.530000,75.280000,75.380000,75.150000,106.160000,106.400000,106.070000,13.570000,14.000000,13.440000,15.920000,16.240000,15.840000
2023-09-01,451.190000,453.670000,449.680000,377.590000,380.830000,376.080000,190.850000,191.860000,189.850000,75.070000,75.240000,74.850000,105.030000,105.810000,104.900000,13.820000,13.560000,13.020000,15.740000,15.880000,15.600000
2023-09-05,449.240000,451.060000,449.170000,378.070000,379.310000,375.830000,186.830000,189.900000,186.770000,74.580000,74.960000,74.520000,104.280000,104.750000,104.250000,14.010000,14.470000,13.700000,16.240000,16.460000,15.960000
2023-09-06,446.220000,448.510000,443.810000,374.740000,377.630000,372.700000,186.130000,188.090000,185.090000,74.400000,74.550000,74.250000,104.180000,104.450000,103.940000,14.450000,15.300000,14.130000,16.610000,17.080000,16.300000
2023-09-07,444.850000,445.550000,442.750000,372.060000,372.850000,369.150000,184.330000,185.380000,183.590000,74.650000,74.690000,74.280000,104.640000,104.650000,104.210000,14.400000,15.690000,14.400000,16.580000,17.460000,16.530000
2023-09-08,445.520000,447.110000,444.530000,372.580000,374.850000,371.600000,183.920000,184.830000,183.450000,74.620000,74.880000,74.560000,104.720000,105.180000,104.720000,13.840000,14.870000,13.580000,16.140000,16.570000,15.980000
2023-09-11,448.450000,448.770000,446.460000,376.970000,377.490000,373.660000,184.360000,185.720000,184.200000,74.750000,74.750000,74.570000,104.520000,104.640000,104.380000,13.800000,14.330000,13.740000,16.020000,16.340000,15.940000
2023-09-12,445.990000,448.530000,445.390000,372.790000,376.680000,372.500000,184.180000,185.340000,183.740000,74.630000,74.760000,74.560000,104.490000,104.560000,104.310000,14.230000,14.420000,13.710000,16.250000,16.370000,15.910000
2023-09-13,446.510000,447.710000,445.070000,374.210000,375.840000,371.880000,182.970000,184.880000,182.390000,74.830000,74.910000,74.600000,104.720000,104.820000,104.320000,13.480000,14.680000,13.410000,15.920000,16.240000,15.780000
2023-09-14,450.360000,451.080000,447.710000,377.270000,378.270000,373.890000,185.550000,186.070000,184.240000,74.920000,75.000000,74.830000,104.530000,104.900000,104.470000,12.820000,13.460000,12.790000,15.340000,15.750000,15.320000
2023-09-15,443.370000,447.480000,442.920000,370.810000,376.320000,369.860000,183.610000,185.070000,182.790000,74.640000,74.850000,74.640000,104.370000,104.480000,104.150000,13.790000,14.170000,12.680000,16.020000,16.160000,15.440000
2023-09-18,443.630000,444.970000,442.560000,370.660000,371.790000,369.030000,182.390000,183.760000,182.370000,74.690000,74.770000,74.550000,104.570000,104.600000,104.170000,14.000000,14.750000,13.860000,16.130000,16.580000,15.980000
2023-09-19,442.710000,443.290000,439.940000,369.870000,370.630000,366.800000,181.680000,183.300000,181.070000,74.460000,74.640000,74.410000,104.220000,104.430000,104.180000,14.110000,14.880000,13.860000,16.130000,16.660000,16.050000
2023-09-20,438.640000,444.440000,438.430000,364.540000,371.310000,364.460000,179.860000,183.510000,179.820000,74.400000,74.760000,74.390000,104.260000,104.780000,104.240000,15.140000,15.150000,13.570000,16.810000,16.810000,15.830000
2023-09-21,431.390000,435.970000,431.230000,357.860000,361.600000,357.690000,177.070000,178.760000,177.080000,73.870000,74.160000,73.880000,103.210000,103.430000,103.120000,17.540000,17.540000,15.100000,18.240000,18.230000,16.010000
2023-09-22,430.420000,434.100000,429.990000,357.910000,361.800000,357.590000,176.670000,178.370000,176.560000,74.000000,74.270000,73.990000,103.840000,103.940000,103.320000,17.200000,17.410000,15.930000,18.090000,18.120000,17.340000
2023-09-25,432.230000,432.270000,428.720000,359.610000,359.700000,355.930000,177.460000,177.860000,175.540000,73.900000,74.030000,73.730000,102.830000,103.360000,102.800000,16.900000,18.410000,16.790000,18.020000,18.750000,17.970000
2023-09-26,425.880000,429.820000,425.020000,354.210000,357.540000,353.210000,174.360000,177.020000,174.290000,73.580000,73.890000,73.530000,102.540000,103.120000,102.400000,18.940000,19.500000,17.170000,19.720000,20.060000,18.400000
2023-09-27,426.050000,427.670000,422.290000,355.040000,356.980000,351.360000,175.990000,176.930000,174.460000,73.480000,73.850000,73.350000,102.060000,103.110000,101.700000,18.220000,19.710000,18.030000,19.110000,20.350000,19.040000
2023-09-28,428.520000,430.250000,424.870000,358.010000,360.170000,353.240000,177.580000,178.570000,175.970000,73.830000,73.860000,73.310000,102.240000,102.260000,101.300000,17.340000,18.770000,17.060000,18.380000,19.450000,18.170000
2023-09-29,427.480000,431.850000,425.910000,358.270000,362.950000,357.020000,176.740000,179.160000,176.150000,73.720000,74.210000,73.710000,102.020000,102.920000,101.780000,17.520000,17.740000,15.830000,18.510000,18.650000,17.380000
2023-10-02,427.310000,428.600000,424.460000,361.260000,362.680000,357.920000,174.070000,176.730000,173.150000,72.890000,73.240000,72.800000,100.690000,101.300000,100.600000,17.610000,18.550000,16.930000,18.620000,19.130000,17.940000
2023-10-03,421.590000,426.650000,420.180000,354.920000,361.010000,353.270000,171.140000,173.500000,170.370000,72.150000,72.800000,72.120000,99.530000,100.530000,99.390000,19.780000,20.480000,17.520000,20.410000,20.850000,18.950000
2023-10-04,424.660000,425.430000,420.560000,359.750000,360.610000,355.300000,171.220000,171.610000,169.090000,72.520000,72.630000,72.120000,100.400000,100.450000,99.660000,18.580000,20.880000,18.300000,19.520000,20.480000,19.340000
2023-10-05,424.500000,425.370000,421.170000,358.690000,360.150000,355.140000,171.350000,171.900000,169.940000,72.590000,72.680000,72.400000,100.280000,100.750000,100.120000,18.490000,19.580000,18.260000,19.500000,20.340000,19.320000
2023-10-06,429.540000,431.130000,420.600000,364.700000,365.910000,354.850000,173.000000,173.890000,169.510000,72.690000,72.820000,72.100000,99.980000,100.200000,99.170000,17.450000,19.930000,17.190000,18.730000,20.380000,18.490000
2023-10-09,432.290000,432.880000,427.010000,366.560000,367.110000,360.780000,174.000000,174.550000,171.770000,73.230000,73.240000,72.700000,101.220000,101.250000,100.310000,17.700000,19.600000,17.560000,18.810000,19.860000,18.720000
2023-10-10,434.540000,437.220000,432.530000,368.590000,371.280000,366.390000,175.970000,177.040000,174.280000,73.210000,73.450000,72.950000,101.260000,101.660000,100.570000,17.030000,17.860000,16.510000,18.270000,18.640000,17.900000
2023-10-11,436.320000,436.580000,433.180000,371.220000,371.420000,368.190000,175.670000,177.230000,174.370000,73.200000,73.440000,72.880000,101.880000,101.940000,101.420000,16.090000,17.780000,16.090000,17.630000,19.090000,17.630000
2023-10-12,433.660000,437.340000,431.230000,369.930000,373.740000,367.500000,171.700000,175.880000,170.790000,72.810000,73.170000,72.590000,100.820000,101.840000,100.590000,16.690000,18.080000,15.440000,18.090000,19.030000,17.220000
2023-10-13,431.500000,436.450000,429.880000,365.280000,371.160000,363.860000,170.270000,172.700000,169.690000,72.750000,73.240000,72.680000,101.380000,101.730000,101.180000,19.320000,20.780000,16.500000,20.570000,21.040000,18.040000
2023-10-16,436.040000,437.140000,433.570000,369.410000,370.480000,366.470000,173.020000,173.390000,171.020000,72.730000,72.910000,72.660000,100.680000,100.950000,100.630000,17.210000,19.570000,17.140000,18.790000,19.780000,18.710000
2023-10-17,436.020000,438.140000,432.450000,368.200000,369.920000,363.660000,174.950000,176.420000,171.900000,72.390000,72.610000,72.290000,99.880000,100.220000,99.560000,17.880000,18.540000,16.970000,19.260000,19.680000,18.470000
2023-10-18,430.210000,435.180000,429.090000,363.370000,367.910000,362.020000,171.350000,173.660000,170.990000,72.040000,72.460000,71.990000,99.080000,99.570000,98.950000,19.220000,20.150000,17.880000,20.470000,20.970000,19.580000
2023-10-19,426.430000,432.820000,425.720000,359.970000,366.020000,359.160000,168.620000,172.150000,168.360000,71.780000,72.400000,71.780000,98.280000,99.230000,98.270000,21.400000,21.400000,18.550000,22.190000,22.200000,19.970000
2023-10-20,421.190000,426.540000,421.080000,354.600000,360.040000,354.370000,166.440000,168.930000,166.430000,71.930000,72.090000,71.820000,98.670000,98.760000,98.360000,21.710000,21.830000,20.420000,22.440000,22.630000,21.560000
2023-10-23,420.460000,424.450000,417.800000,355.670000,359.260000,351.110000,165.030000,167.460000,164.640000,72.220000,72.420000,71.680000,99.440000,99.710000,98.240000,20.370000,23.080000,19.480000,21.330000,23.050000,20.680000
2023-10-24,423.630000,424.820000,420.740000,359.130000,359.910000,355.790000,166.470000,167.620000,165.410000,72.590000,72.620000,72.330000,100.000000,100.060000,99.420000,18.970000,20.240000,18.650000,20.210000,21.280000,19.960000
2023-10-25,417.550000,421.920000,417.010000,350.340000,356.880000,349.750000,163.720000,165.660000,163.400000,72.200000,72.470000,72.120000,99.090000,99.500000,98.850000,20.190000,21.240000,18.860000,21.330000,22.070000,20.400000
2023-10-26,412.550000,417.330000,411.600000,343.660000,350.070000,342.350000,164.140000,165.770000,163.200000,72.450000,72.580000,72.100000,99.810000,99.870000,99.030000,20.680000,21.960000,20.220000,21.570000,22.500000,21.210000
2023-10-27,410.680000,414.600000,409.210000,345.310000,348.840000,344.080000,162.210000,164.830000,161.670000,72.360000,72.610000,72.230000,99.610000,99.820000,99.310000,21.270000,22.070000,19.720000,22.270000,22.550000,20.940000
2023-10-30,415.590000,416.680000,412.220000,349.200000,350.540000,346.450000,163.110000,164.810000,161.940000,72.380000,72.500000,72.270000,99.310000,99.530000,99.010000,19.750000,21.160000,19.550000,20.800000,21.660000,20.670000
2023-10-31,418.200000,418.530000,414.210000,350.870000,351.250000,346.620000,164.520000,164.990000,162.830000,72.570000,72.800000,72.380000,99.170000,99.900000,99.140000,18.140000,19.860000,17.970000,19.490000,20.810000,19.420000
2023-11-01,422.660000,423.500000,418.640000,356.960000,357.530000,351.620000,165.460000,165.600000,163.100000,72.870000,72.870000,72.280000,100.220000,100.260000,99.220000,16.870000,18.420000,16.630000,18.550000,19.340000,18.330000
2023-11-02,430.760000,430.920000,426.560000,363.440000,363.680000,360.300000,169.870000,170.000000,167.320000,73.690000,73.790000,73.320000,101.410000,101.490000,101.030000,15.660000,16.620000,15.580000,17.800000,18.210000,17.720000
2023-11-03,434.690000,436.290000,433.010000,367.710000,369.020000,364.520000,174.490000,175.650000,172.780000,74.410000,74.460000,74.000000,101.910000,102.900000,101.870000,14.910000,15.830000,14.910000,17.220000,17.540000,17.150000
2023-11-06,435.690000,436.150000,433.680000,369.210000,369.780000,366.910000,172.310000,174.780000,171.390000,74.110000,74.390000,74.040000,101.370000,101.730000,101.250000,14.890000,15.580000,14.840000,17.030000,17.520000,17.020000
2023-11-07,436.930000,437.590000,434.510000,372.700000,373.580000,369.040000,171.700000,172.510000,170.570000,74.120000,74.210000,73.890000,102.180000,102.400000,101.670000,14.810000,15.170000,14.710000,16.920000,17.210000,16.860000
2023-11-08,437.250000,438.090000,434.870000,372.940000,373.790000,370.620000,169.870000,172.130000,169.300000,74.160000,74.230000,74.060000,102.700000,102.790000,102.330000,14.450000,15.090000,14.300000,16.640000,17.160000,16.520000
2023-11-09,433.840000,438.470000,433.400000,370.070000,374.800000,369.570000,167.240000,171.030000,166.980000,73.700000,74.190000,73.680000,101.660000,102.560000,101.480000,15.290000,15.570000,14.130000,17.300000,17.470000,16.550000
2023-11-10,440.610000,440.930000,434.430000,378.390000,378.540000,371.280000,169.110000,169.710000,166.790000,74.060000,74.100000,73.870000,102.170000,102.340000,101.970000,14.170000,15.450000,14.160000,16.520000,17.130000,16.470000
2023-11-13,440.190000,441.330000,438.420000,377.210000,378.280000,375.240000,169.170000,169.770000,167.520000,73.990000,74.060000,73.790000,102.180000,102.250000,101.650000,14.760000,15.190000,14.580000,16.610000,17.030000,16.430000
2023-11-14,448.730000,450.060000,446.090000,385.330000,386.260000,383.180000,178.460000,178.470000,174.220000,74.740000,74.930000,74.620000,103.780000,104.050000,103.660000,14.160000,14.860000,13.910000,16.290000,16.290000,15.880000
2023-11-15,449.680000,451.380000,448.800000,385.620000,387.750000,384.230000,178.770000,181.760000,178.110000,74.500000,74.710000,74.430000,103.240000,103.450000,102.960000,14.180000,14.350000,13.970000,16.280000,16.390000,16.100000
2023-11-16,450.230000,450.560000,448.120000,385.950000,386.190000,383.560000,175.880000,178.630000,175.150000,74.600000,74.670000,74.450000,104.090000,104.140000,103.690000,14.320000,14.420000,13.680000,16.140000,16.400000,15.950000
2023-11-17,450.790000,451.420000,449.290000,386.040000,387.070000,384.290000,178.290000,178.640000,177.100000,74.770000,74.770000,74.480000,104.390000,104.580000,104.140000,13.800000,14.190000,13.670000,15.850000,16.080000,15.720000
2023-11-20,454.260000,455.130000,450.520000,390.740000,391.410000,386.040000,179.330000,179.650000,177.740000,74.850000,74.950000,74.650000,104.810000,104.880000,104.240000,13.410000,14.310000,13.390000,15.690000,15.910000,15.600000
2023-11-21,453.270000,453.650000,451.950000,388.470000,389.230000,386.700000,177.020000,178.510000,176.910000,74.950000,74.970000,74.800000,104.840000,104.970000,104.550000,13.350000,14.310000,13.130000,15.500000,15.860000,15.350000
2023-11-22,455.020000,456.380000,453.880000,390.060000,393.070000,389.040000,178.130000,179.390000,177.420000,75.080000,75.160000,74.880000,105.260000,105.380000,104.850000,12.800000,13.250000,12.820000,15.480000,15.620000,15.210000
2023-11-24,455.300000,455.500000,454.730000,389.510000,390.250000,388.500000,179.330000,179.730000,177.800000,75.000000,75.030000,74.950000,104.720000,105.020000,104.700000,12.480000,13.170000,12.450000,15.120000,15.680000,15.090000
2023-11-27,454.480000,455.500000,454.070000,389.170000,391.150000,388.280000,178.730000,179.110000,177.230000,75.110000,75.200000,74.930000,105.570000,105.590000,104.870000,12.690000,13.280000,12.640000,15.340000,15.540000,15.260000
2023-11-28,454.930000,456.270000,453.500000,390.190000,390.780000,388.050000,178.040000,179.220000,177.200000,75.440000,75.470000,75.050000,105.990000,106.030000,105.280000,12.690000,14.300000,12.560000,15.240000,15.590000,15.090000
2023-11-29,454.610000,458.320000,454.200000,389.810000,394.140000,389.460000,178.980000,181.750000,178.700000,75.850000,76.040000,75.710000,106.850000,106.910000,106.400000,12.980000,13.100000,12.480000,15.510000,15.600000,15.080000
2023-11-30,456.400000,456.760000,453.340000,388.830000,390.550000,385.820000,179.660000,180.640000,178.760000,75.710000,75.860000,75.480000,106.290000,106.640000,106.080000,12.920000,13.390000,12.820000,15.440000,15.780000,15.360000
2023-12-01,459.100000,459.650000,455.160000,389.940000,390.540000,386.070000,184.910000,185.180000,178.210000,75.990000,76.010000,75.200000,107.170000,107.220000,105.900000,12.630000,12.960000,12.480000,15.360000,15.490000,15.140000
2023-12-04,456.690000,456.940000,454.340000,386.320000,386.600000,382.660000,186.890000,186.990000,184.020000,75.800000,75.850000,75.550000,106.680000,106.950000,106.440000,13.080000,13.700000,12.980000,15.680000,16.200000,15.620000
2023-12-05,456.600000,457.590000,454.870000,387.290000,388.500000,384.210000,184.390000,186.050000,183.980000,75.870000,75.960000,75.670000,107.530000,107.670000,107.030000,12.850000,13.760000,12.810000,15.570000,15.870000,15.540000
2023-12-06,454.760000,458.840000,454.310000,385.050000,390.370000,384.700000,184.060000,187.920000,183.790000,75.880000,76.030000,75.830000,107.930000,108.190000,107.710000,12.970000,13.030000,12.640000,15.740000,15.750000,15.400000
2023-12-07,458.230000,458.900000,456.290000,390.430000,391.270000,386.960000,185.390000,185.560000,183.390000,76.010000,76.140000,75.920000,107.940000,108.230000,107.680000,13.060000,13.280000,12.950000,15.650000,15.850000,15.600000
2023-12-08,460.200000,460.750000,457.210000,392.170000,392.620000,388.480000,186.800000,187.750000,184.860000,75.860000,75.910000,75.670000,107.360000,107.630000,107.180000,12.350000,13.240000,12.350000,15.160000,15.570000,15.160000
2023-12-11,461.990000,462.170000,459.470000,395.520000,395.790000,391.530000,187.190000,187.620000,185.880000,75.810000,75.820000,75.570000,107.330000,107.360000,106.780000,12.630000,13.140000,12.610000,15.190000,15.500000,15.160000
2023-12-12,464.100000,464.200000,460.600000,398.670000,398.790000,394.410000,187.000000,187.660000,185.330000,75.980000,76.010000,75.590000,107.940000,107.980000,107.140000,12.070000,12.740000,11.810000,14.830000,15.170000,14.690000
2023-12-13,470.500000,470.760000,464.120000,403.740000,404.360000,398.830000,193.330000,193.640000,185.670000,77.140000,77.150000,76.060000,109.750000,109.950000,108.130000,12.190000,12.460000,11.820000,14.660000,15.010000,14.560000
2023-12-14,472.010000,473.730000,469.250000,403.390000,406.300000,400.340000,198.710000,200.040000,196.480000,77.100000,77.380000,76.950000,110.520000,110.870000,110.120000,12.480000,12.740000,11.840000,14.790000,15.140000,14.620000
2023-12-15,469.330000,470.590000,468.440000,405.340000,406.540000,403.570000,197.040000,199.550000,195.950000,76.930000,77.350000,76.750000,110.360000,110.570000,110.140000,12.280000,12.540000,12.010000,15.130000,15.250000,14.750000
2023-12-18,471.970000,472.980000,470.800000,407.080000,407.990000,404.600000,197.110000,198.770000,196.680000,76.980000,77.080000,76.730000,109.900000,110.160000,109.830000,12.560000,12.640000,12.400000,15.470000,15.510000,15.220000
2023-12-19,474.840000,474.920000,472.450000,409.160000,409.280000,407.340000,200.930000,201.300000,198.020000,77.200000,77.290000,77.040000,110.040000,110.370000,109.960000,12.530000,12.600000,12.330000,15.640000,15.650000,15.470000
2023-12-20,468.260000,475.900000,467.820000,403.080000,410.470000,402.900000,196.280000,202.170000,196.160000,77.210000,77.540000,77.170000,110.330000,110.420000,109.900000,13.670000,13.930000,12.290000,16.580000,16.810000,15.550000
2023-12-21,472.700000,472.980000,468.840000,407.770000,408.140000,404.470000,199.620000,199.820000,197.520000,77.560000,77.630000,77.320000,110.290000,110.710000,110.030000,13.650000,14.490000,13.340000,16.300000,16.860000,16.220000
2023-12-22,473.650000,475.380000,471.700000,408.380000,409.970000,406.470000,201.480000,202.810000,200.190000,77.470000,77.750000,77.420000,110.100000,110.500000,109.930000,13.030000,13.960000,13.000000,15.990000,16.530000,15.970000
2023-12-26,475.650000,476.580000,473.990000,410.880000,411.560000,409.150000,204.100000,204.560000,201.690000,77.620000,77.630000,77.480000,110.330000,110.400000,110.090000,12.990000,13.800000,12.960000,15.880000,16.330000,15.850000
2023-12-27,476.510000,476.660000,474.890000,411.500000,411.790000,410.080000,204.820000,205.490000,203.390000,77.940000,78.080000,77.610000,111.360000,111.400000,110.720000,12.430000,13.040000,12.370000,15.270000,15.830000,15.170000
2023-12-28,476.690000,477.550000,476.260000,411.300000,412.920000,410.940000,204.040000,205.170000,203.280000,77.690000,77.910000,77.540000,111.070000,111.390000,110.910000,12.470000,12.650000,12.380000,15.230000,15.390000,15.190000
2023-12-29,475.310000,477.030000,473.300000,409.520000,411.640000,407.580000,200.710000,204.040000,200.720000,77.390000,77.860000,77.390000,110.660000,111.010000,110.560000,12.450000,13.190000,12.360000,15.260000,15.700000,15.120000
2024-01-02,472.650000,473.670000,470.490000,402.590000,406.090000,400.240000,199.520000,201.620000,198.440000,77.130000,77.240000,77.040000,109.910000,110.170000,109.790000,13.200000,14.230000,13.100000,15.480000,16.170000,15.450000
2024-01-03,468.790000,471.190000,468.170000,398.330000,401.000000,397.890000,194.200000,197.670000,193.780000,76.920000,77.080000,76.550000,109.660000,109.770000,108.920000,14.040000,14.220000,13.330000,16.040000,16.290000,15.620000
2024-01-04,467.280000,470.960000,467.050000,396.280000,399.590000,396.060000,193.820000,195.490000,193.690000,76.620000,76.900000,76.600000,109.050000,109.250000,108.870000,14.130000,14.200000,13.640000,16.040000,16.150000,15.750000
2024-01-05,467.920000,470.440000,466.430000,396.750000,399.560000,395.340000,193.250000,195.460000,192.290000,76.680000,77.000000,76.550000,108.660000,109.570000,108.580000,13.350000,14.580000,13.290000,15.510000,15.880000,15.400000
2024-01-08,474.600000,474.750000,468.300000,404.950000,405.240000,397.830000,196.730000,196.970000,192.260000,77.110000,77.170000,76.700000,109.490000,109.550000,108.740000,13.080000,14.180000,13.020000,15.140000,15.730000,15.080000
2024-01-09,473.880000,474.930000,471.350000,405.750000,406.690000,401.710000,194.970000,195.770000,193.320000,77.230000,77.320000,76.950000,109.680000,109.790000,109.260000,12.760000,13.450000,12.740000,14.900000,15.410000,14.860000
2024-01-10,476.560000,477.450000,473.870000,408.500000,409.520000,405.170000,195.080000,195.380000,193.080000,77.370000,77.500000,77.280000,109.540000,110.160000,109.470000,12.690000,12.950000,12.670000,14.730000,14.860000,14.700000
2024-01-11,476.350000,478.120000,472.260000,409.350000,411.210000,404.240000,193.550000,194.740000,191.300000,77.620000,77.630000,77.170000,110.200000,110.340000,109.390000,12.440000,13.310000,12.350000,14.560000,15.200000,14.490000
2024-01-12,476.680000,478.600000,475.230000,409.560000,411.250000,408.150000,193.230000,197.100000,192.640000,77.700000,77.920000,77.630000,110.440000,110.850000,110.130000,13.250000,13.080000,12.470000,14.940000,14.960000,14.510000
2024-01-16,474.930000,476.610000,473.060000,409.520000,411.120000,406.830000,190.840000,192.310000,190.110000,77.210000,77.550000,77.130000,109.320000,109.990000,109.100000,13.840000,14.350000,13.520000,15.740000,16.110000,15.420000
2024-01-17,472.290000,472.790000,469.870000,407.210000,407.590000,402.920000,189.480000,189.930000,187.520000,76.880000,77.080000,76.730000,109.090000,109.250000,108.700000,14.790000,15.400000,14.380000,16.380000,16.770000,16.210000
2024-01-18,476.490000,477.060000,472.420000,412.990000,413.580000,409.160000,190.600000,191.170000,188.210000,77.040000,77.050000,76.850000,108.880000,109.330000,108.750000,14.130000,14.890000,13.890000,15.840000,16.390000,15.780000
2024-01-19,482.430000,482.720000,476.940000,421.180000,421.340000,414.620000,192.430000,192.850000,189.220000,77.170000,77.160000,76.780000,108.990000,109.020000,108.450000,13.300000,14.580000,13.280000,15.260000,16.290000,15.230000
2024-01-22,483.450000,485.220000,482.780000,421.730000,424.730000,421.120000,196.540000,196.820000,194.090000,77.230000,77.430000,77.180000,109.290000,109.570000,109.160000,13.190000,13.840000,13.170000,14.970000,15.370000,14.960000
2024-01-23,484.860000,485.110000,482.890000,423.480000,423.650000,420.570000,195.970000,198.590000,194.980000,77.140000,77.250000,77.020000,108.890000,109.040000,108.660000,12.550000,13.290000,12.530000,14.520000,14.940000,14.480000
2024-01-24,485.390000,488.770000,485.010000,425.830000,429.850000,425.330000,194.360000,198.460000,194.120000,77.100000,77.430000,77.030000,108.680000,109.450000,108.580000,13.140000,13.180000,12.410000,14.970000,14.970000,14.250000
2024-01-25,488.030000,488.310000,485.390000,426.350000,429.040000,423.980000,195.970000,197.660000,194.410000,77.690000,77.680000,77.300000,109.400000,109.440000,109.040000,13.450000,13.580000,13.060000,15.100000,15.200000,14.880000
2024-01-26,487.410000,489.120000,486.540000,423.810000,426.210000,423.150000,195.980000,197.890000,195.380000,77.630000,77.770000,77.590000,109.090000,109.450000,109.050000,13.260000,14.100000,13.200000,15.030000,15.220000,14.890000
2024-01-29,491.270000,491.420000,487.170000,428.150000,428.350000,423.610000,199.410000,199.410000,195.090000,77.800000,77.830000,77.570000,109.540000,109.780000,109.320000,13.600000,15.350000,13.590000,15.220000,15.450000,15.190000
2024-01-30,490.890000,491.620000,490.110000,425.300000,427.680000,424.380000,197.710000,198.930000,197.100000,77.700000,77.830000,77.520000,109.890000,109.910000,109.330000,13.310000,13.740000,13.230000,15.140000,15.290000,15.070000
2024-01-31,482.880000,489.090000,482.890000,416.970000,422.870000,416.790000,192.880000,198.940000,192.710000,77.480000,77.900000,77.430000,110.170000,110.640000,109.870000,14.350000,14.610000,13.180000,15.960000,16.170000,15.140000
2024-02-01,489.200000,489.230000,483.800000,421.880000,422.380000,417.810000,195.440000,195.740000,191.530000,77.540000,77.610000,77.110000,110.630000,110.910000,110.100000,13.880000,14.630000,13.870000,15.500000,16.150000,15.450000
2024-02-02,494.350000,496.050000,489.300000,429.010000,430.240000,422.790000,194.410000,195.500000,192.390000,77.190000,77.290000,77.040000,109.620000,109.710000,109.210000,13.850000,14.230000,13.390000,15.610000,15.820000,15.260000
2024-02-05,492.550000,494.170000,490.230000,428.450000,429.610000,425.000000,191.940000,193.110000,190.060000,76.830000,77.010000,76.660000,108.570000,108.860000,108.320000,13.670000,14.530000,13.580000,15.330000,16.000000,15.260000
2024-02-06,493.980000,494.320000,492.050000,427.590000,430.220000,425.220000,193.670000,193.800000,191.020000,77.110000,77.230000,76.870000,109.180000,109.360000,108.720000,13.060000,13.780000,12.980000,14.990000,15.400000,14.920000
2024-02-07,498.100000,498.530000,495.360000,431.990000,432.830000,429.090000,193.220000,194.150000,192.040000,77.240000,77.300000,77.020000,108.860000,109.310000,108.760000,12.830000,13.130000,12.810000,14.850000,15.170000,14.810000
2024-02-08,498.320000,498.710000,497.260000,432.790000,433.560000,431.420000,196.150000,196.370000,192.710000,77.200000,77.300000,77.120000,108.300000,108.580000,108.190000,12.790000,13.170000,12.740000,14.930000,15.130000,14.880000
2024-02-09,501.200000,501.650000,498.490000,437.050000,437.850000,433.140000,199.340000,199.550000,196.450000,77.360000,77.410000,77.140000,108.160000,108.240000,108.000000,12.930000,13.010000,12.690000,15.080000,15.080000,14.820000
2024-02-12,500.980000,503.500000,500.240000,435.340000,439.140000,434.650000,202.960000,203.550000,199.830000,77.190000,77.460000,77.170000,108.170000,108.270000,107.860000,13.930000,13.940000,13.340000,15.670000,15.680000,15.220000
2024-02-13,494.080000,495.850000,490.710000,428.550000,431.270000,425.330000,194.610000,197.630000,193.060000,76.570000,76.800000,76.440000,106.980000,107.390000,106.860000,15.850000,17.940000,13.430000,16.820000,18.170000,16.060000
2024-02-14,498.570000,499.070000,494.400000,433.220000,433.650000,428.870000,199.130000,199.790000,196.230000,76.870000,76.990000,76.730000,107.480000,107.520000,107.080000,14.380000,15.470000,14.220000,15.930000,16.600000,15.790000
2024-02-15,502.010000,502.200000,498.790000,434.510000,434.980000,431.330000,204.440000,204.770000,200.720000,77.140000,77.230000,76.940000,107.870000,108.100000,107.620000,14.010000,14.640000,13.940000,15.760000,16.110000,15.750000
2024-02-16,499.510000,502.870000,498.750000,430.570000,434.990000,429.850000,201.660000,203.700000,201.090000,76.910000,77.010000,76.820000,107.480000,107.590000,107.240000,14.710000,14.710000,13.750000,15.860000,16.090000,15.480000
2024-02-20,496.760000,498.410000,494.450000,427.320000,430.080000,423.500000,198.880000,199.720000,198.010000,77.070000,77.130000,76.820000,107.840000,107.950000,107.620000,15.420000,15.910000,15.070000,16.410000,16.820000,16.170000
2024-02-21,497.210000,497.370000,493.560000,425.610000,425.700000,421.630000,197.940000,198.350000,196.390000,76.930000,77.120000,76.810000,107.570000,107.920000,107.420000,15.340000,16.120000,15.220000,16.230000,16.720000,16.160000
2024-02-22,507.500000,508.490000,503.020000,438.070000,439.120000,433.710000,199.440000,200.090000,197.890000,77.300000,77.310000,77.100000,107.740000,107.930000,107.600000,14.540000,14.640000,14.120000,15.770000,15.800000,15.340000
2024-02-23,507.850000,510.130000,507.100000,436.780000,440.590000,435.790000,199.890000,201.140000,198.560000,77.350000,77.460000,77.290000,108.060000,108.220000,107.730000,13.750000,14.310000,13.640000,15.250000,15.640000,15.200000
2024-02-26,505.990000,508.750000,505.860000,436.550000,438.600000,436.350000,201.150000,201.640000,199.150000,77.100000,77.350000,77.070000,107.720000,108.090000,107.480000,13.740000,14.200000,13.660000,15.220000,15.400000,15.150000
2024-02-27,506.930000,507.160000,504.750000,437.600000,437.990000,435.020000,204.000000,204.220000,202.530000,77.200000,77.200000,77.050000,107.570000,107.840000,107.500000,13.430000,13.750000,13.410000,14.890000,15.150000,14.870000
2024-02-28,506.260000,506.860000,504.960000,435.270000,436.670000,434.300000,202.320000,203.860000,201.870000,77.190000,77.280000,77.100000,107.560000,107.630000,107.390000,13.840000,13.900000,13.440000,15.220000,15.260000,14.990000
2024-02-29,508.080000,509.740000,505.350000,439.000000,440.090000,435.020000,203.730000,206.040000,202.520000,77.330000,77.470000,77.240000,107.660000,108.150000,107.520000,13.400000,14.150000,13.300000,14.930000,15.250000,14.880000
2024-03-01,512.850000,513.290000,508.560000,445.610000,446.580000,439.840000,205.890000,206.330000,203.140000,77.180000,77.210000,76.780000,107.920000,108.030000,106.750000,13.110000,13.660000,13.080000,14.930000,15.090000,14.760000
2024-03-04,512.300000,514.200000,512.000000,444.020000,446.040000,443.770000,205.700000,207.770000,205.450000,77.160000,77.230000,77.020000,107.720000,107.870000,107.540000,13.490000,13.580000,13.320000,15.230000,15.270000,15.110000
2024-03-05,507.180000,510.700000,504.910000,436.050000,440.950000,433.650000,203.730000,205.910000,203.010000,77.100000,77.350000,77.060000,108.310000,108.600000,108.130000,14.460000,15.100000,13.750000,15.910000,16.360000,15.440000
2024-03-06,509.750000,512.070000,508.420000,438.790000,441.990000,436.890000,205.250000,206.080000,204.080000,77.290000,77.410000,77.180000,108.600000,108.960000,108.520000,14.500000,14.930000,13.890000,15.970000,16.150000,15.510000
2024-03-07,514.810000,515.890000,512.180000,445.450000,446.720000,440.860000,206.960000,208.100000,206.400000,77.380000,77.510000,77.320000,108.870000,109.030000,108.600000,14.440000,14.980000,14.250000,15.910000,16.030000,15.760000
2024-03-08,511.720000,518.230000,511.130000,439.020000,448.640000,438.340000,206.830000,210.410000,205.800000,77.400000,77.730000,77.390000,109.020000,109.300000,108.920000,14.740000,15.530000,13.970000,16.300000,16.840000,15.630000
2024-03-11,511.280000,511.880000,508.500000,437.390000,438.660000,435.440000,205.190000,206.840000,204.750000,77.390000,77.430000,77.300000,109.040000,109.290000,108.870000,15.220000,16.040000,15.130000,16.460000,17.010000,16.430000
2024-03-12,516.780000,517.380000,510.860000,443.660000,444.020000,436.460000,204.910000,205.920000,203.390000,77.460000,77.510000,77.260000,108.690000,108.960000,108.590000,13.840000,15.200000,13.810000,15.660000,16.320000,15.640000
2024-03-13,515.970000,517.290000,514.490000,440.250000,442.670000,439.120000,205.710000,206.580000,204.770000,77.490000,77.680000,77.400000,108.580000,108.940000,108.540000,13.750000,14.040000,13.670000,15.600000,15.890000,15.540000
2024-03-14,514.950000,517.130000,511.820000,439.140000,442.030000,436.390000,202.030000,205.280000,200.170000,77.120000,77.510000,77.030000,107.780000,108.250000,107.700000,14.400000,15.330000,13.420000,16.120000,16.690000,15.520000
2024-03-15,509.830000,511.700000,508.360000,433.920000,436.780000,432.740000,202.410000,203.080000,201.130000,77.070000,77.240000,76.960000,107.810000,107.960000,107.620000,14.410000,15.530000,14.140000,16.410000,17.110000,16.260000
2024-03-18,512.860000,515.480000,512.440000,437.480000,441.040000,437.240000,201.250000,203.180000,200.900000,77.250000,77.320000,77.180000,107.630000,107.920000,107.610000,14.330000,14.850000,14.260000,16.220000,16.420000,16.150000
2024-03-19,515.710000,516.000000,511.120000,438.570000,438.980000,433.330000,202.100000,202.750000,199.660000,77.560000,77.580000,77.220000,107.940000,108.180000,107.740000,13.820000,14.860000,13.800000,15.770000,16.400000,15.750000
2024-03-20,520.480000,520.620000,515.080000,443.770000,444.110000,438.060000,206.100000,206.990000,201.110000,77.820000,77.850000,77.470000,108.140000,108.330000,107.530000,13.040000,14.170000,13.010000,15.280000,15.980000,15.260000
2024-03-21,522.200000,524.110000,521.910000,445.870000,449.340000,445.670000,207.940000,208.950000,206.840000,77.780000,77.960000,77.680000,108.300000,108.550000,108.130000,12.920000,13.080000,12.400000,15.180000,15.340000,14.980000
2024-03-22,521.210000,522.610000,520.970000,446.380000,447.490000,444.490000,205.070000,208.240000,205.110000,77.700000,77.890000,77.660000,108.670000,108.920000,108.620000,13.060000,13.150000,12.580000,15.300000,15.320000,15.020000
2024-03-25,519.770000,520.950000,519.610000,444.760000,446.260000,442.540000,205.540000,207.010000,205.510000,77.580000,77.670000,77.540000,108.300000,108.660000,108.240000,13.190000,13.670000,13.110000,15.380000,15.700000,15.300000
2024-03-26,518.810000,521.580000,518.400000,443.320000,447.230000,443.090000,205.170000,207.640000,204.990000,77.490000,77.680000,77.470000,108.270000,108.490000,108.130000,13.240000,13.430000,12.840000,15.290000,15.380000,15.040000
2024-03-27,523.170000,523.200000,519.480000,444.830000,446.540000,441.930000,209.640000,209.710000,206.150000,77.900000,77.890000,77.590000,109.020000,109.010000,108.350000,12.780000,13.340000,12.660000,15.010000,15.390000,14.970000
2024-03-28,523.070000,524.610000,522.780000,444.010000,445.640000,443.650000,210.300000,211.880000,209.840000,77.730000,77.920000,77.720000,108.920000,109.190000,108.800000,13.010000,13.100000,12.840000,15.190000,15.240000,15.040000
2024-04-01,522.160000,524.380000,520.970000,444.950000,447.530000,443.020000,208.320000,210.820000,207.960000,77.020000,77.350000,76.990000,107.470000,108.030000,107.380000,13.650000,14.150000,13.550000,15.520000,15.830000,15.410000
2024-04-02,518.840000,518.980000,516.480000,441.110000,441.430000,438.030000,204.490000,205.880000,203.400000,76.890000,76.910000,76.720000,107.310000,107.360000,106.680000,14.610000,15.430000,13.680000,16.090000,16.630000,16.070000
2024-04-03,519.410000,520.950000,517.660000,442.100000,444.000000,438.950000,205.830000,206.400000,203.280000,76.950000,76.990000,76.710000,107.380000,107.560000,106.740000,14.330000,15.180000,14.250000,15.910000,16.570000,15.810000
2024-04-04,513.070000,523.870000,512.750000,435.340000,446.950000,435.110000,203.770000,208.550000,203.210000,76.890000,77.220000,76.780000,107.500000,107.780000,107.290000,16.350000,16.920000,13.740000,17.160000,17.470000,15.540000
2024-04-05,518.430000,520.440000,514.010000,440.470000,443.170000,435.960000,204.450000,205.700000,202.880000,76.820000,76.930000,76.790000,107.030000,107.380000,106.970000,16.030000,16.750000,15.530000,17.180000,17.410000,16.680000
2024-04-08,518.720000,520.180000,517.890000,440.600000,442.500000,439.200000,205.570000,206.420000,204.580000,77.000000,77.040000,76.780000,107.020000,107.220000,106.850000,15.190000,16.500000,15.110000,16.560000,17.170000,16.460000
2024-04-09,519.320000,520.750000,514.350000,442.230000,443.240000,437.440000,206.380000,206.970000,204.470000,77.160000,77.230000,77.020000,107.570000,107.630000,107.390000,14.980000,16.630000,14.940000,16.420000,17.370000,16.390000
2024-04-10,514.120000,516.160000,512.090000,438.370000,439.240000,436.280000,200.930000,202.930000,199.540000,76.480000,76.760000,76.300000,106.040000,106.740000,105.880000,15.800000,16.620000,14.590000,17.040000,17.560000,16.810000
2024-04-11,518.000000,519.480000,512.080000,445.370000,446.330000,437.960000,202.290000,202.910000,200.100000,76.410000,76.560000,76.200000,105.820000,106.400000,105.610000,14.910000,17.610000,14.910000,16.490000,17.760000,16.490000
2024-04-12,510.850000,515.820000,509.080000,438.270000,442.240000,436.880000,198.690000,201.910000,197.680000,76.370000,76.420000,76.250000,106.060000,106.330000,106.020000,17.310000,19.200000,14.910000,18.200000,19.300000,17.390000
2024-04-15,504.450000,515.300000,503.580000,431.060000,442.150000,430.210000,195.780000,200.230000,194.980000,75.930000,76.450000,75.840000,104.890000,105.490000,104.740000,19.230000,19.460000,16.260000,19.550000,19.710000,17.460000
2024-04-16,503.530000,506.500000,502.210000,431.100000,433.760000,429.700000,195.060000,196.240000,193.360000,75.680000,75.910000,75.590000,104.540000,104.660000,104.180000,18.400000,19.560000,17.640000,18.840000,19.580000,18.360000
2024-04-17,500.550000,506.220000,499.120000,425.840000,433.120000,424.900000,193.000000,196.620000,192.990000,75.780000,76.040000,75.710000,105.110000,105.280000,104.810000,18.210000,19.110000,17.540000,18.770000,19.700000,18.280000
2024-04-18,499.520000,504.130000,498.560000,423.410000,428.240000,422.830000,192.840000,195.660000,192.150000,75.840000,75.890000,75.640000,104.900000,105.210000,104.720000,18.000000,18.370000,17.210000,18.660000,19.160000,18.070000
2024-04-19,495.160000,500.460000,493.860000,414.650000,422.750000,413.070000,193.140000,194.390000,191.340000,75.980000,76.080000,75.900000,105.010000,105.290000,104.910000,18.710000,21.360000,18.170000,19.250000,19.620000,18.610000
2024-04-22,499.720000,502.380000,495.430000,418.820000,421.180000,413.940000,195.300000,196.300000,192.900000,76.400000,76.430000,76.110000,105.270000,105.310000,104.920000,16.940000,18.720000,16.690000,17.630000,18.670000,17.470000
2024-04-23,505.650000,506.090000,501.220000,425.070000,426.280000,420.420000,198.570000,199.320000,195.130000,76.710000,76.760000,76.380000,105.450000,105.870000,105.010000,15.690000,16.760000,15.690000,16.680000,17.270000,16.620000
2024-04-24,505.410000,507.370000,503.130000,426.510000,429.730000,424.200000,197.680000,198.920000,196.460000,76.540000,76.700000,76.370000,105.040000,105.280000,104.740000,15.970000,16.380000,15.580000,16.840000,17.060000,16.520000
2024-04-25,503.490000,504.270000,497.490000,424.450000,425.320000,418.140000,196.480000,196.830000,193.770000,76.380000,76.400000,75.910000,104.730000,104.780000,104.140000,15.370000,17.550000,15.270000,16.370000,17.910000,16.310000
2024-04-26,508.260000,509.880000,505.700000,431.000000,432.550000,426.920000,198.360000,198.890000,196.420000,76.620000,76.660000,76.370000,105.130000,105.320000,105.060000,15.030000,16.060000,14.920000,16.270000,16.500000,16.160000
2024-04-29,510.060000,510.750000,507.250000,432.750000,433.760000,429.980000,199.960000,200.410000,198.880000,76.850000,76.850000,76.670000,105.570000,105.670000,105.300000,14.670000,15.420000,14.630000,16.000000,16.350000,15.970000
2024-04-30,501.980000,509.560000,502.030000,424.590000,432.560000,424.510000,195.900000,198.650000,195.750000,76.290000,76.760000,76.350000,104.990000,105.400000,104.900000,15.650000,15.900000,14.670000,16.590000,16.690000,15.930000
2024-05-01,500.350000,508.190000,499.860000,421.520000,430.140000,420.660000,196.310000,200.320000,195.020000,76.290000,76.630000,75.930000,105.010000,105.550000,104.650000,15.390000,16.220000,14.350000,16.570000,16.940000,15.790000
2024-05-02,505.030000,505.890000,499.550000,426.900000,427.810000,420.630000,199.920000,200.120000,196.540000,76.760000,76.780000,76.330000,105.660000,105.720000,104.930000,14.680000,16.090000,14.600000,16.050000,16.840000,16.000000
2024-05-03,511.290000,512.550000,508.560000,435.480000,436.480000,432.620000,201.900000,204.160000,201.120000,77.080000,77.390000,76.940000,106.400000,106.790000,106.000000,13.490000,14.580000,13.480000,15.270000,15.650000,15.260000
2024-05-06,516.570000,516.610000,513.300000,440.250000,440.340000,436.520000,204.510000,204.780000,203.380000,77.170000,77.230000,77.120000,106.700000,106.710000,106.450000,13.490000,14.020000,13.440000,15.020000,15.330000,14.980000
2024-05-07,517.140000,518.570000,516.450000,440.320000,441.970000,439.580000,204.970000,206.150000,204.500000,77.180000,77.280000,77.020000,106.750000,107.160000,106.650000,13.230000,13.640000,13.160000,14.950000,15.100000,14.920000
2024-05-08,517.190000,517.740000,515.140000,440.060000,441.480000,437.550000,203.780000,203.960000,202.550000,77.000000,77.060000,76.950000,106.480000,106.650000,106.410000,13.000000,13.510000,12.940000,14.900000,15.090000,14.840000
2024-05-09,520.170000,520.210000,516.700000,441.020000,441.600000,438.460000,205.860000,205.990000,203.410000,77.020000,77.060000,76.860000,106.650000,106.770000,106.290000,12.690000,13.290000,12.680000,14.710000,15.000000,14.710000
2024-05-10,520.840000,522.640000,519.590000,442.060000,444.310000,440.490000,204.310000,206.620000,203.680000,76.900000,77.030000,76.810000,106.310000,106.520000,106.190000,12.550000,12.960000,12.500000,14.660000,14.980000,14.600000
2024-05-13,520.910000,522.670000,519.740000,443.080000,444.090000,441.650000,204.740000,206.550000,204.600000,76.880000,77.060000,76.850000,106.350000,106.650000,106.320000,13.600000,13.660000,13.250000,14.890000,15.020000,14.770000
2024-05-14,523.300000,523.830000,520.560000,445.930000,446.470000,442.460000,206.860000,207.740000,205.910000,77.000000,77.030000,76.900000,106.660000,106.780000,106.500000,13.420000,14.030000,13.270000,14.700000,15.020000,14.610000
2024-05-15,529.780000,530.080000,525.180000,452.900000,453.150000,446.900000,209.440000,209.770000,207.720000,77.450000,77.460000,77.190000,107.610000,107.780000,107.250000,12.450000,13.940000,12.380000,14.080000,14.530000,14.000000
2024-05-16,528.690000,531.530000,528.540000,451.980000,454.690000,451.810000,207.930000,209.350000,207.940000,77.270000,77.460000,77.260000,107.440000,107.780000,107.390000,12.420000,12.670000,12.330000,14.220000,14.300000,14.010000
2024-05-17,529.450000,529.520000,527.320000,451.760000,452.720000,449.530000,208.080000,208.520000,207.350000,77.280000,77.310000,77.160000,107.190000,107.450000,107.160000,11.990000,12.480000,11.910000,13.990000,14.280000,13.930000
2024-05-20,530.060000,531.570000,529.170000,454.910000,455.580000,451.780000,208.540000,209.480000,207.770000,77.320000,77.310000,77.200000,107.140000,107.230000,107.060000,12.150000,12.590000,12.070000,14.110000,14.260000,14.050000
2024-05-21,531.360000,531.520000,529.070000,455.800000,455.990000,452.840000,208.340000,208.690000,207.590000,77.260000,77.400000,77.250000,107.320000,107.480000,107.260000,11.860000,12.560000,11.840000,13.950000,14.370000,13.910000
2024-05-22,529.830000,531.380000,527.600000,455.710000,456.820000,453.080000,206.580000,208.220000,205.800000,77.090000,77.190000,77.020000,107.160000,107.320000,107.000000,12.290000,12.810000,11.780000,14.310000,14.530000,13.930000
2024-05-23,525.960000,533.070000,524.720000,453.660000,460.580000,451.850000,203.190000,207.620000,202.350000,76.820000,77.220000,76.790000,106.690000,107.340000,106.570000,12.770000,13.370000,11.520000,14.670000,14.960000,14.040000
2024-05-24,529.440000,530.270000,526.880000,457.950000,459.230000,454.580000,205.440000,205.680000,203.960000,77.090000,77.110000,76.840000,106.980000,106.990000,106.620000,12.360000,12.890000,11.890000,14.170000,14.580000,14.140000
2024-05-28,529.810000,530.510000,527.110000,459.680000,459.740000,456.690000,205.160000,207.090000,203.960000,76.780000,77.190000,76.760000,106.340000,107.130000,106.270000,12.920000,13.440000,12.360000,14.720000,15.010000,14.370000
2024-05-29,526.100000,527.310000,525.370000,456.440000,458.240000,455.340000,202.130000,203.010000,201.780000,76.550000,76.650000,76.520000,105.770000,105.970000,105.550000,14.280000,14.320000,13.690000,15.450000,15.490000,15.100000
2024-05-30,522.610000,525.200000,521.330000,451.550000,455.640000,450.210000,204.050000,204.940000,203.080000,76.860000,76.880000,76.630000,106.420000,106.450000,106.130000,14.470000,14.880000,13.670000,15.590000,15.680000,15.060000
2024-05-31,527.370000,527.490000,518.360000,450.710000,452.480000,443.050000,205.770000,206.280000,203.080000,77.130000,77.150000,76.920000,106.890000,107.020000,106.660000,12.920000,14.870000,12.840000,14.660000,15.840000,14.630000
2024-06-03,527.800000,529.310000,522.600000,453.130000,455.580000,447.900000,204.610000,207.560000,203.140000,77.010000,77.010000,76.840000,107.220000,107.240000,106.760000,13.110000,14.310000,13.000000,14.800000,15.480000,14.730000
2024-06-04,528.390000,529.150000,524.960000,454.370000,455.580000,451.130000,201.970000,203.640000,201.650000,76.970000,77.100000,76.910000,107.640000,107.800000,107.350000,13.160000,14.080000,13.110000,14.880000,15.350000,14.840000
2024-06-05,534.670000,534.690000,528.720000,463.530000,463.610000,456.770000,205.060000,205.020000,201.790000,77.220000,77.230000,76.960000,108.000000,108.030000,107.430000,12.630000,13.250000,12.600000,14.540000,15.240000,14.470000
2024-06-06,534.660000,535.420000,532.680000,463.370000,464.540000,462.190000,203.590000,204.810000,202.980000,77.090000,77.180000,77.040000,107.930000,108.030000,107.780000,12.580000,12.980000,12.540000,14.540000,14.760000,14.490000
2024-06-07,534.010000,536.890000,532.530000,462.960000,465.740000,461.840000,201.200000,203.170000,200.680000,76.890000,76.950000,76.750000,106.960000,107.200000,106.870000,12.220000,13.080000,12.110000,14.410000,14.710000,14.240000
2024-06-10,535.660000,535.990000,532.570000,464.830000,465.190000,461.530000,201.890000,202.130000,199.010000,76.960000,76.970000,76.760000,106.740000,106.840000,106.650000,12.740000,13.280000,12.620000,14.600000,14.850000,14.480000
2024-06-11,536.950000,537.010000,532.050000,468.020000,468.140000,462.030000,200.640000,201.020000,198.420000,77.060000,77.070000,76.850000,107.200000,107.270000,106.730000,12.850000,13.470000,12.780000,14.490000,15.020000,14.480000
2024-06-12,541.360000,544.120000,540.300000,474.150000,476.500000,471.290000,203.720000,207.270000,203.100000,77.370000,77.640000,77.350000,107.860000,108.560000,107.820000,12.040000,13.150000,11.940000,14.120000,14.430000,13.960000
2024-06-13,542.450000,543.330000,539.590000,476.720000,478.390000,474.420000,201.940000,203.540000,200.510000,77.360000,77.550000,77.260000,108.370000,108.550000,108.050000,11.940000,12.680000,11.880000,14.170000,14.720000,13.890000
2024-06-14,542.780000,542.810000,539.850000,479.190000,479.260000,476.050000,198.730000,200.040000,197.940000,77.060000,77.180000,76.950000,108.460000,108.580000,108.250000,12.660000,13.450000,12.120000,14.840000,14.970000,14.550000
2024-06-17,547.100000,548.530000,541.600000,485.060000,486.860000,478.140000,200.400000,200.950000,197.400000,77.110000,77.190000,76.840000,107.950000,108.010000,107.720000,12.750000,13.290000,12.500000,14.790000,15.160000,14.610000
2024-06-18,548.490000,548.620000,546.730000,485.210000,485.900000,483.430000,200.750000,201.690000,200.030000,77.350000,77.410000,77.180000,108.450000,108.550000,108.140000,12.480000,12.740000,12.240000,14.690000,14.890000,14.660000
2024-06-20,547.000000,550.120000,545.180000,481.470000,486.840000,479.620000,199.900000,201.860000,199.220000,77.300000,77.340000,77.140000,108.090000,108.110000,107.780000,13.280000,13.550000,12.180000,15.410000,15.600000,14.830000
2024-06-21,544.510000,545.650000,543.020000,480.180000,482.540000,478.670000,200.350000,200.410000,198.460000,77.390000,77.410000,77.210000,108.120000,108.350000,107.860000,13.200000,13.780000,12.990000,15.170000,15.750000,15.070000
2024-06-24,542.740000,546.950000,542.630000,473.960000,479.930000,473.820000,201.220000,202.690000,200.530000,77.310000,77.510000,77.320000,108.230000,108.420000,108.170000,13.330000,13.880000,13.150000,15.230000,15.450000,15.040000
2024-06-25,544.830000,545.200000,542.440000,479.380000,479.680000,475.120000,200.560000,201.160000,199.820000,77.410000,77.420000,77.280000,108.190000,108.290000,108.010000,12.840000,13.520000,12.840000,14.860000,15.230000,14.830000
2024-06-26,545.510000,546.240000,543.030000,480.370000,480.920000,478.130000,200.030000,200.580000,198.810000,77.240000,77.270000,77.170000,107.600000,107.700000,107.390000,12.550000,13.240000,12.370000,14.710000,15.090000,14.580000
2024-06-27,546.370000,546.960000,544.610000,481.610000,483.100000,479.300000,202.060000,202.150000,199.960000,77.330000,77.320000,77.180000,107.810000,107.980000,107.780000,12.240000,12.770000,12.210000,14.420000,14.730000,14.400000
2024-06-28,544.220000,550.280000,542.950000,479.110000,487.200000,478.460000,202.890000,204.640000,201.310000,77.140000,77.520000,77.140000,107.120000,108.110000,107.090000,12.440000,12.760000,11.870000,14.520000,14.720000,14.270000
2024-07-01,545.340000,545.880000,542.520000,481.920000,482.490000,476.250000,201.190000,203.820000,200.480000,76.720000,76.920000,76.690000,106.110000,106.700000,106.050000,12.220000,13.260000,12.100000,14.190000,14.860000,14.120000
2024-07-02,549.010000,548.980000,543.650000,486.980000,487.040000,480.280000,201.880000,202.270000,200.900000,76.930000,76.950000,76.690000,106.790000,106.820000,106.400000,12.030000,12.880000,11.850000,14.010000,14.370000,13.900000
2024-07-03,551.460000,551.830000,548.650000,491.040000,491.170000,486.200000,201.830000,203.280000,201.630000,77.200000,77.170000,76.920000,107.580000,107.560000,107.040000,12.090000,12.230000,11.950000,14.020000,14.150000,13.920000
2024-07-05,554.640000,555.050000,551.120000,496.160000,496.600000,491.590000,200.870000,201.630000,199.880000,77.430000,77.450000,77.230000,108.140000,108.200000,107.700000,12.480000,12.610000,11.840000,14.350000,14.370000,14.120000
2024-07-08,555.280000,556.260000,554.190000,497.340000,497.900000,495.500000,202.280000,203.700000,201.840000,77.410000,77.480000,77.310000,108.130000,108.310000,107.980000,12.370000,12.910000,12.310000,14.290000,14.420000,14.230000
2024-07-09,555.820000,557.180000,555.520000,497.770000,500.000000,496.240000,201.400000,202.520000,200.530000,77.320000,77.410000,77.230000,107.930000,108.120000,107.690000,12.510000,12.610000,12.350000,14.390000,14.480000,14.260000
2024-07-10,561.320000,561.670000,556.770000,502.960000,503.520000,498.390000,203.370000,203.590000,201.490000,77.500000,77.520000,77.370000,108.190000,108.210000,107.900000,12.850000,12.920000,12.390000,14.500000,14.520000,14.270000
2024-07-11,556.480000,562.330000,555.830000,491.930000,503.280000,490.720000,210.680000,211.230000,206.940000,77.780000,77.840000,77.710000,108.770000,109.020000,108.680000,12.920000,13.330000,12.230000,14.670000,14.870000,14.360000
2024-07-12,559.990000,563.670000,557.170000,494.820000,499.620000,492.040000,213.140000,214.940000,212.660000,77.980000,78.020000,77.790000,109.170000,109.170000,108.720000,12.460000,12.890000,12.110000,14.370000,14.460000,14.100000
2024-07-15,561.530000,564.840000,559.630000,496.150000,501.010000,494.090000,217.190000,218.240000,214.300000,77.990000,78.070000,77.900000,108.570000,108.960000,108.550000,13.120000,13.260000,12.750000,14.870000,14.920000,14.460000
2024-07-16,564.860000,565.160000,562.100000,496.340000,498.440000,493.150000,224.600000,224.860000,219.020000,78.290000,78.330000,77.990000,109.200000,109.220000,108.740000,13.190000,13.470000,12.950000,14.910000,14.950000,14.690000
2024-07-17,556.940000,560.510000,556.610000,481.770000,488.800000,481.700000,222.250000,226.640000,221.660000,78.200000,78.250000,78.020000,109.250000,109.300000,108.840000,14.480000,14.880000,13.540000,15.790000,16.080000,15.280000
2024-07-18,552.660000,559.520000,550.430000,479.490000,485.710000,476.270000,217.950000,224.780000,216.980000,78.040000,78.270000,77.970000,108.780000,109.240000,108.740000,15.930000,16.430000,14.080000,16.560000,16.920000,15.380000
2024-07-19,548.990000,554.080000,547.910000,475.240000,481.690000,473.940000,216.840000,218.650000,215.850000,77.980000,78.130000,77.880000,108.380000,108.590000,108.310000,16.520000,17.190000,10.620000,17.160000,17.500000,16.570000
2024-07-22,554.650000,555.270000,551.020000,482.320000,483.350000,477.760000,220.290000,220.650000,215.380000,78.270000,78.280000,78.110000,108.320000,108.760000,108.200000,14.910000,16.890000,14.750000,16.090000,16.780000,15.970000
2024-07-23,553.780000,556.740000,553.270000,480.620000,484.430000,480.140000,222.630000,223.750000,219.040000,78.280000,78.420000,78.230000,108.240000,108.570000,108.240000,14.720000,15.350000,13.900000,16.010000,16.170000,15.490000
2024-07-24,541.230000,549.170000,540.290000,463.380000,474.190000,462.510000,217.850000,223.860000,217.710000,78.030000,78.310000,78.010000,107.580000,108.470000,107.580000,18.040000,18.460000,15.180000,18.430000,18.640000,16.490000
2024-07-25,538.410000,547.460000,537.450000,458.270000,467.940000,455.630000,220.570000,224.020000,218.200000,78.040000,78.330000,78.050000,108.010000,108.280000,107.770000,18.460000,19.360000,16.420000,18.690000,19.320000,17.280000
2024-07-26,544.440000,547.190000,541.490000,462.970000,465.930000,459.770000,224.220000,225.390000,221.700000,78.290000,78.370000,78.210000,108.610000,108.660000,108.340000,16.390000,18.050000,16.370000,17.240000,18.090000,17.210000
2024-07-29,544.760000,547.050000,542.720000,463.900000,467.910000,461.610000,221.730000,225.420000,220.770000,78.220000,78.440000,78.140000,108.840000,108.970000,108.610000,16.600000,17.210000,16.230000,17.160000,17.620000,16.880000
2024-07-30,542.000000,547.340000,538.510000,457.530000,466.570000,454.150000,222.570000,224.460000,221.110000,78.260000,78.350000,78.120000,108.930000,108.990000,108.680000,17.690000,18.320000,16.260000,18.010000,18.390000,16.830000
2024-07-31,550.810000,553.500000,547.570000,471.070000,472.790000,466.410000,223.860000,228.630000,221.980000,78.540000,78.600000,78.360000,109.560000,109.590000,109.090000,16.360000,16.770000,15.710000,16.970000,17.130000,16.430000
2024-08-01,543.010000,554.870000,539.430000,459.660000,475.550000,455.980000,216.580000,224.890000,215.060000,77.960000,78.300000,77.940000,109.530000,109.840000,109.450000,18.590000,19.480000,15.950000,19.140000,19.760000,16.900000
2024-08-02,532.900000,536.990000,528.600000,448.750000,453.570000,444.470000,208.920000,211.190000,206.990000,77.700000,77.970000,77.610000,110.600000,110.690000,110.110000,23.390000,29.660000,20.010000,23.340000,26.310000,20.690000
2024-08-05,517.380000,523.580000,510.270000,435.370000,442.290000,423.450000,202.200000,204.740000,196.700000,77.220000,77.380000,76.580000,110.320000,110.660000,110.010000,38.570000,65.730000,23.390000,33.710000,43.680000,27.770000
2024-08-06,522.150000,529.750000,517.870000,439.530000,447.070000,434.560000,204.400000,207.250000,201.200000,77.510000,77.810000,77.170000,109.600000,110.240000,109.580000,27.710000,34.770000,24.020000,26.760000,30.410000,23.790000
2024-08-07,518.660000,531.590000,518.050000,434.770000,449.000000,434.370000,201.980000,207.960000,201.560000,77.660000,78.010000,77.610000,109.100000,109.770000,108.940000,27.850000,29.760000,21.970000,27.010000,28.180000,22.920000
2024-08-08,530.650000,531.290000,521.840000,448.070000,448.990000,437.150000,206.890000,207.000000,203.170000,77.980000,78.020000,77.790000,109.150000,109.220000,108.840000,23.790000,29.470000,23.360000,24.130000,26.090000,23.910000
2024-08-09,532.990000,534.510000,528.560000,450.410000,452.060000,445.610000,206.460000,207.120000,204.940000,77.970000,78.090000,77.830000,109.710000,109.920000,109.610000,20.370000,24.520000,20.260000,21.180000,24.680000,21.180000
2024-08-12,533.270000,535.730000,530.950000,451.380000,454.370000,448.550000,204.600000,206.980000,203.820000,78.020000,78.040000,77.870000,109.940000,110.060000,109.540000,20.710000,21.190000,18.890000,21.630000,21.830000,19.880000
2024-08-13,542.040000,542.280000,536.280000,462.580000,462.850000,455.680000,207.970000,208.380000,204.860000,78.380000,78.390000,78.090000,110.710000,110.710000,110.290000,18.120000,20.790000,17.950000,19.860000,20.890000,19.770000
2024-08-14,543.750000,544.960000,540.120000,462.730000,465.110000,458.400000,206.680000,208.750000,205.740000,78.520000,78.550000,78.300000,111.200000,111.340000,110.830000,16.190000,18.490000,16.120000,18.450000,19.540000,18.360000
2024-08-15,553.070000,553.360000,548.880000,474.420000,474.820000,468.380000,212.040000,213.100000,209.910000,78.590000,78.620000,78.450000,110.860000,111.010000,110.440000,15.230000,16.680000,14.770000,17.880000,18.200000,17.450000
2024-08-16,554.310000,555.020000,551.260000,475.030000,476.410000,471.650000,212.600000,213.980000,211.280000,78.840000,78.880000,78.540000,111.190000,111.260000,110.420000,14.800000,15.760000,14.650000,17.810000,19.500000,17.670000
2024-08-19,559.610000,559.580000,553.860000,481.270000,481.310000,473.370000,215.200000,215.210000,212.820000,78.970000,79.000000,78.750000,111.450000,111.570000,111.150000,14.650000,16.070000,14.460000,17.590000,18.120000,17.420000
2024-08-20,558.700000,560.840000,557.320000,480.260000,482.940000,478.550000,212.690000,214.950000,212.050000,78.900000,79.030000,78.770000,111.740000,111.800000,111.450000,15.880000,15.930000,14.780000,18.280000,18.410000,17.650000
2024-08-21,560.620000,562.110000,557.990000,482.500000,484.370000,479.320000,215.460000,215.660000,212.820000,79.080000,79.120000,78.900000,111.990000,112.280000,111.670000,16.270000,17.170000,15.920000,18.580000,19.170000,18.300000
2024-08-22,556.220000,563.180000,554.980000,474.850000,485.540000,473.810000,213.560000,216.370000,213.130000,78.980000,79.090000,78.890000,111.530000,111.820000,111.280000,17.550000,18.060000,15.760000,19.360000,19.610000,18.350000
2024-08-23,562.130000,563.090000,557.290000,480.000000,482.740000,475.280000,220.380000,221.080000,214.790000,79.400000,79.400000,79.080000,112.170000,112.300000,111.710000,15.860000,17.210000,15.610000,18.190000,19.150000,18.050000
2024-08-26,560.790000,563.910000,559.050000,475.340000,480.380000,473.240000,220.450000,222.450000,220.080000,79.240000,79.430000,79.230000,112.030000,112.400000,111.980000,16.150000,16.670000,15.810000,18.250000,18.680000,18.070000
2024-08-27,561.560000,562.060000,558.320000,476.760000,477.840000,471.710000,218.740000,219.370000,217.710000,79.290000,79.370000,79.110000,111.940000,111.990000,111.530000,15.430000,16.810000,15.370000,17.730000,18.650000,17.720000
2024-08-28,558.300000,561.650000,555.040000,471.350000,477.020000,467.890000,217.260000,219.120000,216.270000,79.250000,79.320000,79.180000,111.710000,111.960000,111.640000,17.110000,17.890000,15.460000,18.900000,19.270000,17.740000
2024-08-29,558.350000,563.680000,557.180000,470.660000,477.930000,469.370000,218.810000,220.980000,217.150000,79.330000,79.360000,79.230000,111.520000,111.640000,111.340000,15.650000,16.570000,15.190000,18.000000,18.380000,17.720000
2024-08-30,563.680000,564.200000,557.140000,476.270000,476.900000,470.510000,220.080000,220.500000,217.400000,79.340000,79.420000,79.240000,111.210000,111.810000,111.160000,15.550000,16.040000,14.780000,17.430000,18.170000,17.380000
2024-09-03,552.080000,560.810000,549.510000,461.810000,473.330000,459.410000,213.350000,219.370000,212.910000,78.680000,78.960000,78.650000,111.140000,111.520000,110.960000,20.720000,21.990000,15.710000,21.700000,22.520000,18.350000
2024-09-04,550.950000,554.430000,549.460000,460.610000,464.450000,457.730000,212.990000,215.370000,211.700000,78.970000,79.050000,78.660000,111.830000,111.870000,111.190000,21.320000,23.310000,19.340000,22.070000,22.710000,20.440000
2024-09-05,549.610000,553.800000,547.100000,461.040000,465.360000,457.930000,211.930000,214.030000,210.920000,79.240000,79.280000,79.050000,112.380000,112.410000,111.740000,19.900000,21.530000,19.210000,20.930000,22.120000,20.560000
2024-09-06,540.360000,551.600000,539.440000,448.690000,461.220000,448.190000,207.900000,213.190000,207.140000,79.140000,79.380000,78.990000,112.330000,113.060000,112.130000,22.380000,23.760000,18.830000,22.740000,23.730000,20.140000
2024-09-09,546.410000,547.710000,542.680000,454.460000,455.460000,449.820000,208.480000,210.260000,207.520000,79.330000,79.380000,79.160000,112.580000,112.690000,112.180000,19.450000,21.410000,19.290000,20.880000,22.040000,20.680000
2024-09-10,548.790000,549.150000,543.380000,458.660000,459.170000,452.230000,208.310000,208.860000,205.790000,79.180000,79.370000,79.100000,112.890000,112.910000,112.510000,19.080000,20.740000,18.900000,20.550000,21.870000,20.510000
2024-09-11,554.420000,555.360000,539.960000,468.620000,469.370000,451.280000,208.920000,209.250000,204.210000,79.300000,79.310000,78.970000,112.940000,113.110000,112.560000,17.690000,21.410000,17.550000,19.590000,22.330000,19.520000
2024-09-12,559.090000,559.400000,552.740000,473.220000,474.040000,466.840000,211.610000,212.780000,208.410000,79.410000,79.490000,79.210000,112.860000,112.950000,112.560000,17.070000,18.590000,16.890000,19.480000,20.160000,19.280000
2024-09-13,562.010000,563.030000,559.450000,475.340000,476.530000,472.250000,216.830000,217.250000,213.940000,79.630000,79.680000,79.500000,113.210000,113.370000,113.090000,16.560000,17.180000,16.230000,19.280000,20.370000,18.920000
2024-09-16,562.840000,563.110000,559.900000,473.240000,473.860000,469.890000,217.610000,218.290000,216.140000,79.830000,79.900000,79.640000,113.710000,113.790000,113.220000,17.140000,17.690000,16.910000,19.810000,20.210000,19.630000
2024-09-17,563.070000,566.580000,560.790000,473.490000,477.600000,470.970000,219.410000,221.800000,218.470000,79.850000,79.940000,79.790000,113.720000,113.920000,113.540000,17.610000,18.080000,16.670000,20.130000,20.740000,19.510000
2024-09-18,561.400000,568.690000,560.830000,471.440000,478.830000,470.830000,219.450000,224.940000,218.250000,79.920000,80.280000,79.790000,113.250000,114.070000,113.210000,18.230000,19.390000,17.110000,20.350000,23.140000,19.540000
2024-09-19,570.980000,572.880000,568.080000,483.360000,486.230000,480.490000,223.970000,224.680000,221.500000,80.160000,80.330000,80.090000,113.350000,113.560000,113.140000,16.330000,17.270000,16.210000,19.070000,19.590000,18.930000
2024-09-20,568.250000,569.310000,565.170000,482.440000,483.690000,478.300000,221.570000,223.460000,221.290000,80.260000,80.240000,80.000000,113.450000,113.500000,112.990000,16.150000,16.680000,15.810000,18.940000,19.260000,18.710000
2024-09-23,569.670000,570.340000,568.100000,483.040000,484.140000,481.600000,220.760000,223.110000,220.020000,80.110000,80.210000,80.080000,113.290000,113.520000,112.950000,15.890000,16.950000,15.750000,18.700000,19.140000,18.580000
2024-09-24,571.300000,571.360000,567.600000,485.370000,486.330000,480.170000,221.130000,221.930000,219.500000,80.120000,80.180000,80.000000,113.480000,113.570000,112.900000,15.390000,16.670000,15.270000,18.470000,19.170000,18.400000
2024-09-25,570.040000,571.890000,568.910000,485.820000,487.790000,484.560000,217.690000,220.610000,217.540000,80.030000,80.110000,80.020000,112.810000,113.200000,112.780000,15.410000,15.820000,15.170000,18.570000,19.090000,18.280000
2024-09-26,572.300000,574.710000,569.900000,489.470000,493.700000,485.800000,218.850000,221.130000,218.380000,80.160000,80.190000,80.020000,112.810000,113.090000,112.510000,15.370000,15.830000,14.900000,18.450000,18.960000,18.370000
2024-09-27,571.470000,574.220000,570.420000,486.750000,490.640000,485.560000,220.330000,222.600000,219.530000,80.360000,80.370000,80.200000,113.260000,113.350000,113.050000,16.960000,16.970000,15.200000,19.540000,19.550000,18.380000
2024-09-30,573.760000,574.380000,568.080000,488.070000,488.410000,482.920000,220.890000,221.590000,218.580000,80.300000,80.370000,80.180000,112.980000,113.320000,112.820000,16.730000,17.790000,16.470000,19.220000,19.990000,19.110000
2024-10-01,568.620000,573.460000,566.000000,481.270000,488.000000,477.400000,217.890000,220.340000,216.300000,79.870000,80.000000,79.790000,113.110000,113.290000,112.870000,19.260000,20.730000,16.610000,20.890000,21.590000,19.330000
2024-10-02,568.860000,569.900000,565.270000,481.950000,483.880000,477.720000,217.590000,218.750000,216.210000,79.880000,79.880000,79.690000,112.860000,112.880000,112.380000,18.900000,20.360000,18.580000,20.590000,21.800000,20.520000
2024-10-03,567.820000,569.810000,565.490000,481.590000,484.550000,478.990000,216.130000,217.230000,215.080000,79.690000,79.810000,79.620000,112.130000,112.630000,112.130000,20.490000,20.750000,19.160000,21.630000,21.790000,20.670000
2024-10-04,572.980000,573.360000,568.100000,487.320000,487.880000,482.380000,219.150000,219.980000,217.290000,79.600000,79.720000,79.540000,111.520000,111.640000,111.390000,19.210000,20.480000,18.480000,20.650000,21.390000,20.390000
2024-10-07,567.800000,571.960000,566.630000,482.100000,486.570000,480.870000,217.430000,218.660000,215.870000,79.260000,79.540000,79.250000,110.950000,111.330000,110.880000,22.640000,23.030000,20.650000,22.590000,22.790000,21.100000
2024-10-08,573.170000,573.780000,569.520000,489.300000,489.990000,483.840000,217.580000,218.370000,216.700000,79.450000,79.460000,79.300000,111.170000,111.170000,110.660000,21.420000,23.140000,21.140000,21.520000,21.980000,21.320000
2024-10-09,577.140000,577.710000,572.550000,493.150000,493.730000,487.950000,218.060000,219.610000,216.920000,79.400000,79.480000,79.340000,110.950000,111.070000,110.750000,20.860000,22.010000,20.710000,20.910000,21.570000,20.750000
2024-10-10,576.130000,577.580000,574.490000,492.590000,494.470000,489.530000,216.850000,216.880000,214.600000,79.360000,79.410000,79.240000,110.830000,110.890000,110.500000,20.930000,21.390000,20.640000,21.020000,21.260000,20.860000
2024-10-11,579.580000,580.330000,575.910000,493.360000,494.390000,490.170000,221.260000,221.610000,216.710000,79.570000,79.590000,79.340000,110.810000,111.020000,110.570000,20.460000,21.160000,20.140000,20.770000,21.850000,20.530000
2024-10-14,584.320000,585.270000,580.730000,497.500000,498.830000,495.260000,222.890000,223.110000,220.430000,79.610000,79.630000,79.400000,110.820000,110.840000,110.370000,19.700000,20.860000,19.690000,20.120000,20.690000,19.990000
2024-10-15,579.780000,584.900000,578.540000,490.850000,498.500000,488.680000,223.070000,225.500000,221.980000,79.590000,79.720000,79.580000,111.360000,111.470000,111.050000,20.640000,20.890000,19.440000,20.800000,20.890000,19.790000
2024-10-16,582.300000,582.830000,578.960000,490.910000,491.690000,487.570000,226.740000,227.170000,224.390000,79.730000,79.810000,79.650000,111.710000,111.790000,111.490000,19.580000,21.010000,19.450000,20.320000,21.050000,20.290000
2024-10-17,582.350000,586.120000,582.160000,491.250000,496.490000,491.190000,226.120000,226.960000,224.910000,79.610000,79.800000,79.480000,110.880000,111.320000,110.830000,19.110000,19.650000,18.880000,19.810000,20.320000,19.740000
2024-10-18,584.590000,585.390000,582.580000,494.470000,495.570000,493.300000,225.650000,227.030000,225.390000,79.800000,79.800000,79.650000,110.750000,111.150000,110.730000,18.030000,19.320000,17.990000,19.190000,19.840000,19.160000
2024-10-21,583.630000,584.850000,580.600000,495.420000,496.230000,491.310000,222.100000,225.690000,221.530000,79.480000,79.710000,79.400000,109.620000,110.280000,109.580000,18.370000,19.340000,18.360000,19.240000,19.950000,19.230000
2024-10-22,583.320000,584.500000,580.380000,495.960000,497.450000,491.970000,221.260000,221.830000,220.300000,79.370000,79.460000,79.280000,109.610000,109.740000,109.350000,18.200000,19.440000,18.050000,19.170000,19.900000,19.000000
2024-10-23,577.990000,581.710000,574.410000,488.360000,494.250000,485.050000,219.240000,220.800000,217.370000,79.130000,79.300000,79.070000,109.240000,109.460000,109.080000,19.240000,20.470000,18.180000,20.040000,20.820000,19.280000
2024-10-24,579.240000,580.060000,576.570000,492.320000,493.000000,489.440000,219.720000,221.040000,218.520000,79.360000,79.420000,79.210000,109.570000,109.770000,109.260000,19.080000,20.240000,18.630000,19.850000,20.770000,19.760000
2024-10-25,579.040000,584.460000,578.080000,495.320000,500.280000,494.430000,218.890000,221.970000,218.520000,79.280000,79.550000,79.250000,109.310000,109.940000,109.240000,20.330000,20.510000,18.230000,20.940000,21.040000,19.040000
2024-10-28,580.830000,582.710000,580.520000,495.400000,498.520000,495.100000,222.460000,222.970000,220.480000,79.480000,79.520000,79.380000,109.220000,109.490000,108.970000,19.800000,19.880000,18.910000,20.170000,20.470000,19.840000
2024-10-29,581.770000,582.910000,578.430000,500.160000,501.350000,493.850000,221.740000,221.900000,219.970000,79.500000,79.520000,79.230000,109.350000,109.380000,108.660000,19.340000,20.530000,19.060000,19.960000,20.590000,19.690000
2024-10-30,580.010000,583.320000,579.290000,496.380000,500.350000,495.890000,221.440000,224.480000,220.900000,79.360000,79.650000,79.330000,109.210000,109.950000,109.160000,20.350000,20.440000,19.300000,20.760000,20.810000,19.990000
2024-10-31,568.640000,575.630000,568.440000,483.850000,492.430000,483.750000,217.760000,221.770000,217.630000,79.140000,79.380000,79.140000,108.990000,109.320000,108.720000,23.160000,23.420000,21.120000,22.640000,22.810000,21.410000
2024-11-01,571.040000,575.550000,570.620000,487.430000,490.760000,485.200000,218.980000,220.970000,218.340000,78.750000,79.080000,78.730000,108.010000,109.070000,107.960000,21.880000,23.090000,21.160000,21.910000,22.120000,21.240000
2024-11-04,569.810000,572.500000,567.890000,486.010000,489.380000,484.250000,220.090000,221.740000,217.840000,78.970000,79.100000,78.890000,108.810000,109.080000,108.520000,21.980000,23.070000,21.730000,21.570000,22.420000,21.400000
2024-11-05,576.700000,576.710000,570.520000,492.210000,492.880000,487.520000,224.230000,224.290000,219.060000,79.190000,79.200000,78.940000,109.330000,109.350000,108.500000,20.490000,22.060000,20.200000,20.190000,21.320000,20.120000
2024-11-06,591.040000,591.930000,585.390000,505.580000,506.410000,499.600000,237.220000,237.580000,232.750000,79.330000,79.360000,79.080000,108.190000,108.650000,107.900000,16.270000,16.820000,15.440000,17.670000,18.260000,17.570000
2024-11-07,595.610000,596.650000,592.990000,513.540000,514.330000,508.340000,236.380000,238.490000,235.400000,79.670000,79.700000,79.250000,109.470000,109.590000,108.720000,15.200000,15.860000,15.130000,16.950000,17.370000,16.900000
2024-11-08,598.190000,599.640000,596.160000,514.140000,514.920000,512.410000,238.120000,238.470000,235.650000,79.800000,79.830000,79.670000,109.850000,110.080000,109.590000,14.940000,15.330000,14.660000,16.830000,16.980000,16.680000
2024-11-11,598.760000,600.170000,597.000000,513.840000,515.580000,510.920000,241.700000,242.390000,239.850000,79.710000,79.820000,79.710000,109.640000,109.730000,109.450000,14.970000,15.560000,14.890000,16.800000,17.040000,16.700000
2024-11-12,596.900000,599.290000,594.370000,512.910000,514.660000,509.830000,237.460000,241.790000,236.560000,79.390000,79.700000,79.330000,108.650000,109.400000,108.560000,14.710000,15.370000,14.690000,16.710000,17.180000,16.700000
2024-11-13,597.190000,599.230000,594.960000,512.250000,514.980000,509.950000,235.110000,239.880000,234.830000,79.410000,79.600000,79.380000,108.240000,109.250000,108.170000,14.020000,15.260000,13.770000,16.510000,17.010000,16.370000
2024-11-14,593.350000,597.810000,592.650000,508.690000,512.790000,507.770000,231.940000,236.430000,231.210000,79.240000,79.530000,79.250000,108.210000,108.720000,108.100000,14.310000,14.320000,13.590000,16.680000,16.660000,16.180000
2024-11-15,585.750000,590.200000,583.860000,496.570000,503.330000,494.490000,228.480000,232.290000,227.810000,79.230000,79.280000,79.050000,108.260000,108.520000,107.600000,16.140000,17.550000,14.560000,17.810000,18.710000,16.820000
2024-11-18,588.150000,589.490000,585.340000,500.020000,502.140000,496.730000,228.930000,230.600000,228.130000,79.380000,79.390000,79.190000,108.460000,108.640000,108.030000,15.580000,17.000000,15.350000,17.190000,17.990000,17.000000
2024-11-19,590.300000,591.050000,584.030000,503.460000,503.960000,497.080000,230.630000,230.820000,226.400000,79.500000,79.570000,79.300000,108.690000,108.910000,108.610000,16.350000,17.930000,15.370000,17.690000,18.260000,17.280000
2024-11-20,590.500000,590.790000,584.630000,503.170000,503.480000,496.550000,230.930000,230.910000,228.040000,79.480000,79.500000,79.390000,108.430000,108.600000,108.270000,17.160000,18.790000,16.040000,18.260000,19.660000,17.710000
2024-11-21,593.670000,595.120000,587.450000,504.980000,506.960000,497.560000,234.440000,235.570000,231.110000,79.510000,79.640000,79.470000,108.300000,108.750000,108.200000,16.870000,17.990000,15.730000,18.180000,19.000000,17.520000
2024-11-22,595.510000,596.150000,593.150000,505.790000,506.530000,502.780000,238.770000,239.240000,235.330000,79.490000,79.590000,79.450000,108.400000,108.590000,108.220000,15.240000,17.560000,15.240000,17.300000,18.070000,17.300000
2024-11-25,597.530000,600.860000,595.200000,506.590000,511.460000,504.260000,242.400000,244.980000,241.390000,79.790000,79.850000,79.720000,109.750000,109.810000,109.420000,14.600000,15.720000,14.540000,16.870000,17.620000,16.860000
2024-11-26,600.650000,601.330000,598.070000,509.310000,510.140000,507.230000,240.620000,241.610000,239.420000,79.640000,79.800000,79.570000,109.470000,109.520000,109.110000,14.100000,15.030000,13.880000,16.530000,16.800000,16.430000
2024-11-27,598.830000,600.850000,597.280000,505.300000,508.240000,501.930000,240.950000,243.690000,240.440000,79.880000,79.880000,79.690000,109.870000,109.980000,109.550000,13.900000,15.130000,13.970000,16.600000,17.150000,16.580000
2024-11-29,602.550000,603.350000,599.380000,509.740000,510.340000,505.310000,241.870000,243.480000,241.540000,80.040000,80.070000,79.890000,110.550000,110.570000,110.290000,13.520000,14.150000,13.490000,16.260000,16.630000,16.250000
2024-12-02,603.630000,604.320000,602.470000,515.290000,516.260000,510.620000,241.750000,242.660000,240.010000,79.650000,79.930000,79.530000,110.340000,110.430000,109.810000,13.340000,14.100000,13.300000,16.340000,16.750000,16.320000
2024-12-03,603.910000,604.160000,602.340000,516.870000,517.150000,513.370000,240.030000,242.140000,239.370000,79.650000,79.740000,79.610000,109.950000,110.540000,109.890000,13.300000,13.770000,13.190000,16.240000,16.650000,16.190000
2024-12-04,607.660000,607.910000,604.950000,523.260000,523.520000,519.600000,240.890000,241.670000,239.210000,79.840000,79.840000,79.640000,110.480000,110.590000,109.700000,13.450000,13.610000,12.890000,16.390000,16.440000,15.820000
2024-12-05,606.660000,608.480000,606.300000,521.810000,524.040000,521.420000,238.080000,240.860000,237.730000,79.770000,79.820000,79.710000,110.450000,110.540000,110.170000,13.540000,13.700000,13.260000,16.580000,16.590000,16.400000
2024-12-06,607.810000,609.070000,607.020000,526.480000,526.720000,522.350000,238.930000,239.890000,238.380000,79.900000,80.000000,79.850000,110.700000,110.930000,110.430000,12.770000,13.740000,12.700000,16.320000,16.420000,16.200000
2024-12-09,604.680000,607.860000,604.080000,522.380000,526.350000,521.220000,237.730000,241.380000,237.650000,79.800000,79.940000,79.780000,110.420000,110.600000,110.330000,14.190000,14.230000,13.350000,17.090000,17.120000,16.560000
2024-12-10,602.800000,605.800000,602.130000,520.600000,525.380000,519.160000,236.700000,238.820000,235.920000,79.840000,79.940000,79.740000,110.250000,110.400000,110.100000,14.180000,14.540000,13.860000,16.980000,17.190000,16.860000
2024-12-11,607.460000,608.440000,605.500000,529.920000,530.610000,524.590000,237.770000,239.290000,236.830000,79.860000,79.950000,79.830000,109.950000,110.590000,109.930000,13.580000,14.430000,13.520000,16.880000,16.930000,16.580000
2024-12-12,604.330000,607.160000,604.340000,526.500000,528.960000,526.020000,234.680000,237.650000,234.350000,79.640000,79.990000,79.630000,109.330000,109.720000,109.250000,13.920000,13.950000,13.390000,17.350000,17.240000,16.790000
2024-12-13,604.210000,607.130000,602.810000,530.530000,533.170000,527.300000,233.070000,234.860000,231.880000,79.410000,79.710000,79.380000,108.720000,109.190000,108.650000,13.810000,14.250000,13.240000,17.150000,17.350000,16.740000
2024-12-16,606.790000,607.780000,605.210000,538.170000,539.150000,533.000000,234.440000,235.630000,232.350000,79.560000,79.620000,79.480000,108.860000,109.060000,108.700000,14.690000,14.690000,13.990000,17.570000,17.570000,17.210000
2024-12-17,604.290000,605.170000,602.880000,535.800000,537.480000,534.130000,231.070000,233.440000,230.550000,79.390000,79.500000,79.390000,108.870000,109.020000,108.750000,15.870000,15.940000,14.780000,18.130000,18.180000,17.750000
2024-12-18,586.280000,606.410000,585.890000,516.470000,536.880000,515.010000,220.840000,233.080000,218.920000,78.170000,79.140000,78.150000,107.140000,108.590000,107.050000,27.620000,28.320000,14.820000,24.240000,24.990000,17.330000
2024-12-19,586.100000,593.000000,585.850000,514.170000,521.760000,513.830000,219.860000,224.430000,219.320000,78.090000,78.510000,78.090000,106.560000,107.000000,106.330000,24.090000,24.120000,20.160000,24.140000,24.150000,20.630000
2024-12-20,591.150000,595.750000,580.910000,518.660000,524.820000,509.290000,221.920000,224.660000,218.070000,78.580000,78.670000,78.000000,106.980000,107.470000,106.810000,18.360000,26.510000,17.820000,20.100000,23.930000,19.740000
2024-12-23,594.690000,595.300000,587.660000,522.870000,523.250000,516.130000,221.410000,222.400000,219.380000,78.370000,78.690000,78.380000,106.670000,107.080000,106.550000,16.780000,20.020000,16.740000,18.650000,20.840000,18.660000
2024-12-24,601.300000,601.340000,595.470000,529.960000,530.050000,524.190000,223.390000,223.630000,220.480000,78.620000,78.640000,78.350000,107.000000,107.010000,106.410000,14.280000,17.040000,14.280000,17.200000,18.500000,17.160000
2024-12-26,601.340000,602.480000,598.080000,529.600000,531.240000,526.310000,225.680000,226.150000,221.460000,78.820000,78.810000,78.470000,107.100000,107.140000,106.500000,14.730000,15.930000,14.550000,17.360000,18.030000,17.190000
2024-12-27,595.010000,597.780000,590.760000,522.560000,526.450000,517.860000,222.390000,225.440000,220.200000,78.550000,78.760000,78.530000,106.650000,107.040000,106.610000,15.950000,18.450000,15.290000,18.070000,19.500000,18.010000
2024-12-30,588.220000,591.740000,584.410000,515.610000,519.360000,511.830000,220.680000,221.810000,217.850000,78.660000,78.740000,78.490000,107.110000,107.180000,106.960000,17.400000,19.220000,16.440000,18.940000,20.220000,18.230000
2024-12-31,586.080000,590.640000,584.420000,511.230000,517.660000,510.260000,220.960000,223.280000,220.150000,78.650000,78.840000,78.550000,106.840000,107.390000,106.660000,17.350000,17.810000,16.680000,18.980000,19.250000,18.270000
2025-01-02,584.640000,591.130000,580.500000,510.230000,516.640000,505.710000,221.140000,224.370000,219.590000,78.840000,78.950000,78.720000,106.850000,107.310000,106.610000,17.930000,19.500000,16.960000,19.330000,20.510000,18.540000
2025-01-03,591.950000,592.600000,586.430000,518.580000,519.650000,512.530000,224.430000,224.820000,221.380000,78.960000,79.030000,78.930000,106.600000,107.060000,106.530000,16.130000,17.940000,16.110000,18.140000,19.130000,18.100000
2025-01-06,595.360000,599.700000,593.600000,524.540000,527.920000,522.030000,224.520000,227.170000,224.140000,79.100000,79.190000,79.010000,106.330000,106.590000,106.270000,16.040000,16.870000,15.710000,18.030000,18.720000,17.700000
2025-01-07,588.630000,597.750000,586.780000,515.180000,525.990000,513.280000,222.720000,226.520000,221.380000,78.840000,79.220000,78.820000,105.840000,106.310000,105.670000,17.820000,18.900000,15.790000,19.190000,19.850000,17.810000
2025-01-08,589.490000,590.580000,585.190000,515.270000,516.920000,510.570000,221.710000,222.310000,219.010000,78.940000,78.990000,78.760000,106.010000,106.110000,105.620000,18.070000,19.500000,17.370000,19.340000,20.670000,19.100000
2025-01-10,580.490000,585.960000,578.550000,507.190000,511.580000,503.920000,216.830000,218.710000,215.310000,78.530000,78.800000,78.500000,105.400000,105.740000,105.220000,19.540000,20.310000,18.050000,20.970000,21.530000,19.950000
2025-01-13,581.390000,581.750000,575.350000,505.560000,506.020000,499.700000,217.250000,217.520000,213.970000,78.510000,78.560000,78.370000,105.100000,105.370000,105.030000,19.190000,22.040000,19.150000,20.430000,22.190000,20.350000
2025-01-14,582.190000,585.000000,578.350000,505.080000,510.160000,501.590000,219.720000,220.230000,217.220000,78.610000,78.730000,78.550000,105.220000,105.280000,104.940000,18.710000,19.660000,18.240000,19.990000,20.800000,19.660000
2025-01-15,592.780000,593.940000,589.190000,516.700000,517.850000,511.460000,224.040000,225.580000,223.000000,79.300000,79.310000,79.060000,106.480000,106.640000,106.220000,16.120000,19.140000,15.960000,18.230000,18.740000,18.070000
2025-01-16,591.640000,594.350000,590.930000,513.080000,519.060000,512.950000,224.490000,225.230000,222.710000,79.390000,79.410000,79.120000,106.690000,106.910000,106.200000,16.600000,16.600000,15.640000,18.350000,18.340000,17.830000
2025-01-17,597.580000,599.360000,595.610000,521.740000,523.460000,518.910000,225.460000,226.930000,224.670000,79.460000,79.520000,79.390000,106.780000,107.010000,106.710000,15.810000,16.230000,15.530000,18.190000,18.180000,17.760000
2025-01-21,603.050000,602.980000,598.670000,524.800000,525.970000,520.060000,229.790000,229.870000,226.980000,79.670000,79.700000,79.600000,107.400000,107.420000,107.110000,15.060000,16.290000,14.930000,17.500000,18.140000,17.430000
2025-01-22,606.440000,607.820000,605.360000,531.510000,533.820000,529.260000,228.290000,229.850000,227.830000,79.560000,79.720000,79.520000,107.060000,107.510000,107.050000,15.100000,15.290000,14.590000,17.810000,17.830000,17.490000
2025-01-23,609.750000,609.740000,605.520000,532.640000,532.760000,528.450000,229.330000,229.350000,226.550000,79.660000,79.670000,79.440000,106.910000,106.920000,106.570000,15.020000,15.390000,14.590000,17.520000,17.780000,17.410000
2025-01-24,607.970000,610.780000,606.800000,529.630000,533.790000,528.150000,228.690000,230.230000,228.040000,79.750000,79.830000,79.650000,107.120000,107.240000,106.760000,14.850000,15.160000,14.580000,17.550000,17.750000,17.350000
2025-01-27,599.370000,599.690000,594.640000,514.210000,517.990000,510.150000,226.500000,229.620000,225.210000,79.810000,79.860000,79.610000,107.860000,107.890000,107.500000,17.900000,22.510000,17.570000,18.970000,20.310000,18.850000
2025-01-28,604.520000,605.370000,597.250000,521.810000,523.000000,511.780000,226.750000,227.560000,225.180000,79.780000,79.810000,79.670000,107.710000,107.770000,107.470000,16.410000,18.390000,16.250000,18.130000,19.380000,17.980000
2025-01-29,601.810000,604.130000,599.220000,520.830000,522.590000,516.890000,226.230000,228.220000,224.580000,79.730000,79.830000,79.620000,107.570000,107.920000,107.230000,16.560000,18.080000,16.170000,18.150000,19.050000,17.860000
2025-01-30,605.040000,606.600000,600.710000,523.050000,526.100000,518.210000,228.530000,230.050000,226.920000,79.880000,79.940000,79.790000,107.810000,108.010000,107.660000,15.840000,16.420000,15.320000,17.910000,18.200000,17.480000
2025-01-31,601.820000,609.960000,601.050000,522.290000,531.520000,521.190000,226.480000,230.320000,225.530000,79.720000,79.970000,79.670000,107.460000,108.020000,107.240000,16.430000,17.090000,14.900000,18.430000,18.790000,17.390000
2025-02-03,597.770000,600.290000,590.490000,518.110000,520.850000,511.050000,223.830000,225.550000,220.670000,79.260000,79.370000,79.040000,107.240000,107.680000,107.010000,18.620000,20.420000,17.660000,19.550000,21.230000,18.840000
2025-02-04,601.780000,602.300000,597.280000,524.470000,525.110000,518.230000,226.930000,227.130000,223.210000,79.510000,79.510000,79.230000,107.450000,107.570000,106.940000,17.210000,19.110000,16.780000,18.640000,19.710000,18.420000
2025-02-05,604.220000,604.370000,598.580000,526.850000,527.010000,520.620000,229.400000,229.500000,226.880000,79.720000,79.770000,79.540000,108.200000,108.430000,107.770000,15.770000,17.750000,15.770000,17.960000,19.890000,17.950000
2025-02-06,606.320000,606.460000,602.630000,529.600000,529.810000,525.740000,228.650000,230.700000,227.300000,79.600000,79.790000,79.580000,108.000000,108.290000,107.890000,15.500000,16.150000,14.990000,17.940000,18.990000,17.740000
2025-02-07,600.770000,608.130000,600.050000,522.920000,532.100000,522.190000,226.000000,229.250000,225.580000,79.350000,79.580000,79.340000,107.530000,107.720000,107.400000,16.540000,16.660000,14.790000,18.630000,21.280000,17.610000
2025-02-10,604.850000,605.500000,602.740000,529.250000,530.360000,526.750000,227.020000,227.520000,225.860000,79.510000,79.590000,79.470000,107.560000,107.850000,107.450000,15.810000,16.610000,15.700000,18.230000,18.540000,18.150000
2025-02-11,605.310000,605.860000,602.430000,527.990000,529.920000,525.830000,225.700000,226.420000,224.800000,79.480000,79.530000,79.400000,107.320000,107.400000,107.200000,16.020000,16.420000,15.750000,18.280000,18.540000,18.080000
2025-02-12,603.360000,604.550000,598.510000,528.300000,529.190000,521.950000,223.620000,224.480000,221.790000,79.310000,79.440000,79.150000,106.740000,106.870000,106.360000,15.890000,17.180000,15.640000,18.310000,19.000000,18.110000
2025-02-13,609.730000,609.940000,603.200000,535.900000,536.220000,529.190000,226.140000,226.340000,223.750000,79.670000,79.700000,79.380000,107.570000,107.760000,107.280000,15.100000,16.330000,14.980000,17.840000,18.690000,17.780000
2025-02-14,609.700000,610.990000,609.070000,538.150000,538.840000,535.670000,225.970000,227.980000,225.610000,79.760000,79.890000,79.720000,107.990000,108.350000,107.990000,15.370000,15.420000,14.740000,17.810000,18.010000,17.720000
2025-02-18,611.490000,611.380000,608.380000,539.370000,540.000000,536.040000,227.210000,227.670000,225.510000,79.690000,79.810000,79.640000,107.550000,107.960000,107.470000,15.350000,16.030000,15.350000,17.820000,18.270000,17.820000
2025-02-19,612.930000,613.230000,609.560000,539.520000,540.810000,536.460000,226.430000,227.150000,225.080000,79.750000,79.760000,79.560000,107.610000,107.770000,107.400000,15.270000,15.900000,15.050000,17.930000,18.770000,17.760000
2025-02-20,610.380000,611.690000,607.020000,537.230000,539.100000,532.460000,224.260000,226.190000,223.010000,79.800000,79.820000,79.680000,107.870000,107.950000,107.710000,15.660000,16.630000,15.120000,18.010000,18.610000,17.850000
2025-02-21,599.940000,610.300000,599.470000,526.080000,538.400000,525.710000,217.800000,226.100000,217.460000,79.650000,79.860000,79.670000,108.250000,108.580000,107.980000,18.210000,19.030000,15.280000,19.480000,19.830000,17.990000
2025-02-24,597.210000,603.030000,596.490000,519.870000,529.070000,519.530000,216.230000,218.790000,215.150000,79.750000,79.840000,79.640000,108.530000,108.680000,108.180000,18.980000,20.240000,17.310000,19.860000,20.430000,18.830000
2025-02-25,594.240000,597.890000,589.560000,513.320000,519.320000,509.440000,215.410000,217.270000,213.490000,79.950000,79.980000,79.840000,109.360000,109.400000,109.060000,19.430000,21.480000,18.850000,20.030000,21.260000,19.700000
2025-02-26,594.540000,599.580000,591.850000,514.560000,519.660000,511.370000,215.680000,218.410000,214.840000,80.060000,80.080000,79.970000,109.590000,109.640000,109.180000,19.100000,20.060000,17.830000,19.750000,20.390000,19.070000
2025-02-27,585.050000,598.020000,584.650000,500.270000,519.070000,500.050000,212.390000,216.490000,212.220000,79.910000,80.080000,79.870000,109.130000,109.450000,109.060000,21.130000,21.470000,17.670000,21.220000,21.290000,19.210000
2025-02-28,594.180000,594.720000,582.440000,508.170000,508.780000,496.930000,214.650000,214.660000,210.950000,80.130000,80.130000,79.930000,109.610000,109.660000,109.150000,19.630000,22.400000,19.050000,20.180000,21.870000,19.950000
2025-03-03,583.770000,597.340000,579.900000,497.050000,513.040000,493.580000,208.780000,215.960000,207.420000,79.590000,79.750000,79.510000,109.540000,109.540000,108.870000,22.780000,24.310000,19.250000,22.180000,23.170000,19.890000
2025-03-04,576.860000,585.390000,572.250000,495.550000,503.740000,487.730000,206.420000,209.770000,203.190000,79.580000,79.640000,79.310000,109.180000,109.550000,109.050000,23.510000,26.350000,21.710000,22.780000,24.830000,21.500000
2025-03-05,583.060000,584.880000,573.070000,502.010000,503.630000,491.260000,208.470000,208.840000,204.820000,79.620000,79.680000,79.440000,108.830000,109.450000,108.730000,21.930000,24.840000,21.370000,21.720000,23.590000,21.350000
2025-03-06,572.710000,580.180000,570.120000,488.200000,498.580000,486.200000,205.280000,208.120000,203.900000,79.320000,79.500000,79.280000,108.490000,108.840000,108.290000,24.870000,25.920000,22.390000,23.700000,24.380000,22.480000
2025-03-07,575.920000,577.390000,565.630000,491.790000,493.280000,480.530000,205.950000,207.110000,201.730000,79.450000,79.510000,79.330000,108.320000,109.030000,108.200000,23.370000,26.560000,23.090000,22.590000,24.660000,22.390000
2025-03-10,560.580000,569.540000,555.590000,472.730000,483.970000,468.660000,200.770000,204.740000,198.750000,79.150000,79.380000,79.140000,108.690000,109.060000,108.540000,27.860000,29.560000,24.680000,25.720000,26.610000,24.180000
2025-03-11,555.920000,564.020000,552.020000,471.600000,478.810000,467.010000,200.750000,203.220000,198.530000,78.870000,79.260000,78.800000,107.980000,108.680000,107.950000,26.920000,29.570000,26.180000,25.340000,27.010000,24.740000
2025-03-12,558.870000,563.110000,553.690000,476.920000,481.060000,471.790000,201.100000,203.750000,199.550000,78.960000,79.110000,78.880000,107.660000,108.060000,107.620000,24.230000,26.910000,23.890000,23.670000,25.290000,23.380000
2025-03-13,551.420000,559.110000,549.680000,468.340000,476.290000,466.430000,198.100000,202.030000,197.000000,78.520000,78.870000,78.490000,108.000000,108.030000,107.180000,24.660000,26.130000,23.460000,24.060000,24.860000,23.110000
2025-03-14,562.810000,563.830000,555.500000,479.660000,480.560000,473.120000,202.890000,203.070000,199.340000,78.880000,78.970000,78.710000,107.950000,108.210000,107.860000,21.770000,24.360000,21.480000,22.170000,23.860000,21.930000
2025-03-17,567.150000,569.710000,562.350000,482.770000,485.840000,477.800000,205.450000,206.020000,202.600000,79.070000,79.100000,78.870000,108.170000,108.560000,108.110000,20.510000,22.950000,20.320000,21.300000,22.180000,21.030000
2025-03-18,561.020000,565.020000,559.060000,474.540000,479.610000,472.410000,203.210000,203.920000,202.340000,78.930000,79.070000,78.920000,108.430000,108.660000,108.020000,21.700000,22.570000,20.410000,21.970000,22.450000,21.630000
2025-03-19,567.130000,570.950000,561.630000,480.890000,485.330000,474.870000,206.370000,207.680000,202.900000,79.450000,79.540000,78.960000,109.070000,109.180000,108.280000,19.900000,22.100000,19.420000,20.830000,22.450000,20.350000
2025-03-20,565.490000,570.570000,562.600000,479.260000,484.550000,476.180000,205.060000,207.300000,204.190000,79.340000,79.500000,79.250000,108.910000,109.650000,108.900000,19.800000,21.170000,19.300000,20.710000,21.570000,20.310000
2025-03-21,563.980000,564.890000,558.030000,480.840000,481.610000,472.900000,203.790000,204.420000,201.760000,79.220000,79.310000,79.070000,108.760000,109.100000,108.680000,19.280000,21.100000,19.150000,20.350000,21.440000,20.290000
2025-03-24,574.080000,575.150000,570.200000,490.660000,491.510000,487.120000,208.860000,209.230000,206.690000,79.450000,79.500000,79.340000,108.290000,108.640000,108.200000,17.480000,19.140000,17.460000,19.040000,19.910000,18.980000
2025-03-25,575.460000,576.410000,573.690000,493.460000,493.620000,490.420000,207.700000,209.270000,207.090000,79.410000,79.590000,79.380000,108.400000,108.620000,108.190000,17.150000,17.770000,17.020000,19.050000,19.160000,18.720000
2025-03-26,568.590000,576.330000,567.190000,484.380000,493.160000,482.820000,205.590000,208.820000,204.680000,79.090000,79.420000,78.970000,107.960000,108.220000,107.910000,18.330000,19.070000,16.970000,19.840000,20.290000,18.930000
2025-03-27,567.080000,570.900000,564.940000,481.620000,486.580000,480.250000,204.610000,206.350000,203.760000,78.940000,79.140000,78.920000,107.830000,107.870000,107.640000,18.690000,19.280000,17.950000,19.890000,20.490000,19.470000
2025-03-28,555.660000,566.270000,555.070000,468.940000,480.520000,468.050000,200.450000,204.580000,199.380000,78.800000,79.000000,78.660000,108.480000,108.530000,108.150000,21.650000,22.180000,18.920000,22.010000,22.100000,20.090000
2025-03-31,559.390000,560.720000,546.870000,468.920000,469.860000,457.330000,199.490000,200.640000,195.490000,78.890000,78.920000,78.520000,108.690000,108.820000,108.300000,22.280000,24.800000,21.670000,21.970000,23.890000,21.570000
2025-04-01,560.970000,562.940000,553.680000,472.700000,473.630000,464.420000,199.510000,201.230000,196.660000,78.690000,78.720000,78.430000,108.660000,108.900000,108.480000,21.770000,23.520000,21.580000,21.820000,22.980000,21.490000
2025-04-02,564.520000,567.420000,554.810000,476.150000,479.560000,465.860000,202.660000,203.330000,196.540000,78.850000,78.860000,78.540000,108.910000,109.010000,108.350000,21.510000,23.660000,20.680000,21.450000,22.990000,20.920000
2025-04-03,536.700000,547.970000,536.900000,450.660000,460.070000,450.140000,189.650000,195.060000,189.200000,77.870000,78.280000,77.740000,108.900000,109.540000,108.740000,30.020000,30.020000,24.930000,27.380000,27.390000,24.720000
2025-04-04,505.280000,525.870000,505.060000,422.670000,440.370000,423.050000,181.190000,184.050000,176.670000,76.760000,77.340000,76.540000,108.780000,109.470000,108.500000,45.310000,45.610000,29.990000,36.710000,36.860000,30.900000
2025-04-07,504.380000,523.170000,481.800000,423.690000,443.140000,402.390000,179.550000,190.250000,171.730000,76.100000,77.600000,75.630000,106.660000,108.270000,106.360000,46.980000,60.130000,38.580000,36.880000,42.110000,26.500000
2025-04-08,496.480000,524.980000,489.160000,416.060000,443.140000,409.790000,174.820000,185.920000,172.340000,75.750000,77.130000,75.420000,105.310000,106.910000,104.970000,52.330000,57.520000,36.480000,41.500000,45.030000,31.300000
2025-04-09,548.620000,546.330000,493.050000,466.000000,467.830000,415.430000,189.680000,192.110000,171.740000,77.780000,77.840000,75.080000,107.070000,107.110000,103.770000,33.620000,57.960000,31.900000,29.920000,42.940000,24.960000
2025-04-10,524.580000,533.500000,509.320000,446.180000,455.590000,432.630000,181.710000,185.480000,176.980000,76.510000,77.180000,76.140000,105.250000,106.350000,105.060000,40.720000,54.870000,34.440000,35.710000,43.030000,31.690000
2025-04-11,533.940000,536.430000,520.070000,454.400000,455.790000,441.330000,184.360000,184.850000,178.580000,76.740000,77.170000,76.000000,105.230000,105.430000,103.450000,37.560000,46.120000,36.850000,33.910000,39.400000,33.840000
2025-04-14,539.120000,544.280000,533.860000,457.480000,465.050000,452.630000,186.530000,187.970000,183.050000,77.120000,77.460000,76.940000,105.880000,106.090000,105.480000,30.890000,35.170000,29.750000,29.630000,32.570000,29.080000
2025-04-15,537.610000,543.230000,536.810000,457.990000,462.380000,456.150000,186.760000,189.050000,185.840000,77.330000,77.500000,77.180000,106.450000,106.610000,105.870000,30.120000,31.450000,28.290000,29.000000,29.290000,27.960000
2025-04-16,525.660000,535.110000,520.290000,444.180000,452.620000,437.760000,184.970000,186.730000,182.560000,77.320000,77.520000,77.110000,106.900000,106.910000,106.280000,32.640000,34.960000,29.480000,30.940000,32.200000,28.840000
2025-04-17,526.410000,531.170000,523.910000,444.100000,447.750000,441.360000,186.480000,187.430000,184.460000,77.770000,77.790000,77.530000,106.750000,107.000000,106.570000,29.650000,32.550000,29.570000,29.350000,30.890000,29.330000
2025-04-21,513.880000,521.700000,508.460000,433.110000,439.080000,427.930000,182.740000,185.290000,180.760000,77.310000,77.510000,77.150000,105.600000,106.380000,105.510000,33.820000,35.750000,31.790000,31.830000,32.820000,30.490000
2025-04-22,527.250000,529.310000,519.190000,444.480000,447.580000,437.620000,187.470000,188.100000,184.550000,77.610000,77.810000,77.500000,105.860000,106.230000,105.820000,30.570000,32.680000,30.080000,29.450000,30.440000,29.190000
2025-04-23,535.420000,545.430000,533.880000,454.560000,463.380000,452.880000,190.250000,195.510000,189.840000,78.000000,78.740000,77.970000,106.330000,107.670000,106.310000,28.450000,30.290000,27.110000,28.020000,28.980000,27.090000
2025-04-24,546.690000,547.430000,535.450000,467.350000,467.660000,455.830000,194.060000,194.370000,189.890000,78.700000,78.740000,78.180000,107.420000,107.480000,106.870000,26.470000,29.660000,26.360000,26.440000,27.670000,26.340000
2025-04-25,550.640000,551.050000,543.690000,472.560000,473.090000,465.390000,194.120000,194.260000,191.550000,78.770000,78.940000,78.540000,107.990000,108.040000,107.650000,24.840000,27.200000,24.840000,25.370000,27.090000,25.390000
2025-04-28,550.850000,553.550000,545.020000,472.410000,474.810000,466.030000,194.940000,196.150000,192.530000,78.810000,78.880000,78.550000,108.240000,108.350000,107.880000,25.150000,26.930000,24.700000,25.730000,26.870000,25.210000
2025-04-29,554.320000,555.450000,548.550000,475.530000,476.430000,469.590000,196.090000,196.860000,193.010000,79.020000,79.050000,78.650000,108.490000,108.500000,108.050000,24.170000,25.990000,23.760000,25.220000,26.080000,24.950000
2025-04-30,554.540000,556.520000,541.520000,475.470000,477.200000,462.430000,194.860000,195.480000,190.720000,78.600000,78.710000,78.460000,107.980000,108.290000,107.800000,24.700000,28.170000,24.230000,25.540000,27.820000,25.300000
2025-05-01,558.470000,564.070000,557.860000,481.680000,487.180000,480.740000,196.070000,197.670000,193.740000,78.300000,78.490000,78.220000,107.170000,107.760000,107.080000,24.600000,25.180000,23.300000,25.490000,25.870000,24.680000
2025-05-02,566.760000,568.380000,562.380000,488.830000,490.910000,484.830000,200.480000,201.210000,198.170000,78.540000,78.610000,78.360000,106.910000,107.040000,106.700000,22.680000,24.320000,22.340000,24.000000,24.660000,23.890000
2025-05-05,563.510000,566.650000,561.700000,485.930000,489.030000,484.100000,198.940000,200.500000,198.080000,78.510000,78.640000,78.400000,106.760000,106.810000,106.300000,23.640000,24.630000,22.810000,24.550000,24.940000,23.990000
2025-05-06,558.800000,563.350000,556.960000,481.410000,485.050000,478.190000,196.770000,198.590000,195.640000,78.450000,78.520000,78.320000,106.970000,106.980000,106.370000,24.760000,25.110000,23.900000,25.410000,25.570000,24.770000
2025-05-07,561.150000,563.820000,556.040000,483.300000,485.800000,476.780000,197.420000,198.560000,196.040000,78.520000,78.620000,78.360000,107.190000,107.300000,107.000000,23.550000,25.620000,23.290000,24.700000,25.780000,24.480000
2025-05-08,565.060000,570.310000,561.700000,488.290000,492.700000,484.170000,201.180000,202.740000,198.260000,78.500000,78.770000,78.450000,106.650000,107.430000,106.650000,22.480000,23.610000,21.880000,23.760000,24.560000,23.300000
2025-05-09,564.340000,567.500000,562.760000,487.970000,491.540000,486.190000,200.810000,202.280000,199.960000,78.550000,78.700000,78.540000,106.610000,107.030000,106.580000,21.900000,22.820000,21.830000,23.380000,23.800000,23.230000
2025-05-12,582.990000,583.000000,577.040000,507.850000,507.890000,501.480000,207.870000,209.730000,205.820000,79.330000,79.390000,79.030000,106.590000,106.830000,106.480000,18.390000,20.440000,18.140000,20.220000,21.650000,20.040000
2025-05-13,586.840000,589.080000,582.840000,515.590000,517.390000,508.420000,208.630000,209.610000,207.960000,79.470000,79.580000,79.310000,106.680000,106.820000,106.470000,18.220000,18.850000,17.650000,20.090000,20.110000,19.500000
2025-05-14,587.590000,588.980000,585.530000,518.680000,519.230000,515.750000,206.780000,208.540000,206.530000,79.180000,79.430000,79.140000,106.140000,106.710000,106.100000,18.620000,18.820000,18.060000,20.580000,20.690000,20.070000
2025-05-15,590.460000,590.970000,585.090000,519.250000,521.930000,515.170000,208.130000,208.190000,205.390000,79.330000,79.330000,79.060000,106.900000,106.960000,106.320000,17.830000,19.380000,17.770000,20.250000,21.030000,20.190000
2025-05-16,594.200000,594.500000,589.280000,521.510000,521.700000,517.100000,209.850000,210.130000,207.780000,79.420000,79.430000,79.270000,107.100000,107.400000,106.940000,17.240000,17.960000,17.150000,20.080000,20.350000,19.890000
2025-05-19,594.850000,595.540000,588.090000,522.010000,522.530000,514.240000,208.970000,209.090000,206.260000,79.380000,79.390000,79.050000,107.110000,107.170000,106.060000,18.140000,19.920000,17.920000,20.690000,21.530000,20.500000
2025-05-20,592.850000,594.050000,589.600000,520.270000,520.930000,516.660000,209.080000,209.760000,207.960000,79.340000,79.380000,79.210000,106.850000,106.980000,106.600000,18.090000,18.680000,17.700000,20.720000,21.130000,20.470000
2025-05-21,582.860000,592.580000,581.820000,513.040000,523.000000,511.240000,203.210000,207.610000,202.840000,78.810000,79.220000,78.800000,105.660000,106.540000,105.570000,20.870000,21.050000,17.770000,22.660000,22.740000,20.670000
2025-05-22,583.090000,586.620000,581.400000,514.000000,517.710000,512.300000,203.200000,204.370000,201.530000,78.970000,79.050000,78.750000,106.200000,106.250000,105.390000,20.280000,22.070000,19.640000,22.320000,23.120000,21.790000
2025-05-23,579.110000,581.820000,575.600000,509.240000,511.840000,505.580000,202.560000,203.260000,199.650000,78.950000,78.980000,78.740000,106.280000,106.570000,106.090000,20.570000,25.530000,19.830000,23.800000,24.680000,23.060000
2025-05-27,591.150000,591.310000,578.430000,521.220000,521.710000,514.590000,207.700000,207.750000,204.160000,79.430000,79.440000,79.160000,107.240000,107.330000,106.520000,18.960000,21.010000,18.950000,21.290000,22.670000,21.280000
2025-05-28,587.730000,592.770000,586.980000,518.910000,523.680000,518.390000,205.510000,208.030000,205.200000,79.380000,79.440000,79.250000,106.980000,107.100000,106.670000,19.310000,19.430000,18.680000,21.670000,21.740000,21.240000
2025-05-29,590.050000,593.200000,586.070000,519.930000,526.480000,517.320000,206.120000,207.060000,204.470000,79.500000,79.570000,79.410000,107.460000,107.560000,107.190000,19.180000,20.200000,18.110000,21.620000,22.130000,21.190000
2025-05-30,589.390000,591.130000,583.230000,519.110000,520.680000,511.930000,205.070000,206.250000,203.540000,79.570000,79.580000,79.400000,107.770000,107.770000,107.350000,18.570000,20.550000,18.570000,21.380000,22.500000,21.340000
2025-06-02,592.710000,592.790000,585.060000,523.210000,523.450000,515.970000,205.710000,205.840000,202.670000,79.180000,79.190000,78.980000,107.070000,107.080000,106.690000,18.360000,20.450000,18.360000,21.090000,22.270000,21.080000
2025-06-03,596.090000,597.080000,591.850000,527.300000,528.740000,522.690000,209.030000,209.610000,205.550000,79.330000,79.340000,79.170000,107.120000,107.410000,106.990000,17.690000,19.210000,17.640000,20.720000,21.270000,20.640000
2025-06-04,595.930000,597.950000,595.490000,528.770000,529.840000,525.960000,208.440000,210.010000,208.140000,79.480000,79.510000,79.340000,107.900000,108.050000,107.520000,17.610000,18.070000,17.410000,20.660000,20.890000,20.450000
2025-06-05,593.050000,599.000000,591.050000,524.790000,533.050000,522.660000,208.530000,209.830000,207.000000,79.310000,79.490000,79.260000,107.570000,107.990000,107.500000,18.480000,18.800000,17.080000,21.110000,21.260000,20.060000
2025-06-06,599.140000,600.830000,596.860000,529.920000,531.800000,528.210000,211.900000,212.130000,210.600000,79.300000,79.390000,79.250000,106.920000,107.350000,106.910000,16.770000,18.350000,16.650000,20.020000,20.400000,19.850000
2025-06-09,599.680000,601.250000,598.490000,530.700000,532.350000,529.010000,213.360000,214.280000,212.550000,79.340000,79.430000,79.270000,107.240000,107.380000,106.940000,17.160000,17.720000,16.820000,20.090000,20.350000,19.820000
2025-06-10,603.080000,603.470000,599.090000,534.210000,534.900000,528.890000,214.510000,215.430000,213.810000,79.530000,79.550000,79.330000,107.500000,107.690000,107.260000,16.950000,17.990000,16.680000,19.940000,20.310000,19.750000
2025-06-11,601.360000,605.060000,599.270000,532.410000,536.780000,530.110000,213.630000,215.930000,213.300000,79.510000,79.640000,79.490000,107.840000,107.970000,107.550000,17.260000,18.090000,16.230000,20.300000,20.650000,19.460000
2025-06-12,603.750000,603.720000,599.520000,533.660000,534.650000,530.840000,212.780000,213.270000,211.630000,79.600000,79.590000,79.470000,108.440000,108.440000,108.070000,18.020000,18.870000,17.430000,20.650000,20.830000,20.270000
2025-06-13,597.000000,601.850000,595.480000,526.960000,531.870000,525.730000,208.890000,211.440000,208.220000,79.360000,79.500000,79.300000,107.790000,108.190000,107.500000,20.820000,22.000000,18.880000,22.620000,23.050000,21.240000
2025-06-16,602.680000,604.450000,600.230000,534.290000,535.370000,530.450000,210.770000,211.950000,209.640000,79.520000,79.600000,79.490000,107.600000,108.120000,107.570000,19.110000,20.220000,18.670000,21.230000,22.330000,20.930000
2025-06-17,597.530000,601.750000,596.760000,529.080000,533.330000,527.910000,208.550000,210.450000,208.370000,79.430000,79.650000,79.370000,107.970000,108.040000,107.650000,21.600000,21.790000,19.550000,22.910000,23.030000,21.610000
2025-06-18,597.440000,601.220000,596.470000,528.990000,532.550000,527.400000,209.650000,211.390000,207.780000,79.550000,79.710000,79.430000,108.050000,108.420000,107.840000,22.170000,21.580000,19.590000,21.970000,22.850000,21.720000
2025-06-20,594.280000,599.460000,592.860000,526.830000,533.560000,524.890000,209.210000,211.250000,208.460000,79.800000,79.810000,79.590000,108.140000,108.310000,107.720000,20.620000,21.070000,19.110000,22.480000,22.770000,21.420000
2025-06-23,600.150000,600.540000,591.890000,531.650000,532.170000,523.650000,211.770000,211.780000,206.810000,79.950000,79.950000,79.710000,108.410000,108.700000,108.310000,19.830000,22.510000,19.820000,21.820000,23.410000,21.750000
2025-06-24,606.780000,607.850000,603.410000,539.780000,540.700000,536.270000,214.470000,214.930000,212.360000,80.170000,80.210000,79.990000,108.920000,109.020000,108.270000,17.480000,18.720000,17.330000,20.050000,20.850000,20.020000
2025-06-25,607.120000,608.610000,605.540000,541.160000,543.310000,539.380000,211.970000,214.730000,211.890000,80.150000,80.220000,80.080000,108.790000,108.850000,108.520000,16.760000,17.510000,16.680000,19.670000,20.040000,19.620000
2025-06-26,611.870000,612.310000,608.370000,546.220000,546.670000,541.520000,215.410000,215.550000,212.700000,80.380000,80.390000,80.200000,109.190000,109.200000,108.680000,16.590000,16.780000,16.110000,19.450000,19.510000,19.150000
2025-06-27,614.910000,616.390000,610.830000,548.090000,549.990000,544.540000,215.480000,217.410000,214.120000,80.340000,80.470000,80.300000,109.010000,109.400000,108.880000,16.320000,17.290000,16.120000,19.450000,19.920000,19.220000
2025-06-30,617.850000,619.220000,615.040000,551.640000,552.800000,549.010000,215.790000,216.710000,215.390000,80.650000,80.670000,80.450000,109.610000,109.720000,109.240000,16.730000,17.430000,16.550000,19.440000,19.740000,19.250000
2025-07-01,617.650000,618.830000,615.520000,546.990000,550.710000,544.660000,218.010000,220.530000,214.140000,80.170000,80.270000,80.100000,109.340000,109.410000,109.030000,16.830000,17.480000,16.510000,19.510000,19.640000,19.230000
2025-07-02,620.450000,620.490000,616.610000,550.800000,551.000000,546.120000,221.030000,221.100000,217.360000,80.320000,80.320000,80.080000,109.320000,109.320000,108.890000,16.640000,17.370000,16.540000,19.350000,19.650000,19.230000
2025-07-03,625.340000,626.280000,622.430000,556.220000,557.200000,553.180000,223.080000,223.330000,221.770000,80.370000,80.390000,80.270000,109.060000,109.280000,108.980000,16.400000,16.830000,16.140000,19.210000,19.270000,18.980000
2025-07-07,620.680000,624.030000,617.870000,552.030000,554.340000,549.580000,219.730000,222.820000,218.410000,80.100000,80.340000,80.060000,108.410000,108.860000,108.290000,17.790000,18.500000,17.510000,20.210000,20.620000,19.920000
2025-07-08,620.340000,622.110000,619.520000,552.340000,554.010000,551.100000,221.250000,222.290000,220.330000,79.990000,80.130000,79.940000,108.100000,108.190000,108.000000,16.810000,17.440000,16.540000,19.580000,19.800000,19.360000
2025-07-09,624.060000,624.720000,620.910000,556.250000,557.630000,553.100000,223.650000,223.690000,221.110000,80.210000,80.220000,80.080000,108.720000,108.740000,108.240000,15.940000,16.760000,15.760000,19.020000,19.390000,18.960000
2025-07-10,625.820000,626.880000,623.010000,555.450000,557.300000,552.750000,224.800000,226.050000,222.860000,80.130000,80.220000,80.130000,108.740000,108.840000,108.470000,15.780000,16.240000,15.700000,18.920000,19.100000,18.620000
2025-07-11,623.620000,624.860000,621.530000,554.200000,555.790000,552.050000,221.700000,223.540000,221.570000,80.030000,80.050000,79.930000,108.080000,108.290000,108.000000,16.400000,17.240000,15.980000,19.370000,19.600000,19.090000
2025-07-14,624.810000,625.160000,621.790000,556.210000,556.950000,551.630000,223.190000,223.340000,221.060000,80.090000,80.100000,79.970000,108.050000,108.190000,107.860000,17.200000,17.850000,16.910000,19.840000,20.020000,19.690000
2025-07-15,622.140000,627.860000,622.070000,556.720000,560.800000,556.660000,218.820000,224.230000,218.800000,79.850000,80.170000,79.850000,107.660000,108.280000,107.620000,17.380000,17.390000,16.570000,20.060000,20.070000,19.480000
2025-07-16,624.220000,624.730000,618.050000,557.290000,557.940000,551.560000,221.020000,221.370000,216.910000,80.060000,80.080000,79.750000,107.830000,108.100000,107.340000,17.160000,19.480000,16.720000,20.090000,21.570000,19.740000
2025-07-17,628.040000,628.410000,624.180000,561.800000,562.310000,557.210000,223.920000,224.200000,220.710000,80.140000,80.180000,80.000000,108.090000,108.210000,107.950000,16.520000,17.370000,16.480000,19.690000,20.080000,19.670000
2025-07-18,627.580000,629.470000,626.460000,561.260000,563.320000,559.980000,222.330000,225.370000,221.980000,80.250000,80.320000,80.180000,108.290000,108.430000,108.150000,16.410000,16.810000,16.280000,19.580000,19.840000,19.480000
2025-07-21,628.770000,631.540000,628.340000,564.170000,566.060000,562.060000,221.430000,224.410000,221.250000,80.360000,80.450000,80.320000,108.710000,108.990000,108.680000,16.650000,16.990000,16.300000,19.510000,19.630000,19.200000
2025-07-22,628.860000,629.730000,626.190000,561.250000,564.360000,558.610000,223.270000,223.810000,220.660000,80.500000,80.520000,80.340000,108.970000,109.030000,108.720000,16.500000,17.480000,16.430000,19.530000,20.080000,19.430000
2025-07-23,634.210000,634.160000,629.730000,563.810000,563.840000,559.580000,226.680000,226.710000,224.060000,80.540000,80.550000,80.440000,108.800000,108.880000,108.650000,15.370000,16.320000,15.320000,18.560000,19.300000,18.550000
2025-07-24,634.420000,636.150000,633.990000,565.010000,566.240000,563.290000,223.550000,225.850000,223.480000,80.440000,80.510000,80.410000,108.640000,108.860000,108.410000,15.390000,15.540000,14.950000,18.560000,18.890000,18.320000
2025-07-25,637.100000,637.580000,634.840000,566.370000,567.700000,564.270000,224.380000,224.600000,222.540000,80.490000,80.580000,80.400000,108.990000,109.040000,108.590000,14.930000,15.390000,14.920000,18.320000,18.560000,18.260000
2025-07-28,636.940000,638.040000,635.540000,568.140000,569.040000,566.870000,224.120000,225.440000,223.430000,80.450000,80.520000,80.430000,108.770000,108.940000,108.720000,15.030000,15.540000,15.000000,18.160000,18.440000,18.110000
2025-07-29,635.260000,638.670000,634.330000,567.260000,572.110000,566.530000,222.690000,225.690000,222.050000,80.500000,80.550000,80.450000,109.490000,109.500000,108.930000,15.980000,16.120000,14.700000,18.770000,18.820000,17.940000
2025-07-30,634.460000,637.680000,631.540000,568.020000,570.620000,565.050000,221.560000,224.940000,220.120000,80.330000,80.520000,80.250000,109.080000,109.450000,108.980000,15.480000,17.270000,15.440000,18.350000,19.330000,18.320000
2025-07-31,632.080000,639.850000,630.760000,565.010000,574.630000,563.870000,219.390000,222.020000,218.880000,80.380000,80.480000,80.330000,109.110000,109.500000,109.080000,16.720000,17.170000,14.740000,19.140000,19.310000,18.180000
2025-08-01,621.720000,626.340000,619.290000,553.880000,559.020000,551.700000,214.920000,216.560000,212.340000,79.980000,80.090000,79.800000,109.630000,109.700000,109.120000,20.380000,21.900000,17.390000,21.240000,21.960000,20.530000
2025-08-04,631.170000,631.220000,625.610000,564.100000,564.320000,558.950000,219.730000,219.740000,216.080000,80.250000,80.250000,80.060000,109.820000,109.890000,109.580000,17.520000,19.580000,17.480000,19.610000,20.410000,19.590000
2025-08-05,627.970000,632.610000,627.040000,560.270000,566.570000,559.730000,220.850000,221.260000,218.230000,80.210000,80.240000,80.100000,109.900000,109.930000,109.610000,17.850000,18.940000,17.110000,20.030000,20.570000,19.580000
2025-08-06,632.780000,633.440000,628.130000,567.320000,567.760000,560.630000,220.560000,220.990000,219.380000,80.290000,80.300000,80.140000,109.870000,109.920000,109.230000,16.770000,17.880000,16.560000,19.470000,20.090000,19.300000
2025-08-07,632.250000,636.980000,629.110000,569.240000,573.320000,565.110000,219.840000,222.840000,218.500000,80.210000,80.360000,80.160000,109.760000,110.080000,109.690000,16.570000,17.640000,15.980000,19.350000,19.940000,19.000000
2025-08-08,637.180000,637.650000,633.740000,574.550000,574.770000,570.150000,220.320000,221.570000,219.740000,80.220000,80.250000,80.150000,109.410000,109.640000,109.390000,15.150000,16.520000,15.150000,18.700000,19.220000,18.720000
2025-08-11,635.920000,638.950000,634.660000,572.850000,576.800000,571.570000,220.270000,221.680000,219.810000,80.220000,80.290000,80.170000,109.580000,109.720000,109.440000,16.250000,16.360000,15.520000,19.250000,19.360000,18.870000
2025-08-12,642.690000,642.850000,636.790000,580.050000,580.350000,572.480000,226.810000,226.980000,221.150000,80.400000,80.400000,80.210000,109.680000,109.700000,109.270000,14.730000,16.560000,14.660000,18.340000,18.980000,18.330000
2025-08-13,644.890000,646.190000,642.680000,580.340000,583.320000,578.940000,231.220000,231.460000,227.830000,80.610000,80.610000,80.450000,110.260000,110.320000,110.050000,14.490000,14.810000,14.300000,18.330000,18.480000,18.120000
2025-08-14,644.950000,645.620000,642.340000,579.890000,581.880000,577.910000,228.240000,228.800000,226.170000,80.400000,80.490000,80.350000,109.880000,110.060000,109.750000,14.830000,15.390000,14.570000,18.490000,18.750000,18.220000
2025-08-15,643.440000,646.090000,642.510000,577.340000,579.840000,575.570000,227.130000,228.780000,226.030000,80.460000,80.470000,80.370000,109.740000,109.930000,109.630000,15.090000,15.180000,14.400000,18.640000,18.690000,18.320000
2025-08-18,643.300000,644.000000,642.180000,577.110000,577.770000,575.240000,227.960000,228.460000,226.940000,80.400000,80.490000,80.380000,109.540000,109.840000,109.430000,14.990000,15.950000,14.950000,18.450000,18.900000,18.400000
2025-08-19,639.810000,644.110000,638.480000,569.280000,576.560000,568.250000,226.210000,228.980000,225.680000,80.380000,80.480000,80.360000,109.710000,109.780000,109.600000,15.570000,15.910000,14.760000,18.900000,19.090000,18.300000
2025-08-20,638.110000,639.660000,632.950000,565.900000,568.450000,558.840000,225.410000,226.380000,223.690000,80.350000,80.430000,80.310000,109.760000,109.870000,109.590000,15.690000,17.190000,15.570000,19.100000,19.980000,19.020000
2025-08-21,635.550000,637.970000,633.810000,563.280000,566.490000,560.980000,225.970000,226.320000,223.780000,80.200000,80.300000,80.190000,109.340000,109.570000,109.190000,16.600000,17.240000,15.650000,19.410000,19.840000,19.180000
2025-08-22,645.310000,646.500000,637.250000,571.970000,573.990000,563.270000,234.830000,235.420000,227.180000,80.850000,80.860000,80.300000,110.200000,110.310000,109.560000,14.220000,16.830000,14.210000,17.760000,19.330000,17.750000
2025-08-25,642.470000,645.290000,642.350000,570.320000,573.290000,569.160000,232.360000,234.300000,232.360000,80.690000,80.810000,80.700000,109.910000,110.140000,109.880000,14.790000,15.190000,14.240000,18.020000,18.110000,17.640000
2025-08-26,645.160000,645.510000,641.570000,572.610000,572.920000,568.800000,234.280000,234.870000,232.590000,80.870000,80.900000,80.740000,109.990000,110.010000,109.660000,14.620000,15.750000,14.620000,17.900000,18.280000,17.920000
2025-08-27,646.630000,647.370000,644.420000,573.490000,574.410000,570.370000,235.940000,236.120000,233.550000,80.970000,80.990000,80.810000,110.030000,110.060000,109.590000,14.850000,15.230000,14.660000,17.940000,18.150000,17.870000
2025-08-28,648.920000,649.480000,645.340000,577.080000,578.000000,572.460000,236.220000,236.970000,235.340000,81.010000,81.010000,80.900000,110.200000,110.310000,110.000000,14.430000,14.690000,14.120000,17.720000,17.980000,17.610000
2025-08-29,645.050000,647.840000,643.140000,570.400000,575.030000,568.540000,235.170000,237.020000,234.370000,80.860000,80.990000,80.860000,109.800000,110.010000,109.750000,16.120000,15.970000,14.310000,18.350000,18.550000,17.780000
2025-09-02,640.270000,640.490000,634.920000,565.620000,565.970000,559.530000,233.900000,234.400000,231.470000,80.390000,80.430000,80.200000,109.050000,109.090000,108.810000,17.170000,19.380000,16.550000,19.380000,20.620000,19.320000
2025-09-03,643.740000,644.210000,640.460000,570.070000,571.700000,566.720000,233.670000,235.260000,232.460000,80.610000,80.610000,80.400000,109.700000,109.830000,109.240000,16.350000,17.570000,16.340000,18.930000,19.530000,18.930000
2025-09-04,649.120000,649.150000,643.510000,575.230000,575.600000,569.020000,236.590000,236.670000,233.580000,80.830000,80.840000,80.630000,110.450000,110.460000,109.970000,15.300000,16.350000,15.280000,18.390000,19.110000,18.300000
2025-09-05,647.240000,652.210000,643.330000,576.060000,581.120000,571.530000,237.770000,239.680000,234.950000,80.870000,81.100000,80.840000,111.170000,111.310000,111.060000,15.180000,16.920000,14.740000,18.420000,19.320000,17.990000
2025-09-08,648.830000,649.840000,647.230000,578.870000,580.840000,577.770000,238.250000,238.560000,236.390000,80.870000,80.970000,80.850000,111.560000,111.640000,111.420000,15.110000,15.650000,14.990000,18.290000,18.600000,18.210000
2025-09-09,650.330000,650.860000,647.220000,580.510000,580.940000,577.040000,236.850000,237.960000,235.420000,80.780000,80.880000,80.660000,111.360000,111.550000,111.120000,15.040000,15.820000,14.970000,18.270000,18.740000,18.240000
2025-09-10,652.210000,654.550000,650.630000,580.700000,583.770000,578.550000,236.430000,238.270000,235.460000,80.840000,80.940000,80.790000,111.690000,111.990000,111.550000,15.350000,15.630000,14.660000,18.440000,18.610000,18.090000
2025-09-11,657.630000,658.330000,653.590000,584.080000,584.880000,581.620000,240.800000,240.930000,236.240000,81.040000,81.100000,80.910000,112.210000,112.330000,111.870000,14.710000,15.240000,14.650000,18.030000,18.260000,17.970000
2025-09-12,657.410000,659.110000,656.900000,586.660000,587.860000,584.100000,238.340000,240.320000,238.190000,80.960000,81.030000,80.940000,112.010000,112.040000,111.710000,14.760000,14.970000,14.410000,18.060000,18.190000,17.840000
2025-09-15,660.910000,661.040000,659.340000,591.680000,591.790000,588.310000,239.350000,240.040000,238.550000,81.190000,81.200000,81.070000,112.360000,112.420000,112.230000,15.690000,15.840000,14.920000,18.530000,18.580000,18.090000
2025-09-16,660.000000,661.780000,659.210000,591.180000,592.860000,590.490000,238.280000,238.930000,236.760000,81.130000,81.230000,81.100000,112.260000,112.400000,112.160000,16.360000,16.380000,15.440000,18.910000,18.980000,18.610000
2025-09-17,659.180000,661.720000,654.300000,590.000000,591.750000,584.360000,238.890000,244.280000,237.020000,81.050000,81.240000,80.900000,112.060000,112.640000,111.820000,15.720000,16.750000,15.260000,18.440000,19.210000,18.200000
2025-09-18,662.260000,664.890000,660.270000,595.320000,598.140000,592.960000,244.840000,245.150000,240.130000,81.230000,81.270000,81.070000,111.830000,111.880000,111.510000,15.700000,15.800000,14.330000,18.520000,18.570000,18.070000
2025-09-19,663.700000,664.550000,660.370000,599.350000,600.050000,595.850000,242.980000,245.570000,242.510000,81.260000,81.290000,81.150000,111.740000,111.840000,111.560000,15.450000,16.130000,15.340000,18.480000,18.850000,18.320000
2025-09-22,666.840000,667.290000,662.170000,602.200000,602.870000,597.720000,244.390000,244.790000,241.110000,81.320000,81.330000,81.170000,111.490000,111.700000,111.430000,16.100000,16.350000,15.780000,18.950000,18.960000,18.660000
2025-09-23,663.210000,667.340000,661.980000,598.200000,602.570000,596.980000,243.840000,247.180000,243.440000,81.260000,81.360000,81.200000,111.710000,111.750000,111.480000,16.640000,17.070000,15.950000,19.440000,19.690000,18.950000
2025-09-24,661.100000,664.610000,659.670000,596.100000,599.900000,593.360000,241.600000,244.610000,241.550000,81.150000,81.250000,81.120000,111.260000,111.520000,111.170000,16.180000,17.210000,16.180000,19.140000,19.800000,19.140000
2025-09-25,658.050000,659.410000,654.400000,593.530000,595.120000,588.500000,239.290000,239.990000,237.550000,80.920000,81.010000,80.890000,111.060000,111.080000,110.680000,16.740000,17.740000,16.320000,19.460000,20.060000,19.110000
2025-09-26,661.820000,662.370000,657.880000,595.970000,596.300000,591.060000,241.340000,241.680000,239.330000,81.080000,81.110000,80.960000,111.210000,111.390000,110.980000,15.290000,17.050000,15.290000,18.410000,19.490000,18.410000
2025-09-29,663.680000,665.280000,661.860000,598.730000,602.050000,597.410000,241.620000,242.930000,240.810000,81.220000,81.240000,81.120000,111.580000,111.700000,111.410000,16.120000,16.290000,15.740000,18.760000,18.900000,18.490000
2025-09-30,666.180000,666.650000,661.610000,600.370000,600.710000,596.100000,241.960000,242.130000,239.400000,81.190000,81.210000,81.100000,111.470000,111.860000,111.380000,16.280000,16.700000,16.020000,18.770000,19.050000,18.530000
2025-10-01,668.450000,669.370000,663.060000,603.250000,603.790000,596.340000,242.490000,243.040000,240.550000,80.960000,81.000000,80.780000,111.510000,111.510000,111.230000,16.290000,17.280000,15.980000,18.760000,19.050000,18.510000
2025-10-02,669.220000,670.570000,666.780000,605.730000,607.160000,602.930000,244.020000,244.090000,241.470000,80.930000,80.970000,80.840000,111.690000,111.730000,111.400000,16.630000,16.920000,15.950000,18.890000,19.090000,18.540000
2025-10-03,669.210000,672.680000,668.160000,603.180000,607.330000,601.380000,245.830000,248.090000,245.030000,80.840000,80.940000,80.820000,111.550000,111.770000,111.480000,16.650000,17.060000,16.200000,19.080000,19.290000,18.770000
2025-10-06,671.610000,672.510000,669.450000,607.710000,609.360000,605.970000,246.810000,248.480000,246.060000,80.860000,80.910000,80.830000,111.190000,111.470000,111.150000,16.370000,17.090000,16.290000,19.120000,19.370000,19.060000
2025-10-07,669.120000,672.990000,667.670000,604.510000,609.710000,603.030000,244.160000,247.640000,243.190000,80.770000,80.890000,80.760000,111.400000,111.490000,111.170000,17.240000,17.550000,16.190000,19.710000,19.790000,19.020000
2025-10-08,673.110000,673.210000,669.420000,611.440000,611.750000,605.260000,246.720000,246.960000,243.800000,80.650000,80.840000,80.640000,111.260000,111.620000,111.250000,16.300000,17.200000,16.230000,19.260000,19.720000,19.220000
2025-10-09,671.160000,673.940000,669.210000,610.700000,611.610000,607.480000,245.130000,247.250000,244.010000,80.420000,80.650000,80.310000,111.040000,111.210000,110.950000,16.430000,17.270000,16.260000,19.380000,19.850000,19.220000
2025-10-10,653.020000,673.950000,652.840000,589.500000,613.180000,589.050000,237.790000,246.890000,237.560000,79.950000,80.490000,79.950000,111.350000,111.550000,111.280000,21.660000,22.440000,16.230000,22.810000,23.130000,19.300000
2025-10-13,663.040000,665.130000,659.760000,602.010000,602.950000,597.230000,244.410000,244.630000,241.400000,80.450000,80.450000,80.170000,111.730000,111.800000,111.330000,19.030000,20.770000,18.610000,20.930000,21.750000,20.660000
2025-10-14,662.230000,665.830000,653.170000,598.000000,602.690000,590.130000,247.900000,249.600000,240.360000,80.540000,80.640000,80.100000,112.100000,112.130000,111.480000,20.810000,22.940000,19.180000,22.030000,23.300000,21.090000
2025-10-15,665.170000,670.230000,658.930000,602.220000,606.700000,595.930000,250.330000,252.770000,247.060000,80.800000,80.830000,80.600000,112.100000,112.500000,111.910000,20.640000,22.440000,19.110000,21.940000,22.980000,20.950000
2025-10-16,660.640000,668.710000,657.110000,599.990000,608.310000,595.500000,245.060000,251.260000,244.000000,80.510000,80.820000,80.450000,112.420000,112.440000,111.970000,25.310000,25.430000,19.850000,24.870000,24.940000,21.600000
2025-10-17,664.390000,665.760000,658.140000,603.930000,605.510000,596.370000,243.410000,245.160000,241.470000,80.720000,80.730000,80.420000,112.200000,112.320000,112.110000,20.780000,28.990000,20.730000,22.090000,24.680000,22.070000
2025-10-20,671.300000,672.210000,667.270000,611.540000,612.800000,607.100000,248.160000,248.330000,246.140000,80.880000,80.910000,80.770000,112.540000,112.560000,112.410000,18.230000,21.020000,18.230000,20.310000,21.470000,20.300000
2025-10-21,671.290000,672.990000,669.980000,611.380000,612.730000,609.320000,246.990000,248.370000,245.500000,80.760000,80.940000,80.760000,112.560000,112.890000,112.550000,17.870000,18.890000,17.400000,19.990000,20.650000,19.790000
2025-10-22,667.800000,672.010000,663.300000,605.490000,611.410000,599.740000,243.340000,246.860000,240.760000,80.680000,80.810000,80.600000,112.670000,112.680000,112.410000,18.600000,21.010000,17.730000,20.310000,21.610000,20.170000
2025-10-23,671.760000,672.720000,667.800000,610.580000,611.370000,604.520000,246.420000,247.120000,243.680000,80.860000,80.860000,80.700000,112.530000,112.690000,112.450000,17.300000,19.350000,17.080000,19.650000,20.520000,19.540000
2025-10-24,677.250000,678.470000,675.650000,617.100000,618.420000,615.130000,249.430000,251.110000,248.970000,81.080000,81.090000,80.970000,112.720000,112.790000,112.550000,16.370000,17.220000,16.020000,19.200000,19.360000,18.980000
2025-10-27,685.240000,685.540000,682.110000,628.090000,628.550000,624.030000,250.300000,252.210000,249.500000,81.280000,81.330000,81.130000,112.910000,112.930000,112.550000,15.790000,16.070000,15.620000,18.990000,19.120000,18.710000
2025-10-28,687.060000,688.910000,684.830000,632.920000,634.680000,629.250000,248.960000,250.900000,248.110000,81.200000,81.280000,81.170000,112.920000,112.930000,112.700000,16.420000,16.550000,15.660000,19.550000,19.590000,18.950000
2025-10-29,687.390000,689.700000,682.870000,635.770000,637.010000,630.250000,246.840000,251.140000,244.690000,80.950000,81.230000,80.900000,112.280000,112.890000,112.180000,16.920000,17.580000,16.260000,19.830000,20.120000,19.440000
2025-10-30,679.830000,685.940000,679.860000,626.050000,633.500000,625.990000,244.850000,248.140000,244.630000,80.800000,80.940000,80.760000,111.680000,112.010000,111.520000,16.910000,17.410000,15.730000,19.980000,20.290000,19.580000
2025-10-31,682.060000,685.080000,679.240000,629.070000,634.200000,626.690000,246.230000,246.790000,243.690000,80.800000,80.960000,80.740000,111.230000,111.780000,111.190000,17.440000,18.540000,15.960000,20.490000,21.070000,19.680000
2025-11-03,683.340000,685.800000,679.940000,632.080000,635.820000,629.850000,245.440000,246.260000,242.480000,80.140000,80.400000,80.130000,110.530000,110.620000,110.390000,17.170000,18.830000,17.000000,20.380000,21.210000,20.280000
2025-11-04,675.240000,679.960000,674.580000,619.250000,626.950000,618.450000,241.200000,244.060000,240.990000,80.150000,80.220000,79.960000,110.680000,110.960000,110.450000,19.000000,20.480000,17.900000,21.290000,21.690000,20.760000
2025-11-05,677.580000,680.860000,674.170000,623.280000,626.600000,617.210000,244.680000,245.730000,241.640000,80.230000,80.280000,80.170000,110.350000,110.720000,110.330000,18.010000,20.020000,17.310000,20.600000,21.420000,20.170000
2025-11-06,670.310000,677.380000,668.720000,611.670000,622.040000,610.300000,240.350000,244.790000,240.000000,80.260000,80.330000,80.130000,110.930000,110.930000,110.730000,19.500000,20.310000,17.640000,21.350000,21.850000,20.620000
2025-11-07,670.970000,671.080000,661.200000,609.740000,609.950000,598.670000,241.610000,241.660000,236.270000,80.330000,80.350000,80.090000,110.710000,110.840000,110.590000,19.080000,22.720000,19.080000,21.190000,23.020000,21.210000
2025-11-10,681.440000,682.180000,675.030000,623.230000,624.310000,616.890000,244.030000,245.240000,242.250000,80.600000,80.650000,80.430000,110.770000,110.900000,110.710000,17.600000,18.820000,17.600000,20.240000,20.770000,20.220000
2025-11-11,683.000000,683.570000,678.730000,621.570000,622.720000,617.520000,244.240000,244.740000,242.520000,80.690000,80.730000,80.610000,111.210000,111.290000,110.980000,17.280000,18.010000,17.250000,20.190000,20.390000,20.160000
2025-11-12,683.380000,684.960000,680.940000,621.080000,624.860000,617.810000,243.640000,246.380000,243.330000,80.530000,80.700000,80.490000,111.100000,111.190000,111.000000,17.510000,18.060000,17.100000,20.340000,20.590000,20.130000
2025-11-13,672.040000,680.860000,670.520000,608.400000,618.120000,606.080000,236.790000,242.680000,235.840000,80.200000,80.420000,80.150000,110.550000,110.910000,110.550000,20.000000,21.310000,17.510000,21.850000,22.520000,20.520000
2025-11-14,671.930000,675.660000,663.260000,608.860000,613.350000,597.170000,237.480000,238.730000,233.270000,80.220000,80.400000,80.080000,110.250000,110.730000,110.240000,19.830000,23.030000,19.560000,21.580000,23.550000,21.370000
2025-11-17,665.670000,673.710000,662.170000,603.660000,612.480000,599.870000,232.760000,237.840000,231.750000,80.090000,80.270000,80.040000,110.320000,110.580000,110.250000,22.380000,23.440000,19.540000,23.180000,23.720000,21.740000
2025-11-18,660.080000,665.120000,655.860000,596.310000,602.310000,591.340000,233.470000,235.080000,230.950000,80.110000,80.190000,79.990000,110.370000,110.580000,110.260000,24.690000,25.840000,22.910000,24.540000,25.290000,23.540000
2025-11-19,662.630000,667.340000,658.740000,599.870000,606.160000,594.590000,233.430000,236.370000,232.430000,80.150000,80.300000,80.090000,110.380000,110.670000,110.320000,23.660000,24.790000,21.930000,23.990000,24.820000,23.170000
2025-11-20,652.530000,675.560000,651.890000,585.670000,614.030000,584.750000,229.110000,239.100000,228.900000,80.100000,80.490000,80.100000,110.530000,110.810000,110.430000,26.420000,28.270000,19.280000,25.760000,26.320000,21.510000
2025-11-21,659.030000,664.550000,650.850000,590.070000,596.980000,580.740000,235.600000,237.110000,229.580000,80.370000,80.410000,80.130000,110.920000,110.960000,110.610000,23.430000,27.840000,22.540000,23.960000,26.690000,23.540000
2025-11-24,668.730000,670.060000,661.590000,605.160000,606.680000,595.160000,239.900000,240.390000,235.480000,80.590000,80.600000,80.390000,111.360000,111.360000,111.080000,20.520000,23.680000,20.410000,21.850000,23.320000,21.780000
2025-11-25,675.020000,676.210000,664.480000,608.890000,610.270000,597.320000,245.130000,245.550000,240.040000,80.870000,80.900000,80.540000,111.670000,111.900000,111.400000,18.560000,21.770000,18.390000,20.730000,22.600000,20.660000
2025-11-26,679.680000,681.700000,676.720000,614.270000,616.190000,610.390000,247.300000,248.830000,244.770000,80.950000,80.980000,80.790000,112.050000,112.060000,111.540000,17.210000,18.700000,16.930000,20.020000,20.520000,19.870000
2025-11-28,683.390000,683.670000,680.500000,619.250000,619.240000,615.410000,248.750000,248.760000,247.070000,80.990000,81.070000,80.940000,111.860000,112.020000,111.680000,16.350000,18.520000,15.780000,19.640000,22.020000,10.060000
2025-12-01,680.270000,682.990000,678.740000,617.170000,619.450000,612.520000,245.620000,247.690000,245.330000,80.470000,80.540000,80.380000,110.850000,110.890000,110.660000,17.240000,18.330000,16.580000,20.220000,20.600000,19.820000
2025-12-02,681.530000,683.820000,679.320000,622.000000,623.750000,617.590000,245.170000,247.370000,245.120000,80.620000,80.640000,80.470000,110.920000,111.050000,110.750000,16.590000,17.310000,16.390000,19.840000,20.250000,19.730000
2025-12-03,683.890000,684.910000,679.690000,623.520000,624.220000,618.030000,249.630000,249.840000,245.480000,80.690000,80.790000,80.570000,111.170000,111.270000,110.950000,16.080000,17.280000,15.930000,19.710000,20.160000,19.620000
2025-12-04,684.390000,685.370000,681.340000,622.940000,624.940000,619.540000,251.820000,252.660000,248.540000,80.750000,80.770000,80.570000,110.970000,111.060000,110.860000,15.780000,16.630000,15.680000,19.490000,20.000000,19.470000
2025-12-05,685.690000,688.390000,684.580000,625.480000,628.920000,623.710000,250.770000,252.660000,250.270000,80.750000,80.810000,80.670000,110.860000,111.030000,110.700000,15.410000,16.180000,15.280000,19.270000,19.670000,19.230000
2025-12-08,683.630000,686.640000,681.570000,624.280000,628.840000,621.690000,250.870000,252.770000,250.180000,80.550000,80.740000,80.490000,110.630000,110.890000,110.410000,16.660000,17.090000,16.100000,19.910000,20.140000,19.640000
2025-12-09,683.040000,685.390000,682.590000,625.050000,625.870000,621.620000,251.390000,252.950000,250.100000,80.460000,80.610000,80.440000,110.490000,110.880000,110.400000,16.930000,17.200000,16.450000,20.080000,20.220000,19.800000
2025-12-10,687.570000,688.970000,681.310000,627.610000,629.210000,620.990000,254.810000,256.570000,250.540000,80.730000,80.790000,80.420000,111.000000,111.060000,110.420000,15.770000,17.660000,15.560000,19.350000,20.460000,19.200000
2025-12-11,689.170000,689.250000,682.160000,625.580000,625.780000,617.720000,257.800000,258.010000,254.320000,80.720000,80.760000,80.660000,110.840000,111.310000,110.790000,14.850000,16.880000,14.850000,19.050000,19.990000,18.900000
2025-12-12,681.760000,688.880000,679.170000,613.620000,623.540000,611.360000,253.850000,258.200000,253.440000,80.570000,80.710000,80.530000,110.170000,110.410000,110.100000,15.740000,17.850000,14.850000,19.250000,20.470000,18.920000
2025-12-15,680.730000,685.760000,679.250000,610.540000,618.420000,609.320000,251.930000,255.690000,251.740000,80.610000,80.700000,80.570000,110.300000,110.610000,110.220000,16.500000,17.350000,15.990000,19.680000,20.170000,19.300000
2025-12-16,678.870000,681.080000,674.980000,611.750000,613.510000,606.910000,249.900000,252.160000,248.470000,80.660000,80.670000,80.550000,110.550000,110.590000,110.110000,16.480000,17.610000,16.190000,19.670000,20.310000,19.500000
2025-12-17,671.400000,680.440000,671.190000,600.410000,613.650000,600.280000,247.240000,252.160000,246.690000,80.560000,80.670000,80.510000,110.430000,110.580000,110.350000,17.620000,18.000000,15.820000,20.080000,20.350000,19.450000
2025-12-18,676.470000,680.740000,674.900000,609.110000,612.930000,606.920000,248.710000,251.360000,248.210000,80.780000,80.800000,80.670000,110.850000,110.940000,110.630000,16.870000,17.680000,15.930000,19.590000,20.020000,19.250000
2025-12-19,680.590000,681.090000,676.470000,617.050000,617.620000,611.870000,250.790000,251.400000,249.060000,80.360000,80.470000,80.330000,110.130000,110.340000,110.100000,14.910000,16.530000,14.910000,18.250000,19.050000,18.250000
2025-12-22,684.830000,685.360000,682.680000,619.210000,621.650000,617.770000,253.580000,255.120000,252.200000,80.430000,80.460000,80.290000,110.110000,110.210000,110.010000,14.080000,15.260000,14.030000,17.790000,18.190000,17.750000
2025-12-23,687.960000,688.200000,683.870000,622.110000,622.410000,617.780000,252.080000,253.220000,251.460000,80.490000,80.490000,80.340000,110.220000,110.270000,109.850000,14.000000,14.450000,13.640000,17.840000,17.900000,17.630000
2025-12-24,690.380000,690.830000,687.800000,623.930000,624.280000,621.720000,252.710000,252.860000,251.120000,80.640000,80.640000,80.470000,110.650000,110.650000,110.340000,13.470000,14.160000,13.380000,17.770000,17.930000,17.630000
2025-12-26,690.310000,691.660000,689.270000,623.890000,625.520000,623.140000,251.420000,252.750000,250.390000,80.600000,80.700000,80.590000,110.640000,110.800000,110.470000,13.600000,14.290000,13.520000,17.770000,18.050000,17.710000
2025-12-29,687.850000,689.200000,686.070000,620.870000,622.780000,618.730000,249.880000,251.500000,249.350000,80.630000,80.660000,80.550000,110.790000,110.790000,110.590000,14.200000,15.070000,13.990000,17.820000,18.290000,17.650000
2025-12-30,687.010000,688.560000,686.580000,619.430000,622.180000,619.210000,248.030000,250.150000,247.950000,80.710000,80.750000,80.610000,110.660000,110.760000,110.470000,14.330000,14.620000,14.040000,17.770000,17.890000,17.550000
2025-12-31,681.920000,687.360000,681.710000,614.310000,619.960000,614.050000,246.160000,248.280000,246.010000,80.630000,80.750000,80.630000,110.190000,110.630000,110.180000,14.950000,15.170000,14.380000,18.180000,18.310000,17.830000
2026-01-02,683.170000,686.870000,679.820000,613.120000,622.850000,610.150000,248.780000,249.090000,245.860000,80.670000,80.720000,80.590000,110.160000,110.400000,110.030000,14.510000,15.420000,14.460000,18.020000,18.500000,17.960000
2026-01-05,687.720000,689.430000,686.370000,617.990000,620.810000,616.720000,252.730000,253.550000,249.570000,80.880000,80.910000,80.700000,110.470000,110.510000,110.170000,14.900000,15.270000,14.650000,18.320000,18.370000,18.110000
2026-01-06,691.810000,692.320000,687.780000,623.420000,624.030000,618.540000,256.080000,256.250000,251.520000,80.900000,80.940000,80.820000,110.470000,110.480000,110.120000,14.750000,15.210000,14.630000,18.150000,18.370000,18.020000
2026-01-07,689.580000,693.960000,689.320000,624.020000,627.940000,622.560000,255.480000,256.800000,253.970000,80.880000,81.000000,80.830000,110.550000,110.800000,110.520000,15.380000,15.480000,14.830000,18.590000,18.630000,18.220000
2026-01-08,689.510000,690.620000,687.490000,620.470000,623.420000,617.800000,258.270000,258.930000,254.360000,80.940000,80.950000,80.800000,110.240000,110.390000,110.190000,15.450000,15.850000,15.150000,18.390000,18.800000,18.290000
2026-01-09,694.070000,695.310000,689.180000,626.650000,627.890000,619.060000,260.230000,261.560000,258.090000,81.000000,81.030000,80.950000,110.640000,110.680000,110.210000,14.490000,15.810000,14.430000,17.880000,18.540000,17.850000
2026-01-12,695.160000,696.090000,690.630000,627.170000,628.850000,622.260000,261.500000,261.660000,258.240000,81.040000,81.050000,80.900000,110.510000,110.650000,110.310000,15.120000,16.660000,15.030000,18.230000,18.580000,18.180000
2026-01-13,693.770000,696.090000,691.350000,626.240000,629.470000,623.690000,261.350000,262.890000,260.460000,81.040000,81.080000,80.970000,110.750000,110.790000,110.530000,15.980000,16.500000,14.750000,18.850000,19.110000,18.190000
2026-01-14,690.360000,691.720000,686.040000,619.550000,623.450000,614.560000,263.190000,263.460000,260.190000,81.040000,81.050000,80.930000,111.030000,111.040000,110.770000,16.750000,18.100000,16.220000,19.370000,20.230000,19.260000
2026-01-15,692.240000,695.450000,691.250000,621.780000,630.000000,620.750000,265.510000,267.050000,263.730000,81.040000,81.110000,81.000000,110.890000,111.200000,110.840000,15.840000,16.540000,15.300000,18.900000,18.990000,18.510000
2026-01-16,691.660000,694.250000,690.100000,621.260000,626.080000,618.880000,265.760000,267.220000,264.710000,81.090000,81.100000,80.990000,110.570000,110.870000,110.550000,18.840000,16.290000,15.300000,18.990000,19.230000,18.650000
2026-01-20,677.580000,684.770000,676.570000,608.060000,615.060000,607.050000,262.580000,265.080000,261.060000,80.880000,80.950000,80.670000,109.900000,110.150000,109.810000,20.090000,20.990000,18.640000,21.280000,21.750000,20.480000
2026-01-21,685.400000,688.740000,678.130000,616.280000,620.420000,607.860000,267.790000,268.590000,262.920000,81.120000,81.160000,80.960000,110.560000,110.660000,110.030000,16.900000,20.810000,16.670000,19.360000,20.970000,19.250000
2026-01-22,688.980000,691.130000,686.920000,620.760000,622.460000,617.780000,269.790000,271.600000,269.420000,81.180000,81.240000,81.130000,110.770000,110.870000,110.480000,15.640000,16.670000,15.270000,18.750000,19.210000,18.620000
2026-01-23,689.230000,690.960000,687.160000,622.720000,625.400000,618.650000,264.810000,269.050000,264.460000,81.140000,81.200000,81.040000,110.840000,110.860000,110.510000,16.090000,16.210000,15.300000,19.150000,19.140000,18.550000
2026-01-26,692.730000,694.130000,689.920000,625.460000,627.610000,622.120000,263.980000,266.690000,263.490000,81.180000,81.220000,81.120000,110.930000,111.120000,110.890000,16.150000,17.390000,15.800000,19.070000,19.090000,18.790000
2026-01-27,695.490000,696.530000,693.570000,631.130000,632.050000,627.340000,264.730000,264.860000,262.660000,81.170000,81.220000,81.140000,110.810000,111.000000,110.740000,16.350000,16.370000,15.740000,19.220000,19.230000,18.760000
2026-01-28,695.420000,697.840000,693.940000,633.220000,636.600000,631.810000,263.300000,266.680000,262.560000,81.040000,81.180000,81.030000,110.650000,110.740000,110.460000,16.350000,17.180000,16.050000,19.300000,19.760000,19.080000
2026-01-29,694.040000,697.060000,684.830000,629.430000,633.670000,618.270000,263.370000,265.060000,259.410000,81.030000,81.070000,80.900000,110.680000,110.710000,110.320000,16.880000,19.740000,16.020000,19.670000,21.130000,19.540000
2026-01-30,691.970000,694.210000,687.120000,621.870000,628.260000,619.290000,259.650000,262.980000,257.940000,81.120000,81.130000,80.920000,110.570000,110.740000,110.520000,17.440000,19.270000,16.670000,20.070000,20.480000,19.480000
2026-02-02,695.410000,696.930000,689.420000,626.140000,628.490000,618.660000,262.180000,263.770000,258.350000,80.770000,80.810000,80.640000,110.060000,110.320000,110.030000,16.340000,19.960000,16.080000,19.370000,20.400000,19.190000
2026-02-03,689.530000,696.960000,684.030000,616.520000,629.980000,610.960000,262.780000,265.060000,258.550000,80.720000,80.810000,80.530000,110.110000,110.140000,109.900000,18.000000,20.370000,16.050000,20.350000,21.540000,19.340000
2026-02-04,686.190000,691.450000,681.760000,605.750000,615.100000,600.470000,260.520000,264.650000,257.140000,80.620000,80.720000,80.540000,109.970000,110.050000,109.820000,18.640000,21.240000,17.470000,20.620000,22.010000,20.190000
2026-02-05,677.620000,683.690000,675.790000,597.030000,604.810000,594.910000,255.830000,261.620000,255.050000,80.530000,80.620000,80.450000,110.500000,110.540000,110.110000,21.770000,23.100000,19.060000,22.450000,23.020000,21.370000
2026-02-06,690.620000,692.310000,680.850000,609.650000,611.410000,598.770000,265.020000,265.720000,259.580000,80.810000,80.810000,80.620000,110.560000,110.600000,110.310000,17.760000,21.490000,17.270000,20.370000,21.560000,20.120000
2026-02-09,693.950000,695.870000,688.340000,614.320000,616.460000,605.070000,266.880000,267.670000,263.340000,80.920000,80.920000,80.750000,110.560000,110.610000,110.290000,17.360000,19.200000,16.900000,20.090000,21.020000,19.880000
2026-02-10,692.120000,696.540000,691.660000,611.470000,617.020000,611.010000,266.160000,268.520000,265.880000,80.840000,81.010000,80.840000,110.820000,111.040000,110.770000,17.790000,17.970000,17.140000,20.430000,20.510000,20.000000
2026-02-11,691.960000,697.140000,689.180000,613.110000,617.520000,607.690000,264.950000,268.960000,262.100000,80.830000,80.930000,80.720000,110.700000,110.910000,110.590000,17.650000,18.960000,16.750000,20.370000,20.990000,19.900000
2026-02-12,681.270000,695.350000,680.370000,600.640000,615.810000,599.560000,259.540000,267.460000,258.390000,80.790000,80.970000,80.750000,111.220000,111.290000,110.970000,20.820000,21.210000,17.080000,22.170000,22.350000,20.030000
2026-02-13,681.750000,686.280000,677.520000,601.920000,606.480000,596.420000,262.960000,265.170000,258.510000,80.850000,80.940000,80.820000,111.590000,111.600000,111.420000,21.200000,22.400000,18.920000,22.170000,23.010000,21.060000
2026-02-17,682.850000,684.940000,675.780000,601.300000,603.950000,593.340000,263.040000,264.360000,259.060000,80.810000,80.860000,80.740000,111.700000,111.740000,111.490000,20.290000,22.960000,19.760000,21.600000,23.180000,21.330000
2026-02-18,686.290000,689.150000,682.830000,605.790000,609.780000,600.720000,263.990000,266.910000,261.850000,80.910000,80.980000,80.810000,111.590000,111.730000,111.500000,19.620000,20.340000,18.480000,21.390000,21.720000,20.730000
2026-02-19,684.480000,686.180000,681.540000,603.470000,605.820000,600.750000,264.600000,264.640000,261.070000,80.940000,80.940000,80.830000,111.680000,111.680000,111.400000,20.230000,21.110000,19.230000,21.880000,22.370000,21.710000
2026-02-20,689.430000,690.060000,681.730000,608.810000,610.350000,599.230000,264.610000,267.330000,262.140000,81.000000,81.000000,80.870000,111.590000,111.690000,111.390000,19.090000,21.210000,18.760000,21.090000,22.390000,20.970000
2026-02-23,682.390000,690.000000,680.370000,601.410000,608.010000,599.050000,260.490000,264.370000,258.100000,80.870000,81.010000,80.840000,111.710000,111.830000,111.580000,21.010000,22.040000,19.500000,22.140000,22.520000,21.130000
2026-02-24,687.350000,688.350000,680.000000,607.870000,608.990000,599.730000,263.330000,264.140000,259.860000,80.810000,80.870000,80.650000,111.680000,111.740000,111.470000,19.550000,22.080000,19.230000,21.340000,22.660000,21.150000
2026-02-25,693.150000,693.680000,690.100000,616.680000,616.830000,611.000000,264.580000,265.290000,262.430000,80.920000,80.930000,80.820000,111.650000,111.770000,111.560000,17.930000,19.620000,17.860000,20.360000,20.920000,20.340000
2026-02-26,689.300000,693.320000,684.350000,609.240000,615.590000,603.980000,265.990000,266.240000,262.120000,80.850000,80.940000,80.760000,111.720000,111.740000,111.540000,18.630000,20.540000,17.500000,20.810000,21.750000,20.410000
2026-02-27,685.990000,686.860000,681.640000,607.290000,608.320000,602.190000,261.410000,262.760000,259.770000,80.720000,80.800000,80.650000,111.680000,111.930000,111.660000,19.860000,21.740000,18.770000,21.560000,22.470000,21.360000
2026-03-02,686.380000,688.620000,678.020000,608.090000,609.920000,597.990000,263.810000,264.280000,257.790000,80.280000,80.410000,80.030000,110.920000,110.980000,110.680000,21.440000,25.240000,20.370000,22.440000,23.520000,21.760000
2026-03-03,680.330000,682.610000,669.660000,601.580000,603.960000,591.870000,259.240000,261.120000,253.310000,80.120000,80.310000,79.840000,110.870000,111.130000,110.170000,23.570000,28.150000,22.180000,23.540000,26.340000,22.780000
2026-03-04,685.130000,687.090000,679.620000,610.750000,612.880000,603.430000,261.760000,262.960000,258.820000,80.400000,80.450000,80.190000,110.970000,111.170000,110.830000,21.150000,24.870000,20.400000,22.290000,23.480000,21.840000
2026-03-05,681.310000,685.530000,675.610000,608.910000,612.760000,602.260000,256.760000,260.760000,254.160000,80.080000,80.310000,80.020000,110.530000,110.600000,110.290000,23.750000,25.840000,20.550000,23.860000,24.940000,22.430000
2026-03-06,672.380000,676.110000,669.760000,599.750000,606.000000,598.330000,250.890000,253.300000,249.940000,79.690000,80.000000,79.640000,110.160000,110.520000,109.770000,29.490000,29.930000,22.920000,27.560000,27.750000,24.990000
2026-03-09,678.270000,679.920000,662.390000,607.760000,609.270000,591.330000,253.620000,254.650000,244.390000,80.170000,80.180000,79.540000,110.820000,110.870000,109.840000,25.500000,35.300000,24.760000,25.340000,29.090000,24.860000
2026-03-10,677.180000,683.360000,674.760000,607.770000,613.290000,605.420000,253.360000,257.650000,252.400000,80.040000,80.380000,80.030000,110.060000,110.700000,110.040000,24.930000,26.010000,22.190000,25.510000,25.840000,23.540000
2026-03-11,676.330000,680.080000,673.340000,607.690000,612.430000,605.030000,252.850000,254.380000,250.580000,79.860000,80.040000,79.800000,109.160000,109.760000,109.010000,24.230000,26.230000,23.750000,24.970000,25.980000,24.930000
2026-03-12,666.060000,671.650000,665.900000,597.260000,604.140000,597.050000,247.410000,249.810000,246.570000,79.350000,79.750000,79.320000,108.570000,108.980000,108.340000,27.290000,27.330000,24.600000,26.950000,26.990000,25.800000
2026-03-13,662.290000,672.340000,661.360000,593.720000,603.600000,592.570000,246.590000,250.610000,245.530000,79.200000,79.680000,79.120000,108.170000,108.990000,108.020000,27.190000,28.470000,24.670000,27.280000,27.340000,25.510000
2026-03-16,669.030000,672.070000,667.120000,600.380000,603.860000,599.110000,248.920000,251.470000,248.310000,79.450000,79.670000,79.460000,108.690000,109.030000,108.560000,23.510000,26.420000,23.230000,24.920000,25.980000,24.670000
2026-03-17,670.790000,674.440000,669.700000,603.310000,605.900000,601.870000,250.050000,251.710000,248.960000,79.810000,79.820000,79.570000,109.300000,109.330000,108.990000,22.370000,24.580000,21.870000,24.330000,24.580000,23.870000
2026-03-18,661.430000,669.720000,661.190000,594.900000,603.160000,594.560000,246.020000,249.230000,245.880000,79.400000,79.750000,79.390000,108.710000,109.320000,108.700000,25.090000,25.130000,21.470000,26.560000,26.570000,24.820000
2026-03-19,659.800000,662.980000,655.170000,593.020000,595.800000,587.080000,247.630000,250.090000,242.520000,79.660000,79.700000,78.990000,109.190000,109.350000,108.310000,24.060000,27.480000,23.540000,25.540000,28.030000,25.190000
2026-03-20,648.570000,656.690000,644.720000,582.060000,591.170000,578.540000,242.220000,247.500000,240.330000,78.920000,79.530000,78.850000,107.850000,108.800000,107.750000,26.780000,29.280000,23.680000,27.430000,28.610000,25.910000
2026-03-23,655.380000,662.620000,653.940000,588.000000,595.080000,585.960000,247.450000,251.360000,246.110000,79.440000,79.700000,79.170000,108.560000,108.910000,108.040000,26.150000,31.040000,20.280000,26.100000,26.590000,24.730000
2026-03-24,653.180000,657.030000,649.880000,583.980000,587.930000,581.930000,248.780000,250.160000,244.600000,79.170000,79.410000,79.050000,108.340000,108.630000,107.940000,26.950000,27.940000,25.640000,26.560000,27.200000,25.790000
2026-03-25,656.820000,660.890000,654.240000,587.820000,591.370000,585.690000,251.820000,253.070000,249.520000,79.420000,79.580000,79.340000,108.730000,109.050000,108.690000,25.330000,26.670000,24.820000,25.630000,26.400000,25.290000
2026-03-26,645.090000,654.850000,644.820000,573.790000,584.630000,573.430000,247.440000,251.860000,247.160000,78.920000,79.330000,78.800000,107.880000,108.580000,107.840000,27.440000,28.490000,26.120000,27.160000,27.690000,25.970000
2026-03-27,634.090000,642.660000,633.100000,562.580000,571.020000,561.570000,243.100000,246.740000,242.410000,78.720000,78.840000,78.560000,107.620000,107.870000,107.350000,31.050000,31.650000,27.540000,29.270000,29.460000,27.860000
2026-03-30,631.970000,640.370000,629.280000,558.280000,568.050000,555.600000,239.610000,245.370000,238.690000,78.810000,79.100000,78.750000,108.310000,108.590000,108.200000,30.610000,31.520000,29.330000,29.130000,29.410000,27.970000
2026-03-31,650.340000,651.540000,637.980000,577.180000,578.640000,564.210000,248.000000,248.920000,242.240000,79.560000,79.610000,79.110000,108.990000,109.200000,108.600000,25.250000,29.640000,25.080000,25.550000,27.580000,25.480000
2026-04-01,655.240000,658.520000,653.000000,584.310000,587.740000,580.420000,249.560000,252.440000,249.110000,79.370000,79.460000,79.230000,108.660000,108.950000,108.490000,24.540000,25.350000,23.500000,24.860000,25.600000,24.440000
2026-04-02,655.830000,658.200000,645.110000,584.980000,586.050000,571.920000,251.290000,252.370000,244.870000,79.560000,79.630000,79.080000,109.120000,109.250000,108.370000,23.870000,27.890000,23.870000,24.720000,26.850000,24.670000
2026-04-06,658.930000,659.720000,655.520000,588.500000,590.610000,584.690000,252.360000,253.050000,250.250000,79.700000,79.710000,79.500000,108.950000,109.260000,108.860000,24.170000,25.300000,23.780000,24.770000,25.480000,24.590000
2026-04-07,659.220000,659.610000,651.060000,588.590000,588.980000,578.400000,252.910000,253.480000,249.520000,79.720000,79.740000,79.310000,109.070000,109.150000,108.270000,25.780000,28.000000,24.340000,25.570000,26.900000,25.450000
2026-04-08,676.010000,677.080000,671.460000,606.090000,609.900000,602.120000,260.470000,262.270000,258.410000,80.190000,80.520000,80.030000,109.490000,110.000000,109.290000,21.040000,22.170000,19.910000,22.680000,23.870000,22.220000
2026-04-09,679.910000,681.160000,673.770000,610.190000,610.500000,603.030000,261.960000,262.900000,258.780000,80.280000,80.390000,80.000000,109.490000,109.790000,109.150000,19.490000,21.630000,19.450000,21.810000,22.930000,21.670000
2026-04-10,679.460000,682.030000,678.450000,611.070000,613.670000,609.580000,261.300000,262.750000,260.340000,79.960000,80.340000,79.950000,109.200000,109.550000,109.140000,19.230000,20.280000,18.830000,21.860000,22.220000,21.380000
2026-04-13,686.100000,686.300000,676.580000,617.390000,626.740000,608.110000,265.070000,265.360000,260.020000,80.260000,80.270000,79.880000,109.620000,109.680000,109.110000,19.120000,21.580000,18.960000,21.340000,22.860000,21.180000
2026-04-14,694.460000,694.580000,687.660000,628.600000,628.600000,620.100000,268.720000,269.420000,266.280000,80.500000,80.560000,80.290000,109.980000,110.080000,109.670000,18.360000,18.760000,17.890000,20.820000,20.970000,20.390000
2026-04-15,699.940000,700.280000,694.200000,637.400000,637.830000,628.200000,269.390000,269.590000,267.590000,80.460000,80.490000,80.350000,109.940000,109.960000,109.760000,18.170000,18.500000,17.400000,20.780000,21.080000,20.280000
2026-04-16,701.660000,702.780000,698.530000,640.470000,642.180000,635.250000,269.950000,270.350000,268.050000,80.350000,80.530000,80.260000,109.430000,110.020000,109.410000,17.940000,19.090000,17.760000,20.770000,21.470000,20.560000
2026-04-17,710.140000,712.390000,705.760000,648.850000,650.000000,644.070000,275.780000,277.630000,273.110000,80.650000,80.760000,80.560000,110.040000,110.290000,109.960000,17.480000,18.240000,16.870000,20.510000,20.710000,20.170000
2026-04-20,708.720000,709.910000,706.140000,646.790000,648.760000,642.520000,277.350000,277.670000,274.530000,80.580000,80.670000,80.490000,110.030000,110.120000,109.790000,18.870000,19.990000,18.770000,21.240000,21.670000,21.010000
2026-04-21,704.080000,711.280000,702.640000,644.330000,650.200000,642.210000,274.510000,279.790000,273.760000,80.370000,80.580000,80.310000,109.610000,110.030000,109.580000,19.500000,20.850000,18.750000,21.510000,22.280000,21.190000
2026-04-22,711.210000,711.450000,708.220000,655.110000,655.330000,648.520000,276.480000,278.010000,274.900000,80.500000,80.570000,80.420000,109.820000,110.110000,109.780000,18.920000,19.540000,18.680000,21.240000,21.520000,21.040000
2026-04-23,708.450000,712.360000,702.280000,651.420000,656.920000,645.520000,275.520000,277.870000,271.950000,80.370000,80.550000,80.150000,109.520000,109.950000,109.250000,19.310000,21.560000,18.700000,21.480000,22.690000,21.110000
2026-04-24,713.940000,714.470000,709.010000,663.880000,664.510000,656.530000,276.650000,278.130000,274.230000,80.480000,80.540000,80.290000,109.600000,109.730000,109.320000,18.710000,19.350000,18.460000,21.300000,21.470000,20.900000
2026-04-27,715.170000,715.630000,712.290000,664.230000,664.430000,660.690000,277.140000,278.240000,276.250000,80.510000,80.540000,80.420000,109.290000,109.590000,109.190000,18.020000,19.270000,18.020000,20.770000,21.590000,20.770000
2026-04-28,711.690000,712.880000,709.250000,657.550000,659.640000,653.810000,273.910000,276.970000,272.910000,80.400000,80.430000,80.320000,109.340000,109.340000,108.950000,17.830000,19.430000,17.780000,20.490000,21.390000,20.460000
2026-04-29,711.580000,712.200000,708.370000,661.570000,661.720000,656.580000,272.080000,274.380000,270.360000,80.130000,80.340000,79.980000,108.730000,109.040000,108.570000,18.810000,19.000000,17.810000,21.190000,21.180000,20.430000
2026-04-30,718.660000,719.790000,710.440000,667.740000,668.900000,657.560000,277.970000,278.220000,272.440000,80.380000,80.420000,80.170000,108.850000,109.070000,108.730000,16.890000,18.730000,16.870000,20.080000,20.940000,20.070000
2026-05-01,720.650000,724.870000,720.470000,674.150000,675.970000,668.800000,279.280000,279.810000,276.570000,80.060000,80.230000,80.020000,108.600000,109.010000,108.450000,16.990000,17.390000,16.440000,20.370000,20.430000,19.840000
2026-05-04,718.010000,722.120000,714.990000,672.880000,676.730000,668.900000,277.880000,280.790000,276.100000,79.800000,80.020000,79.690000,108.250000,108.470000,107.910000,18.290000,19.080000,17.150000,21.050000,21.480000,20.220000
2026-05-05,723.770000,725.040000,721.480000,681.610000,682.780000,677.510000,282.560000,282.950000,280.000000,79.920000,80.020000,79.890000,108.650000,108.790000,108.410000,17.380000,18.020000,17.200000,20.820000,20.850000,20.470000
2026-05-06,733.830000,734.590000,727.820000,695.770000,695.930000,686.480000,286.800000,287.050000,283.360000,80.160000,80.240000,80.080000,109.190000,109.320000,109.100000,17.390000,17.460000,16.180000,20.570000,20.620000,20.310000
2026-05-07,731.580000,736.130000,729.750000,694.940000,701.240000,691.770000,282.260000,287.580000,281.150000,79.860000,80.240000,79.870000,108.740000,109.390000,108.680000,17.080000,17.600000,16.850000,20.350000,20.710000,20.080000
2026-05-08,737.620000,738.020000,734.570000,711.230000,711.140000,699.500000,284.170000,284.970000,282.610000,80.140000,80.150000,80.000000,109.200000,109.290000,109.090000,17.190000,17.530000,16.820000,20.500000,20.660000,20.250000
2026-05-11,739.300000,740.790000,736.450000,713.290000,714.590000,708.910000,285.330000,287.050000,284.590000,79.980000,80.150000,79.980000,108.930000,109.180000,108.890000,18.380000,18.470000,17.900000,21.240000,21.290000,20.850000
2026-05-12,738.180000,738.840000,731.830000,707.240000,710.180000,696.640000,282.570000,284.060000,278.280000,79.870000,79.890000,79.700000,108.560000,108.670000,108.440000,17.990000,19.100000,17.920000,21.040000,21.680000,21.000000
2026-05-13,742.310000,743.910000,735.470000,714.710000,716.650000,704.830000,282.670000,283.560000,279.930000,79.910000,79.950000,79.790000,108.620000,108.630000,108.300000,17.870000,18.400000,17.760000,21.180000,21.260000,20.970000
2026-05-14,748.170000,749.530000,743.560000,719.790000,722.030000,714.220000,284.450000,285.660000,281.960000,79.850000,80.050000,79.850000,108.550000,108.940000,108.520000,17.260000,18.080000,17.200000,20.850000,21.360000,20.780000
2026-05-15,739.170000,743.460000,737.960000,708.930000,715.130000,705.550000,277.600000,280.330000,277.240000,79.460000,79.690000,79.480000,107.860000,107.950000,107.690000,18.430000,19.270000,17.800000,21.360000,21.830000,21.060000
2026-05-18,738.650000,741.420000,733.390000,705.880000,712.070000,698.850000,275.970000,279.080000,273.940000,79.540000,79.700000,79.440000,107.660000,108.110000,107.500000,17.820000,19.440000,17.700000,20.920000,21.470000,20.860000
2026-05-19,733.730000,737.650000,731.530000,701.530000,706.490000,695.250000,273.000000,275.080000,270.630000,79.350000,79.450000,79.230000,107.120000,107.400000,106.930000,18.060000,18.360000,17.660000,21.120000,21.270000,20.900000
2026-05-20,741.250000,741.870000,733.890000,713.150000,713.130000,703.790000,279.870000,280.090000,273.410000,79.860000,79.870000,79.400000,107.950000,108.080000,107.160000,17.440000,18.180000,17.130000,20.760000,21.130000,20.360000
2026-05-21,742.720000,744.870000,737.030000,714.510000,717.120000,706.770000,282.490000,283.680000,277.150000,79.900000,79.990000,79.640000,108.170000,108.180000,107.460000,16.760000,17.870000,16.600000,20.000000,20.980000,19.930000
2026-05-22,745.640000,748.940000,744.480000,717.540000,722.120000,715.950000,285.120000,286.610000,283.670000,79.910000,80.020000,79.840000,108.370000,108.540000,108.100000,16.700000,17.390000,16.460000,20.030000,20.960000,19.850000
2026-05-26,750.590000,752.130000,748.370000,730.280000,731.170000,724.160000,290.510000,290.550000,287.740000,80.180000,80.190000,80.040000,108.780000,109.000000,108.670000,17.010000,17.230000,16.560000,19.890000,19.990000,19.700000
2026-05-27,750.460000,751.380000,748.220000,729.450000,733.320000,725.440000,290.370000,291.720000,289.310000,80.130000,80.210000,80.080000,108.930000,109.070000,108.820000,16.290000,17.180000,16.290000,19.450000,19.910000,19.450000
2026-05-28,754.600000,755.150000,749.230000,735.600000,736.600000,726.410000,292.030000,292.740000,287.980000,80.230000,80.270000,80.040000,109.260000,109.410000,108.870000,15.740000,16.850000,15.610000,19.110000,19.600000,19.090000
2026-05-29,756.480000,758.080000,754.690000,738.310000,741.630000,735.250000,290.430000,291.410000,288.330000,80.310000,80.360000,80.200000,109.360000,109.600000,109.290000,15.320000,15.880000,15.220000,18.660000,19.090000,18.610000
2026-06-01,758.540000,760.270000,754.690000,742.740000,745.650000,735.990000,288.980000,290.610000,286.270000,79.840000,79.880000,79.640000,108.930000,108.960000,108.430000,16.050000,16.340000,15.710000,19.430000,19.450000,19.040000
2026-06-02,759.570000,760.400000,756.750000,746.160000,746.440000,739.230000,291.660000,291.870000,288.400000,79.900000,79.900000,79.790000,108.920000,109.140000,108.890000,15.770000,16.290000,15.710000,19.490000,19.530000,19.380000
2026-06-03,754.240000,758.800000,753.570000,744.210000,748.650000,741.010000,287.670000,290.010000,286.780000,79.680000,79.780000,79.630000,108.620000,108.700000,108.470000,16.060000,16.630000,15.940000,19.760000,19.990000,19.550000
2026-06-04,757.090000,758.310000,751.470000,740.610000,743.500000,732.620000,292.010000,292.880000,286.660000,79.830000,79.850000,79.750000,108.850000,108.970000,108.790000,15.400000,16.800000,15.180000,19.230000,19.940000,19.150000
2026-06-05,737.550000,752.820000,735.520000,705.060000,731.690000,704.320000,281.650000,289.400000,280.150000,79.430000,79.720000,79.350000,108.170000,108.470000,108.140000,21.510000,21.570000,15.560000,21.820000,21.840000,19.490000
2026-06-08,739.220000,745.340000,738.190000,716.070000,723.030000,713.070000,284.110000,286.840000,283.570000,79.540000,79.650000,79.480000,108.060000,108.490000,108.030000,18.920000,20.350000,17.940000,20.790000,20.960000,20.300000
2026-06-09,737.050000,746.900000,722.590000,707.830000,725.660000,686.370000,285.020000,290.870000,277.620000,79.620000,79.790000,79.420000,108.410000,108.450000,108.040000,19.870000,23.340000,17.520000,21.310000,23.080000,20.170000
2026-06-10,725.430000,738.380000,725.330000,693.690000,711.280000,692.930000,282.050000,289.000000,281.760000,79.470000,79.640000,79.440000,108.160000,108.510000,108.080000,22.220000,22.660000,20.060000,22.890000,23.130000,21.600000
2026-06-11,737.760000,740.000000,724.400000,717.120000,718.380000,695.000000,290.410000,291.060000,284.070000,79.940000,79.970000,79.520000,109.080000,109.150000,108.240000,19.440000,22.590000,19.360000,21.420000,23.330000,21.310000
2026-06-12,741.750000,744.440000,735.030000,721.340000,724.010000,711.280000,292.950000,295.720000,290.310000,79.940000,80.000000,79.800000,109.010000,109.070000,108.640000,17.680000,19.850000,17.590000,20.510000,21.650000,20.490000
2026-06-15,754.830000,756.680000,751.760000,744.000000,744.760000,737.380000,294.640000,297.910000,293.920000,80.040000,80.170000,80.030000,108.990000,109.340000,108.970000,16.200000,16.850000,15.980000,19.360000,19.790000,19.300000
2026-06-16,750.330000,755.440000,749.880000,729.860000,744.220000,729.640000,292.080000,296.800000,291.580000,80.030000,80.110000,79.960000,109.120000,109.330000,109.050000,16.410000,16.440000,15.770000,19.530000,19.540000,19.230000
2026-06-17,740.960000,752.150000,739.220000,722.510000,735.680000,720.850000,289.880000,295.820000,288.930000,79.730000,80.070000,79.710000,108.770000,109.310000,108.710000,18.440000,18.840000,16.020000,20.620000,20.840000,19.250000
2026-06-18,746.740000,748.230000,743.860000,740.620000,741.820000,732.510000,295.590000,295.970000,291.420000,80.010000,80.070000,79.920000,109.070000,109.460000,109.030000,16.400000,17.600000,16.350000,19.570000,20.070000,19.500000
2026-06-22,744.390000,750.180000,743.130000,737.950000,745.450000,734.390000,298.180000,299.490000,296.160000,79.940000,79.980000,79.870000,108.780000,108.810000,108.580000,17.280000,17.920000,16.490000,19.760000,20.120000,19.340000
2026-06-23,733.580000,739.630000,732.300000,713.650000,723.610000,712.110000,295.320000,297.750000,292.400000,79.870000,79.970000,79.820000,108.910000,109.120000,108.720000,19.490000,20.540000,18.610000,21.060000,21.520000,20.600000
2026-06-24,733.240000,739.950000,730.840000,710.620000,719.930000,704.450000,296.690000,299.690000,294.690000,79.850000,79.990000,79.840000,109.410000,109.610000,109.310000,18.630000,20.340000,18.040000,20.370000,21.350000,20.150000
2026-06-25,734.300000,739.370000,729.600000,716.380000,726.790000,705.300000,298.910000,301.500000,296.730000,79.880000,79.980000,79.820000,109.500000,109.710000,109.420000,18.890000,19.950000,17.720000,20.330000,20.980000,19.880000
2026-06-26,728.990000,736.530000,716.580000,706.520000,715.560000,702.810000,299.830000,300.030000,295.730000,79.830000,79.950000,79.810000,109.500000,109.650000,109.260000,18.410000,20.720000,18.200000,20.130000,21.370000,20.030000
2026-06-29,741.000000,741.560000,732.090000,724.080000,724.580000,705.170000,298.970000,299.160000,294.680000,80.010000,80.030000,79.840000,109.700000,109.740000,109.540000,17.650000,19.450000,17.490000,19.530000,20.470000,19.450000
2026-06-30,746.770000,748.020000,740.890000,736.400000,737.620000,723.910000,300.450000,300.980000,297.440000,79.970000,80.050000,79.920000,109.070000,109.560000,109.050000,16.450000,17.750000,16.270000,19.000000,19.610000,18.890000
2026-07-01,745.760000,749.440000,742.370000,725.170000,731.920000,724.600000,299.320000,302.720000,298.920000,79.590000,79.660000,79.510000,108.460000,108.660000,108.260000,16.590000,17.300000,15.970000,19.160000,19.440000,18.780000
2026-07-02,744.780000,751.310000,740.030000,712.600000,730.830000,707.560000,297.580000,302.230000,294.980000,79.710000,79.790000,79.670000,108.640000,108.720000,108.420000,15.810000,17.210000,15.790000,19.040000,19.540000,18.730000
2026-07-06,751.280000,752.410000,747.410000,722.820000,726.080000,718.450000,298.900000,300.410000,297.620000,79.870000,79.910000,79.730000,108.670000,108.680000,108.430000,15.570000,16.460000,15.560000,18.780000,19.110000,18.730000
2026-07-07,747.710000,750.960000,745.210000,709.430000,716.350000,704.900000,296.190000,299.980000,295.180000,79.760000,79.880000,79.710000,107.880000,108.360000,107.770000,16.130000,16.640000,15.530000,19.010000,19.360000,18.680000
2026-07-08,745.400000,746.150000,739.510000,711.440000,712.260000,700.910000,293.480000,295.100000,290.680000,79.660000,79.680000,79.530000,107.670000,107.750000,107.390000,16.900000,18.910000,16.350000,19.460000,20.280000,19.000000
2026-07-09,751.710000,751.970000,745.590000,723.280000,724.230000,715.120000,297.240000,297.880000,294.900000,79.750000,79.860000,79.660000,107.710000,108.010000,107.630000,15.840000,17.270000,15.760000,18.990000,19.540000,18.940000
2026-07-10,754.950000,755.420000,748.150000,725.510000,726.390000,717.000000,295.990000,298.210000,293.620000,79.710000,79.840000,79.620000,107.460000,107.720000,107.320000,15.030000,16.160000,14.960000,18.570000,19.230000,18.530000
2026-07-13,749.170000,753.920000,748.000000,711.740000,718.740000,710.080000,293.480000,295.780000,292.600000,79.520000,79.690000,79.450000,106.960000,107.430000,106.940000,17.160000,17.410000,16.030000,19.640000,19.810000,19.080000
2026-07-14,751.830000,753.340000,748.660000,719.690000,722.290000,714.340000,294.510000,296.070000,293.750000,79.680000,79.690000,79.570000,107.210000,107.390000,107.010000,16.500000,17.560000,16.150000,19.300000,19.550000,18.970000
2026-07-15,754.810000,755.580000,750.200000,717.740000,724.360000,710.230000,295.770000,297.140000,294.150000,79.810000,79.840000,79.710000,107.580000,107.660000,107.270000,15.670000,16.570000,15.640000,18.910000,19.470000,18.830000
2026-07-16,750.720000,754.570000,747.880000,705.940000,713.600000,702.610000,295.590000,297.810000,294.340000,79.800000,79.840000,79.730000,107.500000,107.570000,107.260000,16.730000,17.230000,15.770000,19.500000,19.700000,18.940000
2026-07-17,743.290000,747.290000,740.800000,695.330000,702.300000,686.760000,294.040000,296.130000,291.640000,79.650000,79.840000,79.630000,107.560000,107.790000,107.530000,18.770000,19.500000,17.680000,20.540000,20.990000,20.020000
2026-07-20,742.090000,748.730000,741.510000,696.060000,705.800000,695.510000,292.310000,295.990000,292.180000,79.680000,79.770000,79.660000,107.150000,107.560000,107.100000,18.650000,18.940000,17.410000,20.400000,20.410000,19.660000
2026-07-21,748.280000,749.040000,744.180000,708.970000,710.050000,702.800000,296.540000,296.750000,292.680000,79.650000,79.740000,79.600000,106.850000,107.060000,106.770000,17.050000,17.990000,16.860000,19.590000,20.040000,19.450000
2026-07-22,747.410000,750.020000,746.370000,705.350000,709.650000,703.560000,293.790000,296.440000,293.410000,79.520000,79.650000,79.480000,106.670000,106.830000,106.610000,16.640000,19.490000,16.640000,19.540000,19.820000,19.270000
2026-07-23,738.180000,742.560000,735.210000,691.960000,698.660000,687.790000,292.090000,293.010000,290.170000,79.230000,79.370000,79.150000,106.260000,106.320000,106.060000,18.700000,20.310000,17.320000,20.600000,21.550000,20.580000
2026-07-24,738.930000,743.720000,737.290000,684.230000,692.630000,682.480000,291.170000,293.970000,290.480000,79.230000,79.310000,79.160000,106.230000,106.490000,106.080000,18.580000,19.050000,17.410000,20.510000,20.790000,19.880000
2026-07-27,739.090000,745.530000,735.870000,682.120000,692.300000,675.940000,292.910000,295.520000,291.110000,79.270000,79.400000,79.240000,106.510000,106.620000,106.430000,18.670000,19.930000,17.530000,20.200000,20.910000,19.760000
2026-07-28,740.860000,742.800000,735.980000,675.490000,679.400000,667.880000,293.370000,293.770000,290.370000,79.420000,79.420000,79.250000,106.830000,106.940000,106.570000,18.210000,19.520000,17.880000,19.860000,20.630000,19.730000
2026-07-29,729.460000,742.680000,729.100000,661.730000,680.050000,661.140000,288.570000,293.670000,288.260000,79.240000,79.480000,79.140000,106.220000,106.800000,106.150000,20.660000,20.880000,17.450000,21.500000,21.650000,19.490000
2026-07-30,741.690000,742.450000,734.590000,683.550000,685.120000,673.300000,292.590000,292.840000,288.960000,79.470000,79.500000,79.330000,106.410000,106.550000,106.290000,17.090000,20.080000,17.000000,19.500000,20.590000,19.450000
2026-07-31,747.030000,748.900000,737.680000,687.990000,695.770000,680.050000,291.200000,293.950000,287.830000,79.480000,79.540000,79.240000,106.250000,106.350000,105.990000,15.990000,18.700000,15.820000,19.020000,20.430000,18.880000
2026-08-03,757.670000,758.580000,748.800000,700.070000,701.590000,685.820000,296.220000,296.660000,292.400000,79.310000,79.330000,79.150000,106.110000,106.250000,105.960000,15.860000,16.300000,15.540000,18.930000,19.110000,18.760000
2026-08-04,771.330000,773.410000,760.520000,723.850000,725.660000,707.590000,301.710000,302.390000,297.220000,79.550000,79.600000,79.370000,106.760000,106.780000,106.480000,16.500000,16.650000,15.560000,19.340000,19.330000,18.740000
2026-08-05,769.790000,776.850000,769.510000,717.300000,728.540000,716.920000,299.770000,303.060000,299.750000,79.520000,79.560000,79.440000,106.740000,106.940000,106.620000,15.810000,18.430000,15.480000,18.950000,19.720000,18.720000
2026-08-06,768.560000,771.820000,767.460000,714.650000,719.320000,708.500000,298.250000,301.380000,297.950000,79.460000,79.510000,79.410000,106.360000,106.510000,106.240000,15.150000,16.030000,15.110000,18.690000,19.110000,18.580000
2026-08-07,773.260000,773.920000,769.610000,723.030000,723.630000,716.510000,301.560000,302.030000,299.790000,79.610000,79.690000,79.560000,106.550000,106.740000,106.410000,14.900000,15.360000,14.770000,18.720000,18.800000,18.630000
2026-08-10,773.030000,775.050000,771.890000,720.870000,724.670000,720.330000,299.980000,301.390000,299.080000,79.480000,79.570000,79.410000,105.960000,106.330000,105.930000,15.460000,15.720000,15.100000,18.980000,19.000000,18.780000
2026-08-11,770.560000,774.610000,769.200000,718.450000,723.380000,715.500000,300.990000,301.990000,300.600000,79.510000,79.570000,79.490000,105.990000,106.280000,105.960000,15.280000,15.610000,15.230000,18.910000,19.080000,18.890000
2026-08-12,772.490000,774.900000,771.280000,723.700000,727.250000,722.920000,302.710000,303.410000,301.000000,79.610000,79.660000,79.590000,106.120000,106.400000,106.090000,14.550000,15.420000,14.390000,18.530000,18.840000,18.430000
